mtllib base.mtl
usemtl Metal_Alu_Brushed_002_COLOR_0
v 0.06616336 0.06146401 0.02500338
v 0.06616336 0.06146401 0.02500338
v 0.06616336 0.06146401 0.03825223
v 0.06519210 0.05409253 0.02500338
v 0.06519210 0.05409253 0.02500338
v 0.06519210 0.05409253 0.04989487
v 0.00000623 -0.08098601 0.01429493
v 0.00000623 -0.08098601 0.01429493
v 0.00000623 -0.08408652 0.01429493
v 0.00000623 -0.08408652 0.01429493
v 0.00425231 -0.08211915 0.01429493
v 0.00425231 -0.08211915 0.01429493
v 0.00269574 -0.08480875 0.01429493
v 0.00269574 -0.08480875 0.01429493
v 0.00000623 -0.08408652 0.00317533
v 0.00000623 -0.08408652 0.00317533
v 0.00000623 -0.08408652 0.00317533
v 0.00269574 -0.08480875 0.00317533
v 0.00269574 -0.08480875 0.00317533
v 0.00269574 -0.08480875 0.00317533
v 0.00000623 -0.08949070 0.00317533
v 0.00000623 -0.08949070 0.00317533
v 0.00000623 -0.08949070 0.00317533
v 0.00467569 -0.08678858 0.00317533
v 0.00467569 -0.08678858 0.00317533
v 0.00467569 -0.08678858 0.00317533
v 0.00539786 -0.08949070 0.00317533
v 0.00539786 -0.08949070 0.00317533
v 0.00467569 -0.09218030 0.00317533
v 0.00467569 -0.09218030 0.00317533
v 0.00269574 -0.09416013 0.00317533
v 0.00269574 -0.09416013 0.00317533
v 0.00000623 -0.09488236 0.00317533
v 0.00000623 -0.09488236 0.00317533
v -0.00269574 -0.09416013 0.00317533
v -0.00269574 -0.09416013 0.00317533
v -0.00467569 -0.09218030 0.00317533
v -0.00467569 -0.09218030 0.00317533
v -0.00467569 -0.09218030 0.00317533
v -0.00539786 -0.08949070 0.00317533
v -0.00539786 -0.08949070 0.00317533
v -0.00467569 -0.08678858 0.00317533
v -0.00467569 -0.08678858 0.00317533
v -0.00269574 -0.08480875 0.00317533
v -0.00269574 -0.08480875 0.00317533
v -0.00269574 -0.08480875 0.00317533
v -0.00269574 -0.08480875 0.01429493
v -0.00269574 -0.08480875 0.01429493
v -0.00425231 -0.08211915 0.01429493
v -0.00425231 -0.08211915 0.01429493
v -0.00425231 -0.08211915 0.02399487
v -0.00425231 -0.08211915 0.02399487
v 0.00000623 -0.08098601 0.02399487
v 0.00000623 -0.08098601 0.02399487
v 0.00425231 -0.08211915 0.02399487
v 0.00425231 -0.08211915 0.02399487
v 0.00711626 -0.08164595 0.02399487
v 0.00736529 -0.08523213 0.02399487
v 0.00736529 -0.08523213 0.02399487
v 0.00736529 -0.08523213 0.01429493
v 0.00736529 -0.08523213 0.01429493
v 0.00467569 -0.08678858 0.01429493
v 0.00467569 -0.08678858 0.01429493
v 0.00539786 -0.08949070 0.01429493
v 0.00539786 -0.08949070 0.01429493
v 0.00467569 -0.09218030 0.01429493
v 0.00467569 -0.09218030 0.01429493
v 0.00467569 -0.09218030 0.01429493
v 0.00269574 -0.09416013 0.01429493
v 0.00269574 -0.09416013 0.01429493
v 0.00000623 -0.09488236 0.01429493
v 0.00000623 -0.09488236 0.01429493
v 0.00000623 -0.09488236 0.01429493
v -0.00269574 -0.09416013 0.01429493
v -0.00269574 -0.09416013 0.01429493
v -0.00467569 -0.09218030 0.01429493
v -0.00467569 -0.09218030 0.01429493
v -0.00467569 -0.09218030 0.01429493
v -0.00467569 -0.09218030 0.01429493
v -0.00539786 -0.08949070 0.01429493
v -0.00539786 -0.08949070 0.01429493
v -0.00467569 -0.08678858 0.01429493
v -0.00467569 -0.08678858 0.01429493
v -0.00736529 -0.08523213 0.01429493
v -0.00736529 -0.08523213 0.01429493
v -0.00736529 -0.08523213 0.02399487
v -0.00736529 -0.08523213 0.02399487
v -0.00711626 -0.08164595 0.02399487
v 0.00000623 -0.08069961 0.02399487
v 0.00737768 -0.08066224 0.05783915
v 0.00000623 -0.07969098 0.02500338
v 0.00000623 -0.07969098 0.02500338
v 0.00737768 -0.08066224 0.02500338
v 0.00737768 -0.08066224 0.02500338
v 0.01425123 -0.08351372 0.02500338
v 0.01425123 -0.08351372 0.02500338
v 0.01374059 -0.08438538 0.02399487
v 0.00849843 -0.08949070 0.02399487
v 0.00849843 -0.08949070 0.02399487
v 0.00849843 -0.08949070 0.01429493
v 0.00849843 -0.08949070 0.01429493
v 0.00849843 -0.08949070 0.01429493
v 0.00736529 -0.09373681 0.01429493
v 0.00736529 -0.09373681 0.01429493
v 0.00736529 -0.09373681 0.01429493
v 0.00425231 -0.09684979 0.01429493
v 0.00425231 -0.09684979 0.01429493
v 0.00425231 -0.09684979 0.01429493
v 0.00000623 -0.09798287 0.01429493
v 0.00000623 -0.09798287 0.01429493
v 0.00000623 -0.09798287 0.01429493
v -0.00425231 -0.09684979 0.01429493
v -0.00425231 -0.09684979 0.01429493
v -0.00736529 -0.09373681 0.01429493
v -0.00736529 -0.09373681 0.01429493
v -0.00736529 -0.09373681 0.01429493
v -0.00736529 -0.09373681 0.01429493
v -0.00849843 -0.08949070 0.01429493
v -0.00849843 -0.08949070 0.01429493
v -0.00849843 -0.08949070 0.01429493
v -0.00849843 -0.08949070 0.02399487
v -0.00849843 -0.08949070 0.02399487
v -0.01374059 -0.08438538 0.02399487
v -0.01425123 -0.08351372 0.02500338
v -0.01425123 -0.08351372 0.02500338
v -0.00737768 -0.08066224 0.02500338
v -0.00737768 -0.08066224 0.02500338
v -0.00737768 -0.08066224 0.05783915
v -0.00802523 -0.08031361 0.05954510
v -0.00802523 -0.08031361 0.05954510
v 0.00000623 -0.07969098 0.06177395
v 0.00802523 -0.08031361 0.05954510
v 0.00802523 -0.08031361 0.05954510
v 0.01451265 -0.08314018 0.05165052
v 0.01451265 -0.08314018 0.05165052
v 0.01425123 -0.08351372 0.04989487
v 0.02015340 -0.08804624 0.03825223
v 0.02015340 -0.08804624 0.02500338
v 0.02015340 -0.08804624 0.02500338
v 0.01941877 -0.08874355 0.02399487
v 0.00736529 -0.09373681 0.02399487
v 0.00736529 -0.09373681 0.02399487
v 0.00425231 -0.09684979 0.02399487
v 0.00425231 -0.09684979 0.02399487
v 0.00000623 -0.09798287 0.02399487
v 0.00000623 -0.09798287 0.02399487
v -0.00425231 -0.09684979 0.02399487
v -0.00425231 -0.09684979 0.02399487
v -0.00736529 -0.09373681 0.02399487
v -0.00736529 -0.09373681 0.02399487
v -0.00736529 -0.09373681 0.02399487
v -0.01941877 -0.08874355 0.02399487
v -0.02015340 -0.08804624 0.02500338
v -0.02015340 -0.08804624 0.02500338
v -0.02015340 -0.08804624 0.03825223
v -0.01425123 -0.08351372 0.04989487
v -0.01451265 -0.08314018 0.05165052
v -0.01451265 -0.08314018 0.05165052
v -0.02854603 -0.07843338 0.05356812
v -0.03015232 -0.08285378 0.04380590
v -0.04408597 -0.07635390 0.04380590
v -0.04173254 -0.07229458 0.05356812
v -0.05667489 -0.06753789 0.04380590
v -0.05364906 -0.06393932 0.05356812
v -0.07210290 -0.04475087 0.00317533
v -0.07210290 -0.04475087 0.00317533
v -0.07282513 -0.04744047 0.00317533
v -0.07282513 -0.04744047 0.00317533
v -0.07210290 -0.04475087 0.01429493
v -0.07210290 -0.04475087 0.01429493
v -0.07210290 -0.04475087 0.01429493
v -0.06898993 -0.04475087 0.01429493
v -0.06898993 -0.04475087 0.01429493
v -0.07282513 -0.04744047 0.01429493
v -0.07282513 -0.04744047 0.01429493
v -0.07479250 -0.04942028 0.00317533
v -0.07479250 -0.04942028 0.00317533
v -0.07749456 -0.05014252 0.00317533
v -0.07749456 -0.05014252 0.00317533
v -0.08018422 -0.04942028 0.00317533
v -0.08018422 -0.04942028 0.00317533
v -0.08216404 -0.04744047 0.00317533
v -0.08216404 -0.04744047 0.00317533
v -0.08216404 -0.04744047 0.00317533
v -0.08288627 -0.04475087 0.00317533
v -0.08288627 -0.04475087 0.00317533
v -0.08216404 -0.04204880 0.00317533
v -0.08216404 -0.04204880 0.00317533
v -0.08018422 -0.04006891 0.00317533
v -0.08018422 -0.04006891 0.00317533
v -0.07749456 -0.03934668 0.00317533
v -0.07749456 -0.03934668 0.00317533
v -0.07479250 -0.04006891 0.00317533
v -0.07479250 -0.04006891 0.00317533
v -0.07282513 -0.04204880 0.00317533
v -0.07282513 -0.04204880 0.00317533
v -0.07282513 -0.04204880 0.01429493
v -0.07282513 -0.04204880 0.01429493
v -0.07282513 -0.04204880 0.01429493
v -0.07013547 -0.04049223 0.01429493
v -0.07013547 -0.04049223 0.01429493
v -0.07013547 -0.04049223 0.01429493
v -0.07013547 -0.04049223 0.02399487
v -0.07013547 -0.04049223 0.02399487
v -0.06898993 -0.04475087 0.02399487
v -0.06898993 -0.04475087 0.02399487
v -0.07013547 -0.04899691 0.01429493
v -0.07013547 -0.04899691 0.01429493
v -0.07479250 -0.04942028 0.01429493
v -0.07479250 -0.04942028 0.01429493
v -0.07749456 -0.05014252 0.01429493
v -0.07749456 -0.05014252 0.01429493
v -0.08018422 -0.04942028 0.01429493
v -0.08018422 -0.04942028 0.01429493
v -0.08216404 -0.04744047 0.01429493
v -0.08216404 -0.04744047 0.01429493
v -0.08216404 -0.04744047 0.01429493
v -0.08288627 -0.04475087 0.01429493
v -0.08288627 -0.04475087 0.01429493
v -0.08288627 -0.04475087 0.01429493
v -0.08216404 -0.04204880 0.01429493
v -0.08216404 -0.04204880 0.01429493
v -0.08216404 -0.04204880 0.01429493
v -0.08018422 -0.04006891 0.01429493
v -0.08018422 -0.04006891 0.01429493
v -0.07749456 -0.03934668 0.01429493
v -0.07749456 -0.03934668 0.01429493
v -0.07479250 -0.04006891 0.01429493
v -0.07479250 -0.04006891 0.01429493
v -0.07324844 -0.03737925 0.01429493
v -0.07324844 -0.03737925 0.01429493
v -0.07324844 -0.03737925 0.02399487
v -0.07324844 -0.03737925 0.02399487
v -0.06988644 -0.04035525 0.02399487
v -0.06616330 -0.04671830 0.05783915
v -0.06901478 -0.03984480 0.02500338
v -0.06901478 -0.03984480 0.02500338
v -0.06616330 -0.04671830 0.02500338
v -0.06616330 -0.04671830 0.02500338
v -0.06714701 -0.04697971 0.02399487
v -0.07013547 -0.04899691 0.02399487
v -0.07013547 -0.04899691 0.02399487
v -0.07324844 -0.05210988 0.01429493
v -0.07324844 -0.05210988 0.01429493
v -0.07749456 -0.05324309 0.01429493
v -0.07749456 -0.05324309 0.01429493
v -0.08174067 -0.05210988 0.01429493
v -0.08174067 -0.05210988 0.01429493
v -0.08485364 -0.04899691 0.01429493
v -0.08485364 -0.04899691 0.01429493
v -0.08598679 -0.04475087 0.01429493
v -0.08598679 -0.04475087 0.01429493
v -0.08485364 -0.04049223 0.01429493
v -0.08485364 -0.04049223 0.01429493
v -0.08485364 -0.04049223 0.01429493
v -0.08174067 -0.03737925 0.01429493
v -0.08174067 -0.03737925 0.01429493
v -0.07749456 -0.03624623 0.01429493
v -0.07749456 -0.03624623 0.01429493
v -0.07749456 -0.03624623 0.01429493
v -0.07749456 -0.03624623 0.02399487
v -0.07749456 -0.03624623 0.02399487
v -0.07749456 -0.03624623 0.02399487
v -0.07425707 -0.03466480 0.02399487
v -0.07944953 -0.02942257 0.02500338
v -0.07944953 -0.02942257 0.02500338
v -0.07354730 -0.03394257 0.02500338
v -0.07354730 -0.03394257 0.02500338
v -0.07354730 -0.03394257 0.05783915
v -0.07357221 -0.03320788 0.05954510
v -0.07357221 -0.03320788 0.05954510
v -0.06901478 -0.03984480 0.06177395
v -0.06554073 -0.04711669 0.05954510
v -0.06554073 -0.04711669 0.05954510
v -0.06474381 -0.05412715 0.05165052
v -0.06474381 -0.05412715 0.05165052
v -0.06519204 -0.05410229 0.04989487
v -0.06519204 -0.05410229 0.02500338
v -0.06519204 -0.05410229 0.02500338
v -0.06616330 -0.06147378 0.03825223
v -0.06616330 -0.06147378 0.02500338
v -0.06616330 -0.06147378 0.02500338
v -0.06713455 -0.06118738 0.02399487
v -0.06620067 -0.05410229 0.02399487
v -0.07324844 -0.05210988 0.02399487
v -0.07324844 -0.05210988 0.02399487
v -0.07749456 -0.05324309 0.02399487
v -0.07749456 -0.05324309 0.02399487
v -0.08174067 -0.05210988 0.02399487
v -0.08174067 -0.05210988 0.02399487
v -0.08485364 -0.04899691 0.02399487
v -0.08485364 -0.04899691 0.02399487
v -0.08598679 -0.04475087 0.02399487
v -0.08598679 -0.04475087 0.02399487
v -0.08485364 -0.04049223 0.02399487
v -0.08485364 -0.04049223 0.02399487
v -0.08174067 -0.03737925 0.02399487
v -0.08174067 -0.03737925 0.02399487
v -0.07994759 -0.03029417 0.02399487
v -0.08655959 -0.02755474 0.02399487
v -0.08632302 -0.02657096 0.02500338
v -0.08632302 -0.02657096 0.02500338
v -0.08632302 -0.02657096 0.03825223
v -0.07944953 -0.02942257 0.04989487
v -0.07925027 -0.02901159 0.05165052
v -0.07925027 -0.02901159 0.05165052
v -0.08220142 -0.01449268 0.05356812
v -0.08682107 -0.01531451 0.04380590
v -0.08816587 -0.00001111 0.04380590
v -0.08347153 -0.00001111 0.05356812
v -0.08682107 0.01530475 0.04380590
v -0.08220142 0.01448292 0.05356812
v -0.07282513 0.04743070 0.00317533
v -0.07282513 0.04743070 0.00317533
v -0.07282513 0.04743070 0.00317533
v -0.07282513 0.04743070 0.00317533
v -0.07210290 0.04474110 0.00317533
v -0.07210290 0.04474110 0.00317533
v -0.07210290 0.04474110 0.01429493
v -0.07210290 0.04474110 0.01429493
v -0.07210290 0.04474110 0.01429493
v -0.07282513 0.04203904 0.01429493
v -0.07282513 0.04203904 0.01429493
v -0.07282513 0.04203904 0.01429493
v -0.07282513 0.04203904 0.00317533
v -0.07282513 0.04203904 0.00317533
v -0.07282513 0.04203904 0.00317533
v -0.07479250 0.04005915 0.00317533
v -0.07479250 0.04005915 0.00317533
v -0.07749456 0.03933692 0.00317533
v -0.07749456 0.03933692 0.00317533
v -0.07749456 0.03933692 0.00317533
v -0.07749456 0.03933692 0.00317533
v -0.08018422 0.04005915 0.00317533
v -0.08018422 0.04005915 0.00317533
v -0.08216404 0.04203904 0.00317533
v -0.08216404 0.04203904 0.00317533
v -0.08216404 0.04203904 0.00317533
v -0.08288627 0.04474110 0.00317533
v -0.08288627 0.04474110 0.00317533
v -0.08216404 0.04743070 0.00317533
v -0.08216404 0.04743070 0.00317533
v -0.08216404 0.04743070 0.00317533
v -0.08216404 0.04743070 0.00317533
v -0.08018422 0.04941051 0.00317533
v -0.08018422 0.04941051 0.00317533
v -0.07749456 0.05013275 0.00317533
v -0.07749456 0.05013275 0.00317533
v -0.07749456 0.05013275 0.00317533
v -0.07479250 0.04941051 0.00317533
v -0.07479250 0.04941051 0.00317533
v -0.07282513 0.04743070 0.01429493
v -0.07282513 0.04743070 0.01429493
v -0.06898993 0.04474110 0.01429493
v -0.06898993 0.04474110 0.01429493
v -0.07013547 0.04048246 0.01429493
v -0.07013547 0.04048246 0.01429493
v -0.07013547 0.04048246 0.01429493
v -0.07013547 0.04048246 0.02399487
v -0.07013547 0.04048246 0.02399487
v -0.07324844 0.03736949 0.02399487
v -0.07324844 0.03736949 0.02399487
v -0.07324844 0.03736949 0.01429493
v -0.07324844 0.03736949 0.01429493
v -0.07479250 0.04005915 0.01429493
v -0.07479250 0.04005915 0.01429493
v -0.07749456 0.03933692 0.01429493
v -0.07749456 0.03933692 0.01429493
v -0.08018422 0.04005915 0.01429493
v -0.08018422 0.04005915 0.01429493
v -0.08216404 0.04203904 0.01429493
v -0.08216404 0.04203904 0.01429493
v -0.08216404 0.04203904 0.01429493
v -0.08288627 0.04474110 0.01429493
v -0.08288627 0.04474110 0.01429493
v -0.08288627 0.04474110 0.01429493
v -0.08216404 0.04743070 0.01429493
v -0.08216404 0.04743070 0.01429493
v -0.08216404 0.04743070 0.01429493
v -0.08018422 0.04941051 0.01429493
v -0.08018422 0.04941051 0.01429493
v -0.07749456 0.05013275 0.01429493
v -0.07749456 0.05013275 0.01429493
v -0.07479250 0.04941051 0.01429493
v -0.07479250 0.04941051 0.01429493
v -0.07013547 0.04898715 0.01429493
v -0.07013547 0.04898715 0.01429493
v -0.06898993 0.04474110 0.02399487
v -0.06898993 0.04474110 0.02399487
v -0.06988644 0.04034549 0.02399487
v -0.07354730 0.03393281 0.05783915
v -0.06901478 0.03983504 0.02500338
v -0.06901478 0.03983504 0.02500338
v -0.07354730 0.03393281 0.02500338
v -0.07354730 0.03393281 0.02500338
v -0.07944953 0.02941275 0.02500338
v -0.07944953 0.02941275 0.02500338
v -0.07425707 0.03465503 0.02399487
v -0.07749456 0.03623641 0.02399487
v -0.07749456 0.03623641 0.02399487
v -0.07749456 0.03623641 0.02399487
v -0.07749456 0.03623641 0.01429493
v -0.07749456 0.03623641 0.01429493
v -0.07749456 0.03623641 0.01429493
v -0.08174067 0.03736949 0.01429493
v -0.08174067 0.03736949 0.01429493
v -0.08485364 0.04048246 0.01429493
v -0.08485364 0.04048246 0.01429493
v -0.08485364 0.04048246 0.01429493
v -0.08598679 0.04474110 0.01429493
v -0.08598679 0.04474110 0.01429493
v -0.08485364 0.04898715 0.01429493
v -0.08485364 0.04898715 0.01429493
v -0.08174067 0.05210011 0.01429493
v -0.08174067 0.05210011 0.01429493
v -0.07749456 0.05323333 0.01429493
v -0.07749456 0.05323333 0.01429493
v -0.07324844 0.05210011 0.01429493
v -0.07324844 0.05210011 0.01429493
v -0.07013547 0.04898715 0.02399487
v -0.07013547 0.04898715 0.02399487
v -0.06714701 0.04696995 0.02399487
v -0.06616330 0.04670853 0.02500338
v -0.06616330 0.04670853 0.02500338
v -0.06616330 0.04670853 0.05783915
v -0.06554073 0.04710692 0.05954510
v -0.06554073 0.04710692 0.05954510
v -0.06901478 0.03983504 0.06177395
v -0.07357221 0.03319811 0.05954510
v -0.07357221 0.03319811 0.05954510
v -0.07925027 0.02900177 0.05165052
v -0.07925027 0.02900177 0.05165052
v -0.07944953 0.02941275 0.04989487
v -0.08632302 0.02656120 0.03825223
v -0.08632302 0.02656120 0.02500338
v -0.08632302 0.02656120 0.02500338
v -0.08655959 0.02754498 0.02399487
v -0.07994759 0.03028441 0.02399487
v -0.08174067 0.03736949 0.02399487
v -0.08174067 0.03736949 0.02399487
v -0.08485364 0.04048246 0.02399487
v -0.08485364 0.04048246 0.02399487
v -0.08598679 0.04474110 0.02399487
v -0.08598679 0.04474110 0.02399487
v -0.08485364 0.04898715 0.02399487
v -0.08485364 0.04898715 0.02399487
v -0.08174067 0.05210011 0.02399487
v -0.08174067 0.05210011 0.02399487
v -0.07749456 0.05323333 0.02399487
v -0.07749456 0.05323333 0.02399487
v -0.07324844 0.05210011 0.02399487
v -0.07324844 0.05210011 0.02399487
v -0.06620067 0.05409253 0.02399487
v -0.06519204 0.05409253 0.02500338
v -0.06519204 0.05409253 0.02500338
v -0.06713455 0.06117761 0.02399487
v -0.06616330 0.06146401 0.02500338
v -0.06616330 0.06146401 0.02500338
v -0.06616330 0.06146401 0.03825223
v -0.06519204 0.05409253 0.04989487
v -0.06474381 0.05411738 0.05165052
v -0.06474381 0.05411738 0.05165052
v -0.05364906 0.06392956 0.05356812
v -0.05667489 0.06752813 0.04380590
v -0.04408597 0.07634414 0.04380590
v -0.04408597 0.07634414 0.04380590
v -0.04173254 0.07228476 0.05356812
v -0.04173254 0.07228476 0.05356812
v -0.03015232 0.08284402 0.04380590
v -0.02854603 0.07842356 0.05356812
v 0.00000623 0.08097625 0.01429493
v 0.00000623 0.08097625 0.01429493
v 0.00000623 0.08407676 0.01429493
v 0.00000623 0.08407676 0.01429493
v -0.00425231 0.08210933 0.01429493
v -0.00425231 0.08210933 0.01429493
v -0.00269574 0.08479899 0.01429493
v -0.00269574 0.08479899 0.01429493
v 0.00000623 0.08407676 0.00317533
v 0.00000623 0.08407676 0.00317533
v 0.00000623 0.08407676 0.00317533
v -0.00269574 0.08479899 0.00317533
v -0.00269574 0.08479899 0.00317533
v 0.00000623 0.08948088 0.00317533
v 0.00000623 0.08948088 0.00317533
v 0.00000623 0.08948088 0.00317533
v 0.00000623 0.08948088 0.00317533
v -0.00467569 0.08677882 0.00317533
v -0.00467569 0.08677882 0.00317533
v -0.00539786 0.08948088 0.00317533
v -0.00539786 0.08948088 0.00317533
v -0.00467569 0.09217054 0.00317533
v -0.00467569 0.09217054 0.00317533
v -0.00467569 0.09217054 0.00317533
v -0.00467569 0.09217054 0.00317533
v -0.00269574 0.09415037 0.00317533
v -0.00269574 0.09415037 0.00317533
v -0.00269574 0.09415037 0.00317533
v 0.00000623 0.09487260 0.00317533
v 0.00000623 0.09487260 0.00317533
v 0.00269574 0.09415037 0.00317533
v 0.00269574 0.09415037 0.00317533
v 0.00269574 0.09415037 0.00317533
v 0.00467569 0.09217054 0.00317533
v 0.00467569 0.09217054 0.00317533
v 0.00467569 0.09217054 0.00317533
v 0.00539786 0.08948088 0.00317533
v 0.00539786 0.08948088 0.00317533
v 0.00467569 0.08677882 0.00317533
v 0.00467569 0.08677882 0.00317533
v 0.00269574 0.08479899 0.00317533
v 0.00269574 0.08479899 0.00317533
v 0.00269574 0.08479899 0.00317533
v 0.00269574 0.08479899 0.01429493
v 0.00269574 0.08479899 0.01429493
v 0.00269574 0.08479899 0.01429493
v 0.00425231 0.08210933 0.01429493
v 0.00425231 0.08210933 0.01429493
v 0.00425231 0.08210933 0.01429493
v 0.00425231 0.08210933 0.02399487
v 0.00425231 0.08210933 0.02399487
v 0.00000623 0.08097625 0.02399487
v 0.00000623 0.08097625 0.02399487
v -0.00425231 0.08210933 0.02399487
v -0.00425231 0.08210933 0.02399487
v -0.00711626 0.08163619 0.02399487
v -0.00736529 0.08522237 0.02399487
v -0.00736529 0.08522237 0.02399487
v -0.00736529 0.08522237 0.01429493
v -0.00736529 0.08522237 0.01429493
v -0.00736529 0.08522237 0.01429493
v -0.00467569 0.08677882 0.01429493
v -0.00467569 0.08677882 0.01429493
v -0.00467569 0.08677882 0.01429493
v -0.00539786 0.08948088 0.01429493
v -0.00539786 0.08948088 0.01429493
v -0.00467569 0.09217054 0.01429493
v -0.00467569 0.09217054 0.01429493
v -0.00467569 0.09217054 0.01429493
v -0.00269574 0.09415037 0.01429493
v -0.00269574 0.09415037 0.01429493
v 0.00000623 0.09487260 0.01429493
v 0.00000623 0.09487260 0.01429493
v 0.00000623 0.09487260 0.01429493
v 0.00269574 0.09415037 0.01429493
v 0.00269574 0.09415037 0.01429493
v 0.00467569 0.09217054 0.01429493
v 0.00467569 0.09217054 0.01429493
v 0.00539786 0.08948088 0.01429493
v 0.00539786 0.08948088 0.01429493
v 0.00467569 0.08677882 0.01429493
v 0.00467569 0.08677882 0.01429493
v 0.00467569 0.08677882 0.01429493
v 0.00736529 0.08522237 0.01429493
v 0.00736529 0.08522237 0.01429493
v 0.00736529 0.08522237 0.01429493
v 0.00736529 0.08522237 0.01429493
v 0.00736529 0.08522237 0.02399487
v 0.00736529 0.08522237 0.02399487
v 0.00711626 0.08163619 0.02399487
v 0.00000623 0.08068985 0.02399487
v -0.00737768 0.08065248 0.05783915
v 0.00000623 0.07968122 0.02500338
v 0.00000623 0.07968122 0.02500338
v -0.00737768 0.08065248 0.02500338
v -0.00737768 0.08065248 0.02500338
v -0.01425123 0.08350396 0.02500338
v -0.01425123 0.08350396 0.02500338
v -0.01374059 0.08437562 0.02399487
v -0.00849843 0.08948088 0.02399487
v -0.00849843 0.08948088 0.02399487
v -0.00849843 0.08948088 0.01429493
v -0.00849843 0.08948088 0.01429493
v -0.00849843 0.08948088 0.01429493
v -0.00736529 0.09372700 0.01429493
v -0.00736529 0.09372700 0.01429493
v -0.00736529 0.09372700 0.01429493
v -0.00425231 0.09684003 0.01429493
v -0.00425231 0.09684003 0.01429493
v -0.00425231 0.09684003 0.01429493
v 0.00000623 0.09797311 0.01429493
v 0.00000623 0.09797311 0.01429493
v 0.00000623 0.09797311 0.01429493
v 0.00425231 0.09684003 0.01429493
v 0.00425231 0.09684003 0.01429493
v 0.00736529 0.09372700 0.01429493
v 0.00736529 0.09372700 0.01429493
v 0.00849843 0.08948088 0.01429493
v 0.00849843 0.08948088 0.01429493
v 0.00849843 0.08948088 0.01429493
v 0.00849843 0.08948088 0.02399487
v 0.00849843 0.08948088 0.02399487
v 0.01374059 0.08437562 0.02399487
v 0.01425123 0.08350396 0.02500338
v 0.01425123 0.08350396 0.02500338
v 0.00737768 0.08065248 0.02500338
v 0.00737768 0.08065248 0.02500338
v 0.00737768 0.08065248 0.05783915
v 0.00802523 0.08030385 0.05954510
v 0.00802523 0.08030385 0.05954510
v 0.00000623 0.07968122 0.06177395
v -0.00802523 0.08030385 0.05954510
v -0.00802523 0.08030385 0.05954510
v -0.01451265 0.08313042 0.05165052
v -0.01451265 0.08313042 0.05165052
v -0.01425123 0.08350396 0.04989487
v -0.02015340 0.08803648 0.03825223
v -0.02015340 0.08803648 0.02500338
v -0.02015340 0.08803648 0.02500338
v -0.01941877 0.08873379 0.02399487
v -0.00736529 0.09372700 0.02399487
v -0.00736529 0.09372700 0.02399487
v -0.00736529 0.09372700 0.02399487
v -0.00425231 0.09684003 0.02399487
v -0.00425231 0.09684003 0.02399487
v 0.00000623 0.09797311 0.02399487
v 0.00000623 0.09797311 0.02399487
v 0.00425231 0.09684003 0.02399487
v 0.00425231 0.09684003 0.02399487
v 0.00736529 0.09372700 0.02399487
v 0.00736529 0.09372700 0.02399487
v 0.01941877 0.08873379 0.02399487
v 0.02015340 0.08803648 0.02500338
v 0.02015340 0.08803648 0.02500338
v 0.02015340 0.08803648 0.03825223
v 0.01425123 0.08350396 0.04989487
v 0.01451265 0.08313042 0.05165052
v 0.01451265 0.08313042 0.05165052
v 0.03015232 0.08284402 0.04380590
v 0.02854603 0.07842356 0.05356812
v 0.03967797 0.06872356 0.06359202
v 0.04173254 0.07228476 0.05356812
v 0.02713888 0.07456351 0.06359202
v 0.01377803 0.07814968 0.06359202
v 0.00000623 0.07934505 0.06376630
v 0.00000623 0.07934505 0.06376630
v -0.01377803 0.07814968 0.06359202
v -0.02713888 0.07456351 0.06359202
v -0.03967797 0.06872356 0.06359202
v -0.03967797 0.06872356 0.06359202
v -0.05100923 0.06079161 0.06359202
v -0.06079649 0.05100435 0.06359202
v -0.06871598 0.03967309 0.06376630
v -0.06871598 0.03967309 0.06376630
v -0.07456839 0.02713400 0.06359202
v -0.07815456 0.01377315 0.06359202
v -0.07936239 -0.00001111 0.06359202
v -0.07815456 -0.01378291 0.06359202
v -0.07456839 -0.02714376 0.06359202
v -0.06871598 -0.03968285 0.06376630
v -0.06871598 -0.03968285 0.06376630
v -0.06079649 -0.05101411 0.06359202
v -0.05100923 -0.06080138 0.06359202
v -0.03967797 -0.06873332 0.06359202
v -0.02713888 -0.07457327 0.06359202
v -0.01377803 -0.07815944 0.06359202
v 0.00000623 -0.07935481 0.06376630
v 0.00000623 -0.07935481 0.06376630
v 0.01377803 -0.07815944 0.06359202
v 0.02713888 -0.07457327 0.06359202
v 0.02854603 -0.07843338 0.05356812
v 0.03967797 -0.06873332 0.06359202
v 0.04173254 -0.07229458 0.05356812
v 0.03015232 -0.08285378 0.04380590
v 0.03198271 -0.08787196 0.03381944
v 0.02106243 -0.08767270 0.03947258
v 0.02106243 -0.08767270 0.03947258
v 0.02436220 -0.09413527 0.02500338
v 0.02436220 -0.09413527 0.02500338
v 0.02372705 -0.09498196 0.02399487
v 0.01706534 -0.09677504 0.02399487
v 0.00000623 -0.09826927 0.02399487
v -0.01706534 -0.09677504 0.02399487
v -0.02372705 -0.09498196 0.02399487
v -0.02436220 -0.09413527 0.02500338
v -0.02436220 -0.09413527 0.02500338
v -0.02106243 -0.08767270 0.03947258
v -0.02106243 -0.08767270 0.03947258
v -0.03198271 -0.08787196 0.03381944
v -0.04675078 -0.08098601 0.03381944
v -0.06009924 -0.07163458 0.03381944
v -0.06539130 -0.06207149 0.03947258
v -0.06539130 -0.06207149 0.03947258
v -0.06933856 -0.06816052 0.02500338
v -0.06933856 -0.06816052 0.02500338
v -0.07039695 -0.06804846 0.02399487
v -0.07527816 -0.06316732 0.02399487
v -0.08510273 -0.04913389 0.02399487
v -0.09233731 -0.03360640 0.02399487
v -0.09411793 -0.02694457 0.02399487
v -0.09369456 -0.02597337 0.02500338
v -0.09369456 -0.02597337 0.02500338
v -0.08645999 -0.02559977 0.03947258
v -0.08645999 -0.02559977 0.03947258
v -0.09208822 -0.01623594 0.03381944
v -0.09350776 -0.00001111 0.03381944
v -0.09208822 0.01622618 0.03381944
v -0.08645999 0.02559001 0.03947258
v -0.08645999 0.02559001 0.03947258
v -0.09369456 0.02596361 0.02500338
v -0.09369456 0.02596361 0.02500338
v -0.09411793 0.02693481 0.02399487
v -0.09233731 0.03359663 0.02399487
v -0.08510273 0.04912412 0.02399487
v -0.07527816 0.06315750 0.02399487
v -0.07039695 0.06803870 0.02399487
v -0.06933856 0.06815076 0.02500338
v -0.06933856 0.06815076 0.02500338
v -0.06539130 0.06206173 0.03947258
v -0.06539130 0.06206173 0.03947258
v -0.06009924 0.07162482 0.03381944
v -0.04675078 0.08097625 0.03381944
v -0.04675078 0.08097625 0.03381944
v -0.03198271 0.08786214 0.03381944
v -0.02106243 0.08766294 0.03947258
v -0.02106243 0.08766294 0.03947258
v -0.02436220 0.09412545 0.02500338
v -0.02436220 0.09412545 0.02500338
v -0.02372705 0.09497220 0.02399487
v -0.01706534 0.09676528 0.02399487
v 0.00000623 0.09825951 0.02399487
v 0.01706534 0.09676528 0.02399487
v 0.02372705 0.09497220 0.02399487
v 0.02436220 0.09412545 0.02500338
v 0.02436220 0.09412545 0.02500338
v 0.02106243 0.08766294 0.03947258
v 0.02106243 0.08766294 0.03947258
v 0.03198271 0.08786214 0.03381944
v 0.04675078 0.08097625 0.03381944
v 0.04408597 0.07634414 0.04380590
v 0.05667489 0.06752813 0.04380590
v 0.05364906 0.06392956 0.05356812
v 0.06474381 0.05411738 0.05165052
v 0.06474381 0.05411738 0.05165052
v 0.05100923 0.06079161 0.06359202
v 0.04814535 0.05737977 0.07694048
v 0.04814535 0.05737977 0.07694048
v 0.03744918 0.06486345 0.07694048
v 0.03744918 0.06486345 0.07694048
v 0.02561980 0.07037962 0.07694048
v 0.02561980 0.07037962 0.07694048
v 0.01300603 0.07376659 0.07694048
v 0.01300603 0.07376659 0.07694048
v 0.00000623 0.07489968 0.07694048
v 0.00000623 0.07489968 0.07694048
v -0.01300603 0.07376659 0.07694048
v -0.01300603 0.07376659 0.07694048
v -0.02561980 0.07037962 0.07694048
v -0.02561980 0.07037962 0.07694048
v -0.03744918 0.06486345 0.07694048
v -0.03744918 0.06486345 0.07694048
v -0.03744918 0.06486345 0.07694048
v -0.04814535 0.05737977 0.07694048
v -0.04814535 0.05737977 0.07694048
v -0.05738466 0.04814047 0.07694048
v -0.05738466 0.04814047 0.07694048
v -0.05738466 0.04814047 0.07694048
v -0.06486833 0.03744430 0.07694048
v -0.06486833 0.03744430 0.07694048
v -0.06486833 0.03744430 0.07694048
v -0.07038450 0.02561492 0.07694048
v -0.07038450 0.02561492 0.07694048
v -0.07038450 0.02561492 0.07694048
v -0.07377147 0.01300115 0.07694048
v -0.07377147 0.01300115 0.07694048
v -0.07490456 -0.00001111 0.07694048
v -0.07490456 -0.00001111 0.07694048
v -0.07377147 -0.01301091 0.07694048
v -0.07377147 -0.01301091 0.07694048
v -0.07038450 -0.02562468 0.07694048
v -0.07038450 -0.02562468 0.07694048
v -0.06486833 -0.03745406 0.07694048
v -0.06486833 -0.03745406 0.07694048
v -0.05738466 -0.04815023 0.07694048
v -0.05738466 -0.04815023 0.07694048
v -0.04814535 -0.05738954 0.07694048
v -0.04814535 -0.05738954 0.07694048
v -0.03744918 -0.06487321 0.07694048
v -0.03744918 -0.06487321 0.07694048
v -0.02561980 -0.07038944 0.07694048
v -0.02561980 -0.07038944 0.07694048
v -0.01300603 -0.07377635 0.07694048
v -0.01300603 -0.07377635 0.07694048
v 0.00000623 -0.07490944 0.07694048
v 0.00000623 -0.07490944 0.07694048
v 0.01300603 -0.07377635 0.07694048
v 0.01300603 -0.07377635 0.07694048
v 0.02561980 -0.07038944 0.07694048
v 0.02561980 -0.07038944 0.07694048
v 0.03744918 -0.06487321 0.07694048
v 0.03744918 -0.06487321 0.07694048
v 0.04814535 -0.05738954 0.07694048
v 0.04814535 -0.05738954 0.07694048
v 0.05738466 -0.04815023 0.07694048
v 0.05738466 -0.04815023 0.07694048
v 0.05738466 -0.04815023 0.07694048
v 0.05100923 -0.06080138 0.06359202
v 0.05364906 -0.06393932 0.05356812
v 0.04408597 -0.07635390 0.04380590
v 0.04675078 -0.08098601 0.03381944
v 0.03393769 -0.09326361 0.02403212
v 0.02664089 -0.09577893 0.02314806
v 0.02664089 -0.09577893 0.02314806
v 0.02664089 -0.09577893 0.02314806
v 0.01732683 -0.09828173 0.02314806
v 0.01732683 -0.09828173 0.02314806
v 0.00000623 -0.09980087 0.02314806
v 0.00000623 -0.09980087 0.02314806
v -0.01732683 -0.09828173 0.02314806
v -0.01732683 -0.09828173 0.02314806
v -0.02664089 -0.09577893 0.02314806
v -0.02664089 -0.09577893 0.02314806
v -0.02664089 -0.09577893 0.02314806
v -0.03393769 -0.09326361 0.02403212
v -0.04962712 -0.08595436 0.02403212
v -0.06379747 -0.07603012 0.02403212
v -0.06962496 -0.07097464 0.02314806
v -0.06962496 -0.07097464 0.02314806
v -0.06962496 -0.07097464 0.02314806
v -0.07644861 -0.06415098 0.02314806
v -0.07644861 -0.06415098 0.02314806
v -0.08642262 -0.04990588 0.02314806
v -0.08642262 -0.04990588 0.02314806
v -0.09378170 -0.03414183 0.02314806
v -0.09378170 -0.03414183 0.02314806
v -0.09627211 -0.02481531 0.02314806
v -0.09627211 -0.02481531 0.02314806
v -0.09627211 -0.02481531 0.02314806
v -0.09772896 -0.01723211 0.02403212
v -0.09924811 -0.00001111 0.02403212
v -0.09772896 0.01722235 0.02403212
v -0.09627211 0.02480555 0.02314806
v -0.09627211 0.02480555 0.02314806
v -0.09627211 0.02480555 0.02314806
v -0.09378170 0.03413207 0.02314806
v -0.09378170 0.03413207 0.02314806
v -0.08642262 0.04989612 0.02314806
v -0.08642262 0.04989612 0.02314806
v -0.07644861 0.06414122 0.02314806
v -0.07644861 0.06414122 0.02314806
v -0.06962496 0.07096488 0.02314806
v -0.06962496 0.07096488 0.02314806
v -0.06962496 0.07096488 0.02314806
v -0.06379747 0.07602036 0.02403212
v -0.04962712 0.08594454 0.02403212
v -0.04962712 0.08594454 0.02403212
v -0.03393769 0.09325385 0.02403212
v -0.02664089 0.09576911 0.02314806
v -0.02664089 0.09576911 0.02314806
v -0.02664089 0.09576911 0.02314806
v -0.01732683 0.09827197 0.02314806
v -0.01732683 0.09827197 0.02314806
v 0.00000623 0.09979111 0.02314806
v 0.00000623 0.09979111 0.02314806
v 0.01732683 0.09827197 0.02314806
v 0.01732683 0.09827197 0.02314806
v 0.02664089 0.09576911 0.02314806
v 0.02664089 0.09576911 0.02314806
v 0.02664089 0.09576911 0.02314806
v 0.03393769 0.09325385 0.02403212
v 0.04962712 0.08594454 0.02403212
v 0.06379747 0.07602036 0.02403212
v 0.06009924 0.07162482 0.03381944
v 0.06539130 0.06206173 0.03947258
v 0.06539130 0.06206173 0.03947258
v 0.06933856 0.06815076 0.02500338
v 0.06933856 0.06815076 0.02500338
v 0.06713455 0.06117761 0.02399487
v 0.06620067 0.05409253 0.02399487
v 0.07479250 0.04941051 0.00317533
v 0.07479250 0.04941051 0.00317533
v 0.07282513 0.04743070 0.00317533
v 0.07282513 0.04743070 0.00317533
v 0.07749462 0.05013275 0.00317533
v 0.07749462 0.05013275 0.00317533
v 0.08018422 0.04941051 0.00317533
v 0.08018422 0.04941051 0.00317533
v 0.08216404 0.04743070 0.00317533
v 0.08216404 0.04743070 0.00317533
v 0.08216404 0.04743070 0.00317533
v 0.08288627 0.04474110 0.00317533
v 0.08288627 0.04474110 0.00317533
v 0.08216404 0.04203904 0.00317533
v 0.08216404 0.04203904 0.00317533
v 0.08018422 0.04005915 0.00317533
v 0.08018422 0.04005915 0.00317533
v 0.07749462 0.03933692 0.00317533
v 0.07749462 0.03933692 0.00317533
v 0.07479250 0.04005915 0.00317533
v 0.07479250 0.04005915 0.00317533
v 0.07282513 0.04203904 0.00317533
v 0.07282513 0.04203904 0.00317533
v 0.07210290 0.04474110 0.00317533
v 0.07210290 0.04474110 0.00317533
v 0.07282513 0.04203904 0.01429493
v 0.07282513 0.04203904 0.01429493
v 0.07282513 0.04203904 0.01429493
v 0.07210290 0.04474110 0.01429493
v 0.07210290 0.04474110 0.01429493
v 0.07210290 0.04474110 0.01429493
v 0.07282513 0.04743070 0.01429493
v 0.07282513 0.04743070 0.01429493
v 0.07479250 0.04941051 0.01429493
v 0.07479250 0.04941051 0.01429493
v 0.07324850 0.05210011 0.01429493
v 0.07324850 0.05210011 0.01429493
v 0.07749462 0.05323333 0.01429493
v 0.07749462 0.05323333 0.01429493
v 0.07749462 0.05013275 0.01429493
v 0.07749462 0.05013275 0.01429493
v 0.08018422 0.04941051 0.01429493
v 0.08018422 0.04941051 0.01429493
v 0.08216404 0.04743070 0.01429493
v 0.08216404 0.04743070 0.01429493
v 0.08216404 0.04743070 0.01429493
v 0.08288627 0.04474110 0.01429493
v 0.08288627 0.04474110 0.01429493
v 0.08288627 0.04474110 0.01429493
v 0.08216404 0.04203904 0.01429493
v 0.08216404 0.04203904 0.01429493
v 0.08216404 0.04203904 0.01429493
v 0.08018422 0.04005915 0.01429493
v 0.08018422 0.04005915 0.01429493
v 0.07749462 0.03933692 0.01429493
v 0.07749462 0.03933692 0.01429493
v 0.07749462 0.03933692 0.01429493
v 0.07479250 0.04005915 0.01429493
v 0.07479250 0.04005915 0.01429493
v 0.07324850 0.03736949 0.01429493
v 0.07324850 0.03736949 0.01429493
v 0.07013547 0.04048246 0.01429493
v 0.07013547 0.04048246 0.01429493
v 0.07013547 0.04048246 0.01429493
v 0.06898993 0.04474110 0.01429493
v 0.06898993 0.04474110 0.01429493
v 0.07013547 0.04898715 0.01429493
v 0.07013547 0.04898715 0.01429493
v 0.07013547 0.04898715 0.02399487
v 0.07013547 0.04898715 0.02399487
v 0.07324850 0.05210011 0.02399487
v 0.07324850 0.05210011 0.02399487
v 0.07749462 0.05323333 0.02399487
v 0.07749462 0.05323333 0.02399487
v 0.08174067 0.05210011 0.01429493
v 0.08174067 0.05210011 0.01429493
v 0.08485370 0.04898715 0.01429493
v 0.08485370 0.04898715 0.01429493
v 0.08598679 0.04474110 0.01429493
v 0.08598679 0.04474110 0.01429493
v 0.08485370 0.04048246 0.01429493
v 0.08485370 0.04048246 0.01429493
v 0.08485370 0.04048246 0.01429493
v 0.08174067 0.03736949 0.01429493
v 0.08174067 0.03736949 0.01429493
v 0.08174067 0.03736949 0.01429493
v 0.07749462 0.03623641 0.01429493
v 0.07749462 0.03623641 0.01429493
v 0.07749462 0.03623641 0.01429493
v 0.07749462 0.03623641 0.01429493
v 0.07749462 0.03623641 0.02399487
v 0.07749462 0.03623641 0.02399487
v 0.07749462 0.03623641 0.02399487
v 0.07324850 0.03736949 0.02399487
v 0.07324850 0.03736949 0.02399487
v 0.07013547 0.04048246 0.02399487
v 0.07013547 0.04048246 0.02399487
v 0.06898993 0.04474110 0.02399487
v 0.06898993 0.04474110 0.02399487
v 0.06714701 0.04696995 0.02399487
v 0.06616336 0.04670853 0.02500338
v 0.06616336 0.04670853 0.02500338
v 0.06616336 0.04670853 0.05783915
v 0.06554073 0.04710692 0.05954510
v 0.06554073 0.04710692 0.05954510
v 0.06079649 0.05100435 0.06359202
v 0.05738466 0.04814047 0.07694048
v 0.05738466 0.04814047 0.07694048
v 0.05738466 0.04814047 0.07694048
v 0.00000623 -0.00001111 0.07694048
v 0.00000623 -0.00001111 0.07694048
v 0.00000623 -0.00001111 0.07694048
v 0.00000623 -0.00001111 0.07694048
v 0.00000623 -0.00001111 0.07694048
v 0.00000623 -0.00001111 0.07694048
v 0.00000623 -0.00001111 0.07694048
v 0.06486833 -0.03745406 0.07694048
v 0.06486833 -0.03745406 0.07694048
v 0.06486833 -0.03745406 0.07694048
v 0.06079649 -0.05101411 0.06359202
v 0.07210290 -0.04475087 0.00317533
v 0.07210290 -0.04475087 0.00317533
v 0.07210290 -0.04475087 0.01429493
v 0.07210290 -0.04475087 0.01429493
v 0.07210290 -0.04475087 0.01429493
v 0.07282513 -0.04744047 0.00317533
v 0.07282513 -0.04744047 0.00317533
v 0.07282513 -0.04744047 0.00317533
v 0.07282513 -0.04744047 0.00317533
v 0.07282513 -0.04744047 0.01429493
v 0.07282513 -0.04744047 0.01429493
v 0.07749462 -0.05014252 0.00317533
v 0.07749462 -0.05014252 0.00317533
v 0.07749462 -0.05014252 0.00317533
v 0.07749462 -0.05014252 0.00317533
v 0.07479250 -0.04942028 0.00317533
v 0.07479250 -0.04942028 0.00317533
v 0.07479250 -0.04942028 0.01429493
v 0.07479250 -0.04942028 0.01429493
v 0.07013547 -0.04899691 0.01429493
v 0.07013547 -0.04899691 0.01429493
v 0.06898993 -0.04475087 0.01429493
v 0.06898993 -0.04475087 0.01429493
v 0.07013547 -0.04049223 0.01429493
v 0.07013547 -0.04049223 0.01429493
v 0.07013547 -0.04049223 0.01429493
v 0.07282513 -0.04204880 0.01429493
v 0.07282513 -0.04204880 0.01429493
v 0.07282513 -0.04204880 0.01429493
v 0.07282513 -0.04204880 0.00317533
v 0.07282513 -0.04204880 0.00317533
v 0.07282513 -0.04204880 0.00317533
v 0.07479250 -0.04006891 0.00317533
v 0.07479250 -0.04006891 0.00317533
v 0.07749462 -0.03934668 0.00317533
v 0.07749462 -0.03934668 0.00317533
v 0.07749462 -0.03934668 0.00317533
v 0.07749462 -0.03934668 0.00317533
v 0.08018422 -0.04006891 0.00317533
v 0.08018422 -0.04006891 0.00317533
v 0.08018422 -0.04006891 0.00317533
v 0.08216404 -0.04204880 0.00317533
v 0.08216404 -0.04204880 0.00317533
v 0.08216404 -0.04204880 0.00317533
v 0.08288627 -0.04475087 0.00317533
v 0.08288627 -0.04475087 0.00317533
v 0.08216404 -0.04744047 0.00317533
v 0.08216404 -0.04744047 0.00317533
v 0.08216404 -0.04744047 0.00317533
v 0.08216404 -0.04744047 0.00317533
v 0.08018422 -0.04942028 0.00317533
v 0.08018422 -0.04942028 0.00317533
v 0.08018422 -0.04942028 0.01429493
v 0.08018422 -0.04942028 0.01429493
v 0.07749462 -0.05014252 0.01429493
v 0.07749462 -0.05014252 0.01429493
v 0.07749462 -0.05324309 0.01429493
v 0.07749462 -0.05324309 0.01429493
v 0.07324850 -0.05210988 0.01429493
v 0.07324850 -0.05210988 0.01429493
v 0.07013547 -0.04899691 0.02399487
v 0.07013547 -0.04899691 0.02399487
v 0.06714701 -0.04697971 0.02399487
v 0.06898993 -0.04475087 0.02399487
v 0.06898993 -0.04475087 0.02399487
v 0.07013547 -0.04049223 0.02399487
v 0.07013547 -0.04049223 0.02399487
v 0.07324850 -0.03737925 0.02399487
v 0.07324850 -0.03737925 0.02399487
v 0.07324850 -0.03737925 0.01429493
v 0.07324850 -0.03737925 0.01429493
v 0.07479250 -0.04006891 0.01429493
v 0.07479250 -0.04006891 0.01429493
v 0.07749462 -0.03934668 0.01429493
v 0.07749462 -0.03934668 0.01429493
v 0.08018422 -0.04006891 0.01429493
v 0.08018422 -0.04006891 0.01429493
v 0.08018422 -0.04006891 0.01429493
v 0.08216404 -0.04204880 0.01429493
v 0.08216404 -0.04204880 0.01429493
v 0.08216404 -0.04204880 0.01429493
v 0.08288627 -0.04475087 0.01429493
v 0.08288627 -0.04475087 0.01429493
v 0.08288627 -0.04475087 0.01429493
v 0.08216404 -0.04744047 0.01429493
v 0.08216404 -0.04744047 0.01429493
v 0.08485370 -0.04899691 0.01429493
v 0.08485370 -0.04899691 0.01429493
v 0.08174067 -0.05210988 0.01429493
v 0.08174067 -0.05210988 0.01429493
v 0.07749462 -0.05324309 0.02399487
v 0.07749462 -0.05324309 0.02399487
v 0.07324850 -0.05210988 0.02399487
v 0.07324850 -0.05210988 0.02399487
v 0.06620067 -0.05410229 0.02399487
v 0.06616336 -0.04671830 0.02500338
v 0.06616336 -0.04671830 0.02500338
v 0.06519210 -0.05410229 0.02500338
v 0.06519210 -0.05410229 0.02500338
v 0.06713455 -0.06118738 0.02399487
v 0.06616336 -0.06147378 0.02500338
v 0.06616336 -0.06147378 0.02500338
v 0.06616336 -0.06147378 0.03825223
v 0.06519210 -0.05410229 0.04989487
v 0.06616336 -0.04671830 0.05783915
v 0.06474381 -0.05412715 0.05165052
v 0.06474381 -0.05412715 0.05165052
v 0.06554073 -0.04711669 0.05954510
v 0.06554073 -0.04711669 0.05954510
v 0.05667489 -0.06753789 0.04380590
v 0.06009924 -0.07163458 0.03381944
v 0.04962712 -0.08595436 0.02403212
v 0.03452295 -0.09485744 0.02134252
v 0.01752609 -0.09940242 0.02134252
v 0.00000623 -0.10093408 0.02134252
v -0.01752609 -0.09940242 0.02134252
v -0.03452295 -0.09485744 0.02134252
v -0.05046141 -0.08741121 0.02134252
v -0.06488078 -0.07732515 0.02134252
v -0.07732027 -0.06488566 0.02134252
v -0.08740633 -0.05046630 0.02134252
v -0.09485256 -0.03452783 0.02134252
v -0.09939754 -0.01753097 0.02134252
v -0.10092910 -0.00001111 0.02134252
v -0.09939754 0.01752121 0.02134252
v -0.09485256 0.03451807 0.02134252
v -0.08740633 0.05045653 0.02134252
v -0.07732027 0.06487590 0.02134252
v -0.06488078 0.07731539 0.02134252
v -0.05046141 0.08740145 0.02134252
v -0.05046141 0.08740145 0.02134252
v -0.03452295 0.09484768 0.02134252
v -0.01752609 0.09939266 0.02134252
v 0.00000623 0.10092422 0.02134252
v 0.01752609 0.09939266 0.02134252
v 0.03452295 0.09484768 0.02134252
v 0.05046141 0.08740145 0.02134252
v 0.06488078 0.07731539 0.02134252
v 0.06962496 0.07096488 0.02314806
v 0.06962496 0.07096488 0.02314806
v 0.06962496 0.07096488 0.02314806
v 0.07039701 0.06803870 0.02399487
v 0.07527816 0.06315750 0.02399487
v 0.08174067 0.05210011 0.02399487
v 0.08174067 0.05210011 0.02399487
v 0.08485370 0.04898715 0.02399487
v 0.08485370 0.04898715 0.02399487
v 0.08598679 0.04474110 0.02399487
v 0.08598679 0.04474110 0.02399487
v 0.08485370 0.04048246 0.02399487
v 0.08485370 0.04048246 0.02399487
v 0.08174067 0.03736949 0.02399487
v 0.08174067 0.03736949 0.02399487
v 0.07994765 0.03028441 0.02399487
v 0.07425707 0.03465503 0.02399487
v 0.06988644 0.04034549 0.02399487
v 0.06901484 0.03983504 0.02500338
v 0.06901484 0.03983504 0.02500338
v 0.06901484 0.03983504 0.06177395
v 0.06871598 0.03967309 0.06376630
v 0.06871598 0.03967309 0.06376630
v 0.06486833 0.03744430 0.07694048
v 0.06486833 0.03744430 0.07694048
v 0.06486833 0.03744430 0.07694048
v 0.07038456 0.02561492 0.07694048
v 0.07038456 0.02561492 0.07694048
v 0.07038456 0.02561492 0.07694048
v 0.07377147 0.01300115 0.07694048
v 0.07377147 0.01300115 0.07694048
v 0.07490456 -0.00001111 0.07694048
v 0.07490456 -0.00001111 0.07694048
v 0.07377147 -0.01301091 0.07694048
v 0.07377147 -0.01301091 0.07694048
v 0.07038456 -0.02562468 0.07694048
v 0.07038456 -0.02562468 0.07694048
v 0.07038456 -0.02562468 0.07694048
v 0.06871598 -0.03968285 0.06376630
v 0.06871598 -0.03968285 0.06376630
v 0.06901484 -0.03984480 0.06177395
v 0.06901484 -0.03984480 0.02500338
v 0.06901484 -0.03984480 0.02500338
v 0.06988644 -0.04035525 0.02399487
v 0.07425707 -0.03466480 0.02399487
v 0.07749462 -0.03624623 0.02399487
v 0.07749462 -0.03624623 0.02399487
v 0.07749462 -0.03624623 0.02399487
v 0.07749462 -0.03624623 0.01429493
v 0.07749462 -0.03624623 0.01429493
v 0.07749462 -0.03624623 0.01429493
v 0.08174067 -0.03737925 0.01429493
v 0.08174067 -0.03737925 0.01429493
v 0.08485370 -0.04049223 0.01429493
v 0.08485370 -0.04049223 0.01429493
v 0.08485370 -0.04049223 0.01429493
v 0.08598679 -0.04475087 0.01429493
v 0.08598679 -0.04475087 0.01429493
v 0.08485370 -0.04899691 0.02399487
v 0.08485370 -0.04899691 0.02399487
v 0.08174067 -0.05210988 0.02399487
v 0.08174067 -0.05210988 0.02399487
v 0.07527816 -0.06316732 0.02399487
v 0.07039701 -0.06804846 0.02399487
v 0.06933856 -0.06816052 0.02500338
v 0.06933856 -0.06816052 0.02500338
v 0.06539130 -0.06207149 0.03947258
v 0.06539130 -0.06207149 0.03947258
v 0.06379747 -0.07603012 0.02403212
v 0.05046141 -0.08741121 0.02134252
v 0.05099684 -0.08834510 0.01765683
v 0.03488397 -0.09585361 0.01765683
v 0.01771283 -0.10046078 0.01765683
v 0.00000623 -0.10200488 0.01765683
v -0.01771283 -0.10046078 0.01765683
v -0.03488397 -0.09585361 0.01765683
v -0.05099684 -0.08834510 0.01765683
v -0.06556564 -0.07814698 0.01765683
v -0.07814210 -0.06557052 0.01765683
v -0.08834022 -0.05100172 0.01765683
v -0.09584873 -0.03488885 0.01765683
v -0.10045590 -0.01771771 0.01765683
v -0.10200000 -0.00001111 0.01765683
v -0.10045590 0.01770795 0.01765683
v -0.09584873 0.03487908 0.01765683
v -0.08834022 0.05099196 0.01765683
v -0.07814210 0.06556076 0.01765683
v -0.06556564 0.07813722 0.01765683
v -0.05099684 0.08833534 0.01765683
v -0.05099684 0.08833534 0.01765683
v -0.03488397 0.09584385 0.01765683
v -0.01771283 0.10045102 0.01765683
v 0.00000623 0.10199512 0.01765683
v 0.01771283 0.10045102 0.01765683
v 0.03488397 0.09584385 0.01765683
v 0.05099684 0.08833534 0.01765683
v 0.06556564 0.07813722 0.01765683
v 0.07814210 0.06556076 0.01765683
v 0.08834022 0.05099196 0.01765683
v 0.07732027 0.06487590 0.02134252
v 0.07644861 0.06414122 0.02314806
v 0.07644861 0.06414122 0.02314806
v 0.08510273 0.04912412 0.02399487
v 0.09233731 0.03359663 0.02399487
v 0.08655959 0.02754498 0.02399487
v 0.08632302 0.02656120 0.02500338
v 0.08632302 0.02656120 0.02500338
v 0.07944953 0.02941275 0.02500338
v 0.07944953 0.02941275 0.02500338
v 0.07354730 0.03393281 0.02500338
v 0.07354730 0.03393281 0.02500338
v 0.07354730 0.03393281 0.05783915
v 0.07357221 0.03319811 0.05954510
v 0.07357221 0.03319811 0.05954510
v 0.07456839 0.02713400 0.06359202
v 0.07815456 0.01377315 0.06359202
v 0.07936239 -0.00001111 0.06359202
v 0.07815456 -0.01378291 0.06359202
v 0.07456839 -0.02714376 0.06359202
v 0.07357221 -0.03320788 0.05954510
v 0.07357221 -0.03320788 0.05954510
v 0.07354730 -0.03394257 0.05783915
v 0.07354730 -0.03394257 0.02500338
v 0.07354730 -0.03394257 0.02500338
v 0.07944953 -0.02942257 0.02500338
v 0.07944953 -0.02942257 0.02500338
v 0.07994765 -0.03029417 0.02399487
v 0.08174067 -0.03737925 0.02399487
v 0.08174067 -0.03737925 0.02399487
v 0.08485370 -0.04049223 0.02399487
v 0.08485370 -0.04049223 0.02399487
v 0.08598679 -0.04475087 0.02399487
v 0.08598679 -0.04475087 0.02399487
v 0.08510273 -0.04913389 0.02399487
v 0.07644861 -0.06415098 0.02314806
v 0.07644861 -0.06415098 0.02314806
v 0.06962496 -0.07097464 0.02314806
v 0.06962496 -0.07097464 0.02314806
v 0.06962496 -0.07097464 0.02314806
v 0.06488078 -0.07732515 0.02134252
v 0.06556564 -0.07814698 0.01765683
v 0.06556564 -0.07814698 0.00000001
v 0.06556564 -0.07814698 0.00000001
v 0.05099684 -0.08834510 0.00000001
v 0.05099684 -0.08834510 0.00000001
v 0.03488397 -0.09585361 0.00000001
v 0.03488397 -0.09585361 0.00000001
v 0.01771283 -0.10046078 0.00000001
v 0.01771283 -0.10046078 0.00000001
v 0.01771283 -0.10046078 0.00000001
v 0.00000623 -0.10200488 0.00000001
v 0.00000623 -0.10200488 0.00000001
v 0.00000623 -0.10200488 0.00000001
v -0.01771283 -0.10046078 0.00000001
v -0.01771283 -0.10046078 0.00000001
v -0.01771283 -0.10046078 0.00000001
v -0.03488397 -0.09585361 0.00000001
v -0.03488397 -0.09585361 0.00000001
v -0.05099684 -0.08834510 0.00000001
v -0.05099684 -0.08834510 0.00000001
v -0.06556564 -0.07814698 0.00000001
v -0.06556564 -0.07814698 0.00000001
v -0.07814210 -0.06557052 0.00000001
v -0.07814210 -0.06557052 0.00000001
v -0.08834022 -0.05100172 0.00000001
v -0.08834022 -0.05100172 0.00000001
v -0.09584873 -0.03488885 0.00000001
v -0.09584873 -0.03488885 0.00000001
v -0.10045590 -0.01771771 0.00000001
v -0.10045590 -0.01771771 0.00000001
v -0.10200000 -0.00001111 0.00000001
v -0.10200000 -0.00001111 0.00000001
v -0.10045590 0.01770795 0.00000001
v -0.10045590 0.01770795 0.00000001
v -0.09584873 0.03487908 0.00000001
v -0.09584873 0.03487908 0.00000001
v -0.08834022 0.05099196 0.00000001
v -0.08834022 0.05099196 0.00000001
v -0.08834022 0.05099196 0.00000001
v -0.07814210 0.06556076 0.00000001
v -0.07814210 0.06556076 0.00000001
v -0.07814210 0.06556076 0.00000001
v -0.06556564 0.07813722 0.00000001
v -0.06556564 0.07813722 0.00000001
v -0.05099684 0.08833534 0.00000001
v -0.05099684 0.08833534 0.00000001
v -0.05099684 0.08833534 0.00000001
v -0.03488397 0.09584385 0.00000001
v -0.03488397 0.09584385 0.00000001
v -0.01771283 0.10045102 0.00000001
v -0.01771283 0.10045102 0.00000001
v -0.01771283 0.10045102 0.00000001
v 0.00000623 0.10199512 0.00000001
v 0.00000623 0.10199512 0.00000001
v 0.00000623 0.10199512 0.00000001
v 0.01771283 0.10045102 0.00000001
v 0.01771283 0.10045102 0.00000001
v 0.01771283 0.10045102 0.00000001
v 0.03488397 0.09584385 0.00000001
v 0.03488397 0.09584385 0.00000001
v 0.05099684 0.08833534 0.00000001
v 0.05099684 0.08833534 0.00000001
v 0.06556564 0.07813722 0.00000001
v 0.06556564 0.07813722 0.00000001
v 0.07814210 0.06556076 0.00000001
v 0.07814210 0.06556076 0.00000001
v 0.08834022 0.05099196 0.00000001
v 0.08834022 0.05099196 0.00000001
v 0.09584873 0.03487908 0.00000001
v 0.09584873 0.03487908 0.00000001
v 0.10045590 0.01770795 0.00000001
v 0.10045590 0.01770795 0.00000001
v 0.09584873 0.03487908 0.01765683
v 0.08740633 0.05045653 0.02134252
v 0.08642262 0.04989612 0.02314806
v 0.08642262 0.04989612 0.02314806
v 0.09378170 0.03413207 0.02314806
v 0.09378170 0.03413207 0.02314806
v 0.09411793 0.02693481 0.02399487
v 0.09369456 0.02596361 0.02500338
v 0.09369456 0.02596361 0.02500338
v 0.08632302 0.02656120 0.03825223
v 0.07944953 0.02941275 0.04989487
v 0.07925033 0.02900177 0.05165052
v 0.07925033 0.02900177 0.05165052
v 0.08220142 0.01448292 0.05356812
v 0.08347153 -0.00001111 0.05356812
v 0.08220142 -0.01449268 0.05356812
v 0.07925033 -0.02901159 0.05165052
v 0.07925033 -0.02901159 0.05165052
v 0.07944953 -0.02942257 0.04989487
v 0.08632302 -0.02657096 0.03825223
v 0.08632302 -0.02657096 0.02500338
v 0.08632302 -0.02657096 0.02500338
v 0.08655959 -0.02755474 0.02399487
v 0.09233731 -0.03360640 0.02399487
v 0.08642262 -0.04990588 0.02314806
v 0.08642262 -0.04990588 0.02314806
v 0.07732027 -0.06488566 0.02134252
v 0.07814210 -0.06557052 0.01765683
v 0.07814210 -0.06557052 0.00000001
v 0.07814210 -0.06557052 0.00000001
v 0.00000623 -0.00001111 0.00000001
v 0.00000623 -0.00001111 0.00000001
v 0.00000623 -0.00001111 0.00000001
v 0.00000623 -0.00001111 0.00000001
v 0.00000623 -0.00001111 0.00000001
v 0.00000623 -0.00001111 0.00000001
v 0.10200000 -0.00001111 0.00000001
v 0.10200000 -0.00001111 0.00000001
v 0.10045590 0.01770795 0.01765683
v 0.09485256 0.03451807 0.02134252
v 0.09627211 0.02480555 0.02314806
v 0.09627211 0.02480555 0.02314806
v 0.09627211 0.02480555 0.02314806
v 0.08645999 0.02559001 0.03947258
v 0.08645999 0.02559001 0.03947258
v 0.08682107 0.01530475 0.04380590
v 0.08816587 -0.00001111 0.04380590
v 0.08682107 -0.01531451 0.04380590
v 0.08645999 -0.02559977 0.03947258
v 0.08645999 -0.02559977 0.03947258
v 0.09369456 -0.02597337 0.02500338
v 0.09369456 -0.02597337 0.02500338
v 0.09411793 -0.02694457 0.02399487
v 0.09378170 -0.03414183 0.02314806
v 0.09378170 -0.03414183 0.02314806
v 0.08740633 -0.05046630 0.02134252
v 0.08834022 -0.05100172 0.01765683
v 0.08834022 -0.05100172 0.00000001
v 0.08834022 -0.05100172 0.00000001
v 0.09584873 -0.03488885 0.00000001
v 0.09584873 -0.03488885 0.00000001
v 0.10045590 -0.01771771 0.00000001
v 0.10045590 -0.01771771 0.00000001
v 0.10200000 -0.00001111 0.01765683
v 0.09939754 0.01752121 0.02134252
v 0.09772896 0.01722235 0.02403212
v 0.09208828 0.01622618 0.03381944
v 0.09350776 -0.00001111 0.03381944
v 0.09208828 -0.01623594 0.03381944
v 0.09627211 -0.02481531 0.02314806
v 0.09627211 -0.02481531 0.02314806
v 0.09627211 -0.02481531 0.02314806
v 0.09485256 -0.03452783 0.02134252
v 0.09584873 -0.03488885 0.01765683
v 0.10045590 -0.01771771 0.01765683
v 0.10092920 -0.00001111 0.02134252
v 0.09924811 -0.00001111 0.02403212
v 0.09772896 -0.01723211 0.02403212
v 0.09939754 -0.01753097 0.02134252
vn 0.89009690 -0.26241341 0.37264809
vn 0.89007449 -0.26238060 0.37272489
vn 0.97386217 0.10768190 0.19999290
vn 0.92741603 0.00002379 0.37403181
vn 0.92744690 -0.00001113 0.37395501
vn 0.96988261 0.20667860 0.12888680
vn 0.00000000 -0.00000000 1.00000000
vn -0.00001675 -1.00000000 0.00000000
vn -0.00010882 -1.00000000 0.00000000
vn 0.00000000 -0.00000000 1.00000000
vn -0.49955860 -0.86628008 0.00000000
vn 0.00000000 -0.00000000 1.00000000
vn -0.49929130 -0.86643428 0.00000000
vn 0.00000000 -0.00000000 1.00000000
vn 0.00000000 -0.00000000 1.00000000
vn 0.00003802 -1.00000000 0.00000000
vn -0.00000012 -0.00000000 1.00000000
vn 0.00000000 -0.00000000 1.00000000
vn 0.00000050 -0.00000000 1.00000000
vn -0.49931979 -0.86641789 0.00000000
vn -0.00000012 -0.00000000 1.00000000
vn 0.00000050 -0.00000000 1.00000000
vn 0.00000000 -0.00000000 1.00000000
vn -0.86652172 -0.49913961 0.00000033
vn 0.00000050 -0.00000000 1.00000000
vn 0.00000000 -0.00000000 1.00000000
vn -1.00000000 -0.00003362 0.00000000
vn 0.00000000 -0.00000000 1.00000000
vn 0.00000000 -0.00000000 1.00000000
vn -0.86649817 0.49918011 0.00000000
vn 0.00000000 -0.00000000 1.00000000
vn -0.49951801 0.86630350 0.00000000
vn -0.00010882 1.00000000 0.00000000
vn 0.00000000 -0.00000000 1.00000000
vn 0.00000000 -0.00000000 1.00000000
vn 0.49913079 0.86652678 0.00000000
vn 0.86644131 0.49927920 0.00000000
vn 0.00000000 -0.00000000 1.00000000
vn 0.86639810 0.49935409 0.00000000
vn 0.00000000 -0.00000000 1.00000000
vn 1.00000000 0.00009681 0.00000000
vn 0.00000000 -0.00000000 1.00000000
vn 0.86617953 -0.49973300 0.00000000
vn 0.49942201 -0.86635888 0.00000013
vn -0.00000012 -0.00000000 1.00000000
vn 0.00000000 -0.00000000 1.00000000
vn 0.49905470 -0.86657059 0.00000000
vn 0.00000000 -0.00000000 1.00000000
vn 0.00000000 -0.00000000 1.00000000
vn 0.49924290 -0.86646217 0.00000000
vn 0.00000023 -0.00000000 1.00000000
vn 0.49925271 -0.86645651 0.00000000
vn 0.00000038 -0.00000000 1.00000000
vn -0.00036445 -1.00000000 0.00000000
vn 0.00000000 -0.00000000 1.00000000
vn -0.49956849 -0.86627448 0.00000000
vn -0.10489200 -0.39327389 0.91341847
vn 0.00000000 -0.00000000 1.00000000
vn -0.86646313 -0.49924129 0.00000000
vn -0.86645752 -0.49925110 0.00000000
vn 0.00000000 -0.00000000 1.00000000
vn -0.86652702 -0.49913019 0.00000000
vn 0.00000000 -0.00000000 1.00000000
vn -1.00000000 0.00010770 0.00000000
vn 0.00000000 -0.00000000 1.00000000
vn -0.86634099 0.49945301 0.00000000
vn 0.00000014 -0.00000000 1.00000000
vn 0.00000000 -0.00000000 1.00000000
vn 0.00000000 -0.00000000 1.00000000
vn -0.49928299 0.86643910 0.00000000
vn 0.00000000 -0.00000000 1.00000000
vn 0.00000014 -0.00000000 1.00000000
vn 0.00003802 1.00000000 0.00000000
vn 0.49942279 0.86635852 0.00000000
vn 0.00000000 -0.00000000 1.00000000
vn 0.86644119 0.49927929 0.00000000
vn 0.86639810 0.49935409 0.00000000
vn 0.00000000 -0.00000000 1.00000000
vn -0.00000014 -0.00000000 1.00000000
vn 1.00000000 0.00010753 0.00000000
vn 0.00000000 -0.00000000 1.00000000
vn 0.00000000 -0.00000000 1.00000000
vn 0.86618489 -0.49972370 0.00000000
vn 0.00000000 -0.00000000 1.00000000
vn 0.86645752 -0.49925110 0.00000000
vn 0.86646313 -0.49924129 0.00000000
vn 0.00000000 -0.00000000 1.00000000
vn 0.10508280 -0.39321089 0.91342372
vn -0.00000030 -0.40654120 0.91363251
vn -0.13398281 -0.98270989 0.12778890
vn -0.00001171 -0.92744589 0.37395760
vn -0.00000143 -0.92742360 0.37401301
vn -0.24061281 -0.89592743 0.37338921
vn -0.24058729 -0.89591932 0.37342519
vn -0.46349591 -0.80347741 0.37362519
vn -0.46346331 -0.80345309 0.37371799
vn -0.20401850 -0.35200790 0.91349173
vn 0.00000000 -0.00000000 1.00000000
vn -1.00000000 0.00002461 0.00000000
vn -1.00000000 0.00001339 0.00000000
vn 0.00000014 -0.00000000 1.00000000
vn 0.00000000 -0.00000000 1.00000000
vn -0.86628121 0.49955681 0.00000000
vn 0.00000014 -0.00000000 1.00000000
vn 0.00000000 -0.00000000 1.00000000
vn 0.00000000 -0.00000000 1.00000000
vn 0.00000014 -0.00000000 1.00000000
vn -0.49956199 0.86627817 0.00000000
vn -0.00036443 1.00000000 0.00000000
vn 0.00000000 -0.00000000 1.00000000
vn 0.00000014 -0.00000000 1.00000000
vn 0.49924621 0.86646020 0.00000000
vn 0.00000000 -0.00000000 1.00000000
vn 0.86643863 0.49928361 0.00000000
vn 0.86640543 0.49934149 0.00000000
vn 0.00000000 -0.00000000 1.00000000
vn -0.00000014 -0.00000000 1.00000000
vn 1.00000000 0.00001339 0.00000000
vn -0.00000014 -0.00000000 1.00000000
vn 0.00000000 -0.00000000 1.00000000
vn 0.00000000 -0.00000000 1.00000000
vn 1.00000000 0.00002461 0.00000000
vn 0.20401409 -0.35196960 0.91350740
vn 0.46347690 -0.80344510 0.37371799
vn 0.46349591 -0.80347741 0.37362519
vn 0.24062011 -0.89593178 0.37337431
vn 0.24061210 -0.89592361 0.37339890
vn 0.13428150 -0.98264200 0.12799691
vn -0.01996159 -0.95038313 0.31044111
vn -0.02002942 -0.95034558 0.31055141
vn -0.00000173 -0.99326187 0.11589080
vn 0.02003616 -0.95035201 0.31053159
vn 0.01995027 -0.95038199 0.31044480
vn 0.03854030 -0.94230658 0.33252540
vn 0.03846025 -0.94232428 0.33248430
vn -0.30592409 -0.94322240 0.12939140
vn -0.39342579 -0.89744818 0.19950680
vn -0.67178661 -0.64047950 0.37214109
vn -0.67178982 -0.64051151 0.37207991
vn -0.29761830 -0.28301981 0.91176921
vn -0.86627561 0.49956661 0.00000000
vn 0.00000000 -0.00000000 1.00000000
vn 0.00000000 -0.00000000 1.00000000
vn -0.49955231 0.86628377 0.00000000
vn -0.00000037 -0.00000000 1.00000000
vn -0.00001675 1.00000000 0.00000000
vn 0.49923661 0.86646581 0.00000000
vn 0.00000000 -0.00000000 1.00000000
vn 0.86643863 0.49928361 0.00000000
vn 0.00000000 -0.00000000 1.00000000
vn 0.86640531 0.49934149 0.00000000
vn 0.29759380 -0.28309491 0.91175401
vn 0.67179811 -0.64046651 0.37214249
vn 0.67178982 -0.64051151 0.37207991
vn 0.39339021 -0.89743710 0.19962710
vn 0.30588561 -0.94323093 0.12942029
vn -0.04123622 -0.94191539 0.33330920
vn -0.04116261 -0.94192821 0.33328229
vn -0.31303379 -0.85807669 0.40708041
vn -0.30581769 -0.83767050 0.45253050
vn -0.44578299 -0.77243310 0.45235470
vn -0.45607540 -0.79102898 0.40776041
vn -0.56948161 -0.68757057 0.45048580
vn -0.58436871 -0.70160741 0.40775049
vn 0.00000000 -0.00000000 1.00000000
vn -1.00000000 -0.00002260 0.00000000
vn 0.00000000 -0.00000000 1.00000000
vn -0.86637503 0.49939409 0.00000000
vn -1.00000000 -0.00003925 -0.00000027
vn 0.00000043 -0.00000000 1.00000000
vn 0.00000000 -0.00000000 1.00000000
vn 0.00000000 -0.00000000 1.00000000
vn -1.00000000 -0.00010030 0.00000000
vn 0.00000000 -0.00000000 1.00000000
vn -0.86668623 0.49885380 0.00000000
vn 0.00000000 -0.00000000 1.00000000
vn -0.49935400 0.86639810 0.00000000
vn 0.00000000 -0.00000000 1.00000000
vn 0.00009093 1.00000000 0.00000000
vn 0.49933010 0.86641192 0.00000000
vn 0.00000000 -0.00000000 1.00000000
vn 0.86643082 0.49929729 0.00000000
vn 0.86641312 0.49932799 0.00000000
vn 0.00000000 -0.00000000 1.00000000
vn 0.00000000 -0.00000000 1.00000000
vn 1.00000000 -0.00003621 0.00000000
vn 0.86648172 -0.49920881 0.00000000
vn 0.00000000 -0.00000000 1.00000000
vn 0.00000000 -0.00000000 1.00000000
vn 0.49928659 -0.86643690 0.00000000
vn 0.00000000 -0.00000000 1.00000000
vn 0.00009091 -1.00000000 0.00000000
vn 0.00000000 -0.00000000 1.00000000
vn -0.49929890 -0.86642993 0.00000000
vn 0.00000000 -0.00000000 1.00000000
vn -0.86642879 -0.49930069 0.00000000
vn 0.00000043 -0.00000000 1.00000000
vn -0.86642158 -0.49931329 -0.00000042
vn 0.00000000 -0.00000000 1.00000000
vn -0.86647642 -0.49921811 0.00000000
vn 0.00000043 -0.00000000 1.00000000
vn 0.00000000 -0.00000000 1.00000000
vn -0.86644250 -0.49927711 0.00000000
vn 0.00000024 -0.00000000 1.00000000
vn -0.00000022 -0.00000000 1.00000000
vn -1.00000000 0.00002078 0.00000000
vn -0.86641413 0.49932629 0.00000000
vn 0.00000000 -0.00000000 1.00000000
vn -0.49929890 0.86642993 0.00000000
vn 0.00000000 -0.00000000 1.00000000
vn 0.00010188 1.00000000 0.00000000
vn 0.00000000 -0.00000000 1.00000000
vn 0.49941391 0.86636370 0.00000000
vn 0.00000000 -0.00000000 1.00000000
vn 0.00000000 -0.00000000 1.00000000
vn 0.86645472 0.49925581 0.00000000
vn 0.86641210 0.49932981 0.00000000
vn -0.00000022 -0.00000000 1.00000000
vn 1.00000000 -0.00002565 0.00000000
vn 0.00000000 -0.00000000 1.00000000
vn 0.86618262 -0.49972761 0.00000000
vn 0.00000000 -0.00000000 1.00000000
vn -0.00000022 -0.00000000 1.00000000
vn 0.00000000 -0.00000000 1.00000000
vn 0.49933279 -0.86641037 0.00000000
vn 0.00000000 -0.00000000 1.00000000
vn 0.00010187 -1.00000000 0.00000000
vn -0.49928871 -0.86643571 0.00000000
vn 0.00000000 -0.00000000 1.00000000
vn 0.00000000 -0.00000000 1.00000000
vn -0.49956110 -0.86627871 0.00000000
vn 0.00000000 -0.00000000 1.00000000
vn -0.49955091 -0.86628461 0.00000000
vn -0.35184058 -0.20398021 0.91356462
vn -0.91819549 -0.37498459 0.12768540
vn -0.80344719 -0.46348441 0.37370440
vn -0.80347771 -0.46349579 0.37362441
vn -0.89592510 -0.24059810 0.37340459
vn -0.89593071 -0.24062690 0.37337261
vn -0.39327341 -0.10486070 0.91342229
vn -0.86644173 0.49927840 -0.00000058
vn 0.00000000 -0.00000000 1.00000000
vn 0.00000000 -0.00000000 1.00000000
vn -0.49955741 0.86628091 0.00000000
vn 0.00000577 1.00000000 0.00000000
vn 0.00000000 -0.00000000 1.00000000
vn 0.00000000 -0.00000000 1.00000000
vn 0.49956760 0.86627489 0.00000000
vn 0.00000000 -0.00000000 1.00000000
vn 0.86628020 0.49955851 0.00000000
vn 0.00000000 -0.00000000 1.00000000
vn 1.00000000 0.00001386 0.00000000
vn -0.00000022 -0.00000000 1.00000000
vn 0.00000000 -0.00000000 1.00000000
vn 0.86645681 -0.49925199 0.00000000
vn 0.00000000 -0.00000000 1.00000000
vn 0.49955180 -0.86628407 0.00000000
vn -0.00003800 -1.00000000 0.00000000
vn 0.00000000 -0.00000000 1.00000000
vn 0.00003837 -1.00000000 0.00000000
vn 0.00000000 -0.00000000 1.00000000
vn -0.00003704 -1.00000000 0.00000000
vn 0.00003742 -1.00000000 0.00000000
vn -0.28870019 -0.28876340 0.91283512
vn -0.46348721 -0.80347472 0.37364170
vn -0.46349081 -0.80347061 0.37364590
vn -0.65577197 -0.65581328 0.37399459
vn -0.65580642 -0.65579051 0.37397459
vn -0.78397131 -0.60752338 0.12768900
vn -0.83299333 -0.45720601 0.31158480
vn -0.83299869 -0.45716390 0.31163171
vn -0.85992342 -0.49691200 0.11666390
vn -0.81353432 -0.49127260 0.31114829
vn -0.81347531 -0.49131721 0.31123239
vn -0.79690850 -0.50457001 0.33218369
vn -0.79685670 -0.50462961 0.33221760
vn -0.96990132 -0.20661470 0.12884881
vn -0.92744702 0.00001017 0.37395480
vn -0.92742091 -0.00002432 0.37401929
vn -0.97386622 -0.10766130 0.19998440
vn -0.89009619 0.26241681 0.37264770
vn -0.89007962 0.26238531 0.37270930
vn -0.39472249 0.11541450 0.91152281
vn -0.40654361 0.00000016 0.91363150
vn -0.49956760 0.86627489 0.00000000
vn 0.00000000 -0.00000000 1.00000000
vn -0.00000542 1.00000000 0.00000000
vn 0.00000000 -0.00000000 1.00000000
vn 0.00000000 -0.00000000 1.00000000
vn 0.49955830 0.86628032 0.00000000
vn -0.00000024 -0.00000000 1.00000000
vn 0.86627471 0.49956819 0.00000000
vn 1.00000000 0.00002506 0.00000000
vn 0.00000000 -0.00000000 1.00000000
vn 0.86646253 -0.49924231 0.00000000
vn 0.00000000 -0.00000000 1.00000000
vn 0.49956119 -0.86627871 0.00000000
vn 0.00000000 -0.00000000 1.00000000
vn -0.20403080 -0.35196629 0.91350490
vn -0.09645205 -0.40070021 0.91111821
vn -0.21728431 -0.90251893 0.37181610
vn -0.21728180 -0.90253729 0.37177300
vn -0.57974601 -0.79003888 0.19933181
vn -0.66363710 -0.73693740 0.12848809
vn -0.83617830 -0.43611270 0.33258349
vn -0.83619672 -0.43606129 0.33260450
vn -0.89962262 -0.15871410 0.40680361
vn -0.87813860 -0.15329130 0.45318261
vn -0.89144433 -0.00006435 0.45313051
vn -0.91296339 -0.00000071 0.40804139
vn -0.88067561 0.14897241 0.44968641
vn -0.89972752 0.15575141 0.40771571
vn -0.00000058 -0.00000000 1.00000000
vn 0.00000000 -0.00000000 1.00000000
vn -0.86637503 -0.49939409 0.00000000
vn -0.00000093 -0.00000000 1.00000000
vn 0.00000000 -0.00000000 1.00000000
vn -1.00000000 0.00002260 0.00000029
vn -1.00000000 0.00003925 0.00000000
vn 0.00000000 -0.00000000 1.00000000
vn 0.00000022 -0.00000000 1.00000000
vn -0.86639983 0.49935100 0.00000000
vn 0.00000000 -0.00000000 1.00000000
vn 0.00000022 -0.00000000 1.00000000
vn -0.00000058 -0.00000000 1.00000000
vn -0.86642879 0.49930069 0.00000000
vn 0.00000000 -0.00000000 1.00000000
vn -0.49929890 0.86642993 0.00000100
vn 0.00000000 -0.00000000 1.00000000
vn 0.00000058 -0.00000000 1.00000000
vn -0.00000058 -0.00000000 1.00000000
vn 0.00000000 -0.00000000 1.00000000
vn -0.00003948 1.00000000 0.00000000
vn 0.00000000 -0.00000000 1.00000000
vn 0.49932420 0.86641520 0.00000000
vn 0.00000000 -0.00000000 1.00000000
vn 0.00000058 -0.00000000 1.00000000
vn 0.86648172 0.49920881 0.00000029
vn 1.00000000 -0.00009418 0.00000000
vn 0.00000000 -0.00000000 1.00000000
vn 0.86643082 -0.49929729 0.00000000
vn 0.86641312 -0.49932799 0.00000000
vn 0.00000058 -0.00000000 1.00000000
vn 0.00000000 -0.00000000 1.00000000
vn 0.49933010 -0.86641192 0.00000000
vn 0.00000000 -0.00000000 1.00000000
vn 0.00009093 -1.00000000 0.00000000
vn 0.00000000 -0.00000000 1.00000000
vn -0.00000093 -0.00000000 1.00000000
vn -0.00000093 -0.00000000 1.00000000
vn -0.49931589 -0.86641997 0.00000000
vn -0.86668623 -0.49885380 0.00000000
vn 0.00000000 -0.00000000 1.00000000
vn -1.00000000 0.00010030 0.00000000
vn 0.00000000 -0.00000000 1.00000000
vn 0.00000000 -0.00000000 1.00000000
vn 0.00000022 -0.00000000 1.00000000
vn -0.86647642 0.49921811 0.00000000
vn -0.86642122 0.49931401 0.00000000
vn -0.00000023 -0.00000000 1.00000000
vn -0.49955669 0.86628127 0.00000000
vn 0.00000000 -0.00000000 1.00000000
vn -0.49956679 0.86627549 0.00000000
vn 0.00000000 -0.00000000 1.00000000
vn 0.00000000 -0.00000000 1.00000000
vn -0.49928871 0.86643571 0.00000000
vn -0.00002851 1.00000000 -0.00000029
vn 0.00000000 -0.00000000 1.00000000
vn 0.49952111 0.86630178 0.00000000
vn 0.00000000 -0.00000000 1.00000000
vn 0.86618262 0.49972761 0.00000000
vn -0.00000043 -0.00000000 1.00000000
vn 0.00000000 -0.00000000 1.00000000
vn 0.00000000 -0.00000000 1.00000000
vn 1.00000000 -0.00010473 0.00000000
vn -0.00000043 -0.00000000 1.00000000
vn 0.00000000 -0.00000000 1.00000000
vn 0.86645472 -0.49925581 0.00000000
vn 0.86641222 -0.49932969 0.00000000
vn 0.00000000 -0.00000000 1.00000000
vn 0.49941391 -0.86636370 0.00000000
vn 0.00010188 -1.00000000 0.00000000
vn 0.00000000 -0.00000000 1.00000000
vn 0.00000000 -0.00000000 1.00000000
vn -0.49929890 -0.86642993 0.00000000
vn -0.86639261 -0.49936360 0.00000077
vn 0.00000000 -0.00000000 1.00000000
vn -1.00000000 0.00010944 0.00000000
vn 0.00000000 -0.00000000 1.00000000
vn -0.35199180 0.20402271 0.91349691
vn -0.78406179 0.60740531 0.12769510
vn -0.80345499 0.46347079 0.37370461
vn -0.80348742 0.46347910 0.37362429
vn -0.65580320 0.65579343 0.37397501
vn -0.65578550 0.65579992 0.37399459
vn -0.46348700 0.80347532 0.37364069
vn -0.46348831 0.80344188 0.37371111
vn -0.28839919 0.28841320 0.91304100
vn 0.00005054 1.00000000 0.00000000
vn -0.00005017 1.00000000 0.00000000
vn 0.00000000 -0.00000000 1.00000000
vn 0.00000000 -0.00000000 1.00000000
vn -0.00005108 1.00000000 0.00000000
vn 0.00005144 1.00000000 0.00000000
vn 0.49955741 0.86628067 0.00000000
vn 0.00000000 -0.00000000 1.00000000
vn 0.00000000 -0.00000000 1.00000000
vn -0.00000043 -0.00000000 1.00000000
vn 0.86645681 0.49925199 0.00000000
vn 0.00000000 -0.00000000 1.00000000
vn 1.00000000 -0.00001386 0.00000000
vn 0.86628020 -0.49955851 0.00000000
vn 0.00000000 -0.00000000 1.00000000
vn 0.49956760 -0.86627489 0.00000000
vn 0.00000000 -0.00000000 1.00000000
vn 0.00000577 -1.00000000 0.00000000
vn 0.00000000 -0.00000000 1.00000000
vn -0.49955741 -0.86628091 0.00000000
vn 0.00000000 -0.00000000 1.00000000
vn -0.86644173 -0.49927840 0.00000000
vn 0.00000000 -0.00000000 1.00000000
vn -0.39327470 0.10486150 0.91342181
vn -0.89592922 0.24058271 0.37340450
vn -0.89593071 0.24062701 0.37337261
vn -0.91819209 0.37496591 0.12776481
vn -0.81350941 0.49129310 0.31118089
vn -0.81347472 0.49131909 0.31123111
vn -0.85992378 0.49691120 0.11666400
vn -0.83298790 0.45723739 0.31155279
vn -0.83299822 0.45716491 0.31163201
vn -0.83509809 0.43802300 0.33278689
vn -0.83511561 0.43796331 0.33282131
vn -0.66356587 0.73700082 0.12849221
vn -0.58020401 0.78965139 0.19953451
vn -0.21730620 0.90253109 0.37177360
vn -0.21729960 0.90251481 0.37181729
vn -0.09636771 0.40052810 0.91120291
vn -0.20402600 0.35195610 0.91350990
vn 0.00000000 -0.00000000 1.00000000
vn 0.49926800 0.86644781 -0.00000015
vn 0.86646253 0.49924231 0.00000000
vn 0.00000000 -0.00000000 1.00000000
vn -0.00000030 -0.00000000 1.00000000
vn 1.00000000 -0.00002506 -0.00000017
vn 0.86651152 -0.49915731 -0.00000027
vn 0.00000023 -0.00000000 1.00000000
vn 0.49955830 -0.86628032 0.00000000
vn 0.00000000 -0.00000000 1.00000000
vn -0.00000542 -1.00000000 0.00000000
vn 0.00000000 -0.00000000 1.00000000
vn -0.49956760 -0.86627489 0.00000000
vn 0.00000000 -0.00000000 1.00000000
vn -0.40654349 -0.00000000 0.91363162
vn -0.92742091 0.00000862 0.37401941
vn -0.92744702 -0.00001013 0.37395480
vn -0.39472240 -0.11541470 0.91152281
vn -0.89007491 -0.26240191 0.37270901
vn -0.89010030 -0.26240310 0.37264770
vn -0.97372907 0.10779670 0.20057780
vn -0.96988922 0.20665580 0.12887371
vn -0.79570317 0.50639713 0.33229271
vn -0.79562730 0.50651228 0.33229878
vn -0.58610052 0.70041561 0.40731350
vn -0.57133669 0.68457228 0.45269769
vn -0.44582489 0.77242851 0.45232120
vn -0.44582400 0.77243012 0.45231900
vn -0.45621201 0.79102558 0.40761420
vn -0.45620620 0.79103130 0.40760949
vn -0.31079590 0.83733171 0.44975731
vn -0.31549761 0.85671568 0.40804380
vn 0.00000000 -0.00000000 1.00000000
vn -0.00001673 1.00000000 0.00000000
vn 0.00000000 -0.00000000 1.00000000
vn -0.00010882 1.00000000 0.00000000
vn 0.00000000 -0.00000000 1.00000000
vn 0.49924141 0.86646301 0.00000000
vn 0.00000000 -0.00000000 1.00000000
vn 0.49931830 0.86641872 0.00000000
vn 0.00000000 -0.00000000 1.00000000
vn 0.00003802 1.00000000 0.00000000
vn 0.00000013 -0.00000000 1.00000000
vn 0.49942201 0.86635888 0.00000000
vn 0.00000000 -0.00000000 1.00000000
vn 0.00000013 -0.00000000 1.00000000
vn -0.00000050 -0.00000000 1.00000000
vn 0.00000100 -0.00000000 1.00000000
vn 0.00000000 -0.00000000 1.00000000
vn 0.86641687 0.49932131 0.00000023
vn 0.00000000 -0.00000000 1.00000000
vn 0.00000000 -0.00000000 1.00000000
vn 1.00000000 -0.00009125 0.00000000
vn 0.00000000 -0.00000000 1.00000000
vn 0.86644399 -0.49927431 0.00000000
vn 0.86639810 -0.49935409 0.00000000
vn 0.00000100 -0.00000000 1.00000000
vn 0.49920610 -0.86648327 0.00000035
vn 0.00000000 -0.00000000 1.00000000
vn 0.00000100 -0.00000000 1.00000000
vn 0.00000000 -0.00000000 1.00000000
vn -0.00010882 -1.00000000 0.00000000
vn 0.00000000 -0.00000000 1.00000000
vn -0.00000050 -0.00000000 1.00000000
vn -0.49951801 -0.86630362 0.00000000
vn -0.00000050 -0.00000000 1.00000000
vn -0.86641288 -0.49932828 0.00000040
vn 0.00000000 -0.00000000 1.00000000
vn -1.00000000 -0.00009122 0.00000000
vn 0.00000000 -0.00000000 1.00000000
vn 0.00000000 -0.00000000 1.00000000
vn -0.86641192 0.49933019 0.00000000
vn 0.00000000 -0.00000000 1.00000000
vn 0.00000013 -0.00000000 1.00000000
vn -0.49931979 0.86641789 0.00000000
vn -0.00000014 -0.00000000 1.00000000
vn 0.00000000 -0.00000000 1.00000000
vn -0.49925351 0.86645597 0.00000000
vn -0.00000014 -0.00000000 1.00000000
vn -0.49955711 0.86628097 0.00000000
vn 0.00000000 -0.00000000 1.00000000
vn -0.49956691 0.86627543 0.00000000
vn 0.00000000 -0.00000000 1.00000000
vn -0.00002331 1.00000000 0.00000000
vn 0.00000037 -0.00000000 1.00000000
vn 0.00000000 -0.00000000 1.00000000
vn 0.49925110 0.86645740 0.00000000
vn 0.10500320 0.39323810 0.91342121
vn 0.86646462 0.49923861 0.00000000
vn 0.00000000 -0.00000000 1.00000000
vn 0.00000000 -0.00000000 1.00000000
vn 0.86645889 0.49924839 0.00000000
vn -0.00000014 -0.00000000 1.00000000
vn 0.00000000 -0.00000000 1.00000000
vn -0.00000014 -0.00000000 1.00000000
vn 0.86618352 0.49972609 0.00000000
vn 1.00000000 -0.00010203 0.00000000
vn 0.00000000 -0.00000000 1.00000000
vn 0.86639810 -0.49935409 0.00000000
vn 0.00000000 -0.00000000 1.00000000
vn 0.86644399 -0.49927440 0.00000000
vn 0.49972400 -0.86618477 0.00000000
vn 0.00000000 -0.00000000 1.00000000
vn 0.00000000 -0.00000000 1.00000000
vn -0.00009390 -1.00000000 0.00000000
vn -0.00000014 -0.00000000 1.00000000
vn -0.49939600 -0.86637390 0.00000000
vn 0.00000000 -0.00000000 1.00000000
vn 0.00000000 -0.00000000 1.00000000
vn -0.86640757 -0.49933770 0.00000000
vn -1.00000000 -0.00010215 0.00000000
vn 0.00000000 -0.00000000 1.00000000
vn 0.00000028 -0.00000000 1.00000000
vn 0.00000000 -0.00000000 1.00000000
vn -0.86617851 0.49973491 0.00000000
vn -0.00000014 -0.00000000 1.00000000
vn -0.86645889 0.49924839 0.00000000
vn 0.00000000 -0.00000000 1.00000000
vn 0.00000028 -0.00000000 1.00000000
vn 0.00000000 -0.00000000 1.00000000
vn -0.86646462 0.49923861 0.00000000
vn -0.10477310 0.39331630 0.91341400
vn -0.00000093 0.40654129 0.91363251
vn 0.13411111 0.98267669 0.12790960
vn -0.00001167 0.92744589 0.37395760
vn -0.00001706 0.92742360 0.37401301
vn 0.24059661 0.89592779 0.37339890
vn 0.24062011 0.89593172 0.37337431
vn 0.46346331 0.80345309 0.37371799
vn 0.46349591 0.80347741 0.37362519
vn 0.20401800 0.35200810 0.91349161
vn 0.00000000 -0.00000000 1.00000000
vn 1.00000000 -0.00002262 0.00000000
vn 0.00000000 -0.00000000 1.00000000
vn -0.00000014 -0.00000000 1.00000000
vn 1.00000000 -0.00001144 0.00000000
vn 0.86640948 -0.49933419 0.00000000
vn 0.00000000 -0.00000000 1.00000000
vn 0.86643892 -0.49928331 0.00000000
vn 0.00000000 -0.00000000 1.00000000
vn 0.49924990 -0.86645812 0.00000000
vn -0.00000014 -0.00000000 1.00000000
vn -0.00036443 -1.00000000 0.00000000
vn 0.00000000 -0.00000000 1.00000000
vn -0.00000014 -0.00000000 1.00000000
vn 0.00000000 -0.00000000 1.00000000
vn -0.49926680 -0.86644840 0.00000000
vn -0.86628342 -0.49955299 0.00000000
vn 0.00000000 -0.00000000 1.00000000
vn 0.00000000 -0.00000000 1.00000000
vn 0.00000028 -0.00000000 1.00000000
vn -1.00000000 -0.00001144 0.00000000
vn 0.00000000 -0.00000000 1.00000000
vn -1.00000000 -0.00002262 0.00000000
vn -0.20401859 0.35200781 0.91349161
vn -0.46349591 0.80347741 0.37362519
vn -0.46347690 0.80344510 0.37371799
vn -0.24059850 0.89589882 0.37346750
vn -0.24061281 0.89592743 0.37338921
vn -0.13398281 0.98270989 0.12778830
vn 0.01995295 0.95038301 0.31044170
vn 0.02003800 0.95035237 0.31053019
vn -0.00000073 0.99325651 0.11593820
vn -0.01995891 0.95038211 0.31044421
vn -0.02002757 0.95034522 0.31055281
vn -0.03854244 0.94230640 0.33252561
vn -0.03844970 0.94231820 0.33250290
vn 0.30588511 0.94323099 0.12942021
vn 0.39336789 0.89745313 0.19959851
vn 0.67178518 0.64048117 0.37214050
vn 0.67178828 0.64051300 0.37208021
vn 0.29764369 0.28304640 0.91175270
vn 0.86640942 -0.49933419 0.00000000
vn 0.86643892 -0.49928331 0.00000000
vn 0.00000000 -0.00000000 1.00000000
vn 0.00000000 -0.00000000 1.00000000
vn 0.49924010 -0.86646372 0.00000000
vn 0.00000038 -0.00000000 1.00000000
vn -0.00001675 -1.00000000 0.00000000
vn 0.00000000 -0.00000000 1.00000000
vn -0.49955601 -0.86628163 0.00000000
vn 0.00000000 -0.00000000 1.00000000
vn -0.86627781 -0.49956280 0.00000000
vn -0.29767299 0.28317201 0.91170412
vn -0.67179668 0.64046818 0.37214199
vn -0.67178828 0.64051300 0.37208021
vn -0.39338830 0.89745688 0.19954210
vn -0.30600220 0.94320488 0.12933390
vn 0.04116261 0.94192821 0.33328229
vn 0.04123812 0.94191498 0.33331039
vn 0.30585971 0.83761650 0.45260200
vn 0.31303480 0.85807621 0.40708071
vn 0.46850151 0.81170708 0.34876630
vn 0.45614091 0.79102862 0.40768769
vn 0.32098320 0.88059300 0.34860560
vn 0.16272640 0.92219752 0.35081619
vn 0.00000013 0.96043712 0.27849719
vn 0.00000118 0.96040839 0.27859640
vn -0.16288949 0.92158061 0.35235819
vn -0.32150841 0.87974513 0.35025859
vn -0.46808121 0.81198293 0.34868890
vn -0.46806151 0.81199467 0.34868771
vn -0.60223043 0.71800458 0.34898129
vn -0.71663922 0.60253292 0.35125849
vn -0.83171642 0.48040840 0.27830890
vn -0.83171850 0.48041299 0.27829459
vn -0.87962592 0.31979081 0.35212541
vn -0.92281228 0.16258261 0.34926280
vn -0.93749571 -0.00000000 0.34799680
vn -0.92282361 -0.16272590 0.34916610
vn -0.88033062 -0.31842980 0.35159719
vn -0.83171791 -0.48041421 0.27829450
vn -0.83171952 -0.48041171 0.27829409
vn -0.71681333 -0.60241681 0.35110229
vn -0.60196447 -0.71810401 0.34923551
vn -0.46809131 -0.81196493 0.34871700
vn -0.32125941 -0.88049680 0.34859419
vn -0.16281810 -0.92215031 0.35089779
vn 0.00000137 -0.96043718 0.27849710
vn 0.00000122 -0.96040827 0.27859640
vn 0.16289960 -0.92154717 0.35244101
vn 0.32150599 -0.87987179 0.34994209
vn 0.31549630 -0.85671568 0.40804449
vn 0.46830002 -0.81178051 0.34886661
vn 0.45667580 -0.79100430 0.40713581
vn 0.31077531 -0.83731318 0.44980601
vn 0.30222920 -0.81795847 0.48949090
vn 0.07943320 -0.90716791 0.41320309
vn 0.07932758 -0.90719432 0.41316539
vn -0.48100001 -0.74052239 0.46932471
vn -0.48096070 -0.74046218 0.46946001
vn -0.07668423 -0.46969411 0.87949240
vn 0.04590272 -0.25804040 0.96504313
vn 0.00000862 -0.26277471 0.96485722
vn -0.04590260 -0.25829381 0.96497542
vn 0.07668447 -0.46969399 0.87949252
vn 0.48097080 -0.74045581 0.46945980
vn 0.48097780 -0.74053651 0.46932522
vn -0.07947289 -0.90565842 0.41649371
vn -0.07956606 -0.90562761 0.41654301
vn -0.30543599 -0.81516987 0.49214509
vn -0.43520451 -0.75562692 0.48951531
vn -0.55733031 -0.67006022 0.49030861
vn -0.74631232 -0.52104431 0.41416290
vn -0.74618918 -0.52115518 0.41424501
vn -0.88223010 0.04639762 0.46852711
vn -0.88232482 0.04639273 0.46834880
vn -0.44509259 -0.16746140 0.87968707
vn -0.20070679 -0.16809200 0.96512270
vn -0.22774970 -0.13084230 0.96488881
vn -0.24646820 -0.08907037 0.96504933
vn -0.36786881 -0.30133840 0.87969762
vn -0.40170920 -0.78709632 0.46809101
vn -0.40171659 -0.78710252 0.46807429
vn -0.82413071 -0.38432741 0.41605440
vn -0.82419157 -0.38424310 0.41601139
vn -0.85874498 -0.14296751 0.49205440
vn -0.87194008 0.00001189 0.48961279
vn -0.85935152 0.14629330 0.49001360
vn -0.82518750 0.38405779 0.41420421
vn -0.82520240 0.38403150 0.41419891
vn -0.40169451 0.78711277 0.46807581
vn -0.40170711 0.78706843 0.46813980
vn -0.36784011 0.30137581 0.87969673
vn -0.24638680 0.08913910 0.96506369
vn -0.22779530 0.13098620 0.96485847
vn -0.20080930 0.16819570 0.96508342
vn -0.44495300 0.16770790 0.87971067
vn -0.88222951 -0.04640907 0.46852690
vn -0.88232630 -0.04636949 0.46834850
vn -0.74506217 0.52128631 0.41610450
vn -0.74496078 0.52142793 0.41610870
vn -0.55233461 0.67307693 0.49182731
vn -0.43528059 0.75559849 0.48949131
vn -0.43529591 0.75558871 0.48949280
vn -0.30226341 0.81787330 0.48961219
vn -0.07932829 0.90719491 0.41316381
vn -0.07943534 0.90716797 0.41320261
vn 0.48096460 0.74047708 0.46943241
vn 0.48100269 0.74052411 0.46931931
vn 0.07671749 0.46969569 0.87948871
vn -0.04590380 0.25824451 0.96498841
vn 0.00000893 0.26277480 0.96485728
vn 0.04590189 0.25823799 0.96499032
vn -0.07667088 0.46969289 0.87949431
vn -0.48097461 0.74047059 0.46943229
vn -0.48098061 0.74053812 0.46931979
vn 0.07946586 0.90565193 0.41650909
vn 0.07952231 0.90565997 0.41648090
vn 0.30210260 0.81805801 0.48940280
vn 0.43546611 0.75549901 0.48948020
vn 0.44582269 0.77246350 0.45226359
vn 0.56920832 0.68768430 0.45065761
vn 0.58438569 0.70176792 0.40744960
vn 0.79691100 0.50456208 0.33218959
vn 0.79685670 0.50462961 0.33221760
vn 0.60200357 0.71807802 0.34922159
vn 0.60904622 0.72712749 0.31677800
vn 0.00000000 -0.00000000 1.00000000
vn 0.47416231 0.82151288 0.31668061
vn 0.00000000 -0.00000000 1.00000000
vn 0.32507130 0.89130098 0.31608701
vn 0.00000000 -0.00000000 1.00000000
vn 0.16481081 0.93422711 0.31631821
vn 0.00000000 -0.00000000 1.00000000
vn 0.00000000 -0.00000000 1.00000000
vn 0.00097673 0.94780451 0.31885079
vn -0.16487370 0.93400878 0.31692940
vn 0.00000000 -0.00000000 1.00000000
vn -0.32468629 0.89136189 0.31631139
vn 0.00000000 -0.00000000 1.00000000
vn -0.47448489 0.82128221 0.31679609
vn 0.00000000 -0.00000000 1.00000000
vn -0.47449800 0.82127482 0.31679571
vn 0.00000000 -0.00000000 1.00000000
vn -0.60922903 0.72700667 0.31670371
vn 0.00000000 -0.00000000 1.00000000
vn -0.00000048 -0.00000000 1.00000000
vn -0.72715282 0.60904431 0.31672379
vn 0.00000024 -0.00000000 1.00000000
vn -0.00000048 -0.00000000 1.00000000
vn -0.82034302 0.47486541 0.31865379
vn 0.00000024 -0.00000000 1.00000000
vn 0.00000000 -0.00000000 1.00000000
vn -0.89139199 0.32373631 0.31719911
vn -0.93413091 0.16472509 0.31664690
vn 0.00000000 -0.00000000 1.00000000
vn 0.00000000 -0.00000000 1.00000000
vn -0.94854587 0.00009353 0.31663990
vn -0.93416911 -0.16495000 0.31641671
vn 0.00000000 -0.00000000 1.00000000
vn -0.89136177 -0.32468641 0.31631160
vn 0.00000000 -0.00000000 1.00000000
vn 0.00000000 -0.00000000 1.00000000
vn -0.82137197 -0.47289950 0.31892651
vn -0.72562808 -0.61084777 0.31674710
vn 0.00000000 -0.00000000 1.00000000
vn 0.00000000 -0.00000000 1.00000000
vn -0.60912257 -0.72709799 0.31669891
vn -0.47416410 -0.82151198 0.31668031
vn 0.00000000 -0.00000000 1.00000000
vn -0.32487881 -0.89131588 0.31624311
vn 0.00000000 -0.00000000 1.00000000
vn -0.16472509 -0.93413132 0.31664589
vn 0.00000000 -0.00000000 1.00000000
vn -0.00089759 -0.94780481 0.31885010
vn 0.00000000 -0.00000000 1.00000000
vn 0.16475859 -0.93402982 0.31692719
vn 0.00000000 -0.00000000 1.00000000
vn 0.00000000 -0.00000000 1.00000000
vn 0.32468781 -0.89136219 0.31630889
vn 0.47426841 -0.82141799 0.31676841
vn 0.00000000 -0.00000000 1.00000000
vn 0.00000000 -0.00000000 1.00000000
vn 0.60934699 -0.72692120 0.31667319
vn -0.00000012 -0.00000000 1.00000000
vn 0.72676671 -0.60959542 0.31654960
vn 0.00000000 -0.00000000 1.00000000
vn 0.60210848 -0.71800393 0.34919301
vn 0.58636302 -0.70030838 0.40711999
vn 0.44581580 -0.77246481 0.45226830
vn 0.43528289 -0.75560713 0.48947620
vn 0.29210061 -0.80311352 0.51931310
vn 0.15556370 -0.81088299 0.56415308
vn 0.15562271 -0.81091070 0.56409711
vn 0.15560210 -0.81096083 0.56403071
vn 0.12071620 -0.68384761 0.71956933
vn 0.12070750 -0.68375897 0.71965498
vn 0.00001280 -0.69381231 0.72015601
vn 0.00001088 -0.69386888 0.72010142
vn -0.12069410 -0.68387950 0.71954292
vn -0.12067790 -0.68376613 0.71965331
vn -0.15391870 -0.81282592 0.56180340
vn -0.15390690 -0.81279957 0.56184471
vn -0.15391460 -0.81279200 0.56185353
vn -0.29527289 -0.80274510 0.51808733
vn -0.42701960 -0.74030930 0.51922691
vn -0.54909527 -0.65524727 0.51879209
vn -0.62521082 -0.54079962 0.56271428
vn -0.62517393 -0.54084361 0.56271303
vn -0.62518162 -0.54079592 0.56275022
vn -0.53100783 -0.44639960 0.72024870
vn -0.53105909 -0.44643509 0.72018880
vn -0.59996247 -0.34727290 0.72072637
vn -0.60000712 -0.34731659 0.72066832
vn -0.65249151 -0.23591250 0.72013903
vn -0.65258342 -0.23584400 0.72007811
vn -0.78136939 -0.27148491 0.56192339
vn -0.78131759 -0.27151111 0.56198281
vn -0.78140360 -0.27148160 0.56187743
vn -0.84304208 -0.14720079 0.51731223
vn -0.85441393 -0.00001377 0.51959300
vn -0.84190708 0.14743920 0.51908982
vn -0.78000730 0.27158400 0.56376511
vn -0.78001779 0.27162081 0.56373251
vn -0.78003258 0.27161589 0.56371450
vn -0.65249473 0.23590390 0.72013891
vn -0.65255642 0.23592940 0.72007459
vn -0.59996718 0.34726501 0.72072631
vn -0.60002130 0.34731221 0.72065848
vn -0.53100842 0.44638789 0.72025549
vn -0.53105551 0.44643340 0.72019267
vn -0.62684452 0.54066938 0.56101930
vn -0.62689131 0.54070240 0.56093532
vn -0.62687808 0.54067820 0.56097341
vn -0.54902601 0.65670961 0.51701361
vn -0.42701080 0.74027181 0.51928753
vn -0.42702171 0.74023593 0.51932973
vn -0.29210031 0.80311400 0.51931232
vn -0.15565769 0.81091601 0.56407988
vn -0.15559851 0.81096482 0.56402582
vn -0.15557609 0.81087941 0.56415492
vn -0.12071630 0.68384778 0.71956921
vn -0.12068800 0.68376517 0.71965247
vn -0.00001331 0.69389272 0.72007841
vn 0.00000358 0.69381219 0.72015601
vn 0.12069770 0.68388468 0.71953720
vn 0.12069930 0.68376082 0.71965468
vn 0.15565370 0.81092042 0.56407452
vn 0.15559719 0.81096327 0.56402850
vn 0.15553050 0.81089252 0.56414860
vn 0.29256740 0.80285662 0.51944751
vn 0.42697760 0.74027210 0.51931441
vn 0.54909491 0.65524840 0.51879132
vn 0.55740333 0.66999429 0.49031541
vn 0.74631762 0.52104002 0.41415879
vn 0.74618918 0.52115518 0.41424501
vn 0.88232511 -0.04639053 0.46834871
vn 0.88224459 -0.04638975 0.46850029
vn 0.39473060 -0.11542240 0.91151828
vn 0.40655950 -0.00000050 0.91362441
vn 0.00000000 -0.00000000 1.00000000
vn 0.49931341 -0.86642152 0.00000000
vn 0.86644012 -0.49928099 0.00000028
vn 0.00000000 -0.00000000 1.00000000
vn 0.00000000 -0.00000000 1.00000000
vn -0.00009676 -1.00000000 0.00000000
vn -0.49944559 -0.86634523 0.00000000
vn 0.00000000 -0.00000000 1.00000000
vn 0.00000000 -0.00000000 1.00000000
vn -0.86641312 -0.49932799 0.00000000
vn -0.86643082 -0.49929729 0.00000000
vn -1.00000000 0.00003621 0.00000000
vn 0.00000000 -0.00000000 1.00000000
vn 0.00000000 -0.00000000 1.00000000
vn -0.86617792 0.49973580 0.00000000
vn 0.00000000 -0.00000000 1.00000000
vn -0.49932679 0.86641377 0.00000071
vn 0.00000000 -0.00000000 1.00000000
vn 0.00003366 1.00000000 0.00000000
vn 0.00000000 -0.00000000 1.00000000
vn 0.49944690 0.86634457 0.00000000
vn 0.00000000 -0.00000000 1.00000000
vn 0.86642879 0.49930069 0.00000000
vn 0.00000000 -0.00000000 1.00000000
vn 1.00000000 0.00002260 0.00000000
vn -0.00000043 -0.00000000 1.00000000
vn 0.00000000 -0.00000000 1.00000000
vn 0.86657351 0.49904951 0.00000000
vn -0.00000043 -0.00000000 1.00000000
vn 1.00000000 0.00003925 0.00000000
vn 0.00000000 -0.00000000 1.00000000
vn 0.86668623 -0.49885380 0.00000000
vn 0.00000000 -0.00000000 1.00000000
vn 0.00000000 -0.00000000 1.00000000
vn 0.49925950 -0.86645257 0.00000000
vn 0.49955320 -0.86628330 0.00000000
vn 0.00000000 -0.00000000 1.00000000
vn -0.00000756 -1.00000000 0.00000000
vn 0.00000000 -0.00000000 1.00000000
vn -0.00010773 -1.00000000 0.00000000
vn 0.00000000 -0.00000000 1.00000000
vn 0.00000000 -0.00000000 1.00000000
vn -0.49941641 -0.86636210 0.00000000
vn -0.86641210 -0.49932981 0.00000000
vn 0.00000000 -0.00000000 1.00000000
vn -0.86643082 -0.49929729 0.00000000
vn 0.00000000 -0.00000000 1.00000000
vn -1.00000000 0.00002565 0.00000000
vn 0.00000022 -0.00000000 1.00000000
vn 0.00000022 -0.00000000 1.00000000
vn 0.00000000 -0.00000000 1.00000000
vn -0.86618262 0.49972761 0.00000000
vn -0.49952361 0.86630029 0.00000000
vn 0.00000000 -0.00000000 1.00000000
vn 0.00000014 -0.00000000 1.00000000
vn 0.00000000 -0.00000000 1.00000000
vn 0.00002266 1.00000000 0.00000000
vn 0.49932379 0.86641550 0.00000000
vn 0.00000000 -0.00000000 1.00000000
vn 0.00000000 -0.00000000 1.00000000
vn 0.49956271 0.86627787 0.00000000
vn 0.00000000 -0.00000000 1.00000000
vn 0.86647397 0.49922240 0.00000000
vn -0.00000043 -0.00000000 1.00000000
vn 1.00000000 0.00010030 0.00000000
vn 0.00000000 -0.00000000 1.00000000
vn 0.86641169 -0.49933049 0.00000000
vn 0.00000000 -0.00000000 1.00000000
vn 0.86641771 -0.49931991 0.00000000
vn 0.00000000 -0.00000000 1.00000000
vn 0.49956348 -0.86627728 0.00000000
vn 0.00000000 -0.00000000 1.00000000
vn 0.00000369 -1.00000000 0.00000000
vn 0.00000000 -0.00000000 1.00000000
vn -0.49956501 -0.86627650 0.00000000
vn 0.00000000 -0.00000000 1.00000000
vn -0.86628121 -0.49955690 0.00000000
vn 0.00000000 -0.00000000 1.00000000
vn -1.00000000 -0.00035904 0.00000000
vn 0.00000000 -0.00000000 1.00000000
vn -0.86645782 0.49925050 0.00000000
vn 0.00000022 -0.00000000 1.00000000
vn 0.00000000 -0.00000000 1.00000000
vn 0.00000014 -0.00000000 1.00000000
vn 0.00000000 -0.00000000 1.00000000
vn -0.49955490 0.86628240 0.00000000
vn 0.00000014 -0.00000000 1.00000000
vn 0.00000000 -0.00000000 1.00000000
vn -0.00005500 1.00000000 0.00000000
vn 0.00005107 1.00000000 0.00000000
vn 0.00000000 -0.00000000 1.00000000
vn -0.00005406 1.00000000 0.00000000
vn 0.00005017 1.00000000 0.00000000
vn 0.00000000 -0.00000000 1.00000000
vn 0.49955249 0.86628372 0.00000000
vn -0.00000024 -0.00000000 1.00000000
vn 0.86641872 0.49931809 0.00000000
vn 1.00000000 -0.00036807 0.00000000
vn 0.00000000 -0.00000000 1.00000000
vn 0.39331541 0.10478460 0.91341299
vn 0.89591861 0.24059670 0.37342081
vn 0.89593113 0.24062540 0.37337250
vn 0.91820651 0.37496549 0.12766260
vn 0.81351912 0.49128360 0.31117040
vn 0.81347501 0.49131739 0.31123269
vn 0.71680099 0.60247600 0.35102579
vn 0.72567868 0.61074090 0.31683761
vn 0.00000000 -0.00000000 1.00000000
vn 0.00000048 -0.00000000 1.00000000
vn -0.00000048 -0.00000000 1.00000000
vn 0.00000024 -0.00000000 1.00000000
vn -0.00000012 -0.00000000 1.00000000
vn 0.00000000 -0.00000000 1.00000000
vn 0.00000048 -0.00000000 1.00000000
vn -0.00000024 -0.00000000 1.00000000
vn 0.00000012 -0.00000000 1.00000000
vn 0.82043958 -0.47449100 0.31896269
vn 0.00000012 -0.00000000 1.00000000
vn -0.00000012 -0.00000000 1.00000000
vn 0.71663922 -0.60253292 0.35125840
vn 1.00000000 -0.00002260 0.00000000
vn 0.00000000 -0.00000000 1.00000000
vn -0.00000022 -0.00000000 1.00000000
vn 1.00000000 -0.00003925 0.00000000
vn 0.00000000 -0.00000000 1.00000000
vn 0.00000000 -0.00000000 1.00000000
vn 0.86644012 0.49928099 0.00000000
vn 0.00000058 -0.00000000 1.00000000
vn 0.00000093 -0.00000000 1.00000000
vn 0.00000000 -0.00000000 1.00000000
vn 0.86668623 0.49885380 0.00000000
vn -0.00009676 1.00000000 0.00000018
vn -0.00000093 -0.00000000 1.00000000
vn 0.00000000 -0.00000000 1.00000000
vn 0.00000093 -0.00000000 1.00000000
vn 0.49931341 0.86642152 0.00000000
vn 0.00000093 -0.00000000 1.00000000
vn 0.49925950 0.86645257 -0.00000102
vn 0.00000000 -0.00000000 1.00000000
vn 0.86643320 0.49929309 0.00000000
vn 0.00000000 -0.00000000 1.00000000
vn 1.00000000 -0.00010030 0.00000000
vn 0.00000000 -0.00000000 1.00000000
vn 0.86645228 -0.49926001 0.00000000
vn -0.00000022 -0.00000000 1.00000000
vn 0.00000000 -0.00000000 1.00000000
vn -0.00000022 -0.00000000 1.00000000
vn 0.86642158 -0.49931329 0.00000000
vn 0.00000000 -0.00000000 1.00000000
vn 0.00000058 -0.00000000 1.00000000
vn 0.86649400 -0.49918771 0.00000000
vn 0.00000000 -0.00000000 1.00000000
vn 0.49929640 -0.86643130 0.00000000
vn 0.00000000 -0.00000000 1.00000000
vn -0.00000058 -0.00000000 1.00000000
vn -0.00009673 -1.00000000 0.00000000
vn 0.00000058 -0.00000000 1.00000000
vn 0.00000000 -0.00000000 1.00000000
vn -0.49929670 -0.86643118 0.00000000
vn -0.49934611 -0.86640269 0.00000000
vn 0.00000000 -0.00000000 1.00000000
vn -0.86617792 -0.49973580 0.00000000
vn -0.00000058 -0.00000000 1.00000000
vn 0.00000000 -0.00000000 1.00000000
vn 0.00000000 -0.00000000 1.00000000
vn -1.00000000 -0.00003621 0.00000000
vn -0.86644858 0.49926630 0.00000000
vn -0.00000058 -0.00000000 1.00000000
vn -0.00000093 -0.00000000 1.00000000
vn 0.00000000 -0.00000000 1.00000000
vn -0.00000093 -0.00000000 1.00000000
vn -0.49940789 0.86636698 0.00000000
vn 0.00000000 -0.00000000 1.00000000
vn -0.49952939 0.86629701 0.00000000
vn 0.00000000 -0.00000000 1.00000000
vn -0.00010772 1.00000000 0.00000000
vn 0.00000000 -0.00000000 1.00000000
vn -0.00000755 1.00000000 0.00000000
vn 0.00000000 -0.00000000 1.00000000
vn 0.49955320 0.86628318 0.00000000
vn 0.86641782 0.49931991 0.00000000
vn 0.00000000 -0.00000000 1.00000000
vn 0.39333481 -0.10474810 0.91340882
vn 0.00000044 -0.00000000 1.00000000
vn 1.00000000 0.00002079 0.00000000
vn 0.00000023 -0.00000000 1.00000000
vn 0.86641872 -0.49931809 0.00000000
vn 0.00000000 -0.00000000 1.00000000
vn 0.49954671 -0.86628687 0.00000000
vn 0.49955699 -0.86628121 0.00000000
vn 0.00000000 -0.00000000 1.00000000
vn 0.49928620 -0.86643708 0.00000000
vn 0.00000000 -0.00000000 1.00000000
vn -0.00010772 -1.00000000 0.00000000
vn 0.00000000 -0.00000000 1.00000000
vn -0.49929729 -0.86643082 0.00000000
vn -0.49934450 -0.86640358 0.00000000
vn 0.00000000 -0.00000000 1.00000000
vn -0.86618262 -0.49972761 0.00000000
vn 0.00000000 -0.00000000 1.00000000
vn 0.00000043 -0.00000000 1.00000000
vn 0.00000000 -0.00000000 1.00000000
vn 0.00000043 -0.00000000 1.00000000
vn -1.00000000 -0.00002566 0.00000000
vn 0.00000000 -0.00000000 1.00000000
vn -0.86635602 0.49942699 0.00000000
vn 0.00000000 -0.00000000 1.00000000
vn -0.86628121 0.49955690 0.00000000
vn 0.00000000 -0.00000000 1.00000000
vn -0.49956501 0.86627650 0.00000000
vn 0.00000000 -0.00000000 1.00000000
vn 0.00000369 1.00000000 0.00000000
vn 0.00000000 -0.00000000 1.00000000
vn 0.49956348 0.86627728 0.00000000
vn 0.40655950 0.00000034 0.91362429
vn 0.89592272 -0.24058120 0.37342110
vn 0.89593113 -0.24062540 0.37337250
vn 0.92744690 0.00001110 0.37395501
vn 0.92741603 -0.00000807 0.37403160
vn 0.39461419 0.11531720 0.91158199
vn 0.89010102 0.26239970 0.37264809
vn 0.89006972 0.26239720 0.37272480
vn 0.97386199 -0.10768310 0.19999290
vn 0.96988261 -0.20667841 0.12888721
vn 0.91820639 -0.37496549 0.12766300
vn 0.79567850 -0.50645512 0.33226341
vn 0.79562730 -0.50651240 0.33229890
vn 0.81351793 -0.49128720 0.31116831
vn 0.81347472 -0.49131909 0.31123090
vn 0.57125408 -0.68467951 0.45263979
vn 0.55227423 -0.67310971 0.49185020
vn 0.42708760 -0.74026591 0.51923281
vn 0.31301439 -0.85882860 0.40550640
vn 0.15892009 -0.89952242 0.40694460
vn 0.00012735 -0.91366857 0.40646011
vn -0.15898560 -0.89950103 0.40696630
vn -0.31302181 -0.85882980 0.40549809
vn -0.45775539 -0.79097319 0.40598199
vn -0.58753401 -0.70005202 0.40587080
vn -0.70016712 -0.58756047 0.40563390
vn -0.79097420 -0.45770961 0.40603200
vn -0.85886920 -0.31310299 0.40535221
vn -0.89954281 -0.15892149 0.40689889
vn -0.91364467 -0.00000127 0.40651399
vn -0.89929372 0.15871499 0.40753001
vn -0.85882127 0.31294170 0.40557799
vn -0.79098791 0.45752871 0.40620890
vn -0.70013923 0.58753657 0.40571669
vn -0.58749741 0.70009518 0.40584919
vn -0.45769671 0.79100090 0.40599459
vn -0.45770061 0.79099482 0.40600181
vn -0.31298470 0.85881919 0.40554920
vn -0.15904740 0.89961422 0.40669209
vn -0.00007110 0.91367030 0.40645620
vn 0.15898970 0.89950353 0.40695921
vn 0.31292540 0.85880822 0.40561840
vn 0.45757359 0.79106522 0.40600780
vn 0.58753949 0.70013040 0.40572759
vn 0.62521082 0.54079962 0.56271428
vn 0.62521028 0.54081517 0.56269980
vn 0.62517798 0.54080331 0.56274712
vn 0.44494590 0.16781910 0.87969321
vn 0.20076869 0.16816410 0.96509731
vn 0.00000000 -0.00000000 1.00000000
vn -0.49955559 -0.86628181 0.00000000
vn -0.86651218 -0.49915579 0.00000000
vn 0.00000024 -0.00000000 1.00000000
vn -1.00000000 -0.00037020 0.00000000
vn 0.00000000 -0.00000000 1.00000000
vn 0.00000000 -0.00000000 1.00000000
vn -0.86646342 0.49924079 0.00000000
vn -0.49956420 0.86627692 0.00000000
vn 0.00000000 -0.00000000 1.00000000
vn 0.20403901 0.35198310 0.91349661
vn 0.28870049 0.28876200 0.91283542
vn 0.35196450 0.20401770 0.91350847
vn 0.80344129 0.46347919 0.37372369
vn 0.80348319 0.46348619 0.37362480
vn 0.85992742 0.49691239 0.11663190
vn 0.83172369 0.48041609 0.27827340
vn 0.83171928 0.48041171 0.27829421
vn -0.00000024 -0.00000000 1.00000000
vn 0.82137197 0.47290030 0.31892559
vn 0.00000048 -0.00000000 1.00000000
vn -0.00000024 -0.00000000 1.00000000
vn 0.89130431 0.32510370 0.31604481
vn 0.00000000 -0.00000000 1.00000000
vn 0.00000000 -0.00000000 1.00000000
vn 0.93417591 0.16490971 0.31641760
vn 0.00000000 -0.00000000 1.00000000
vn 0.94854558 -0.00017243 0.31664091
vn 0.93408161 -0.16473649 0.31678611
vn 0.00000000 -0.00000000 1.00000000
vn 0.89139313 -0.32373559 0.31719640
vn 0.00000000 -0.00000000 1.00000000
vn 0.00000012 -0.00000000 1.00000000
vn 0.83171618 -0.48040891 0.27830821
vn 0.83172351 -0.48041669 0.27827340
vn 0.85992181 -0.49691111 0.11667930
vn 0.80347961 -0.46349239 0.37362480
vn 0.80344921 -0.46346551 0.37372360
vn 0.35188779 -0.20400220 0.91354150
vn 0.28870019 -0.28876379 0.91283500
vn 0.00003704 -1.00000000 0.00000000
vn -0.00004096 -1.00000000 0.00000000
vn 0.00000000 -0.00000000 1.00000000
vn 0.00000000 -0.00000000 1.00000000
vn 0.00003800 -1.00000000 0.00000000
vn -0.00004189 -1.00000000 0.00000000
vn -0.49954921 -0.86628562 0.00000000
vn 0.00000000 -0.00000000 1.00000000
vn -0.86645782 -0.49925050 0.00000000
vn 0.00000000 -0.00000000 1.00000000
vn 0.00000043 -0.00000000 1.00000000
vn -1.00000000 0.00035904 0.00000000
vn 0.00000000 -0.00000000 1.00000000
vn -0.86627543 0.49956670 0.00000000
vn -0.00000023 -0.00000000 1.00000000
vn 0.00000000 -0.00000000 1.00000000
vn -0.49955559 0.86628181 0.00000000
vn 0.20091111 -0.16831680 0.96504110
vn 0.44499961 -0.16768920 0.87969071
vn 0.88232517 0.04639554 0.46834800
vn 0.88224453 0.04640108 0.46849930
vn 0.74506593 -0.52128512 0.41609940
vn 0.74496072 -0.52142811 0.41610861
vn 0.54888928 -0.65684950 0.51698089
vn 0.45758930 -0.79107821 0.40596500
vn 0.49569100 -0.85738498 0.13849720
vn 0.33870339 -0.93056887 0.13900199
vn 0.17218730 -0.97529882 0.13836120
vn 0.00002664 -0.99022222 0.13949960
vn -0.17219220 -0.97529608 0.13837430
vn -0.33858749 -0.93067408 0.13857970
vn -0.49566719 -0.85738760 0.13856611
vn -0.63762939 -0.75760710 0.13950071
vn -0.75859511 -0.63641119 0.13969371
vn -0.85732847 -0.49576139 0.13859551
vn -0.93054611 -0.33893171 0.13859820
vn -0.97529370 -0.17217641 0.13841100
vn -0.99022031 -0.00001578 0.13951281
vn -0.97532242 0.17220680 0.13817111
vn -0.93067408 0.33858770 0.13857910
vn -0.85732448 0.49583530 0.13835540
vn -0.75892222 0.63605428 0.13954240
vn -0.63744623 0.75775862 0.13951400
vn -0.49568310 0.85738897 0.13850120
vn -0.49569041 0.85738498 0.13849939
vn -0.33870339 0.93056887 0.13900199
vn -0.17219710 0.97530341 0.13831679
vn -0.00001083 0.99017048 0.13986591
vn 0.17219350 0.97529608 0.13837220
vn 0.33870259 0.93052018 0.13933000
vn 0.49579710 0.85733092 0.13845210
vn 0.63754982 0.75767118 0.13951600
vn 0.75889587 0.63608062 0.13956530
vn 0.85732871 0.49576101 0.13859540
vn 0.70018101 0.58757633 0.40558669
vn 0.53100443 0.44639480 0.72025430
vn 0.53104508 0.44645250 0.72018838
vn 0.22776440 0.13089040 0.96487868
vn 0.24646790 0.08906972 0.96504933
vn 0.09630566 0.40051559 0.91121483
vn 0.21721610 0.90255290 0.37177339
vn 0.21728380 0.90251857 0.37181720
vn 0.46348700 0.80347520 0.37364069
vn 0.46347269 0.80344492 0.37372389
vn 0.65577543 0.65581060 0.37399361
vn 0.65579701 0.65579981 0.37397459
vn 0.78397292 0.60752112 0.12768930
vn 0.83299822 0.45716450 0.31163251
vn 0.83298987 0.45723400 0.31155249
vn 0.88027912 0.31856739 0.35160139
vn 0.92285562 0.16284271 0.34902689
vn 0.93747699 -0.00000613 0.34804720
vn 0.92282343 -0.16246650 0.34928751
vn 0.87962562 -0.31979081 0.35212609
vn 0.83299643 -0.45716599 0.31163469
vn 0.83298773 -0.45723620 0.31155500
vn 0.78406102 -0.60740632 0.12769560
vn 0.65579730 -0.65579969 0.37397420
vn 0.65578443 -0.65580171 0.37399319
vn 0.46349370 -0.80344331 0.37370121
vn 0.46348721 -0.80347472 0.37364170
vn 0.20402721 -0.35195959 0.91350830
vn 0.00000000 -0.00000000 1.00000000
vn -0.49955851 -0.86628008 0.00000000
vn -0.86646342 -0.49924079 0.00000000
vn 0.00000000 -0.00000000 1.00000000
vn -1.00000000 0.00037020 0.00000000
vn 0.00000062 -0.00000000 1.00000000
vn 0.22779620 -0.13098580 0.96485841
vn 0.53105551 -0.44643340 0.72019267
vn 0.53101557 -0.44639251 0.72024733
vn 0.62687743 -0.54064172 0.56100911
vn 0.62689131 -0.54070240 0.56093532
vn 0.62687802 -0.54067820 0.56097341
vn 0.58730262 -0.69990551 0.40645790
vn 0.63748622 -0.75772321 0.13952380
vn 0.00000000 -0.00000000 -1.00000000
vn 0.64273560 -0.76608813 0.00000000
vn 0.49922711 -0.86647117 0.00000000
vn 0.00000000 -0.00000000 -1.00000000
vn 0.34205961 -0.93967831 0.00000000
vn 0.00000000 -0.00000000 -1.00000000
vn 0.17367680 -0.98480272 0.00000000
vn 0.00000013 -0.00000000 -1.00000000
vn 0.00000000 -0.00000000 -1.00000000
vn -0.00000013 0.00000000 -1.00000000
vn 0.00000013 -0.00000000 -1.00000000
vn 0.00003289 -1.00000000 0.00000000
vn -0.00000013 0.00000000 -1.00000000
vn 0.00000000 -0.00000000 -1.00000000
vn -0.17364199 -0.98480892 0.00000000
vn 0.00000000 -0.00000000 -1.00000000
vn -0.34205490 -0.93967998 0.00000000
vn 0.00000000 -0.00000000 -1.00000000
vn -0.49952450 -0.86629981 0.00000000
vn 0.00000000 -0.00000000 -1.00000000
vn -0.64273179 -0.76609141 0.00000000
vn 0.00000000 -0.00000000 -1.00000000
vn -0.76608789 -0.64273590 0.00000000
vn 0.00000000 -0.00000000 -1.00000000
vn -0.86647117 -0.49922741 0.00000000
vn -0.93967831 -0.34205949 0.00000000
vn 0.00000000 -0.00000000 -1.00000000
vn 0.00000000 -0.00000000 -1.00000000
vn -0.98480272 -0.17367689 0.00000000
vn 0.00000000 -0.00000000 -1.00000000
vn -1.00000000 -0.00003307 0.00000000
vn -0.98480892 0.17364180 0.00000000
vn 0.00000000 -0.00000000 -1.00000000
vn -0.93967998 0.34205470 0.00000000
vn 0.00000000 -0.00000000 -1.00000000
vn 0.00000000 -0.00000000 -1.00000000
vn -0.86637449 0.49939510 0.00000000
vn 0.00000013 -0.00000000 -1.00000000
vn 0.00000013 -0.00000000 -1.00000000
vn 0.00000000 -0.00000000 -1.00000000
vn -0.76609123 0.64273179 0.00000000
vn 0.00000000 -0.00000000 -1.00000000
vn -0.64273560 0.76608813 0.00000000
vn -0.49930540 0.86642611 0.00000416
vn 0.00000000 -0.00000000 -1.00000000
vn -0.49931279 0.86642182 0.00000419
vn 0.00000000 -0.00000000 -1.00000000
vn -0.34205961 0.93967831 0.00000000
vn 0.00000000 -0.00000000 -1.00000000
vn -0.00000013 0.00000000 -1.00000000
vn -0.17364690 0.98480809 0.00000000
vn -0.00000013 0.00000000 -1.00000000
vn 0.00000013 -0.00000000 -1.00000000
vn 0.00002797 1.00000000 0.00000000
vn 0.00000013 -0.00000000 -1.00000000
vn 0.00000000 -0.00000000 -1.00000000
vn 0.17367190 0.98480368 0.00000000
vn 0.34205490 0.93967998 0.00000000
vn 0.00000000 -0.00000000 -1.00000000
vn 0.49930909 0.86642402 0.00000000
vn 0.00000000 -0.00000000 -1.00000000
vn 0.64273179 0.76609141 0.00000000
vn 0.00000000 -0.00000000 -1.00000000
vn 0.00000000 -0.00000000 -1.00000000
vn 0.76576811 0.64311689 0.00000000
vn 0.86647117 0.49922741 0.00000027
vn 0.00000000 -0.00000000 -1.00000000
vn 0.93967831 0.34205949 0.00000000
vn 0.00000000 -0.00000000 -1.00000000
vn 0.98480803 0.17364690 0.00000000
vn 0.00000000 -0.00000000 -1.00000000
vn 0.93056899 0.33870319 0.13900220
vn 0.79103172 0.45749390 0.40616289
vn 0.59996247 0.34727290 0.72072637
vn 0.60000682 0.34731659 0.72066849
vn 0.65258342 0.23584400 0.72007811
vn 0.65249163 0.23591250 0.72013891
vn 0.36786911 0.30133861 0.87969738
vn 0.40169290 0.78711373 0.46807581
vn 0.40170920 0.78709632 0.46809101
vn 0.58020312 0.78965223 0.19953381
vn 0.66348457 0.73707712 0.12847389
vn 0.83617443 0.43613359 0.33256590
vn 0.83619708 0.43606010 0.33260500
vn 0.89959782 0.15887310 0.40679619
vn 0.91304392 -0.00000882 0.40786129
vn 0.89973599 -0.15568760 0.40772140
vn 0.83508962 -0.43805221 0.33276981
vn 0.83511579 -0.43796161 0.33282310
vn 0.66359079 -0.73698068 0.12847850
vn 0.58019912 -0.78965640 0.19952939
vn 0.21731649 -0.90252888 0.37177309
vn 0.21730199 -0.90251470 0.37181601
vn 0.09630584 -0.40051559 0.91121489
vn 0.24646799 -0.08906978 0.96504939
vn 0.60002118 -0.34731230 0.72065860
vn 0.59996718 -0.34726501 0.72072631
vn 0.70013910 -0.58753669 0.40571669
vn 0.75863189 -0.63635617 0.13974440
vn 0.76609123 -0.64273179 0.00000000
vn 0.00000000 -0.00000000 -1.00000000
vn -0.00000013 0.00000000 -1.00000000
vn 0.00000013 -0.00000000 -1.00000000
vn 0.00000013 -0.00000000 -1.00000000
vn -0.00000013 0.00000000 -1.00000000
vn 0.00000000 -0.00000000 -1.00000000
vn 0.00000013 -0.00000000 -1.00000000
vn 0.00000000 -0.00000000 -1.00000000
vn 1.00000000 -0.00002778 0.00000000
vn 0.97529340 0.17217369 0.13841620
vn 0.85867542 0.31268001 0.40608850
vn 0.78137022 0.27148140 0.56192398
vn 0.78130519 0.27156070 0.56197608
vn 0.78140342 0.27148160 0.56187773
vn 0.82413512 0.38431230 0.41605970
vn 0.82419902 0.38424230 0.41599750
vn 0.87816268 0.15357129 0.45304111
vn 0.89144403 0.00000159 0.45313099
vn 0.88034773 -0.14873980 0.45040479
vn 0.82518750 -0.38405770 0.41420430
vn 0.82519817 -0.38404900 0.41419131
vn 0.40171820 -0.78710210 0.46807370
vn 0.40170711 -0.78706843 0.46813980
vn 0.36786890 -0.30133849 0.87969750
vn 0.65249473 -0.23590390 0.72013891
vn 0.65255642 -0.23592940 0.72007459
vn 0.79096401 -0.45775399 0.40600160
vn 0.85733098 -0.49579731 0.13845120
vn 0.00000000 -0.00000000 -1.00000000
vn 0.86629993 -0.49952430 0.00000000
vn 0.93967998 -0.34205470 0.00000000
vn 0.00000000 -0.00000000 -1.00000000
vn 0.00000000 -0.00000000 -1.00000000
vn 0.98488993 -0.17318180 0.00000000
vn 0.99017191 0.00001200 0.13985550
vn 0.89951450 0.15885510 0.40698749
vn 0.84301633 0.14736980 0.51730633
vn 0.85874921 0.14294140 0.49205440
vn 0.87210780 -0.00008790 0.48931369
vn 0.85959220 -0.14612120 0.48964259
vn 0.78000742 -0.27158392 0.56376493
vn 0.78001833 -0.27162120 0.56373167
vn 0.78003222 -0.27161959 0.56371331
vn 0.85881168 -0.31283060 0.40568411
vn 0.93067408 -0.33858770 0.13857910
vn 0.97529608 -0.17219339 0.13837270
vn 0.91370201 0.00001960 0.40638488
vn 0.85438108 0.00000460 0.51964688
vn 0.84190381 -0.14746550 0.51908791
vn 0.89951468 -0.15896329 0.40694460
vt 0.17215189 0.86313713
vt 0.02196931 0.05096256
vt 0.16281100 0.86313713
vt 0.02475947 0.05545109
vt 0.17215189 0.85792082
vt 0.15468320 0.85792082
vt 0.05435919 0.82832098
vt 0.13624390 0.27089879
vt 0.07122147 0.36697671
vt 0.05654287 0.82892758
vt 0.13624390 0.27405289
vt 0.05435919 0.83147508
vt 0.07122147 0.36903909
vt 0.05654287 0.83086860
vt 0.06940180 0.15989950
vt 0.07898533 0.36697671
vt 0.06940180 0.15989950
vt 0.06940180 0.16184039
vt 0.06940180 0.16184039
vt 0.07898533 0.36903909
vt 0.07304114 0.16087000
vt 0.07304114 0.16087000
vt 0.07304114 0.16087000
vt 0.07898533 0.37098000
vt 0.07037228 0.16353880
vt 0.07037228 0.16353880
vt 0.07898533 0.37292099
vt 0.07207065 0.16450921
vt 0.07401162 0.16450921
vt 0.07898533 0.37486199
vt 0.07570993 0.16353880
vt 0.07898533 0.37692419
vt 0.07898533 0.37886521
vt 0.07668042 0.16184039
vt 0.07668042 0.15989950
vt 0.07898533 0.38080621
vt 0.07898533 0.35921291
vt 0.07570993 0.15820120
vt 0.07898533 0.38274711
vt 0.07401162 0.15723070
vt 0.07898533 0.36115390
vt 0.07207065 0.15723070
vt 0.07898533 0.36309481
vt 0.07898533 0.36503580
vt 0.07037228 0.15820120
vt 0.07037228 0.15820120
vt 0.07122147 0.36503580
vt 0.05751329 0.82722920
vt 0.05593627 0.82565218
vt 0.13612270 0.26774469
vt 0.06940180 0.19774839
vt 0.12932921 0.26774469
vt 0.06891655 0.20078120
vt 0.12932921 0.27089879
vt 0.07000833 0.20369260
vt 0.12932921 0.27405289
vt 0.06988704 0.20575491
vt 0.07243454 0.20563360
vt 0.12932921 0.27708560
vt 0.13624390 0.27708560
vt 0.05593627 0.83414388
vt 0.07122147 0.37098000
vt 0.05751329 0.83256692
vt 0.07122147 0.37292099
vt 0.05921173 0.83353728
vt 0.07122147 0.37486199
vt 0.06115263 0.83353728
vt 0.06115263 0.83353728
vt 0.06285101 0.83256692
vt 0.07122147 0.37692419
vt 0.06382149 0.83086860
vt 0.06382149 0.83086860
vt 0.07122147 0.37886521
vt 0.07122147 0.38080621
vt 0.06382149 0.82892758
vt 0.07122147 0.35921291
vt 0.07122147 0.38274711
vt 0.06285101 0.82722920
vt 0.06285101 0.82722920
vt 0.07122147 0.36115390
vt 0.06115263 0.82625872
vt 0.05921173 0.82625872
vt 0.07122147 0.36309481
vt 0.05860513 0.82419652
vt 0.13612270 0.26471189
vt 0.12932921 0.26471189
vt 0.07146406 0.19532220
vt 0.06891655 0.19580750
vt 0.06879526 0.20078120
vt 0.02718561 0.29698059
vt 0.00401539 0.30219689
vt 0.06770348 0.20090251
vt 0.00401539 0.29698059
vt 0.06891655 0.20611881
vt 0.00401539 0.29176420
vt 0.07134276 0.21072870
vt 0.07219195 0.21012209
vt 0.07546734 0.20624010
vt 0.12932921 0.28023970
vt 0.13612270 0.28023970
vt 0.05860513 0.83572102
vt 0.05860513 0.83572102
vt 0.13612270 0.28327251
vt 0.06175923 0.83572102
vt 0.06175923 0.83572102
vt 0.06442809 0.83414388
vt 0.06442809 0.83414388
vt 0.13612270 0.28642660
vt 0.13612270 0.28945929
vt 0.06600511 0.83147508
vt 0.06600511 0.83147508
vt 0.13612270 0.29261330
vt 0.06600511 0.82832098
vt 0.13612270 0.25852510
vt 0.13624390 0.29564610
vt 0.06442809 0.82565218
vt 0.06442809 0.82565218
vt 0.13612270 0.26155779
vt 0.06175923 0.82419652
vt 0.06175923 0.82419652
vt 0.07437551 0.19423039
vt 0.12932921 0.26155779
vt 0.07037228 0.19095500
vt 0.06952309 0.19059099
vt 0.00401539 0.31262961
vt 0.00401539 0.30741331
vt 0.06794607 0.19556481
vt 0.02718561 0.30741331
vt 0.02839881 0.30789849
vt 0.05181175 0.22164661
vt 0.02997583 0.30219689
vt 0.04938548 0.21024340
vt 0.02839881 0.29649529
vt 0.04283469 0.20672540
vt 0.02281850 0.29164290
vt 0.02160543 0.29176420
vt 0.01335620 0.28642660
vt 0.07498210 0.21461061
vt 0.00401539 0.28654781
vt 0.07558864 0.21388270
vt 0.12932921 0.28327251
vt 0.07837879 0.20514830
vt 0.08031976 0.20272210
vt 0.12932921 0.28642660
vt 0.08080500 0.19968940
vt 0.12932921 0.28945929
vt 0.12932921 0.29261330
vt 0.07971322 0.19677790
vt 0.12932921 0.25852510
vt 0.07740831 0.19483700
vt 0.12932921 0.29564610
vt 0.07304114 0.18670919
vt 0.07231324 0.18610260
vt 0.00401539 0.31796730
vt 0.01335620 0.31796730
vt 0.02160543 0.31275091
vt 0.04695934 0.22746950
vt 0.02281850 0.31275091
vt 0.05156916 0.23693180
vt 0.04429048 0.23947930
vt 0.04829370 0.24954800
vt 0.05532974 0.24651530
vt 0.05278217 0.25937429
vt 0.05957555 0.25585619
vt 0.05933296 0.93507433
vt 0.05290353 0.93956280
vt 0.06030344 0.93677270
vt 0.05290353 0.94150382
vt 0.04501837 0.93956280
vt 0.06491333 0.88946152
vt 0.06491333 0.88946152
vt 0.06551986 0.88727802
vt 0.34950799 0.31699681
vt 0.06297236 0.88946152
vt 0.04501837 0.94150382
vt 0.06200182 0.93774319
vt 0.05290353 0.94344479
vt 0.06394284 0.93774319
vt 0.05290353 0.94550711
vt 0.05290353 0.94744801
vt 0.06564116 0.93677270
vt 0.05290353 0.92585480
vt 0.05290353 0.94938898
vt 0.06661164 0.93507433
vt 0.06661164 0.93313342
vt 0.05290353 0.92779571
vt 0.05290353 0.92973667
vt 0.06564116 0.93143499
vt 0.06394284 0.93046451
vt 0.05290353 0.93167758
vt 0.06200182 0.93046451
vt 0.05290353 0.93361861
vt 0.06030344 0.93143499
vt 0.05290353 0.93568093
vt 0.05933296 0.93313342
vt 0.05290353 0.93762177
vt 0.06661164 0.89043200
vt 0.04501837 0.93762177
vt 0.06661164 0.89043200
vt 0.34950799 0.31396401
vt 0.06818872 0.88885498
vt 0.06818872 0.88885498
vt 0.34259331 0.31396401
vt 0.01529729 0.96758562
vt 0.01481205 0.96455282
vt 0.34259331 0.31699681
vt 0.34950799 0.32015091
vt 0.06236577 0.88727802
vt 0.04501837 0.94344479
vt 0.06127399 0.89043200
vt 0.04501837 0.94550711
vt 0.06030344 0.89213038
vt 0.04501837 0.94744801
vt 0.06030344 0.89407140
vt 0.06127399 0.89576972
vt 0.04501837 0.92585480
vt 0.04501837 0.94938898
vt 0.06297236 0.89674020
vt 0.04501837 0.92779571
vt 0.06297236 0.89674020
vt 0.04501837 0.92973667
vt 0.06491333 0.89674020
vt 0.06491333 0.89674020
vt 0.06661164 0.89576972
vt 0.04501837 0.93167758
vt 0.06758213 0.89407140
vt 0.04501837 0.93361861
vt 0.04501837 0.93568093
vt 0.06758213 0.89213038
vt 0.06976574 0.89152378
vt 0.34950799 0.31081000
vt 0.01420539 0.97049701
vt 0.34259331 0.31081000
vt 0.01553988 0.96758562
vt 0.23341380 0.96309709
vt 0.01651030 0.96770692
vt 0.21012209 0.96807080
vt 0.01626771 0.96236920
vt 0.21024340 0.96285451
vt 0.01529729 0.96249062
vt 0.34259331 0.32015091
vt 0.01287096 0.96212661
vt 0.05969697 0.88885498
vt 0.34950799 0.32318369
vt 0.34950799 0.32633769
vt 0.05811989 0.89152378
vt 0.05811989 0.89467788
vt 0.34950799 0.32937050
vt 0.05969697 0.89734667
vt 0.34950799 0.33252451
vt 0.06236577 0.89892381
vt 0.34950799 0.33567861
vt 0.06551986 0.89892381
vt 0.06551986 0.89892381
vt 0.34950799 0.33871141
vt 0.06818872 0.89734667
vt 0.34950799 0.34186551
vt 0.34950799 0.30777720
vt 0.06976574 0.89467788
vt 0.34950799 0.34489819
vt 0.01190054 0.97243798
vt 0.34259331 0.30777720
vt 0.34259331 0.34489819
vt 0.01444804 0.97243798
vt 0.21000080 0.97850353
vt 0.01287096 0.97753310
vt 0.01529729 0.97280192
vt 0.21012209 0.97328722
vt 0.23329240 0.97365111
vt 0.23450550 0.97413641
vt 0.07740831 0.27587250
vt 0.23620389 0.96843481
vt 0.23474809 0.96261191
vt 0.07085752 0.26628891
vt 0.22904649 0.95775938
vt 0.06333625 0.26568240
vt 0.22783349 0.95775938
vt 0.21024340 0.95763809
vt 0.01481205 0.95727420
vt 0.21970570 0.95242178
vt 0.21024340 0.95266438
vt 0.01202183 0.95278567
vt 0.01117271 0.95351362
vt 0.01384150 0.95775938
vt 0.34259331 0.32318369
vt 0.00995958 0.96103478
vt 0.34259331 0.32633769
vt 0.00680554 0.96152008
vt 0.00450063 0.96346110
vt 0.34259331 0.32937050
vt 0.00340885 0.96637249
vt 0.34259331 0.33252451
vt 0.34259331 0.33567861
vt 0.00389403 0.96952653
vt 0.34259331 0.33871141
vt 0.00583506 0.97183150
vt 0.34259331 0.34186551
vt 0.00874650 0.97292322
vt 0.01202183 0.97692651
vt 0.00862521 0.98068720
vt 0.00935304 0.98141497
vt 0.20987950 0.98371988
vt 0.21922030 0.98384130
vt 0.22759070 0.97874618
vt 0.22880390 0.97886747
vt 0.07534605 0.28302979
vt 0.08323121 0.28994450
vt 0.07752960 0.29516089
vt 0.08517217 0.30280349
vt 0.09038853 0.29734451
vt 0.09317868 0.31008211
vt 0.09803110 0.30413789
vt 0.00195312 0.26653159
vt 0.00195312 0.26653159
vt 0.25221690 0.97983801
vt 0.00195312 0.26653159
vt 0.00292355 0.26822990
vt 0.25221690 0.98177892
vt 0.24433170 0.98177892
vt 0.05921173 0.09499835
vt 0.05921173 0.09499835
vt 0.24433170 0.98384130
vt 0.06115263 0.09499835
vt 0.06115263 0.09499835
vt 0.00462186 0.26920041
vt 0.25221690 0.98384130
vt 0.00462186 0.26920041
vt 0.25221690 0.98578221
vt 0.00656283 0.26920041
vt 0.00826126 0.26822990
vt 0.00826126 0.26822990
vt 0.00826126 0.26822990
vt 0.25221690 0.98772311
vt 0.00935304 0.26653159
vt 0.25221690 0.98966408
vt 0.00935304 0.26446930
vt 0.00935304 0.26446930
vt 0.25221690 0.99172640
vt 0.25221690 0.99366742
vt 0.00826126 0.26277101
vt 0.25221690 0.99560833
vt 0.25221690 0.97195268
vt 0.00656283 0.26180050
vt 0.00656283 0.26180050
vt 0.25221690 0.97401512
vt 0.00462186 0.26180050
vt 0.25221690 0.97595602
vt 0.00292355 0.26277101
vt 0.00292355 0.26277101
vt 0.00195312 0.26446930
vt 0.25221690 0.97789699
vt 0.24433170 0.97983801
vt 0.05751329 0.09402787
vt 0.27162659 0.83341610
vt 0.05860513 0.09718197
vt 0.06175923 0.09718197
vt 0.06175923 0.09718197
vt 0.27162659 0.83038330
vt 0.27854130 0.83038330
vt 0.09681802 0.93228418
vt 0.27854130 0.82722920
vt 0.09790980 0.93507433
vt 0.27162659 0.82722920
vt 0.06442809 0.09560495
vt 0.06285101 0.09402787
vt 0.24433170 0.98578221
vt 0.24433170 0.98772311
vt 0.06382149 0.09232956
vt 0.24433170 0.98966408
vt 0.06382149 0.09038859
vt 0.24433170 0.99172640
vt 0.06285101 0.08869022
vt 0.06285101 0.08869022
vt 0.06115263 0.08771973
vt 0.24433170 0.99366742
vt 0.06115263 0.08771973
vt 0.05921173 0.08771973
vt 0.24433170 0.99560833
vt 0.24433170 0.97195268
vt 0.05751329 0.08869022
vt 0.24433170 0.97401512
vt 0.24433170 0.97595602
vt 0.05654287 0.09038859
vt 0.05654287 0.09232956
vt 0.24433170 0.97789699
vt 0.27162659 0.83657020
vt 0.05593627 0.09560495
vt 0.27854130 0.83341610
vt 0.09730327 0.92913008
vt 0.09657537 0.93228418
vt 0.12071620 0.23996450
vt 0.09560489 0.93240547
vt 0.09754586 0.24518091
vt 0.09754586 0.23996450
vt 0.09681802 0.93750048
vt 0.09754586 0.23474809
vt 0.09924423 0.94223172
vt 0.09778851 0.93713671
vt 0.27854130 0.86131751
vt 0.27854130 0.82419652
vt 0.10033600 0.93713671
vt 0.06600511 0.09293609
vt 0.27162659 0.82419652
vt 0.27162659 0.86131751
vt 0.27162659 0.85828471
vt 0.06600511 0.08978199
vt 0.06442809 0.08711320
vt 0.06442809 0.08711320
vt 0.27162659 0.85513067
vt 0.06175923 0.08553612
vt 0.27162659 0.85209793
vt 0.27162659 0.84894383
vt 0.05860513 0.08553612
vt 0.27162659 0.84578967
vt 0.05593627 0.08711320
vt 0.27162659 0.84275699
vt 0.05435919 0.08978199
vt 0.27162659 0.83960289
vt 0.05435919 0.09293609
vt 0.27854130 0.83657020
vt 0.09936553 0.92682522
vt 0.09681802 0.92718917
vt 0.09584748 0.92706782
vt 0.09754586 0.25039730
vt 0.12071620 0.25039730
vt 0.12192930 0.25088251
vt 0.12205060 0.31578371
vt 0.12350630 0.24518091
vt 0.12192930 0.23947930
vt 0.11234580 0.30935430
vt 0.11634900 0.23462680
vt 0.10530970 0.31178051
vt 0.11513590 0.23462680
vt 0.10688680 0.22941050
vt 0.09754586 0.22941050
vt 0.10276220 0.94611359
vt 0.10349010 0.94526452
vt 0.10009340 0.94162512
vt 0.10336880 0.93762177
vt 0.27854130 0.85828471
vt 0.27854130 0.85513067
vt 0.10628020 0.93653011
vt 0.10822120 0.93422520
vt 0.27854130 0.85209793
vt 0.27854130 0.84894383
vt 0.10870640 0.93107110
vt 0.27854130 0.84578967
vt 0.10761460 0.92815971
vt 0.27854130 0.84275699
vt 0.10530970 0.92621863
vt 0.27854130 0.83960289
vt 0.10227700 0.92573351
vt 0.09827375 0.92245811
vt 0.09742456 0.92197281
vt 0.09754586 0.25561360
vt 0.10094260 0.91809082
vt 0.10021470 0.91748428
vt 0.09754586 0.26082998
vt 0.10688680 0.26082998
vt 0.11501460 0.25561360
vt 0.11634900 0.25573489
vt 0.12302110 0.32330501
vt 0.13296860 0.32645899
vt 0.13005701 0.33349499
vt 0.14012590 0.33749831
vt 0.14012590 0.03470695
vt 0.14255209 0.33021960
vt 0.14255209 0.04198563
vt 0.13005701 0.03858894
vt 0.13308990 0.04562497
vt 0.05435919 0.27720690
vt 0.26519719 0.84857988
vt 0.05654287 0.27781341
vt 0.08468693 0.97983801
vt 0.05435919 0.28036100
vt 0.26519719 0.85173392
vt 0.05654287 0.27975449
vt 0.08468693 0.97789699
vt 0.00886780 0.71538079
vt 0.07692307 0.97983801
vt 0.00886780 0.71538079
vt 0.07692307 0.97789699
vt 0.00886780 0.71732181
vt 0.01250714 0.71635127
vt 0.01250714 0.71635127
vt 0.01250714 0.71635127
vt 0.01250714 0.71635127
vt 0.07692307 0.97583473
vt 0.00983828 0.71902013
vt 0.01153659 0.71999061
vt 0.07692307 0.97389382
vt 0.01347762 0.71999061
vt 0.07692307 0.97195268
vt 0.07692307 0.99560833
vt 0.01347762 0.71999061
vt 0.07692307 0.99354613
vt 0.01517587 0.71902013
vt 0.01517587 0.71902013
vt 0.01614642 0.71732181
vt 0.07692307 0.99160510
vt 0.01614642 0.71538079
vt 0.01614642 0.71538079
vt 0.07692307 0.98966408
vt 0.01517587 0.71368247
vt 0.07692307 0.98772311
vt 0.01517587 0.71368247
vt 0.07692307 0.98578221
vt 0.01347762 0.71271199
vt 0.01153659 0.71271199
vt 0.07692307 0.98371988
vt 0.00983828 0.71368247
vt 0.00983828 0.71368247
vt 0.07692307 0.98177892
vt 0.05751329 0.27611509
vt 0.05751329 0.27611509
vt 0.08468693 0.98177892
vt 0.05593627 0.27453810
vt 0.26519719 0.84554708
vt 0.05593627 0.27453810
vt 0.25840369 0.84554708
vt 0.01420539 0.92452031
vt 0.25840369 0.84857988
vt 0.01529729 0.92160893
vt 0.01481205 0.91857612
vt 0.25840369 0.85173392
vt 0.01529729 0.91663522
vt 0.25840369 0.85476673
vt 0.01287096 0.91627121
vt 0.05593627 0.28302979
vt 0.26519719 0.85476673
vt 0.05593627 0.28302979
vt 0.05751329 0.28145280
vt 0.05751329 0.28145280
vt 0.08468693 0.97583473
vt 0.08468693 0.97389382
vt 0.05921173 0.28242329
vt 0.08468693 0.99560833
vt 0.06115263 0.28242329
vt 0.08468693 0.97195268
vt 0.08468693 0.99354613
vt 0.06285101 0.28145280
vt 0.06382149 0.27975449
vt 0.08468693 0.99160510
vt 0.06382149 0.27975449
vt 0.08468693 0.98966408
vt 0.06382149 0.27781341
vt 0.06285101 0.27611509
vt 0.08468693 0.98772311
vt 0.08468693 0.98578221
vt 0.06115263 0.27514461
vt 0.05921173 0.27514461
vt 0.05921173 0.27514461
vt 0.08468693 0.98371988
vt 0.05860513 0.27296099
vt 0.26519719 0.84239310
vt 0.05860513 0.27296099
vt 0.05860513 0.27296099
vt 0.01190054 0.92646128
vt 0.25840369 0.84239310
vt 0.01444804 0.92658257
vt 0.01553988 0.92173022
vt 0.01663166 0.03094637
vt 0.03968065 0.02573001
vt 0.01651030 0.92173022
vt 0.01626771 0.91651380
vt 0.03968065 0.03094637
vt 0.01481205 0.91141880
vt 0.03968065 0.03616273
vt 0.01384150 0.91178268
vt 0.00995958 0.91517937
vt 0.25840369 0.85792082
vt 0.05860513 0.28460690
vt 0.05860513 0.28460690
vt 0.26519719 0.85792082
vt 0.26519719 0.82383251
vt 0.06175923 0.28460690
vt 0.26519719 0.86095363
vt 0.06442809 0.28302979
vt 0.26519719 0.82686532
vt 0.06442809 0.28302979
vt 0.26519719 0.83001941
vt 0.06600511 0.28036100
vt 0.06600511 0.28036100
vt 0.06600511 0.27720690
vt 0.26519719 0.83305210
vt 0.26519719 0.83620620
vt 0.06442809 0.27453810
vt 0.06175923 0.27296099
vt 0.06175923 0.27296099
vt 0.26519719 0.83923900
vt 0.00874650 0.92706782
vt 0.25840369 0.83923900
vt 0.01202183 0.93107110
vt 0.03968065 0.01529729
vt 0.01287096 0.93155640
vt 0.01529729 0.92694652
vt 0.03968065 0.02051365
vt 0.01663166 0.02051365
vt 0.01529729 0.02002841
vt 0.11234580 0.06272977
vt 0.01384150 0.02573001
vt 0.01529729 0.03143161
vt 0.12205060 0.05630028
vt 0.12302110 0.04877901
vt 0.02087754 0.03628396
vt 0.02221190 0.03628396
vt 0.03046107 0.04150032
vt 0.01202183 0.90693033
vt 0.03980201 0.04150032
vt 0.01117271 0.90753681
vt 0.25840369 0.82383251
vt 0.25840369 0.86095363
vt 0.00692677 0.91566461
vt 0.00450063 0.91760558
vt 0.25840369 0.82686532
vt 0.00340885 0.92051709
vt 0.25840369 0.83001941
vt 0.00389403 0.92354977
vt 0.25840369 0.83305210
vt 0.00583506 0.92597598
vt 0.25840369 0.83620620
vt 0.00862521 0.93471038
vt 0.00935304 0.93543827
vt 0.03980201 0.01008093
vt 0.03046107 0.01008093
vt 0.02221190 0.01529729
vt 0.02087754 0.01517593
vt 0.10530970 0.06030350
vt 0.09317868 0.06200188
vt 0.09803110 0.06782478
vt 0.09560489 0.08019846
vt 0.09038853 0.07473951
vt 0.10288350 0.07364773
vt 0.11064740 0.06758219
vt 0.11877520 0.06200188
vt 0.01238572 0.02573001
vt 0.12726700 0.05690675
vt 0.13600130 0.05266100
vt 0.14509959 0.32318369
vt 0.14509959 0.04914289
vt 0.13600130 0.31954429
vt 0.12714569 0.31517720
vt 0.11877520 0.31008211
vt 0.12496200 0.24518091
vt 0.11064740 0.30450180
vt 0.10300480 0.29843631
vt 0.09560489 0.29176420
vt 0.08881151 0.28484950
vt 0.08238202 0.27732819
vt 0.23765960 0.96843481
vt 0.07655912 0.26932171
vt 0.07122147 0.26107261
vt 0.06649035 0.25245950
vt 0.06224447 0.24348250
vt 0.05872642 0.23438419
vt 0.05581498 0.22492200
vt 0.05351006 0.21533850
vt 0.03143149 0.30219689
vt 0.05181175 0.20563360
vt 0.05084127 0.19580750
vt 0.04319870 0.19629259
vt 0.05047726 0.18598130
vt 0.04283469 0.18598130
vt 0.03555607 0.19677790
vt 0.02767091 0.19738451
vt 0.03288722 0.20417790
vt 0.01432681 0.28606260
vt 0.00401539 0.28133151
vt 0.07934927 0.21727940
vt 0.08019846 0.21667279
vt 0.08104759 0.21182039
vt 0.08104759 0.19968940
vt 0.07886403 0.18780100
vt 0.07704436 0.18306980
vt 0.07619518 0.18258460
vt 0.00401539 0.32318369
vt 0.01432681 0.31845251
vt 0.03895276 0.23365641
vt 0.03676927 0.24202681
vt 0.04089379 0.25270221
vt 0.04574614 0.26301360
vt 0.22067609 0.95181519
vt 0.05326741 0.26725939
vt 0.00813991 0.94938898
vt 0.20987950 0.94781202
vt 0.00716943 0.94987422
vt 0.00547111 0.95448411
vt 0.00316614 0.96637249
vt 0.00316614 0.97850353
vt 0.00401539 0.98335588
vt 0.00486457 0.98408377
vt 0.20975821 0.98893630
vt 0.22019090 0.98432642
vt 0.07037228 0.29200679
vt 0.07158541 0.30049860
vt 0.07959187 0.30862641
vt 0.08820492 0.31626889
vt 0.09669667 0.31711811
vt 0.10785720 0.22892520
vt 0.09742456 0.22431540
vt 0.10725070 0.94878250
vt 0.10809990 0.94805461
vt 0.10894910 0.94320208
vt 0.10894910 0.93107110
vt 0.10676550 0.91918272
vt 0.10494580 0.91457278
vt 0.10409670 0.91408759
vt 0.09742456 0.26604640
vt 0.10785720 0.26131520
vt 0.12217190 0.33361629
vt 0.12690289 0.34089500
vt 0.13757840 0.02706444
vt 0.13757840 0.34514090
vt 0.12690289 0.03131026
vt 0.02949059 0.04198563
vt 0.12229320 0.03858894
vt 0.00813991 0.90353358
vt 0.03980201 0.04671669
vt 0.00716943 0.90401882
vt 0.00547111 0.90862870
vt 0.00316614 0.92051709
vt 0.00316614 0.93264812
vt 0.00401539 0.93750048
vt 0.00486457 0.93810707
vt 0.03980201 0.00486457
vt 0.02949059 0.00959569
vt 0.09669667 0.05496585
vt 0.08820492 0.05581504
vt 0.07959187 0.06333631
vt 0.08505088 0.06915920
vt 0.07752960 0.07692307
vt 0.08310991 0.08201813
vt 0.15334880 0.85804212
vt 0.07522469 0.08893287
vt 0.08869016 0.08723449
vt 0.09596884 0.09390658
vt 0.72023332 0.84639633
vt 0.10239830 0.08735579
vt 0.72023332 0.85549462
vt 0.10931300 0.08116894
vt 0.71865618 0.86459291
vt 0.11647030 0.07546734
vt 0.71550220 0.87320590
vt 0.71089232 0.88121241
vt 0.12399160 0.07025098
vt 0.13187680 0.06564122
vt 0.70494813 0.88824850
vt 0.14000461 0.06175929
vt 0.69791210 0.89419258
vt 0.14849630 0.31396401
vt 0.69002688 0.89880252
vt 0.14849630 0.05836254
vt 0.68129247 0.90195662
vt 0.14000461 0.31044599
vt 0.67231548 0.90353358
vt 0.67231548 0.90353358
vt 0.13187680 0.30644271
vt 0.66309601 0.90353358
vt 0.66309601 0.90353358
vt 0.12399160 0.30183300
vt 0.65399772 0.90195662
vt 0.65399772 0.90195662
vt 0.11659160 0.29661661
vt 0.10931300 0.29079369
vt 0.64538461 0.89880252
vt 0.63737810 0.89419258
vt 0.10251960 0.28472820
vt 0.09609013 0.27817741
vt 0.63034213 0.88824850
vt 0.09014594 0.27114141
vt 0.62439787 0.88121241
vt 0.61978811 0.87320590
vt 0.08456563 0.26386270
vt 0.07971322 0.25609890
vt 0.61675531 0.86459291
vt 0.61505687 0.85549462
vt 0.07522469 0.24797089
vt 0.07134276 0.23960049
vt 0.61505687 0.84639633
vt 0.06806737 0.23110890
vt 0.61675531 0.83729798
vt 0.06527721 0.22225320
vt 0.61978811 0.82868493
vt 0.06309366 0.21339750
vt 0.62439787 0.82067841
vt 0.06163787 0.20429920
vt 0.63034213 0.81364238
vt 0.63737810 0.80769819
vt 0.06066745 0.19520091
vt 0.06042480 0.18598130
vt 0.64538461 0.80308843
vt 0.65399772 0.79993433
vt 0.06066745 0.17676170
vt 0.66309601 0.79835731
vt 0.06151658 0.16754200
vt 0.66309601 0.79835731
vt 0.05084127 0.17615511
vt 0.04319870 0.17566989
vt 0.03519219 0.18598130
vt 0.02718561 0.18598130
vt 0.01966446 0.19799100
vt 0.08116894 0.21861380
vt 0.01954311 0.20332870
vt 0.00280219 0.27926919
vt 0.01990699 0.21000080
vt 0.08226072 0.21194170
vt 0.08226072 0.19956800
vt 0.02196931 0.22176790
vt 0.02475947 0.23353510
vt 0.07995581 0.18743689
vt 0.02694302 0.23972189
vt 0.00280219 0.32524589
vt 0.07765090 0.18100759
vt 0.02924793 0.24457429
vt 0.03361517 0.25585619
vt 0.03871017 0.26665291
vt 0.04065120 0.27174801
vt 0.20842370 0.94599229
vt 0.00668418 0.94781202
vt 0.00425798 0.95412010
vt 0.04356265 0.27757090
vt 0.00195312 0.96625107
vt 0.05011337 0.28776091
vt 0.00195312 0.97862482
vt 0.05727070 0.29746580
vt 0.20842370 0.99099851
vt 0.00304490 0.98541832
vt 0.06175923 0.30231819
vt 0.06576246 0.30583620
vt 0.07413291 0.31444931
vt 0.08323121 0.32245579
vt 0.10907040 0.95011687
vt 0.08699184 0.32621640
vt 0.09621143 0.22225320
vt 0.11016210 0.94332337
vt 0.09220820 0.33034101
vt 0.11016210 0.93094981
vt 0.10227700 0.33701310
vt 0.10797860 0.91881871
vt 0.11270970 0.34319991
vt 0.10555240 0.91251057
vt 0.09621143 0.26810861
vt 0.11853250 0.34647530
vt 0.12362760 0.34817359
vt 0.13503081 0.01930058
vt 0.13490950 0.35290471
vt 0.12374900 0.02391034
vt 0.11865390 0.02573001
vt 0.04101502 0.04877901
vt 0.00668418 0.90183520
vt 0.11283090 0.02888411
vt 0.00425798 0.90826470
vt 0.10239830 0.03507089
vt 0.00195312 0.92039567
vt 0.09220820 0.04174304
vt 0.00195312 0.93276942
vt 0.08699184 0.04586756
vt 0.04101502 0.00280231
vt 0.00304490 0.93944150
vt 0.08323121 0.04962813
vt 0.07413291 0.05751335
vt 0.06564116 0.06612646
vt 0.07158541 0.07146412
vt 0.16184039 0.86362243
vt 0.07025098 0.08007717
vt 0.17227320 0.86835349
vt 0.01808732 0.04756587
vt 0.02124148 0.05156916
vt 0.02391034 0.05581504
vt 0.01299238 0.00292355
vt 0.15043721 0.29042980
vt 0.15043721 0.28848881
vt 0.01469063 0.00195312
vt 0.01202183 0.00462192
vt 0.15043721 0.29237071
vt 0.15043721 0.29431170
vt 0.01202183 0.00656295
vt 0.01299238 0.00826126
vt 0.15043721 0.29637399
vt 0.15043721 0.27271840
vt 0.15043721 0.27465939
vt 0.01469063 0.00935310
vt 0.01663166 0.00935310
vt 0.15043721 0.27660039
vt 0.01832997 0.00826126
vt 0.15043721 0.27866259
vt 0.01930052 0.00656295
vt 0.15043721 0.28060359
vt 0.01930052 0.00462192
vt 0.15043721 0.28254461
vt 0.01832997 0.00292355
vt 0.15043721 0.28448549
vt 0.01663166 0.00195312
vt 0.15043721 0.28642660
vt 0.06831002 0.00401539
vt 0.06831002 0.00401539
vt 0.14255209 0.28448549
vt 0.06661164 0.00510716
vt 0.14255209 0.28642660
vt 0.06661164 0.00510716
vt 0.14255209 0.28848881
vt 0.06564116 0.00680554
vt 0.06564116 0.00874650
vt 0.14255209 0.29042980
vt 0.36758331 0.61323732
vt 0.06345760 0.00923180
vt 0.36758331 0.61020452
vt 0.06503462 0.01202183
vt 0.14255209 0.29237071
vt 0.06661164 0.01044481
vt 0.06831002 0.01141536
vt 0.14255209 0.29431170
vt 0.14255209 0.29637399
vt 0.07025098 0.01141536
vt 0.14255209 0.27271840
vt 0.07194930 0.01044481
vt 0.14255209 0.27465939
vt 0.07194930 0.01044481
vt 0.07291978 0.00874650
vt 0.07291978 0.00874650
vt 0.14255209 0.27660039
vt 0.14255209 0.27866259
vt 0.07291978 0.00680554
vt 0.07194930 0.00510716
vt 0.07194930 0.00510716
vt 0.14255209 0.28060359
vt 0.14255209 0.28254461
vt 0.07025098 0.00401539
vt 0.07085752 0.00195312
vt 0.36758331 0.62573230
vt 0.06770348 0.00195312
vt 0.36758331 0.62257820
vt 0.06770348 0.00195312
vt 0.36758331 0.61942411
vt 0.06503462 0.00353020
vt 0.36758331 0.61639142
vt 0.06345760 0.00619900
vt 0.37437671 0.61639142
vt 0.02281850 0.06030350
vt 0.37437671 0.61323732
vt 0.01990699 0.05921173
vt 0.37437671 0.61020452
vt 0.01687431 0.05969697
vt 0.36758331 0.60705042
vt 0.06770348 0.01347762
vt 0.36758331 0.60401768
vt 0.07085752 0.01347762
vt 0.36758331 0.60086358
vt 0.07352638 0.01202183
vt 0.36758331 0.59783077
vt 0.07510340 0.00923180
vt 0.07510340 0.00923180
vt 0.07510340 0.00619900
vt 0.07510340 0.00619900
vt 0.36758331 0.59467667
vt 0.07352638 0.00353020
vt 0.07352638 0.00353020
vt 0.36758331 0.59152269
vt 0.36758331 0.62876511
vt 0.02184802 0.07049363
vt 0.37437671 0.59152269
vt 0.37437671 0.62876511
vt 0.02427423 0.06855267
vt 0.37437671 0.62573230
vt 0.02536600 0.06564122
vt 0.37437671 0.62257820
vt 0.37437671 0.61942411
vt 0.02475947 0.06260842
vt 0.02536600 0.06066745
vt 0.02633655 0.06054610
vt 0.17215189 0.85270441
vt 0.14898160 0.85270441
vt 0.14776839 0.85306841
vt 0.07728701 0.09609019
vt 0.08226072 0.09463447
vt 0.09002459 0.10082120
vt 0.71865618 0.83729798
vt 0.71865618 0.83729798
vt 0.66770571 0.85088480
vt 0.66770571 0.85088480
vt 0.66770571 0.85088480
vt 0.66770571 0.85088480
vt 0.66770571 0.85088480
vt 0.66770571 0.85088480
vt 0.66770571 0.85088480
vt 0.06297236 0.15856510
vt 0.67231548 0.79835731
vt 0.67231548 0.79835731
vt 0.05181175 0.16632900
vt 0.26641020 0.98772311
vt 0.06515592 0.84481931
vt 0.06491333 0.97923142
vt 0.25864640 0.98772311
vt 0.06491333 0.97923142
vt 0.06515592 0.84676021
vt 0.26641020 0.98578221
vt 0.06515592 0.84676021
vt 0.06515592 0.84676021
vt 0.06661164 0.98020190
vt 0.25864640 0.98578221
vt 0.26641020 0.98177892
vt 0.06248700 0.84942901
vt 0.06248700 0.84942901
vt 0.06248700 0.84942901
vt 0.26641020 0.98384130
vt 0.06418544 0.84845853
vt 0.25864640 0.98384130
vt 0.06758213 0.98190022
vt 0.36418661 0.41610751
vt 0.06818872 0.97862482
vt 0.36418661 0.41914031
vt 0.06551986 0.97704780
vt 0.36418661 0.42229441
vt 0.06236577 0.97704780
vt 0.06236577 0.97704780
vt 0.06297236 0.97923142
vt 0.25864640 0.98966408
vt 0.06297236 0.97923142
vt 0.06418544 0.84312087
vt 0.26641020 0.98966408
vt 0.06418544 0.84312087
vt 0.26641020 0.99172640
vt 0.06248700 0.84215039
vt 0.06054610 0.84215039
vt 0.26641020 0.99366742
vt 0.06054610 0.84215039
vt 0.06054610 0.84215039
vt 0.26641020 0.99560833
vt 0.26641020 0.97195268
vt 0.05884778 0.84312087
vt 0.26641020 0.97401512
vt 0.05787730 0.84481931
vt 0.05787730 0.84481931
vt 0.05787730 0.84676021
vt 0.26641020 0.97595602
vt 0.26641020 0.97789699
vt 0.05884778 0.84845853
vt 0.05884778 0.84845853
vt 0.05884778 0.84845853
vt 0.06054610 0.84942901
vt 0.26641020 0.97983801
vt 0.06661164 0.98553961
vt 0.25864640 0.97983801
vt 0.06758213 0.98384130
vt 0.25864640 0.98177892
vt 0.06976574 0.98444778
vt 0.36418661 0.40992069
vt 0.06976574 0.98129368
vt 0.36418661 0.41295350
vt 0.35739320 0.41610751
vt 0.05605763 0.02936935
vt 0.05860513 0.02949059
vt 0.05848377 0.02742832
vt 0.35739320 0.41914031
vt 0.05957555 0.02451694
vt 0.35739320 0.42229441
vt 0.05896908 0.02148407
vt 0.35739320 0.42532721
vt 0.36418661 0.42532721
vt 0.05969697 0.97862482
vt 0.25864640 0.99172640
vt 0.06127399 0.98020190
vt 0.25864640 0.99366742
vt 0.06030344 0.98190022
vt 0.25864640 0.99560833
vt 0.25864640 0.97195268
vt 0.06030344 0.98384130
vt 0.25864640 0.97401512
vt 0.06127399 0.98553961
vt 0.06127399 0.98553961
vt 0.06297236 0.98650998
vt 0.06297236 0.98650998
vt 0.25864640 0.97595602
vt 0.06491333 0.98650998
vt 0.25864640 0.97789699
vt 0.06551986 0.98869359
vt 0.36418661 0.40361261
vt 0.06818872 0.98711658
vt 0.36418661 0.40676671
vt 0.05011337 0.02888411
vt 0.35739320 0.40992069
vt 0.05302482 0.02997589
vt 0.35739320 0.41295350
vt 0.05630028 0.03397905
vt 0.05957555 0.02985459
vt 0.09402787 0.97668391
vt 0.09402787 0.98190022
vt 0.05714941 0.03446429
vt 0.05290353 0.03761839
vt 0.09390652 0.98711658
vt 0.05351006 0.03834635
vt 0.10324750 0.98711658
vt 0.11149660 0.98190022
vt 0.11707690 0.97668391
vt 0.11283090 0.98202157
vt 0.04271346 0.16511580
vt 0.11841130 0.97704780
vt 0.04938548 0.16171920
vt 0.03555607 0.17518459
vt 0.02767091 0.17457810
vt 0.01930052 0.18598130
vt 0.01748085 0.19811229
vt 0.01845133 0.21012209
vt 0.02051365 0.22213189
vt 0.02330368 0.23389889
vt 0.02718561 0.24542341
vt 0.03155291 0.25670540
vt 0.03664785 0.26762339
vt 0.04234945 0.27842000
vt 0.04890024 0.28861010
vt 0.05605763 0.29831490
vt 0.06418544 0.30741331
vt 0.07267719 0.31602630
vt 0.08177548 0.32403281
vt 0.09135901 0.33155411
vt 0.10142780 0.33822611
vt 0.11198180 0.34453431
vt 0.12277850 0.35023591
vt 0.13406029 0.35520971
vt 0.13418169 0.01699560
vt 0.12289980 0.02196931
vt 0.11198180 0.02767091
vt 0.10154910 0.03385782
vt 0.09135901 0.04052984
vt 0.08177548 0.04792988
vt 0.07267719 0.05593627
vt 0.06406414 0.06454938
vt 0.06163787 0.06964445
vt 0.17348631 0.87041581
vt 0.01663166 0.04586756
vt 0.01723819 0.04805111
vt 0.01541852 0.05266100
vt 0.01444804 0.06163787
vt 0.37437671 0.60705042
vt 0.37437671 0.60401768
vt 0.01335620 0.06454938
vt 0.37437671 0.60086358
vt 0.01396286 0.06758219
vt 0.01590383 0.07000839
vt 0.37437671 0.59783077
vt 0.37437671 0.59467667
vt 0.01881521 0.07110017
vt 0.02209067 0.07510346
vt 0.02439558 0.07061493
vt 0.02548736 0.06564122
vt 0.02645784 0.06576251
vt 0.17215189 0.84736681
vt 0.14619140 0.84748811
vt 0.14473569 0.84748811
vt 0.07643783 0.10264090
vt 0.71550220 0.82868493
vt 0.08444434 0.10822120
vt 0.71550220 0.82868493
vt 0.71089232 0.82067841
vt 0.07959187 0.11586380
vt 0.71089232 0.82067841
vt 0.70494813 0.81364238
vt 0.07510340 0.12399160
vt 0.69791210 0.80769819
vt 0.07122147 0.13224070
vt 0.06794607 0.14085370
vt 0.69002688 0.80308843
vt 0.06515592 0.14958809
vt 0.68129247 0.79993433
vt 0.68129247 0.79993433
vt 0.05338877 0.15662409
vt 0.12144410 0.97146749
vt 0.11998830 0.97146749
vt 0.09402787 0.97134620
vt 0.06066745 0.02463823
vt 0.05969697 0.02451694
vt 0.05957555 0.01954317
vt 0.35739320 0.42848119
vt 0.35739320 0.39123890
vt 0.05702811 0.01905786
vt 0.05811989 0.98129368
vt 0.36418661 0.42848119
vt 0.36418661 0.39123890
vt 0.36418661 0.39439300
vt 0.05811989 0.98444778
vt 0.36418661 0.39742571
vt 0.05969697 0.98711658
vt 0.05969697 0.98711658
vt 0.36418661 0.40057981
vt 0.06236577 0.98869359
vt 0.35739320 0.40361261
vt 0.04756581 0.02342510
vt 0.04817241 0.02645790
vt 0.35739320 0.40676671
vt 0.04744458 0.03555613
vt 0.04829370 0.04040861
vt 0.09390652 0.99233288
vt 0.04914289 0.04101508
vt 0.10433930 0.98760182
vt 0.03288722 0.16778471
vt 0.01966446 0.17397150
vt 0.01699554 0.18598130
vt 0.01432681 0.18598130
vt 0.01481205 0.19823369
vt 0.01590383 0.21048591
vt 0.01784479 0.22261711
vt 0.02075624 0.23462680
vt 0.02463817 0.24627259
vt 0.02900528 0.25779730
vt 0.03422164 0.26895779
vt 0.04004460 0.27975449
vt 0.04671669 0.29018709
vt 0.05399537 0.30001330
vt 0.06212311 0.30923289
vt 0.07073622 0.31796730
vt 0.08007711 0.32609510
vt 0.08978199 0.33361629
vt 0.09997206 0.34053111
vt 0.11064740 0.34683919
vt 0.12156540 0.35254079
vt 0.13296860 0.01420545
vt 0.13284729 0.35787851
vt 0.12168660 0.01954317
vt 0.11076870 0.02524477
vt 0.10009340 0.03155291
vt 0.08978199 0.03834635
vt 0.08007711 0.04586756
vt 0.07073622 0.05399537
vt 0.06212311 0.06272977
vt 0.05399537 0.07194936
vt 0.04659539 0.08177554
vt 0.05605763 0.07364773
vt 0.01432681 0.05229699
vt 0.05727070 0.07449686
vt 0.01323497 0.06454938
vt 0.01323497 0.07668048
vt 0.01869398 0.07874274
vt 0.17215189 0.83171773
vt 0.01930052 0.07947063
vt 0.17215189 0.83693409
vt 0.02293986 0.07558870
vt 0.02536600 0.07097887
vt 0.17215189 0.84215039
vt 0.14898160 0.84227169
vt 0.07073622 0.10567370
vt 0.14776839 0.84178650
vt 0.07110017 0.11089000
vt 0.06636905 0.11950310
vt 0.06212311 0.12835871
vt 0.05860513 0.13757840
vt 0.05569362 0.14691930
vt 0.05169039 0.15031590
vt 0.11841130 0.96576589
vt 0.11719820 0.96625107
vt 0.09402787 0.96612978
vt 0.06054610 0.01942187
vt 0.05896908 0.01432681
vt 0.09402787 0.96091348
vt 0.05811989 0.01469069
vt 0.05411660 0.01808738
vt 0.35739320 0.39439300
vt 0.35739320 0.39742571
vt 0.05108392 0.01857262
vt 0.35739320 0.40057981
vt 0.04865759 0.02051365
vt 0.04744458 0.02342510
vt 0.01990699 0.16196179
vt 0.04623138 0.03567749
vt 0.04732322 0.04234951
vt 0.09269344 0.99439520
vt 0.01942181 0.16863389
vt 0.01748085 0.17385019
vt 0.01469063 0.17372890
vt 0.61772579 0.75116748
vt 0.00231701 0.17287980
vt 0.00195312 0.18598130
vt 0.61335862 0.73940033
vt 0.00231701 0.19908281
vt 0.61129630 0.72702670
vt 0.00353009 0.21218440
vt 0.61129630 0.71453172
vt 0.61129630 0.71453172
vt 0.61335862 0.70215797
vt 0.61335862 0.70215797
vt 0.00571370 0.22516461
vt 0.61772579 0.69039083
vt 0.61772579 0.69039083
vt 0.00886780 0.23790219
vt 0.62391257 0.67959422
vt 0.01287096 0.25039730
vt 0.63204050 0.67001069
vt 0.01760214 0.26264969
vt 0.64162397 0.66188288
vt 0.02318245 0.27453810
vt 0.65242058 0.65569597
vt 0.02936929 0.28606260
vt 0.66418773 0.65132880
vt 0.03652662 0.29722321
vt 0.04441177 0.30777720
vt 0.67656141 0.64914531
vt 0.68905640 0.64914531
vt 0.05302482 0.31772470
vt 0.70143008 0.65132880
vt 0.06224447 0.32694420
vt 0.07219195 0.33567861
vt 0.71319717 0.65569597
vt 0.08250337 0.34368521
vt 0.72399378 0.66188288
vt 0.73357737 0.67001069
vt 0.09329998 0.35096380
vt 0.73357737 0.67001069
vt 0.74170518 0.67959422
vt 0.74170518 0.67959422
vt 0.10446050 0.35763588
vt 0.74789208 0.69039083
vt 0.11586380 0.36358011
vt 0.12738819 0.00304490
vt 0.75225931 0.70215797
vt 0.12714569 0.36916041
vt 0.75444281 0.71453172
vt 0.11598500 0.00850391
vt 0.75444281 0.72702670
vt 0.75444281 0.72702670
vt 0.10458190 0.01456946
vt 0.75225931 0.73940033
vt 0.75225931 0.73940033
vt 0.09342128 0.02112019
vt 0.74789208 0.75116748
vt 0.74789208 0.75116748
vt 0.08262467 0.02827745
vt 0.07219195 0.03628396
vt 0.74170518 0.76196408
vt 0.06224447 0.04501843
vt 0.73357737 0.77154762
vt 0.05302482 0.05423802
vt 0.72399378 0.77967548
vt 0.71319717 0.78586233
vt 0.04441177 0.06418550
vt 0.03640532 0.07473951
vt 0.70143008 0.79022938
vt 0.02936929 0.08590006
vt 0.68905640 0.79241312
vt 0.02306115 0.09742456
vt 0.67656141 0.79241312
vt 0.03992331 0.09220820
vt 0.04877901 0.08335256
vt 0.01202183 0.06442809
vt 0.04999208 0.08420175
vt 0.04356265 0.09427052
vt 0.01202183 0.07680177
vt 0.01408416 0.08153289
vt 0.17215189 0.82650143
vt 0.01493328 0.08213943
vt 0.16281100 0.83171773
vt 0.15456180 0.83693409
vt 0.15334880 0.83693409
vt 0.06321495 0.10628020
vt 0.05957555 0.11610640
vt 0.05520844 0.12544730
vt 0.05144774 0.13503081
vt 0.11283090 0.96091348
vt 0.04695934 0.14449310
vt 0.11149660 0.96091348
vt 0.10336880 0.95569712
vt 0.09402787 0.95569712
vt 0.05617886 0.00983834
vt 0.05545109 0.01044481
vt 0.04962813 0.01153659
vt 0.02184802 0.15007339
vt 0.04623138 0.02330380
vt 0.01845133 0.16171920
vt 0.01578253 0.16147660
vt 0.00353009 0.15977819
vt 0.62391257 0.76196408
vt 0.68286961 0.72071850
vt 0.68286961 0.72071850
vt 0.68286961 0.72071850
vt 0.68286961 0.72071850
vt 0.68286961 0.72071850
vt 0.68286961 0.72071850
vt 0.66418773 0.79022938
vt 0.01760214 0.10931300
vt 0.03410041 0.10300480
vt 0.04222822 0.09354263
vt 0.17348631 0.82456040
vt 0.01311361 0.08347386
vt 0.04052978 0.10021470
vt 0.16184039 0.83123243
vt 0.05314618 0.10470320
vt 0.05278217 0.11258840
vt 0.04817241 0.12241450
vt 0.04416912 0.13248330
vt 0.03883153 0.13830620
vt 0.10433930 0.95521188
vt 0.09390652 0.95048082
vt 0.05229693 0.00644159
vt 0.05132651 0.00692689
vt 0.04841506 0.01117277
vt 0.02463817 0.13842741
vt 0.02039223 0.14983060
vt 0.01784479 0.14934550
vt 0.63204050 0.77154762
vt 0.00571370 0.14679800
vt 0.00874650 0.13406029
vt 0.64162397 0.77967548
vt 0.65242058 0.78586233
vt 0.01274973 0.12144410
vt 0.02888405 0.11416540
vt 0.03664785 0.10421800
vt 0.03858888 0.10518840
vt 0.04562491 0.10894910
vt 0.04077243 0.11926040
vt 0.03664785 0.12993580
vt 0.05084127 0.00474328
vt 0.02682179 0.13211940
vt 0.09269344 0.94853979
vt 0.02318245 0.13806360
vt 0.02063488 0.13733570
vt 0.02451688 0.12568989
vt 0.03143149 0.11525720
vt 0.03349381 0.11610640
vt 0.02912670 0.12726700
vt 0.02706438 0.12653910
f 1/1/1 3/3/3 5/5/5
f 5/5/5 3/3/3 6/6/6
f 7/7/7 10/10/10 12/12/12
f 12/12/12 10/10/10 14/14/14
f 9/9/9 16/16/16 13/13/13
f 13/13/13 16/16/16 20/20/20
f 15/15/15 23/23/23 18/18/18
f 19/19/19 22/22/22 25/25/25
f 26/26/26 23/23/23 28/28/28
f 28/28/28 23/23/23 29/29/29
f 29/29/29 23/23/23 31/31/31
f 31/31/31 23/23/23 34/34/34
f 34/34/34 23/23/23 35/35/35
f 35/35/35 23/23/23 38/38/38
f 38/38/38 23/23/23 40/40/40
f 40/40/40 23/23/23 42/42/42
f 42/42/42 23/23/23 46/46/46
f 21/21/21 17/17/17 45/45/45
f 44/44/44 16/16/16 47/47/47
f 16/16/16 9/9/9 47/47/47
f 48/48/48 10/10/10 49/49/49
f 10/10/10 7/7/7 49/49/49
f 50/50/50 8/8/8 52/52/52
f 52/52/52 8/8/8 54/54/54
f 54/54/54 8/8/8 56/56/56
f 8/8/8 11/11/11 56/56/56
f 57/57/57 55/55/55 58/58/58
f 56/56/56 11/11/11 59/59/59
f 59/59/59 11/11/11 60/60/60
f 12/12/12 14/14/14 61/61/61
f 61/61/61 14/14/14 63/63/63
f 13/13/13 20/20/20 62/62/62
f 20/20/20 24/24/24 62/62/62
f 62/62/62 24/24/24 64/64/64
f 24/24/24 27/27/27 64/64/64
f 64/64/64 27/27/27 66/66/66
f 27/27/27 30/30/30 66/66/66
f 66/66/66 30/30/30 70/70/70
f 30/30/30 32/32/32 70/70/70
f 70/70/70 32/32/32 73/73/73
f 32/32/32 33/33/33 73/73/73
f 33/33/33 36/36/36 73/73/73
f 73/73/73 36/36/36 74/74/74
f 36/36/36 39/39/39 74/74/74
f 74/74/74 39/39/39 77/77/77
f 37/37/37 41/41/41 76/76/76
f 76/76/76 41/41/41 80/80/80
f 41/41/41 43/43/43 80/80/80
f 80/80/80 43/43/43 83/83/83
f 43/43/43 44/44/44 83/83/83
f 44/44/44 47/47/47 83/83/83
f 82/82/82 48/48/48 84/84/84
f 48/48/48 49/49/49 84/84/84
f 85/85/85 50/50/50 86/86/86
f 50/50/50 52/52/52 86/86/86
f 87/87/87 51/51/51 88/88/88
f 88/88/88 51/51/51 89/89/89
f 51/51/51 53/53/53 89/89/89
f 53/53/53 55/55/55 89/89/89
f 55/55/55 57/57/57 89/89/89
f 90/90/90 91/91/91 93/93/93
f 92/92/92 89/89/89 94/94/94
f 89/89/89 57/57/57 94/94/94
f 94/94/94 57/57/57 96/96/96
f 96/96/96 57/57/57 97/97/97
f 57/57/57 58/58/58 97/97/97
f 97/97/97 58/58/58 98/98/98
f 59/59/59 60/60/60 99/99/99
f 99/99/99 60/60/60 100/100/100
f 61/61/61 63/63/63 102/102/102
f 63/63/63 65/65/65 102/102/102
f 65/65/65 68/68/68 102/102/102
f 101/101/101 67/67/67 104/104/104
f 68/68/68 69/69/69 105/105/105
f 105/105/105 69/69/69 106/106/106
f 69/69/69 71/71/71 106/106/106
f 107/107/107 72/72/72 111/111/111
f 110/110/110 71/71/71 113/113/113
f 71/71/71 75/75/75 113/113/113
f 113/113/113 75/75/75 116/116/116
f 75/75/75 78/78/78 116/116/116
f 117/117/117 79/79/79 119/119/119
f 78/78/78 81/81/81 120/120/120
f 81/81/81 82/82/82 120/120/120
f 82/82/82 84/84/84 120/120/120
f 118/118/118 85/85/85 122/122/122
f 85/85/85 86/86/86 122/122/122
f 121/121/121 87/87/87 123/123/123
f 87/87/87 88/88/88 123/123/123
f 123/123/123 88/88/88 124/124/124
f 124/124/124 88/88/88 127/127/127
f 88/88/88 89/89/89 127/127/127
f 89/89/89 92/92/92 127/127/127
f 126/126/126 91/91/91 128/128/128
f 129/129/129 128/128/128 131/131/131
f 128/128/128 91/91/91 131/131/131
f 91/91/91 90/90/90 131/131/131
f 131/131/131 90/90/90 133/133/133
f 133/133/133 90/90/90 135/135/135
f 135/135/135 90/90/90 136/136/136
f 90/90/90 93/93/93 136/136/136
f 93/93/93 95/95/95 136/136/136
f 136/136/136 95/95/95 137/137/137
f 137/137/137 95/95/95 139/139/139
f 96/96/96 97/97/97 138/138/138
f 138/138/138 97/97/97 140/140/140
f 97/97/97 98/98/98 140/140/140
f 140/140/140 98/98/98 142/142/142
f 99/99/99 100/100/100 141/141/141
f 100/100/100 103/103/103 141/141/141
f 141/141/141 103/103/103 144/144/144
f 103/103/103 108/108/108 144/144/144
f 144/144/144 108/108/108 146/146/146
f 108/108/108 109/109/109 146/146/146
f 109/109/109 112/112/112 146/146/146
f 146/146/146 112/112/112 147/147/147
f 112/112/112 115/115/115 147/147/147
f 147/147/147 115/115/115 151/151/151
f 114/114/114 118/118/118 149/149/149
f 118/118/118 122/122/122 149/149/149
f 150/150/150 121/121/121 152/152/152
f 121/121/121 123/123/123 152/152/152
f 152/152/152 123/123/123 153/153/153
f 123/123/123 124/124/124 153/153/153
f 154/154/154 125/125/125 155/155/155
f 155/155/155 125/125/125 156/156/156
f 125/125/125 126/126/126 156/156/156
f 126/126/126 128/128/128 156/156/156
f 156/156/156 128/128/128 158/158/158
f 128/128/128 129/129/129 158/158/158
f 157/157/157 159/159/159 160/160/160
f 160/160/160 159/159/159 161/161/161
f 159/159/159 162/162/162 161/161/161
f 161/161/161 162/162/162 163/163/163
f 163/163/163 162/162/162 164/164/164
f 166/166/166 168/168/168 169/169/169
f 172/172/172 171/171/171 174/174/174
f 169/169/169 168/168/168 175/175/175
f 175/175/175 168/168/168 177/177/177
f 176/176/176 167/167/167 178/178/178
f 181/181/181 178/178/178 184/184/184
f 185/185/185 184/184/184 188/188/188
f 184/184/184 178/178/178 188/188/188
f 189/189/189 188/188/188 191/191/191
f 193/193/193 191/191/191 195/195/195
f 191/191/191 188/188/188 195/195/195
f 188/188/188 178/178/178 195/195/195
f 178/178/178 167/167/167 195/195/195
f 167/167/167 165/165/165 195/195/195
f 196/196/196 166/166/166 198/198/198
f 166/166/166 169/169/169 198/198/198
f 197/197/197 170/170/170 201/201/201
f 171/171/171 172/172/172 202/202/202
f 203/203/203 200/200/200 206/206/206
f 200/200/200 173/173/173 206/206/206
f 206/206/206 173/173/173 207/207/207
f 172/172/172 174/174/174 208/208/208
f 208/208/208 174/174/174 210/210/210
f 175/175/175 177/177/177 209/209/209
f 209/209/209 177/177/177 211/211/211
f 177/177/177 179/179/179 211/211/211
f 211/211/211 179/179/179 213/213/213
f 179/179/179 180/180/180 213/213/213
f 213/213/213 180/180/180 217/217/217
f 180/180/180 183/183/183 217/217/217
f 182/182/182 186/186/186 216/216/216
f 216/216/216 186/186/186 219/219/219
f 186/186/186 187/187/187 219/219/219
f 219/219/219 187/187/187 221/221/221
f 187/187/187 190/190/190 221/221/221
f 221/221/221 190/190/190 225/225/225
f 190/190/190 192/192/192 225/225/225
f 225/225/225 192/192/192 227/227/227
f 192/192/192 194/194/194 227/227/227
f 227/227/227 194/194/194 228/228/228
f 194/194/194 196/196/196 228/228/228
f 196/196/196 198/198/198 228/228/228
f 229/229/229 199/199/199 230/230/230
f 199/199/199 202/202/202 230/230/230
f 231/231/231 200/200/200 233/233/233
f 200/200/200 203/203/203 233/233/233
f 232/232/232 204/204/204 234/234/234
f 204/204/204 205/205/205 234/234/234
f 235/235/235 237/237/237 239/239/239
f 236/236/236 234/234/234 238/238/238
f 238/238/238 234/234/234 240/240/240
f 234/234/234 205/205/205 240/240/240
f 240/240/240 205/205/205 242/242/242
f 206/206/206 207/207/207 241/241/241
f 241/241/241 207/207/207 244/244/244
f 208/208/208 210/210/210 243/243/243
f 243/243/243 210/210/210 246/246/246
f 210/210/210 212/212/212 246/246/246
f 246/246/246 212/212/212 247/247/247
f 212/212/212 214/214/214 247/247/247
f 247/247/247 214/214/214 249/249/249
f 214/214/214 215/215/215 249/249/249
f 249/249/249 215/215/215 251/251/251
f 215/215/215 220/220/220 251/251/251
f 251/251/251 220/220/220 254/254/254
f 218/218/218 223/223/223 253/253/253
f 254/254/254 222/222/222 256/256/256
f 222/222/222 224/224/224 256/256/256
f 224/224/224 226/226/226 256/256/256
f 256/256/256 226/226/226 259/259/259
f 226/226/226 229/229/229 259/259/259
f 229/229/229 230/230/230 259/259/259
f 258/258/258 231/231/231 262/262/262
f 231/231/231 233/233/233 262/262/262
f 261/261/261 232/232/232 264/264/264
f 232/232/232 234/234/234 264/264/264
f 266/266/266 264/264/264 267/267/267
f 264/264/264 234/234/234 267/267/267
f 234/234/234 236/236/236 267/267/267
f 268/268/268 237/237/237 269/269/269
f 270/270/270 269/269/269 272/272/272
f 269/269/269 237/237/237 272/272/272
f 237/237/237 235/235/235 272/272/272
f 272/272/272 235/235/235 273/273/273
f 273/273/273 235/235/235 275/275/275
f 275/275/275 235/235/235 277/277/277
f 235/235/235 239/239/239 277/277/277
f 239/239/239 278/278/278 277/277/277
f 277/277/277 278/278/278 280/280/280
f 280/280/280 278/278/278 281/281/281
f 282/282/282 279/279/279 283/283/283
f 283/283/283 279/279/279 284/284/284
f 279/279/279 238/238/238 284/284/284
f 238/238/238 240/240/240 284/284/284
f 240/240/240 242/242/242 284/284/284
f 284/284/284 242/242/242 286/286/286
f 241/241/241 244/244/244 285/285/285
f 244/244/244 245/245/245 285/285/285
f 285/285/285 245/245/245 287/287/287
f 245/245/245 248/248/248 287/287/287
f 287/287/287 248/248/248 290/290/290
f 248/248/248 250/250/250 290/290/290
f 290/290/290 250/250/250 292/292/292
f 250/250/250 252/252/252 292/292/292
f 292/292/292 252/252/252 293/293/293
f 252/252/252 255/255/255 293/293/293
f 293/293/293 255/255/255 295/295/295
f 255/255/255 257/257/257 295/295/295
f 295/295/295 257/257/257 297/297/297
f 257/257/257 260/260/260 297/297/297
f 260/260/260 263/263/263 297/297/297
f 298/298/298 261/261/261 299/299/299
f 261/261/261 264/264/264 299/299/299
f 264/264/264 266/266/266 299/299/299
f 300/300/300 299/299/299 301/301/301
f 299/299/299 266/266/266 301/301/301
f 302/302/302 265/265/265 303/303/303
f 303/303/303 265/265/265 304/304/304
f 265/265/265 268/268/268 304/304/304
f 268/268/268 269/269/269 304/304/304
f 304/304/304 269/269/269 305/305/305
f 269/269/269 270/270/270 305/305/305
f 306/306/306 307/307/307 308/308/308
f 308/308/308 307/307/307 309/309/309
f 307/307/307 310/310/310 309/309/309
f 309/309/309 310/310/310 311/311/311
f 311/311/311 310/310/310 312/312/312
f 315/315/315 318/318/318 319/319/319
f 319/319/319 318/318/318 322/322/322
f 322/322/322 318/318/318 326/326/326
f 317/317/317 314/314/314 327/327/327
f 329/329/329 327/327/327 332/332/332
f 325/325/325 313/313/313 331/331/331
f 334/334/334 332/332/332 336/336/336
f 340/340/340 336/336/336 344/344/344
f 337/337/337 330/330/330 343/343/343
f 332/332/332 314/314/314 344/344/344
f 346/346/346 344/344/344 348/348/348
f 344/344/344 314/314/314 348/348/348
f 349/349/349 316/316/316 350/350/350
f 351/351/351 315/315/315 352/352/352
f 315/315/315 319/319/319 352/352/352
f 353/353/353 320/320/320 355/355/355
f 355/355/355 320/320/320 356/356/356
f 321/321/321 324/324/324 357/357/357
f 359/359/359 358/358/358 361/361/361
f 361/361/361 358/358/358 363/363/363
f 356/356/356 323/323/323 364/364/364
f 364/364/364 323/323/323 365/365/365
f 322/322/322 326/326/326 366/366/366
f 326/326/326 328/328/328 366/366/366
f 366/366/366 328/328/328 367/367/367
f 328/328/328 333/333/333 367/367/367
f 367/367/367 333/333/333 369/369/369
f 333/333/333 335/335/335 369/369/369
f 369/369/369 335/335/335 371/371/371
f 335/335/335 338/338/338 371/371/371
f 371/371/371 338/338/338 375/375/375
f 338/338/338 339/339/339 375/375/375
f 375/375/375 339/339/339 378/378/378
f 339/339/339 341/341/341 378/378/378
f 342/342/342 345/345/345 379/379/379
f 379/379/379 345/345/345 381/381/381
f 345/345/345 347/347/347 381/381/381
f 381/381/381 347/347/347 382/382/382
f 347/347/347 351/351/351 382/382/382
f 382/382/382 351/351/351 385/385/385
f 351/351/351 352/352/352 385/385/385
f 384/384/384 353/353/353 387/387/387
f 353/353/353 355/355/355 387/387/387
f 386/386/386 354/354/354 388/388/388
f 354/354/354 358/358/358 388/388/388
f 358/358/358 359/359/359 388/388/388
f 389/389/389 360/360/360 390/390/390
f 360/360/360 362/362/362 390/390/390
f 391/391/391 393/393/393 394/394/394
f 392/392/392 390/390/390 395/395/395
f 397/397/397 395/395/395 398/398/398
f 395/395/395 390/390/390 398/398/398
f 390/390/390 362/362/362 398/398/398
f 398/398/398 362/362/362 401/401/401
f 361/361/361 363/363/363 400/400/400
f 400/400/400 363/363/363 403/403/403
f 364/364/364 365/365/365 402/402/402
f 365/365/365 368/368/368 402/402/402
f 402/402/402 368/368/368 406/406/406
f 368/368/368 370/370/370 406/406/406
f 370/370/370 373/373/373 406/406/406
f 406/406/406 373/373/373 407/407/407
f 372/372/372 376/376/376 408/408/408
f 407/407/407 374/374/374 410/410/410
f 374/374/374 377/377/377 410/410/410
f 410/410/410 377/377/377 413/413/413
f 377/377/377 380/380/380 413/413/413
f 413/413/413 380/380/380 415/415/415
f 380/380/380 383/383/383 415/415/415
f 415/415/415 383/383/383 417/417/417
f 383/383/383 384/384/384 417/417/417
f 417/417/417 384/384/384 419/419/419
f 384/384/384 387/387/387 419/419/419
f 418/418/418 386/386/386 420/420/420
f 386/386/386 388/388/388 420/420/420
f 421/421/421 389/389/389 422/422/422
f 389/389/389 390/390/390 422/422/422
f 422/422/422 390/390/390 423/423/423
f 390/390/390 392/392/392 423/423/423
f 424/424/424 393/393/393 425/425/425
f 426/426/426 425/425/425 428/428/428
f 425/425/425 393/393/393 428/428/428
f 393/393/393 391/391/391 428/428/428
f 428/428/428 391/391/391 429/429/429
f 429/429/429 391/391/391 431/431/431
f 431/431/431 391/391/391 433/433/433
f 391/391/391 394/394/394 433/433/433
f 394/394/394 396/396/396 433/433/433
f 433/433/433 396/396/396 434/434/434
f 434/434/434 396/396/396 435/435/435
f 437/437/437 436/436/436 438/438/438
f 436/436/436 397/397/397 438/438/438
f 397/397/397 398/398/398 438/438/438
f 398/398/398 401/401/401 438/438/438
f 438/438/438 401/401/401 439/439/439
f 399/399/399 404/404/404 440/440/440
f 404/404/404 405/405/405 440/440/440
f 440/440/440 405/405/405 441/441/441
f 405/405/405 409/409/409 441/441/441
f 441/441/441 409/409/409 444/444/444
f 409/409/409 411/411/411 444/444/444
f 444/444/444 411/411/411 445/445/445
f 411/411/411 412/412/412 445/445/445
f 445/445/445 412/412/412 447/447/447
f 412/412/412 414/414/414 447/447/447
f 447/447/447 414/414/414 449/449/449
f 414/414/414 416/416/416 449/449/449
f 449/449/449 416/416/416 451/451/451
f 416/416/416 418/418/418 451/451/451
f 418/418/418 420/420/420 451/451/451
f 452/452/452 421/421/421 453/453/453
f 421/421/421 422/422/422 453/453/453
f 422/422/422 423/423/423 453/453/453
f 423/423/423 454/454/454 453/453/453
f 453/453/453 454/454/454 456/456/456
f 456/456/456 454/454/454 457/457/457
f 458/458/458 455/455/455 459/459/459
f 459/459/459 455/455/455 460/460/460
f 455/455/455 424/424/424 460/460/460
f 424/424/424 425/425/425 460/460/460
f 460/460/460 425/425/425 461/461/461
f 425/425/425 426/426/426 461/461/461
f 462/462/462 463/463/463 464/464/464
f 464/464/464 463/463/463 465/465/465
f 463/463/463 467/467/467 465/465/465
f 466/466/466 468/468/468 469/469/469
f 469/469/469 468/468/468 470/470/470
f 471/471/471 473/473/473 475/475/475
f 475/475/475 473/473/473 477/477/477
f 474/474/474 480/480/480 478/478/478
f 478/478/478 480/480/480 482/482/482
f 479/479/479 487/487/487 483/483/483
f 483/483/483 487/487/487 489/489/489
f 489/489/489 487/487/487 490/490/490
f 490/490/490 487/487/487 492/492/492
f 495/495/495 486/486/486 498/498/498
f 497/497/497 487/487/487 499/499/499
f 499/499/499 487/487/487 501/501/501
f 502/502/502 485/485/485 504/504/504
f 506/506/506 487/487/487 508/508/508
f 508/508/508 487/487/487 509/509/509
f 509/509/509 487/487/487 511/511/511
f 484/484/484 481/481/481 512/512/512
f 513/513/513 480/480/480 516/516/516
f 480/480/480 474/474/474 516/516/516
f 515/515/515 473/473/473 519/519/519
f 473/473/473 471/471/471 519/519/519
f 518/518/518 472/472/472 520/520/520
f 520/520/520 472/472/472 522/522/522
f 522/522/522 472/472/472 525/525/525
f 472/472/472 476/476/476 525/525/525
f 526/526/526 524/524/524 528/528/528
f 525/525/525 476/476/476 527/527/527
f 527/527/527 476/476/476 530/530/530
f 475/475/475 477/477/477 529/529/529
f 529/529/529 477/477/477 532/532/532
f 478/478/478 482/482/482 534/534/534
f 482/482/482 488/488/488 534/534/534
f 534/534/534 488/488/488 535/535/535
f 488/488/488 491/491/491 535/535/535
f 535/535/535 491/491/491 539/539/539
f 491/491/491 493/493/493 539/539/539
f 537/537/537 494/494/494 540/540/540
f 494/494/494 496/496/496 540/540/540
f 540/540/540 496/496/496 543/543/543
f 496/496/496 500/500/500 543/543/543
f 500/500/500 503/503/503 543/543/543
f 543/543/543 503/503/503 545/545/545
f 503/503/503 505/505/505 545/545/545
f 545/545/545 505/505/505 548/548/548
f 505/505/505 507/507/507 548/548/548
f 548/548/548 507/507/507 549/549/549
f 507/507/507 510/510/510 549/549/549
f 549/549/549 510/510/510 553/553/553
f 510/510/510 513/513/513 553/553/553
f 513/513/513 516/516/516 553/553/553
f 552/552/552 515/515/515 556/556/556
f 514/514/514 517/517/517 554/554/554
f 555/555/555 518/518/518 559/559/559
f 518/518/518 520/520/520 559/559/559
f 558/558/558 521/521/521 560/560/560
f 560/560/560 521/521/521 561/561/561
f 521/521/521 523/523/523 561/561/561
f 523/523/523 524/524/524 561/561/561
f 524/524/524 526/526/526 561/561/561
f 562/562/562 563/563/563 566/566/566
f 564/564/564 561/561/561 565/565/565
f 561/561/561 526/526/526 565/565/565
f 565/565/565 526/526/526 567/567/567
f 567/567/567 526/526/526 569/569/569
f 526/526/526 528/528/528 569/569/569
f 569/569/569 528/528/528 570/570/570
f 527/527/527 530/530/530 571/571/571
f 571/571/571 530/530/530 574/574/574
f 531/531/531 533/533/533 573/573/573
f 532/532/532 536/536/536 572/572/572
f 536/536/536 538/538/538 572/572/572
f 572/572/572 538/538/538 576/576/576
f 538/538/538 541/541/541 576/576/576
f 576/576/576 541/541/541 578/578/578
f 541/541/541 542/542/542 578/578/578
f 580/580/580 544/544/544 583/583/583
f 582/582/582 542/542/542 584/584/584
f 542/542/542 546/546/546 584/584/584
f 584/584/584 546/546/546 587/587/587
f 546/546/546 547/547/547 587/587/587
f 587/587/587 547/547/547 588/588/588
f 547/547/547 550/550/550 588/588/588
f 550/550/550 552/552/552 588/588/588
f 551/551/551 557/557/557 589/589/589
f 590/590/590 555/555/555 592/592/592
f 555/555/555 559/559/559 592/592/592
f 591/591/591 558/558/558 593/593/593
f 558/558/558 560/560/560 593/593/593
f 593/593/593 560/560/560 595/595/595
f 595/595/595 560/560/560 596/596/596
f 560/560/560 561/561/561 596/596/596
f 561/561/561 564/564/564 596/596/596
f 597/597/597 563/563/563 598/598/598
f 599/599/599 598/598/598 601/601/601
f 598/598/598 563/563/563 601/601/601
f 563/563/563 562/562/562 601/601/601
f 601/601/601 562/562/562 602/602/602
f 602/602/602 562/562/562 605/605/605
f 605/605/605 562/562/562 606/606/606
f 562/562/562 566/566/566 606/606/606
f 566/566/566 568/568/568 606/606/606
f 606/606/606 568/568/568 607/607/607
f 607/607/607 568/568/568 609/609/609
f 567/567/567 569/569/569 608/608/608
f 608/608/608 569/569/569 610/610/610
f 569/569/569 570/570/570 610/610/610
f 610/610/610 570/570/570 613/613/613
f 571/571/571 574/574/574 612/612/612
f 574/574/574 577/577/577 612/612/612
f 611/611/611 575/575/575 615/615/615
f 575/575/575 579/579/579 615/615/615
f 615/615/615 579/579/579 617/617/617
f 579/579/579 581/581/581 617/617/617
f 581/581/581 585/585/585 617/617/617
f 617/617/617 585/585/585 619/619/619
f 585/585/585 586/586/586 619/619/619
f 619/619/619 586/586/586 621/621/621
f 586/586/586 590/590/590 621/621/621
f 590/590/590 592/592/592 621/621/621
f 620/620/620 591/591/591 622/622/622
f 591/591/591 593/593/593 622/622/622
f 622/622/622 593/593/593 623/623/623
f 593/593/593 595/595/595 623/623/623
f 624/624/624 594/594/594 625/625/625
f 625/625/625 594/594/594 626/626/626
f 594/594/594 597/597/597 626/626/626
f 597/597/597 598/598/598 626/626/626
f 626/626/626 598/598/598 627/627/627
f 598/598/598 599/599/599 627/627/627
f 629/629/629 628/628/628 630/630/630
f 631/631/631 632/632/632 633/633/633
f 632/632/632 630/630/630 633/633/633
f 633/633/633 630/630/630 634/634/634
f 630/630/630 628/628/628 634/634/634
f 628/628/628 600/600/600 634/634/634
f 634/634/634 600/600/600 635/635/635
f 599/599/599 601/601/601 636/636/636
f 601/601/601 602/602/602 636/636/636
f 635/635/635 603/603/603 637/637/637
f 603/603/603 604/604/604 637/637/637
f 637/637/637 604/604/604 638/638/638
f 604/604/604 470/470/470 638/638/638
f 638/638/638 470/470/470 640/640/640
f 470/470/470 468/468/468 640/640/640
f 639/639/639 467/467/467 641/641/641
f 467/467/467 463/463/463 641/641/641
f 641/641/641 463/463/463 642/642/642
f 463/463/463 462/462/462 642/642/642
f 462/462/462 427/427/427 642/642/642
f 642/642/642 427/427/427 643/643/643
f 426/426/426 428/428/428 644/644/644
f 428/428/428 429/429/429 644/644/644
f 643/643/643 430/430/430 645/645/645
f 430/430/430 432/432/432 645/645/645
f 645/645/645 432/432/432 646/646/646
f 432/432/432 312/312/312 646/646/646
f 646/646/646 312/312/312 647/647/647
f 312/312/312 310/310/310 647/647/647
f 647/647/647 310/310/310 648/648/648
f 310/310/310 307/307/307 648/648/648
f 648/648/648 307/307/307 649/649/649
f 307/307/307 306/306/306 649/649/649
f 306/306/306 271/271/271 649/649/649
f 649/649/649 271/271/271 651/651/651
f 270/270/270 272/272/272 650/650/650
f 272/272/272 273/273/273 650/650/650
f 651/651/651 274/274/274 652/652/652
f 274/274/274 276/276/276 652/652/652
f 652/652/652 276/276/276 653/653/653
f 276/276/276 164/164/164 653/653/653
f 653/653/653 164/164/164 654/654/654
f 164/164/164 162/162/162 654/654/654
f 654/654/654 162/162/162 655/655/655
f 162/162/162 159/159/159 655/655/655
f 655/655/655 159/159/159 656/656/656
f 159/159/159 157/157/157 656/656/656
f 157/157/157 130/130/130 656/656/656
f 656/656/656 130/130/130 657/657/657
f 129/129/129 131/131/131 658/658/658
f 131/131/131 133/133/133 658/658/658
f 657/657/657 132/132/132 659/659/659
f 132/132/132 134/134/134 659/659/659
f 659/659/659 134/134/134 660/660/660
f 134/134/134 661/661/661 660/660/660
f 660/660/660 661/661/661 662/662/662
f 662/662/662 661/661/661 663/663/663
f 663/663/663 661/661/661 664/664/664
f 665/665/665 664/664/664 666/666/666
f 664/664/664 661/661/661 666/666/666
f 661/661/661 134/134/134 666/666/666
f 135/135/135 136/136/136 667/667/667
f 136/136/136 137/137/137 667/667/667
f 667/667/667 137/137/137 668/668/668
f 137/137/137 139/139/139 668/668/668
f 138/138/138 140/140/140 669/669/669
f 669/669/669 140/140/140 670/670/670
f 670/670/670 140/140/140 671/671/671
f 140/140/140 142/142/142 671/671/671
f 142/142/142 143/143/143 671/671/671
f 671/671/671 143/143/143 672/672/672
f 143/143/143 145/145/145 672/672/672
f 145/145/145 148/148/148 672/672/672
f 672/672/672 148/148/148 673/673/673
f 148/148/148 150/150/150 673/673/673
f 150/150/150 152/152/152 673/673/673
f 673/673/673 152/152/152 674/674/674
f 674/674/674 152/152/152 675/675/675
f 152/152/152 153/153/153 675/675/675
f 154/154/154 155/155/155 676/676/676
f 676/676/676 155/155/155 677/677/677
f 155/155/155 156/156/156 677/677/677
f 156/156/156 158/158/158 677/677/677
f 157/157/157 160/160/160 678/678/678
f 678/678/678 160/160/160 679/679/679
f 679/679/679 160/160/160 680/680/680
f 160/160/160 161/161/161 680/680/680
f 680/680/680 161/161/161 681/681/681
f 161/161/161 163/163/163 681/681/681
f 681/681/681 163/163/163 683/683/683
f 163/163/163 164/164/164 683/683/683
f 164/164/164 276/276/276 683/683/683
f 275/275/275 277/277/277 682/682/682
f 277/277/277 280/280/280 682/682/682
f 682/682/682 280/280/280 685/685/685
f 280/280/280 281/281/281 685/685/685
f 282/282/282 283/283/283 684/684/684
f 684/684/684 283/283/283 686/686/686
f 686/686/686 283/283/283 687/687/687
f 283/283/283 284/284/284 687/687/687
f 284/284/284 286/286/286 687/687/687
f 286/286/286 288/288/288 687/687/687
f 288/288/288 289/289/289 687/687/687
f 687/687/687 289/289/289 688/688/688
f 289/289/289 291/291/291 688/688/688
f 291/291/291 294/294/294 688/688/688
f 688/688/688 294/294/294 689/689/689
f 294/294/294 296/296/296 689/689/689
f 296/296/296 298/298/298 689/689/689
f 298/298/298 299/299/299 689/689/689
f 299/299/299 300/300/300 689/689/689
f 689/689/689 300/300/300 690/690/690
f 690/690/690 300/300/300 691/691/691
f 300/300/300 301/301/301 691/691/691
f 302/302/302 303/303/303 692/692/692
f 692/692/692 303/303/303 693/693/693
f 303/303/303 304/304/304 693/693/693
f 304/304/304 305/305/305 693/693/693
f 306/306/306 308/308/308 694/694/694
f 694/694/694 308/308/308 695/695/695
f 695/695/695 308/308/308 696/696/696
f 308/308/308 309/309/309 696/696/696
f 696/696/696 309/309/309 697/697/697
f 309/309/309 311/311/311 697/697/697
f 697/697/697 311/311/311 698/698/698
f 311/311/311 312/312/312 698/698/698
f 312/312/312 432/432/432 698/698/698
f 431/431/431 433/433/433 699/699/699
f 433/433/433 434/434/434 699/699/699
f 699/699/699 434/434/434 700/700/700
f 434/434/434 435/435/435 700/700/700
f 436/436/436 437/437/437 701/701/701
f 701/701/701 437/437/437 702/702/702
f 702/702/702 437/437/437 703/703/703
f 437/437/437 438/438/438 703/703/703
f 438/438/438 439/439/439 703/703/703
f 439/439/439 442/442/442 703/703/703
f 442/442/442 443/443/443 703/703/703
f 703/703/703 443/443/443 704/704/704
f 443/443/443 446/446/446 704/704/704
f 446/446/446 448/448/448 704/704/704
f 704/704/704 448/448/448 705/705/705
f 448/448/448 450/450/450 705/705/705
f 450/450/450 452/452/452 705/705/705
f 452/452/452 453/453/453 705/705/705
f 453/453/453 456/456/456 705/705/705
f 705/705/705 456/456/456 706/706/706
f 706/706/706 456/456/456 707/707/707
f 456/456/456 457/457/457 707/707/707
f 458/458/458 459/459/459 708/708/708
f 708/708/708 459/459/459 709/709/709
f 459/459/459 460/460/460 709/709/709
f 460/460/460 461/461/461 709/709/709
f 462/462/462 464/464/464 710/710/710
f 710/710/710 464/464/464 711/711/711
f 711/711/711 464/464/464 713/713/713
f 464/464/464 465/465/465 713/713/713
f 712/712/712 466/466/466 714/714/714
f 466/466/466 469/469/469 714/714/714
f 714/714/714 469/469/469 716/716/716
f 469/469/469 470/470/470 716/716/716
f 470/470/470 604/604/604 716/716/716
f 605/605/605 606/606/606 715/715/715
f 606/606/606 607/607/607 715/715/715
f 715/715/715 607/607/607 718/718/718
f 607/607/607 609/609/609 718/718/718
f 608/608/608 610/610/610 717/717/717
f 717/717/717 610/610/610 719/719/719
f 719/719/719 610/610/610 720/720/720
f 610/610/610 613/613/613 720/720/720
f 613/613/613 614/614/614 720/720/720
f 720/720/720 614/614/614 721/721/721
f 614/614/614 616/616/616 721/721/721
f 616/616/616 618/618/618 721/721/721
f 721/721/721 618/618/618 722/722/722
f 618/618/618 620/620/620 722/722/722
f 620/620/620 622/622/622 722/722/722
f 722/722/722 622/622/622 723/723/723
f 723/723/723 622/622/622 724/724/724
f 622/622/622 623/623/623 724/724/724
f 624/624/624 625/625/625 725/725/725
f 725/725/725 625/625/625 726/726/726
f 625/625/625 626/626/626 726/726/726
f 626/626/626 627/627/627 726/726/726
f 628/628/628 629/629/629 727/727/727
f 727/727/727 629/629/629 728/728/728
f 728/728/728 629/629/629 729/729/729
f 729/729/729 629/629/629 730/730/730
f 629/629/629 630/630/630 730/730/730
f 630/630/630 632/632/632 730/730/730
f 730/730/730 632/632/632 731/731/731
f 731/731/731 632/632/632 732/732/732
f 632/632/632 631/631/631 732/732/732
f 734/734/734 732/732/732 735/735/735
f 732/732/732 631/631/631 735/735/735
f 736/736/736 735/735/735 738/738/738
f 735/735/735 631/631/631 738/738/738
f 738/738/738 631/631/631 740/740/740
f 631/631/631 633/633/633 740/740/740
f 740/740/740 633/633/633 742/742/742
f 633/633/633 634/634/634 742/742/742
f 742/742/742 634/634/634 745/745/745
f 634/634/634 635/635/635 745/745/745
f 745/745/745 635/635/635 746/746/746
f 635/635/635 637/637/637 746/746/746
f 746/746/746 637/637/637 748/748/748
f 637/637/637 638/638/638 748/748/748
f 748/748/748 638/638/638 752/752/752
f 638/638/638 640/640/640 752/752/752
f 750/750/750 639/639/639 754/754/754
f 639/639/639 641/641/641 754/754/754
f 754/754/754 641/641/641 757/757/757
f 641/641/641 642/642/642 757/757/757
f 757/757/757 642/642/642 760/760/760
f 642/642/642 643/643/643 760/760/760
f 760/760/760 643/643/643 763/763/763
f 643/643/643 645/645/645 763/763/763
f 763/763/763 645/645/645 764/764/764
f 645/645/645 646/646/646 764/764/764
f 764/764/764 646/646/646 767/767/767
f 646/646/646 647/647/647 767/767/767
f 767/767/767 647/647/647 768/768/768
f 647/647/647 648/648/648 768/768/768
f 768/768/768 648/648/648 770/770/770
f 648/648/648 649/649/649 770/770/770
f 770/770/770 649/649/649 773/773/773
f 649/649/649 651/651/651 773/773/773
f 773/773/773 651/651/651 774/774/774
f 651/651/651 652/652/652 774/774/774
f 774/774/774 652/652/652 777/777/777
f 652/652/652 653/653/653 777/777/777
f 777/777/777 653/653/653 778/778/778
f 653/653/653 654/654/654 778/778/778
f 778/778/778 654/654/654 780/780/780
f 654/654/654 655/655/655 780/780/780
f 780/780/780 655/655/655 782/782/782
f 655/655/655 656/656/656 782/782/782
f 782/782/782 656/656/656 784/784/784
f 656/656/656 657/657/657 784/784/784
f 784/784/784 657/657/657 786/786/786
f 657/657/657 659/659/659 786/786/786
f 786/786/786 659/659/659 789/789/789
f 659/659/659 660/660/660 789/789/789
f 789/789/789 660/660/660 790/790/790
f 660/660/660 662/662/662 790/790/790
f 790/790/790 662/662/662 793/793/793
f 795/795/795 793/793/793 797/797/797
f 793/793/793 662/662/662 797/797/797
f 662/662/662 663/663/663 797/797/797
f 797/797/797 663/663/663 798/798/798
f 798/798/798 663/663/663 799/799/799
f 663/663/663 664/664/664 799/799/799
f 664/664/664 665/665/665 799/799/799
f 799/799/799 665/665/665 800/800/800
f 800/800/800 665/665/665 801/801/801
f 801/801/801 665/665/665 803/803/803
f 665/665/665 666/666/666 803/803/803
f 667/667/667 668/668/668 804/804/804
f 669/669/669 670/670/670 802/802/802
f 802/802/802 670/670/670 806/806/806
f 670/670/670 671/671/671 806/806/806
f 806/806/806 671/671/671 807/807/807
f 671/671/671 672/672/672 807/807/807
f 672/672/672 673/673/673 807/807/807
f 807/807/807 673/673/673 810/810/810
f 673/673/673 674/674/674 810/810/810
f 810/810/810 674/674/674 813/813/813
f 674/674/674 675/675/675 813/813/813
f 676/676/676 677/677/677 812/812/812
f 811/811/811 678/678/678 814/814/814
f 678/678/678 679/679/679 814/814/814
f 814/814/814 679/679/679 815/815/815
f 679/679/679 680/680/680 815/815/815
f 815/815/815 680/680/680 816/816/816
f 680/680/680 681/681/681 816/816/816
f 816/816/816 681/681/681 817/817/817
f 681/681/681 683/683/683 817/817/817
f 682/682/682 685/685/685 818/818/818
f 684/684/684 686/686/686 819/819/819
f 819/819/819 686/686/686 820/820/820
f 686/686/686 687/687/687 820/820/820
f 687/687/687 688/688/688 820/820/820
f 820/820/820 688/688/688 822/822/822
f 688/688/688 689/689/689 822/822/822
f 822/822/822 689/689/689 824/824/824
f 689/689/689 690/690/690 824/824/824
f 824/824/824 690/690/690 827/827/827
f 690/690/690 691/691/691 827/827/827
f 692/692/692 693/693/693 826/826/826
f 828/828/828 694/694/694 829/829/829
f 694/694/694 695/695/695 829/829/829
f 829/829/829 695/695/695 830/830/830
f 695/695/695 696/696/696 830/830/830
f 830/830/830 696/696/696 831/831/831
f 696/696/696 697/697/697 831/831/831
f 831/831/831 697/697/697 833/833/833
f 697/697/697 698/698/698 833/833/833
f 699/699/699 700/700/700 834/834/834
f 701/701/701 702/702/702 832/832/832
f 832/832/832 702/702/702 835/835/835
f 702/702/702 703/703/703 835/835/835
f 835/835/835 703/703/703 837/837/837
f 703/703/703 704/704/704 837/837/837
f 837/837/837 704/704/704 839/839/839
f 704/704/704 705/705/705 839/839/839
f 705/705/705 706/706/706 839/839/839
f 839/839/839 706/706/706 841/841/841
f 706/706/706 707/707/707 841/841/841
f 708/708/708 709/709/709 842/842/842
f 843/843/843 710/710/710 844/844/844
f 710/710/710 711/711/711 844/844/844
f 844/844/844 711/711/711 846/846/846
f 711/711/711 713/713/713 846/846/846
f 845/845/845 712/712/712 847/847/847
f 712/712/712 714/714/714 847/847/847
f 847/847/847 714/714/714 848/848/848
f 714/714/714 716/716/716 848/848/848
f 715/715/715 718/718/718 849/849/849
f 717/717/717 719/719/719 850/850/850
f 850/850/850 719/719/719 852/852/852
f 719/719/719 720/720/720 852/852/852
f 852/852/852 720/720/720 854/854/854
f 720/720/720 721/721/721 854/854/854
f 721/721/721 722/722/722 854/854/854
f 854/854/854 722/722/722 856/856/856
f 722/722/722 723/723/723 856/856/856
f 856/856/856 723/723/723 859/859/859
f 723/723/723 724/724/724 859/859/859
f 725/725/725 726/726/726 858/858/858
f 727/727/727 728/728/728 857/857/857
f 857/857/857 728/728/728 860/860/860
f 860/860/860 728/728/728 861/861/861
f 728/728/728 729/729/729 861/861/861
f 861/861/861 729/729/729 862/862/862
f 862/862/862 729/729/729 863/863/863
f 729/729/729 730/730/730 863/863/863
f 730/730/730 731/731/731 863/863/863
f 863/863/863 731/731/731 865/865/865
f 731/731/731 732/732/732 865/865/865
f 732/732/732 734/734/734 865/865/865
f 733/733/733 6/6/6 864/864/864
f 6/6/6 3/3/3 864/864/864
f 864/864/864 3/3/3 866/866/866
f 3/3/3 1/1/1 866/866/866
f 867/867/867 2/2/2 868/868/868
f 2/2/2 4/4/4 868/868/868
f 868/868/868 4/4/4 869/869/869
f 870/870/870 873/873/873 874/874/874
f 877/877/877 874/874/874 878/878/878
f 882/882/882 878/878/878 883/883/883
f 878/878/878 874/874/874 883/883/883
f 885/885/885 883/883/883 887/887/887
f 889/889/889 887/887/887 891/891/891
f 887/887/887 883/883/883 891/891/891
f 883/883/883 874/874/874 891/891/891
f 874/874/874 873/873/873 891/891/891
f 873/873/873 893/893/893 891/891/891
f 892/892/892 894/894/894 897/897/897
f 897/897/897 894/894/894 899/899/899
f 894/894/894 872/872/872 899/899/899
f 899/899/899 872/872/872 901/901/901
f 872/872/872 871/871/871 901/901/901
f 901/901/901 871/871/871 904/904/904
f 906/906/906 903/903/903 908/908/908
f 908/908/908 903/903/903 910/910/910
f 904/904/904 871/871/871 909/909/909
f 871/871/871 875/875/875 909/909/909
f 909/909/909 875/875/875 912/912/912
f 875/875/875 876/876/876 912/912/912
f 912/912/912 876/876/876 913/913/913
f 876/876/876 879/879/879 913/913/913
f 880/880/880 881/881/881 915/915/915
f 915/915/915 881/881/881 917/917/917
f 881/881/881 884/884/884 917/917/917
f 917/917/917 884/884/884 921/921/921
f 884/884/884 886/886/886 921/921/921
f 921/921/921 886/886/886 922/922/922
f 886/886/886 888/888/888 922/922/922
f 922/922/922 888/888/888 926/926/926
f 888/888/888 890/890/890 926/926/926
f 926/926/926 890/890/890 927/927/927
f 890/890/890 892/892/892 927/927/927
f 892/892/892 897/897/897 927/927/927
f 928/928/928 896/896/896 929/929/929
f 929/929/929 896/896/896 931/931/931
f 895/895/895 898/898/898 933/933/933
f 931/931/931 900/900/900 935/935/935
f 900/900/900 902/902/902 935/935/935
f 935/935/935 902/902/902 937/937/937
f 902/902/902 903/903/903 937/937/937
f 903/903/903 906/906/906 937/937/937
f 936/936/936 905/905/905 938/938/938
f 869/869/869 939/939/939 941/941/941
f 938/938/938 905/905/905 940/940/940
f 905/905/905 907/907/907 940/940/940
f 940/940/940 907/907/907 942/942/942
f 942/942/942 907/907/907 944/944/944
f 908/908/908 910/910/910 945/945/945
f 910/910/910 911/911/911 945/945/945
f 945/945/945 911/911/911 947/947/947
f 911/911/911 914/914/914 947/947/947
f 947/947/947 914/914/914 949/949/949
f 914/914/914 916/916/916 949/949/949
f 949/949/949 916/916/916 952/952/952
f 918/918/918 919/919/919 951/951/951
f 952/952/952 920/920/920 954/954/954
f 920/920/920 923/923/923 954/954/954
f 923/923/923 925/925/925 954/954/954
f 953/953/953 924/924/924 956/956/956
f 925/925/925 928/928/928 957/957/957
f 928/928/928 929/929/929 957/957/957
f 959/959/959 930/930/930 962/962/962
f 962/962/962 930/930/930 964/964/964
f 930/930/930 932/932/932 964/964/964
f 964/964/964 932/932/932 966/966/966
f 966/966/966 932/932/932 967/967/967
f 932/932/932 934/934/934 967/967/967
f 934/934/934 936/936/936 967/967/967
f 936/936/936 938/938/938 967/967/967
f 968/968/968 939/939/939 969/969/969
f 939/939/939 869/869/869 969/969/969
f 969/969/969 869/869/869 970/970/970
f 869/869/869 4/4/4 970/970/970
f 5/5/5 6/6/6 971/971/971
f 971/971/971 6/6/6 972/972/972
f 6/6/6 733/733/733 972/972/972
f 972/972/972 733/733/733 973/973/973
f 974/974/974 734/734/734 975/975/975
f 734/734/734 735/735/735 975/975/975
f 735/735/735 736/736/736 975/975/975
f 975/975/975 736/736/736 976/976/976
f 977/977/977 737/737/737 982/982/982
f 737/737/737 739/739/739 982/982/982
f 739/739/739 741/741/741 982/982/982
f 741/741/741 743/743/743 982/982/982
f 743/743/743 744/744/744 982/982/982
f 744/744/744 747/747/747 982/982/982
f 747/747/747 749/749/749 982/982/982
f 749/749/749 751/751/751 982/982/982
f 751/751/751 753/753/753 982/982/982
f 753/753/753 755/755/755 982/982/982
f 756/756/756 759/759/759 979/979/979
f 758/758/758 761/761/761 980/980/980
f 762/762/762 765/765/765 982/982/982
f 765/765/765 766/766/766 982/982/982
f 766/766/766 769/769/769 982/982/982
f 769/769/769 771/771/771 982/982/982
f 771/771/771 772/772/772 982/982/982
f 772/772/772 775/775/775 982/982/982
f 775/775/775 776/776/776 982/982/982
f 776/776/776 779/779/779 982/982/982
f 779/779/779 781/781/781 982/982/982
f 781/781/781 783/783/783 982/982/982
f 783/783/783 785/785/785 982/982/982
f 785/785/785 787/787/787 982/982/982
f 787/787/787 788/788/788 982/982/982
f 788/788/788 791/791/791 982/982/982
f 791/791/791 792/792/792 982/982/982
f 792/792/792 796/796/796 982/982/982
f 981/981/981 794/794/794 988/988/988
f 986/986/986 795/795/795 989/989/989
f 795/795/795 797/797/797 989/989/989
f 797/797/797 798/798/798 989/989/989
f 990/990/990 993/993/993 996/996/996
f 993/993/993 1000/1000/1000 996/996/996
f 1004/1004/1004 998/998/998 1006/1006/1006
f 996/996/996 1000/1000/1000 1005/1005/1005
f 1005/1005/1005 1000/1000/1000 1007/1007/1007
f 1008/1008/1008 999/999/999 1010/1010/1010
f 1010/1010/1010 999/999/999 1012/1012/1012
f 999/999/999 994/994/994 1012/1012/1012
f 1012/1012/1012 994/994/994 1015/1015/1015
f 1014/1014/1014 992/992/992 1016/1016/1016
f 993/993/993 990/990/990 1017/1017/1017
f 1017/1017/1017 990/990/990 1020/1020/1020
f 991/991/991 995/995/995 1021/1021/1021
f 1023/1023/1023 1021/1021/1021 1027/1027/1027
f 1019/1019/1019 997/997/997 1026/1026/1026
f 1030/1030/1030 1027/1027/1027 1033/1033/1033
f 1034/1034/1034 1033/1033/1033 1039/1039/1039
f 1032/1032/1032 1024/1024/1024 1037/1037/1037
f 1027/1027/1027 995/995/995 1039/1039/1039
f 995/995/995 1003/1003/1003 1039/1039/1039
f 1038/1038/1038 1002/1002/1002 1040/1040/1040
f 1041/1041/1041 1001/1001/1001 1043/1043/1043
f 1043/1043/1043 1001/1001/1001 1045/1045/1045
f 1001/1001/1001 1005/1005/1005 1045/1045/1045
f 1005/1005/1005 1007/1007/1007 1045/1045/1045
f 1044/1044/1044 1008/1008/1008 1046/1046/1046
f 1046/1046/1046 1008/1008/1008 1048/1048/1048
f 1008/1008/1008 1010/1010/1010 1048/1048/1048
f 1049/1049/1049 1009/1009/1009 1050/1050/1050
f 1052/1052/1052 1051/1051/1051 1053/1053/1053
f 1050/1050/1050 1009/1009/1009 1054/1054/1054
f 1009/1009/1009 1011/1011/1011 1054/1054/1054
f 1011/1011/1011 1013/1013/1013 1054/1054/1054
f 1054/1054/1054 1013/1013/1013 1056/1056/1056
f 1056/1056/1056 1013/1013/1013 1058/1058/1058
f 1058/1058/1058 1013/1013/1013 1059/1059/1059
f 1015/1015/1015 1018/1018/1018 1060/1060/1060
f 1060/1060/1060 1018/1018/1018 1062/1062/1062
f 1017/1017/1017 1020/1020/1020 1061/1061/1061
f 1020/1020/1020 1022/1022/1022 1061/1061/1061
f 1061/1061/1061 1022/1022/1022 1063/1063/1063
f 1022/1022/1022 1025/1025/1025 1063/1063/1063
f 1063/1063/1063 1025/1025/1025 1065/1065/1065
f 1025/1025/1025 1028/1028/1028 1065/1065/1065
f 1066/1066/1066 1029/1029/1029 1068/1068/1068
f 1029/1029/1029 1031/1031/1031 1068/1068/1068
f 1068/1068/1068 1031/1031/1031 1073/1073/1073
f 1031/1031/1031 1035/1035/1035 1073/1073/1073
f 1073/1073/1073 1035/1035/1035 1075/1075/1075
f 1035/1035/1035 1036/1036/1036 1075/1075/1075
f 1036/1036/1036 1041/1041/1041 1075/1075/1075
f 1041/1041/1041 1043/1043/1043 1075/1075/1075
f 1074/1074/1074 1042/1042/1042 1076/1076/1076
f 1076/1076/1076 1042/1042/1042 1078/1078/1078
f 1042/1042/1042 1044/1044/1044 1078/1078/1078
f 1044/1044/1044 1046/1046/1046 1078/1078/1078
f 1079/1079/1079 1047/1047/1047 1081/1081/1081
f 1081/1081/1081 1047/1047/1047 1083/1083/1083
f 1047/1047/1047 1049/1049/1049 1083/1083/1083
f 1049/1049/1049 1050/1050/1050 1083/1083/1083
f 1082/1082/1082 1051/1051/1051 1084/1084/1084
f 1051/1051/1051 1052/1052/1052 1084/1084/1084
f 1052/1052/1052 1085/1085/1085 1084/1084/1084
f 1085/1085/1085 1088/1088/1088 1084/1084/1084
f 1084/1084/1084 1088/1088/1088 1089/1089/1089
f 1089/1089/1089 1088/1088/1088 1091/1091/1091
f 1090/1090/1090 1087/1087/1087 1092/1092/1092
f 1092/1092/1092 1087/1087/1087 1093/1093/1093
f 1087/1087/1087 1086/1086/1086 1093/1093/1093
f 1086/1086/1086 1094/1094/1094 1093/1093/1093
f 1093/1093/1093 1094/1094/1094 1095/1095/1095
f 1094/1094/1094 1097/1097/1097 1095/1095/1095
f 1098/1098/1098 989/989/989 1096/1096/1096
f 989/989/989 798/798/798 1096/1096/1096
f 1096/1096/1096 798/798/798 1099/1099/1099
f 798/798/798 799/799/799 1099/1099/1099
f 799/799/799 800/800/800 1099/1099/1099
f 1099/1099/1099 800/800/800 1100/1100/1100
f 1100/1100/1100 800/800/800 1101/1101/1101
f 800/800/800 801/801/801 1101/1101/1101
f 1101/1101/1101 801/801/801 1102/1102/1102
f 801/801/801 803/803/803 1102/1102/1102
f 1102/1102/1102 803/803/803 1103/1103/1103
f 803/803/803 805/805/805 1103/1103/1103
f 1103/1103/1103 805/805/805 1104/1104/1104
f 805/805/805 808/808/808 1104/1104/1104
f 1104/1104/1104 808/808/808 1105/1105/1105
f 808/808/808 809/809/809 1105/1105/1105
f 809/809/809 811/811/811 1105/1105/1105
f 1105/1105/1105 811/811/811 1106/1106/1106
f 811/811/811 814/814/814 1106/1106/1106
f 1106/1106/1106 814/814/814 1107/1107/1107
f 814/814/814 815/815/815 1107/1107/1107
f 1107/1107/1107 815/815/815 1108/1108/1108
f 815/815/815 816/816/816 1108/1108/1108
f 816/816/816 817/817/817 1108/1108/1108
f 1108/1108/1108 817/817/817 1109/1109/1109
f 817/817/817 821/821/821 1109/1109/1109
f 1109/1109/1109 821/821/821 1110/1110/1110
f 821/821/821 823/823/823 1110/1110/1110
f 1110/1110/1110 823/823/823 1111/1111/1111
f 823/823/823 825/825/825 1111/1111/1111
f 825/825/825 828/828/828 1111/1111/1111
f 1111/1111/1111 828/828/828 1112/1112/1112
f 828/828/828 829/829/829 1112/1112/1112
f 1112/1112/1112 829/829/829 1113/1113/1113
f 829/829/829 830/830/830 1113/1113/1113
f 1113/1113/1113 830/830/830 1114/1114/1114
f 830/830/830 831/831/831 1114/1114/1114
f 831/831/831 833/833/833 1114/1114/1114
f 1114/1114/1114 833/833/833 1115/1115/1115
f 833/833/833 836/836/836 1115/1115/1115
f 1115/1115/1115 836/836/836 1116/1116/1116
f 836/836/836 838/838/838 1116/1116/1116
f 1116/1116/1116 838/838/838 1117/1117/1117
f 838/838/838 840/840/840 1117/1117/1117
f 840/840/840 843/843/843 1117/1117/1117
f 1117/1117/1117 843/843/843 1118/1118/1118
f 843/843/843 844/844/844 1118/1118/1118
f 1118/1118/1118 844/844/844 1119/1119/1119
f 844/844/844 846/846/846 1119/1119/1119
f 1120/1120/1120 845/845/845 1121/1121/1121
f 845/845/845 847/847/847 1121/1121/1121
f 847/847/847 848/848/848 1121/1121/1121
f 1121/1121/1121 848/848/848 1122/1122/1122
f 848/848/848 851/851/851 1122/1122/1122
f 1122/1122/1122 851/851/851 1123/1123/1123
f 851/851/851 853/853/853 1123/1123/1123
f 1123/1123/1123 853/853/853 1124/1124/1124
f 853/853/853 855/855/855 1124/1124/1124
f 855/855/855 857/857/857 1124/1124/1124
f 1124/1124/1124 857/857/857 1125/1125/1125
f 857/857/857 860/860/860 1125/1125/1125
f 1125/1125/1125 860/860/860 1126/1126/1126
f 860/860/860 861/861/861 1126/1126/1126
f 1126/1126/1126 861/861/861 1127/1127/1127
f 861/861/861 862/862/862 1127/1127/1127
f 1127/1127/1127 862/862/862 1128/1128/1128
f 862/862/862 863/863/863 1128/1128/1128
f 863/863/863 865/865/865 1128/1128/1128
f 864/864/864 866/866/866 1129/1129/1129
f 1130/1130/1130 867/867/867 1131/1131/1131
f 867/867/867 868/868/868 1131/1131/1131
f 1131/1131/1131 868/868/868 1132/1132/1132
f 868/868/868 869/869/869 1132/1132/1132
f 869/869/869 941/941/941 1132/1132/1132
f 941/941/941 943/943/943 1132/1132/1132
f 1132/1132/1132 943/943/943 1133/1133/1133
f 942/942/942 944/944/944 1134/1134/1134
f 944/944/944 946/946/946 1134/1134/1134
f 1134/1134/1134 946/946/946 1135/1135/1135
f 946/946/946 948/948/948 1135/1135/1135
f 1135/1135/1135 948/948/948 1137/1137/1137
f 948/948/948 950/950/950 1137/1137/1137
f 1137/1137/1137 950/950/950 1140/1140/1140
f 950/950/950 955/955/955 1140/1140/1140
f 1140/1140/1140 955/955/955 1141/1141/1141
f 955/955/955 958/958/958 1141/1141/1141
f 958/958/958 961/961/961 1141/1141/1141
f 1142/1142/1142 960/960/960 1143/1143/1143
f 1143/1143/1143 960/960/960 1144/1144/1144
f 960/960/960 963/963/963 1144/1144/1144
f 1144/1144/1144 963/963/963 1145/1145/1145
f 963/963/963 965/965/965 1145/1145/1145
f 965/965/965 968/968/968 1145/1145/1145
f 968/968/968 969/969/969 1145/1145/1145
f 969/969/969 970/970/970 1145/1145/1145
f 1145/1145/1145 970/970/970 1146/1146/1146
f 971/971/971 972/972/972 1147/1147/1147
f 1147/1147/1147 972/972/972 1148/1148/1148
f 972/972/972 973/973/973 1148/1148/1148
f 1148/1148/1148 973/973/973 1149/1149/1149
f 974/974/974 975/975/975 1150/1150/1150
f 975/975/975 976/976/976 1150/1150/1150
f 1150/1150/1150 976/976/976 1152/1152/1152
f 978/978/978 983/983/983 1153/1153/1153
f 1151/1151/1151 984/984/984 1154/1154/1154
f 1156/1156/1156 982/982/982 1157/1157/1157
f 1157/1157/1157 982/982/982 1159/1159/1159
f 1159/1159/1159 982/982/982 1162/1162/1162
f 1162/1162/1162 982/982/982 1164/1164/1164
f 985/985/985 987/987/987 1165/1165/1165
f 1163/1163/1163 986/986/986 1166/1166/1166
f 986/986/986 989/989/989 1166/1166/1166
f 989/989/989 1098/1098/1098 1166/1166/1166
f 1167/1167/1167 1097/1097/1097 1168/1168/1168
f 1097/1097/1097 1094/1094/1094 1168/1168/1168
f 1168/1168/1168 1094/1094/1094 1169/1169/1169
f 1094/1094/1094 1086/1086/1086 1169/1169/1169
f 1170/1170/1170 1085/1085/1085 1171/1171/1171
f 1085/1085/1085 1052/1052/1052 1171/1171/1171
f 1052/1052/1052 1053/1053/1053 1171/1171/1171
f 1053/1053/1053 1055/1055/1055 1171/1171/1171
f 1055/1055/1055 1057/1057/1057 1171/1171/1171
f 1171/1171/1171 1057/1057/1057 1172/1172/1172
f 1172/1172/1172 1057/1057/1057 1175/1175/1175
f 1058/1058/1058 1059/1059/1059 1173/1173/1173
f 1173/1173/1173 1059/1059/1059 1177/1177/1177
f 1060/1060/1060 1062/1062/1062 1176/1176/1176
f 1062/1062/1062 1064/1064/1064 1176/1176/1176
f 1176/1176/1176 1064/1064/1064 1180/1180/1180
f 1064/1064/1064 1067/1067/1067 1180/1180/1180
f 1067/1067/1067 1069/1069/1069 1180/1180/1180
f 1180/1180/1180 1069/1069/1069 1182/1182/1182
f 1070/1070/1070 1072/1072/1072 1183/1183/1183
f 1182/1182/1182 1071/1071/1071 1185/1185/1185
f 1071/1071/1071 1074/1074/1074 1185/1185/1185
f 1074/1074/1074 1076/1076/1076 1185/1185/1185
f 1184/1184/1184 1077/1077/1077 1186/1186/1186
f 1186/1186/1186 1077/1077/1077 1189/1189/1189
f 1077/1077/1077 1079/1079/1079 1189/1189/1189
f 1079/1079/1079 1081/1081/1081 1189/1189/1189
f 1188/1188/1188 1080/1080/1080 1190/1190/1190
f 1080/1080/1080 1082/1082/1082 1190/1190/1190
f 1082/1082/1082 1084/1084/1084 1190/1190/1190
f 1084/1084/1084 1089/1089/1089 1190/1190/1190
f 1190/1190/1190 1089/1089/1089 1191/1191/1191
f 1191/1191/1191 1089/1089/1089 1193/1193/1193
f 1089/1089/1089 1091/1091/1091 1193/1193/1193
f 1090/1090/1090 1092/1092/1092 1192/1192/1192
f 1192/1192/1192 1092/1092/1092 1194/1194/1194
f 1092/1092/1092 1093/1093/1093 1194/1194/1194
f 1093/1093/1093 1095/1095/1095 1194/1194/1194
f 1096/1096/1096 1099/1099/1099 1195/1195/1195
f 1099/1099/1099 1100/1100/1100 1195/1195/1195
f 1195/1195/1195 1100/1100/1100 1196/1196/1196
f 1100/1100/1100 1101/1101/1101 1196/1196/1196
f 1196/1196/1196 1101/1101/1101 1197/1197/1197
f 1101/1101/1101 1102/1102/1102 1197/1197/1197
f 1198/1198/1198 1197/1197/1197 1199/1199/1199
f 1197/1197/1197 1102/1102/1102 1199/1199/1199
f 1199/1199/1199 1102/1102/1102 1200/1200/1200
f 1102/1102/1102 1103/1103/1103 1200/1200/1200
f 1200/1200/1200 1103/1103/1103 1201/1201/1201
f 1103/1103/1103 1104/1104/1104 1201/1201/1201
f 1201/1201/1201 1104/1104/1104 1202/1202/1202
f 1104/1104/1104 1105/1105/1105 1202/1202/1202
f 1202/1202/1202 1105/1105/1105 1203/1203/1203
f 1105/1105/1105 1106/1106/1106 1203/1203/1203
f 1203/1203/1203 1106/1106/1106 1204/1204/1204
f 1106/1106/1106 1107/1107/1107 1204/1204/1204
f 1204/1204/1204 1107/1107/1107 1205/1205/1205
f 1107/1107/1107 1108/1108/1108 1205/1205/1205
f 1205/1205/1205 1108/1108/1108 1206/1206/1206
f 1108/1108/1108 1109/1109/1109 1206/1206/1206
f 1206/1206/1206 1109/1109/1109 1207/1207/1207
f 1109/1109/1109 1110/1110/1110 1207/1207/1207
f 1207/1207/1207 1110/1110/1110 1208/1208/1208
f 1110/1110/1110 1111/1111/1111 1208/1208/1208
f 1208/1208/1208 1111/1111/1111 1209/1209/1209
f 1111/1111/1111 1112/1112/1112 1209/1209/1209
f 1209/1209/1209 1112/1112/1112 1210/1210/1210
f 1112/1112/1112 1113/1113/1113 1210/1210/1210
f 1210/1210/1210 1113/1113/1113 1211/1211/1211
f 1113/1113/1113 1114/1114/1114 1211/1211/1211
f 1211/1211/1211 1114/1114/1114 1212/1212/1212
f 1114/1114/1114 1115/1115/1115 1212/1212/1212
f 1212/1212/1212 1115/1115/1115 1213/1213/1213
f 1115/1115/1115 1116/1116/1116 1213/1213/1213
f 1213/1213/1213 1116/1116/1116 1214/1214/1214
f 1116/1116/1116 1117/1117/1117 1214/1214/1214
f 1214/1214/1214 1117/1117/1117 1215/1215/1215
f 1117/1117/1117 1118/1118/1118 1215/1215/1215
f 1215/1215/1215 1118/1118/1118 1217/1217/1217
f 1118/1118/1118 1119/1119/1119 1217/1217/1217
f 1216/1216/1216 1120/1120/1120 1218/1218/1218
f 1120/1120/1120 1121/1121/1121 1218/1218/1218
f 1218/1218/1218 1121/1121/1121 1219/1219/1219
f 1121/1121/1121 1122/1122/1122 1219/1219/1219
f 1219/1219/1219 1122/1122/1122 1220/1220/1220
f 1122/1122/1122 1123/1123/1123 1220/1220/1220
f 1220/1220/1220 1123/1123/1123 1221/1221/1221
f 1123/1123/1123 1124/1124/1124 1221/1221/1221
f 1221/1221/1221 1124/1124/1124 1222/1222/1222
f 1124/1124/1124 1125/1125/1125 1222/1222/1222
f 1222/1222/1222 1125/1125/1125 1223/1223/1223
f 1125/1125/1125 1126/1126/1126 1223/1223/1223
f 1223/1223/1223 1126/1126/1126 1224/1224/1224
f 1126/1126/1126 1127/1127/1127 1224/1224/1224
f 1224/1224/1224 1127/1127/1127 1225/1225/1225
f 1226/1226/1226 1225/1225/1225 1227/1227/1227
f 1225/1225/1225 1127/1127/1127 1227/1227/1227
f 1127/1127/1127 1128/1128/1128 1227/1227/1227
f 1227/1227/1227 1128/1128/1128 1229/1229/1229
f 1130/1130/1130 1131/1131/1131 1228/1228/1228
f 1131/1131/1131 1132/1132/1132 1228/1228/1228
f 1228/1228/1228 1132/1132/1132 1230/1230/1230
f 1132/1132/1132 1133/1133/1133 1230/1230/1230
f 1133/1133/1133 1136/1136/1136 1230/1230/1230
f 1136/1136/1136 1138/1138/1138 1230/1230/1230
f 1230/1230/1230 1138/1138/1138 1231/1231/1231
f 1138/1138/1138 1139/1139/1139 1231/1231/1231
f 1139/1139/1139 1142/1142/1142 1231/1231/1231
f 1142/1142/1142 1143/1143/1143 1231/1231/1231
f 1231/1231/1231 1143/1143/1143 1232/1232/1232
f 1232/1232/1232 1143/1143/1143 1234/1234/1234
f 1234/1234/1234 1143/1143/1143 1236/1236/1236
f 1143/1143/1143 1144/1144/1144 1236/1236/1236
f 1236/1236/1236 1144/1144/1144 1237/1237/1237
f 1144/1144/1144 1145/1145/1145 1237/1237/1237
f 1145/1145/1145 1146/1146/1146 1237/1237/1237
f 1238/1238/1238 1147/1147/1147 1239/1239/1239
f 1147/1147/1147 1148/1148/1148 1239/1239/1239
f 1239/1239/1239 1148/1148/1148 1241/1241/1241
f 1148/1148/1148 1149/1149/1149 1241/1241/1241
f 1240/1240/1240 1150/1150/1150 1242/1242/1242
f 1150/1150/1150 1152/1152/1152 1242/1242/1242
f 1152/1152/1152 1155/1155/1155 1242/1242/1242
f 1242/1242/1242 1155/1155/1155 1243/1243/1243
f 1155/1155/1155 1158/1158/1158 1243/1243/1243
f 1243/1243/1243 1158/1158/1158 1244/1244/1244
f 1158/1158/1158 1160/1160/1160 1244/1244/1244
f 1244/1244/1244 1160/1160/1160 1245/1245/1245
f 1160/1160/1160 1161/1161/1161 1245/1245/1245
f 1245/1245/1245 1161/1161/1161 1246/1246/1246
f 1161/1161/1161 1163/1163/1163 1246/1246/1246
f 1163/1163/1163 1166/1166/1166 1246/1246/1246
f 1246/1246/1246 1166/1166/1166 1247/1247/1247
f 1167/1167/1167 1168/1168/1168 1248/1248/1248
f 1248/1248/1248 1168/1168/1168 1249/1249/1249
f 1168/1168/1168 1169/1169/1169 1249/1249/1249
f 1249/1249/1249 1169/1169/1169 1250/1250/1250
f 1170/1170/1170 1171/1171/1171 1251/1251/1251
f 1171/1171/1171 1172/1172/1172 1251/1251/1251
f 1251/1251/1251 1172/1172/1172 1252/1252/1252
f 1252/1252/1252 1172/1172/1172 1254/1254/1254
f 1172/1172/1172 1175/1175/1175 1254/1254/1254
f 1254/1254/1254 1175/1175/1175 1255/1255/1255
f 1174/1174/1174 1178/1178/1178 1256/1256/1256
f 1178/1178/1178 1179/1179/1179 1256/1256/1256
f 1256/1256/1256 1179/1179/1179 1257/1257/1257
f 1179/1179/1179 1181/1181/1181 1257/1257/1257
f 1257/1257/1257 1181/1181/1181 1259/1259/1259
f 1181/1181/1181 1184/1184/1184 1259/1259/1259
f 1184/1184/1184 1186/1186/1186 1259/1259/1259
f 1260/1260/1260 1187/1187/1187 1261/1261/1261
f 1187/1187/1187 1188/1188/1188 1261/1261/1261
f 1188/1188/1188 1190/1190/1190 1261/1261/1261
f 1261/1261/1261 1190/1190/1190 1263/1263/1263
f 1190/1190/1190 1191/1191/1191 1263/1263/1263
f 1263/1263/1263 1191/1191/1191 1264/1264/1264
f 1191/1191/1191 1193/1193/1193 1264/1264/1264
f 1192/1192/1192 1194/1194/1194 1265/1265/1265
f 1195/1195/1195 1196/1196/1196 1266/1266/1266
f 1266/1266/1266 1196/1196/1196 1267/1267/1267
f 1196/1196/1196 1197/1197/1197 1267/1267/1267
f 1197/1197/1197 1198/1198/1198 1267/1267/1267
f 1267/1267/1267 1198/1198/1198 1268/1268/1268
f 1270/1270/1270 1268/1268/1268 1271/1271/1271
f 1268/1268/1268 1198/1198/1198 1271/1271/1271
f 1271/1271/1271 1198/1198/1198 1273/1273/1273
f 1198/1198/1198 1199/1199/1199 1273/1273/1273
f 1273/1273/1273 1199/1199/1199 1275/1275/1275
f 1199/1199/1199 1200/1200/1200 1275/1275/1275
f 1275/1275/1275 1200/1200/1200 1280/1280/1280
f 1200/1200/1200 1201/1201/1201 1280/1280/1280
f 1280/1280/1280 1201/1201/1201 1283/1283/1283
f 1201/1201/1201 1202/1202/1202 1283/1283/1283
f 1283/1283/1283 1202/1202/1202 1285/1285/1285
f 1202/1202/1202 1203/1203/1203 1285/1285/1285
f 1285/1285/1285 1203/1203/1203 1287/1287/1287
f 1203/1203/1203 1204/1204/1204 1287/1287/1287
f 1287/1287/1287 1204/1204/1204 1289/1289/1289
f 1204/1204/1204 1205/1205/1205 1289/1289/1289
f 1289/1289/1289 1205/1205/1205 1291/1291/1291
f 1205/1205/1205 1206/1206/1206 1291/1291/1291
f 1291/1291/1291 1206/1206/1206 1293/1293/1293
f 1206/1206/1206 1207/1207/1207 1293/1293/1293
f 1293/1293/1293 1207/1207/1207 1294/1294/1294
f 1207/1207/1207 1208/1208/1208 1294/1294/1294
f 1294/1294/1294 1208/1208/1208 1297/1297/1297
f 1208/1208/1208 1209/1209/1209 1297/1297/1297
f 1297/1297/1297 1209/1209/1209 1299/1299/1299
f 1209/1209/1209 1210/1210/1210 1299/1299/1299
f 1299/1299/1299 1210/1210/1210 1300/1300/1300
f 1210/1210/1210 1211/1211/1211 1300/1300/1300
f 1300/1300/1300 1211/1211/1211 1302/1302/1302
f 1211/1211/1211 1212/1212/1212 1302/1302/1302
f 1302/1302/1302 1212/1212/1212 1305/1305/1305
f 1212/1212/1212 1213/1213/1213 1305/1305/1305
f 1305/1305/1305 1213/1213/1213 1309/1309/1309
f 1213/1213/1213 1214/1214/1214 1309/1309/1309
f 1309/1309/1309 1214/1214/1214 1311/1311/1311
f 1214/1214/1214 1215/1215/1215 1311/1311/1311
f 1311/1311/1311 1215/1215/1215 1314/1314/1314
f 1215/1215/1215 1217/1217/1217 1314/1314/1314
f 1312/1312/1312 1216/1216/1216 1316/1316/1316
f 1216/1216/1216 1218/1218/1218 1316/1316/1316
f 1316/1316/1316 1218/1218/1218 1319/1319/1319
f 1218/1218/1218 1219/1219/1219 1319/1319/1319
f 1319/1319/1319 1219/1219/1219 1322/1322/1322
f 1219/1219/1219 1220/1220/1220 1322/1322/1322
f 1322/1322/1322 1220/1220/1220 1325/1325/1325
f 1220/1220/1220 1221/1221/1221 1325/1325/1325
f 1325/1325/1325 1221/1221/1221 1326/1326/1326
f 1221/1221/1221 1222/1222/1222 1326/1326/1326
f 1326/1326/1326 1222/1222/1222 1328/1328/1328
f 1222/1222/1222 1223/1223/1223 1328/1328/1328
f 1328/1328/1328 1223/1223/1223 1330/1330/1330
f 1223/1223/1223 1224/1224/1224 1330/1330/1330
f 1330/1330/1330 1224/1224/1224 1333/1333/1333
f 1224/1224/1224 1225/1225/1225 1333/1333/1333
f 1333/1333/1333 1225/1225/1225 1334/1334/1334
f 1225/1225/1225 1226/1226/1226 1334/1334/1334
f 1334/1334/1334 1226/1226/1226 1336/1336/1336
f 1338/1338/1338 1336/1336/1336 1340/1340/1340
f 1336/1336/1336 1226/1226/1226 1340/1340/1340
f 1340/1340/1340 1226/1226/1226 1341/1341/1341
f 1226/1226/1226 1227/1227/1227 1341/1341/1341
f 1227/1227/1227 1229/1229/1229 1341/1341/1341
f 1341/1341/1341 1229/1229/1229 1343/1343/1343
f 1228/1228/1228 1230/1230/1230 1342/1342/1342
f 1230/1230/1230 1231/1231/1231 1342/1342/1342
f 1342/1342/1342 1231/1231/1231 1345/1345/1345
f 1345/1345/1345 1231/1231/1231 1346/1346/1346
f 1231/1231/1231 1232/1232/1232 1346/1346/1346
f 1346/1346/1346 1232/1232/1232 1348/1348/1348
f 1232/1232/1232 1234/1234/1234 1348/1348/1348
f 1347/1347/1347 1233/1233/1233 1349/1349/1349
f 1233/1233/1233 1235/1235/1235 1349/1349/1349
f 1349/1349/1349 1235/1235/1235 1350/1350/1350
f 1235/1235/1235 1238/1238/1238 1350/1350/1350
f 1238/1238/1238 1239/1239/1239 1350/1350/1350
f 1350/1350/1350 1239/1239/1239 1351/1351/1351
f 1239/1239/1239 1241/1241/1241 1351/1351/1351
f 1240/1240/1240 1242/1242/1242 1352/1352/1352
f 1352/1352/1352 1242/1242/1242 1353/1353/1353
f 1242/1242/1242 1243/1243/1243 1353/1353/1353
f 1353/1353/1353 1243/1243/1243 1354/1354/1354
f 1243/1243/1243 1244/1244/1244 1354/1354/1354
f 1354/1354/1354 1244/1244/1244 1355/1355/1355
f 1244/1244/1244 1245/1245/1245 1355/1355/1355
f 1355/1355/1355 1245/1245/1245 1357/1357/1357
f 1245/1245/1245 1246/1246/1246 1357/1357/1357
f 1246/1246/1246 1247/1247/1247 1357/1357/1357
f 1248/1248/1248 1249/1249/1249 1356/1356/1356
f 1356/1356/1356 1249/1249/1249 1358/1358/1358
f 1249/1249/1249 1250/1250/1250 1358/1358/1358
f 1250/1250/1250 1253/1253/1253 1358/1358/1358
f 1358/1358/1358 1253/1253/1253 1359/1359/1359
f 1359/1359/1359 1253/1253/1253 1360/1360/1360
f 1252/1252/1252 1254/1254/1254 1361/1361/1361
f 1361/1361/1361 1254/1254/1254 1362/1362/1362
f 1362/1362/1362 1254/1254/1254 1363/1363/1363
f 1254/1254/1254 1255/1255/1255 1363/1363/1363
f 1255/1255/1255 1258/1258/1258 1363/1363/1363
f 1258/1258/1258 1260/1260/1260 1363/1363/1363
f 1260/1260/1260 1261/1261/1261 1363/1363/1363
f 1363/1363/1363 1261/1261/1261 1365/1365/1365
f 1261/1261/1261 1263/1263/1263 1365/1365/1365
f 1364/1364/1364 1262/1262/1262 1366/1366/1366
f 1262/1262/1262 1266/1266/1266 1366/1366/1366
f 1266/1266/1266 1267/1267/1267 1366/1366/1366
f 1267/1267/1267 1268/1268/1268 1366/1366/1366
f 1366/1366/1366 1268/1268/1268 1367/1367/1367
f 1268/1268/1268 1270/1270/1270 1367/1367/1367
f 1367/1367/1367 1270/1270/1270 1368/1368/1368
f 1369/1369/1369 1269/1269/1269 1374/1374/1374
f 1269/1269/1269 1272/1272/1272 1374/1374/1374
f 1272/1272/1272 1274/1274/1274 1374/1374/1374
f 1274/1274/1274 1277/1277/1277 1374/1374/1374
f 1276/1276/1276 1279/1279/1279 1371/1371/1371
f 1278/1278/1278 1281/1281/1281 1370/1370/1370
f 1282/1282/1282 1284/1284/1284 1374/1374/1374
f 1284/1284/1284 1286/1286/1286 1374/1374/1374
f 1286/1286/1286 1288/1288/1288 1374/1374/1374
f 1288/1288/1288 1290/1290/1290 1374/1374/1374
f 1290/1290/1290 1292/1292/1292 1374/1374/1374
f 1292/1292/1292 1295/1295/1295 1374/1374/1374
f 1295/1295/1295 1296/1296/1296 1374/1374/1374
f 1296/1296/1296 1298/1298/1298 1374/1374/1374
f 1298/1298/1298 1301/1301/1301 1374/1374/1374
f 1301/1301/1301 1303/1303/1303 1374/1374/1374
f 1303/1303/1303 1304/1304/1304 1374/1374/1374
f 1306/1306/1306 1307/1307/1307 1372/1372/1372
f 1308/1308/1308 1310/1310/1310 1374/1374/1374
f 1310/1310/1310 1313/1313/1313 1374/1374/1374
f 1313/1313/1313 1315/1315/1315 1374/1374/1374
f 1315/1315/1315 1317/1317/1317 1374/1374/1374
f 1318/1318/1318 1320/1320/1320 1373/1373/1373
f 1321/1321/1321 1323/1323/1323 1375/1375/1375
f 1324/1324/1324 1327/1327/1327 1374/1374/1374
f 1327/1327/1327 1329/1329/1329 1374/1374/1374
f 1329/1329/1329 1331/1331/1331 1374/1374/1374
f 1331/1331/1331 1332/1332/1332 1374/1374/1374
f 1332/1332/1332 1335/1335/1335 1374/1374/1374
f 1335/1335/1335 1337/1337/1337 1374/1374/1374
f 1337/1337/1337 1339/1339/1339 1374/1374/1374
f 1374/1374/1374 1339/1339/1339 1376/1376/1376
f 1377/1377/1377 1338/1338/1338 1378/1378/1378
f 1338/1338/1338 1340/1340/1340 1378/1378/1378
f 1378/1378/1378 1340/1340/1340 1379/1379/1379
f 1340/1340/1340 1341/1341/1341 1379/1379/1379
f 1341/1341/1341 1343/1343/1343 1379/1379/1379
f 1343/1343/1343 1344/1344/1344 1379/1379/1379
f 1379/1379/1379 1344/1344/1344 1382/1382/1382
f 1345/1345/1345 1346/1346/1346 1381/1381/1381
f 1346/1346/1346 1348/1348/1348 1381/1381/1381
f 1380/1380/1380 1347/1347/1347 1383/1383/1383
f 1347/1347/1347 1349/1349/1349 1383/1383/1383
f 1349/1349/1349 1350/1350/1350 1383/1383/1383
f 1350/1350/1350 1351/1351/1351 1383/1383/1383
f 1384/1384/1384 1352/1352/1352 1385/1385/1385
f 1352/1352/1352 1353/1353/1353 1385/1385/1385
f 1385/1385/1385 1353/1353/1353 1386/1386/1386
f 1353/1353/1353 1354/1354/1354 1386/1386/1386
f 1386/1386/1386 1354/1354/1354 1387/1387/1387
f 1354/1354/1354 1355/1355/1355 1387/1387/1387
f 1387/1387/1387 1355/1355/1355 1388/1388/1388
f 1355/1355/1355 1357/1357/1357 1388/1388/1388
f 1356/1356/1356 1358/1358/1358 1389/1389/1389
f 1358/1358/1358 1359/1359/1359 1389/1389/1389
f 1389/1389/1389 1359/1359/1359 1390/1390/1390
f 1359/1359/1359 1360/1360/1360 1390/1390/1390
f 1361/1361/1361 1362/1362/1362 1391/1391/1391
f 1391/1391/1391 1362/1362/1362 1392/1392/1392
f 1362/1362/1362 1363/1363/1363 1392/1392/1392
f 1392/1392/1392 1363/1363/1363 1393/1393/1393
f 1363/1363/1363 1365/1365/1365 1393/1393/1393
f 1394/1394/1394 1364/1364/1364 1395/1395/1395
f 1364/1364/1364 1366/1366/1366 1395/1395/1395
f 1366/1366/1366 1367/1367/1367 1395/1395/1395
f 1395/1395/1395 1367/1367/1367 1396/1396/1396
f 1367/1367/1367 1368/1368/1368 1396/1396/1396
f 1396/1396/1396 1368/1368/1368 1398/1398/1398
f 1369/1369/1369 1374/1374/1374 1397/1397/1397
f 1397/1397/1397 1374/1374/1374 1400/1400/1400
f 1400/1400/1400 1374/1374/1374 1401/1401/1401
f 1374/1374/1374 1376/1376/1376 1401/1401/1401
f 1402/1402/1402 1377/1377/1377 1403/1403/1403
f 1377/1377/1377 1378/1378/1378 1403/1403/1403
f 1403/1403/1403 1378/1378/1378 1404/1404/1404
f 1378/1378/1378 1379/1379/1379 1404/1404/1404
f 1379/1379/1379 1382/1382/1382 1404/1404/1404
f 1404/1404/1404 1382/1382/1382 1405/1405/1405
f 1382/1382/1382 1384/1384/1384 1405/1405/1405
f 1405/1405/1405 1384/1384/1384 1406/1406/1406
f 1384/1384/1384 1385/1385/1385 1406/1406/1406
f 1406/1406/1406 1385/1385/1385 1407/1407/1407
f 1385/1385/1385 1386/1386/1386 1407/1407/1407
f 1407/1407/1407 1386/1386/1386 1408/1408/1408
f 1386/1386/1386 1387/1387/1387 1408/1408/1408
f 1387/1387/1387 1388/1388/1388 1408/1408/1408
f 1408/1408/1408 1388/1388/1388 1410/1410/1410
f 1389/1389/1389 1390/1390/1390 1411/1411/1411
f 1391/1391/1391 1392/1392/1392 1409/1409/1409
f 1392/1392/1392 1393/1393/1393 1409/1409/1409
f 1410/1410/1410 1394/1394/1394 1412/1412/1412
f 1394/1394/1394 1395/1395/1395 1412/1412/1412
f 1395/1395/1395 1396/1396/1396 1412/1412/1412
f 1412/1412/1412 1396/1396/1396 1413/1413/1413
f 1396/1396/1396 1398/1398/1398 1413/1413/1413
f 1398/1398/1398 1399/1399/1399 1413/1413/1413
f 1413/1413/1413 1399/1399/1399 1414/1414/1414
f 1399/1399/1399 1402/1402/1402 1414/1414/1414
f 1402/1402/1402 1403/1403/1403 1414/1414/1414
f 1414/1414/1414 1403/1403/1403 1415/1415/1415
f 1403/1403/1403 1404/1404/1404 1415/1415/1415
f 1404/1404/1404 1405/1405/1405 1415/1415/1415
f 1415/1415/1415 1405/1405/1405 1416/1416/1416
f 1405/1405/1405 1406/1406/1406 1416/1416/1416
f 1406/1406/1406 1407/1407/1407 1416/1416/1416
f 1416/1416/1416 1407/1407/1407 1417/1417/1417
f 1407/1407/1407 1408/1408/1408 1417/1417/1417
f 1408/1408/1408 1410/1410/1410 1417/1417/1417
f 1417/1417/1417 1410/1410/1410 1418/1418/1418
f 1410/1410/1410 1412/1412/1412 1418/1418/1418
f 1412/1412/1412 1413/1413/1413 1418/1418/1418
f 1413/1413/1413 1414/1414/1414 1418/1418/1418
f 1414/1414/1414 1415/1415/1415 1418/1418/1418
f 1415/1415/1415 1416/1416/1416 1418/1418/1418
f 1417/1417/1417 1418/1418/1418 1416/1416/1416

