mtllib forearm.mtl
usemtl Metal_DarkGray.001
v -0.03191936 -0.05600619 0.67214382
v -0.03752613 -0.06276440 0.67499721
v -0.03191936 -0.05570585 0.67750019
v -0.03752613 -0.06241399 0.68210578
v -0.04168117 -0.07052379 0.67820108
v -0.04168117 -0.07002317 0.68741220
v -0.04423421 -0.07898403 0.68170530
v -0.04423422 -0.07828314 0.69311911
v -0.04513532 -0.08769453 0.68535972
v -0.04513533 -0.08689356 0.69902623
v -0.04423421 -0.09645510 0.68901408
v -0.04423422 -0.09545392 0.70498341
v -0.04168117 -0.10486530 0.69251841
v -0.04168118 -0.10371390 0.71069032
v -0.03752613 -0.11262470 0.69572222
v -0.03752614 -0.11137310 0.71594667
v -0.03191936 -0.11943290 0.69857567
v -0.03191938 -0.11803120 0.72055232
v -0.02506107 -0.12503961 0.70087850
v -0.02506109 -0.12348780 0.72430682
v -0.01725161 -0.12919471 0.70258051
v -0.01725163 -0.12759280 0.72716022
v -0.00879140 -0.13174780 0.70368183
v -0.00879141 -0.13009579 0.72886229
v 0.00001921 -0.13259880 0.70403230
v 0.00001920 -0.13094680 0.72946310
v 0.00877974 -0.13009579 0.72886229
v 0.00877975 -0.13169770 0.70368183
v 0.01723996 -0.12759280 0.72716022
v 0.01723997 -0.12914459 0.70258051
v 0.02504942 -0.12348780 0.72430682
v 0.02504943 -0.12503961 0.70087850
v 0.02504946 -0.12544011 0.66473478
v 0.02504946 -0.12544011 0.66473478
v 0.01724000 -0.12964520 0.66473478
v 0.01724000 -0.12964520 0.66473478
v 0.00877978 -0.13219830 0.66473478
v 0.00877978 -0.13219830 0.66473478
v 0.00001924 -0.13304929 0.66473478
v 0.00001924 -0.13304929 0.66473478
v -0.00879137 -0.13219830 0.66473478
v -0.00879137 -0.13219830 0.66473478
v -0.01725159 -0.12964520 0.66473478
v -0.01725159 -0.12964520 0.66473478
v -0.02506105 -0.12544011 0.66473478
v -0.02506105 -0.12544011 0.66473478
v -0.03191935 -0.11983340 0.66473478
v -0.03191935 -0.11983340 0.66473478
v -0.03191935 -0.11983340 0.66473478
v -0.03752612 -0.11302510 0.66473478
v -0.03752612 -0.11302510 0.66473478
v -0.03752612 -0.11302510 0.66473478
v -0.04168116 -0.10521570 0.66473478
v -0.04168116 -0.10521570 0.66473478
v -0.04168116 -0.10521570 0.66473478
v -0.04423420 -0.09675550 0.66473478
v -0.04423420 -0.09675550 0.66473478
v -0.04423420 -0.09675550 0.66473478
v -0.04513531 -0.08794481 0.66473478
v -0.04513531 -0.08794481 0.66473478
v -0.04423420 -0.07913417 0.66473478
v -0.04423420 -0.07913417 0.66473478
v -0.04168116 -0.07067394 0.66473478
v -0.04168116 -0.07067394 0.66473478
v -0.03752612 -0.06286454 0.66473478
v -0.03752612 -0.06286454 0.66473478
v -0.03191935 -0.05605626 0.66473478
v -0.03191935 -0.05605626 0.66473478
v -0.02506106 -0.05044949 0.66473478
v -0.02506106 -0.05044949 0.66473478
v -0.02506106 -0.05044949 0.66473478
v -0.00879138 -0.04369133 0.66473478
v -0.00879138 -0.04369133 0.66473478
v -0.00879138 -0.04369133 0.66473478
v -0.01725160 -0.04629445 0.66473478
v -0.01725160 -0.04629445 0.66473478
v -0.01725160 -0.04629445 0.66473478
v -0.01725160 -0.04624444 0.66808891
v -0.02506107 -0.05039942 0.66984087
v -0.02506107 -0.05024927 0.67374569
v -0.02506107 -0.04969859 0.67544770
v -0.03191936 -0.05505509 0.67990309
v -0.03752613 -0.06151288 0.68530971
v -0.04168117 -0.06892186 0.69151717
v -0.04423422 -0.07698160 0.69822532
v -0.04513533 -0.08534170 0.70523381
v -0.04423423 -0.09370178 0.71219212
v -0.04168119 -0.10176150 0.71890032
v -0.03752615 -0.10917050 0.72510773
v -0.03191938 -0.11567830 0.73051429
v -0.02506109 -0.12098470 0.73496968
v -0.01725164 -0.12493950 0.73827368
v -0.00879142 -0.12739250 0.74032623
v 0.00001919 -0.12819339 0.74102700
v 0.00877974 -0.12739250 0.74032623
v 0.01723995 -0.12493950 0.73827368
v 0.02504942 -0.12098470 0.73496968
v 0.03190771 -0.11567830 0.73051429
v 0.03190771 -0.11803120 0.72055232
v 0.03190773 -0.11943290 0.69857567
v 0.03190774 -0.11983340 0.66473478
v 0.03190774 -0.11983340 0.66473478
v 0.03190774 -0.11983340 0.66473478
v 0.00001923 -0.08794480 0.66473478
v 0.00001923 -0.08794480 0.66473478
v 0.00001923 -0.08794480 0.66473478
v 0.00001923 -0.08794480 0.66473478
v 0.00001923 -0.08794480 0.66473478
v 0.00001923 -0.08794480 0.66473478
v 0.00001923 -0.08794480 0.66473478
v 0.00001923 -0.08794480 0.66473478
v 0.00001923 -0.08794480 0.66473478
v 0.00001923 -0.04284030 0.66473478
v 0.00001923 -0.04284030 0.66473478
v 0.00001923 -0.04284030 0.66473478
v 0.00877977 -0.04369133 0.66473478
v 0.00877977 -0.04369133 0.66473478
v 0.00877977 -0.04369133 0.66473478
v 0.01723999 -0.04629445 0.66473478
v 0.01723999 -0.04629445 0.66473478
v 0.01723999 -0.04629445 0.66473478
v 0.00877977 -0.04369133 0.66703761
v 0.00001923 -0.04284030 0.66668707
v 0.00001923 -0.04284030 0.66668707
v -0.00879138 -0.04369133 0.66703761
v -0.00879138 -0.04364126 0.66919023
v -0.01725161 -0.04614430 0.67094231
v -0.01725161 -0.04574382 0.67214382
v -0.01725161 -0.04489278 0.67299467
v -0.02506107 -0.04859727 0.67664921
v -0.03191936 -0.05360330 0.68165523
v -0.03752613 -0.05966061 0.68771261
v -0.04168117 -0.06661903 0.69462091
v -0.04423422 -0.07412816 0.70213002
v -0.04513533 -0.08193756 0.70993942
v -0.04423423 -0.08979708 0.71774888
v -0.04168119 -0.09730613 0.72525787
v -0.03752615 -0.10426460 0.73216629
v -0.03191938 -0.11032190 0.73827368
v -0.02506110 -0.11532790 0.74322963
v -0.01725164 -0.11903240 0.74693412
v -0.00879142 -0.12128520 0.74918687
v 0.00001919 -0.12208610 0.74998790
v 0.00877973 -0.12128520 0.74918687
v 0.01723995 -0.11903240 0.74693412
v 0.02504941 -0.11532790 0.74322963
v 0.03190771 -0.11032190 0.73827368
v 0.03751448 -0.10426460 0.73216629
v 0.03751449 -0.10917050 0.72510773
v 0.03751449 -0.11137310 0.71594667
v 0.03751450 -0.11262470 0.69572222
v 0.03751452 -0.11302510 0.66473478
v 0.03751452 -0.11302510 0.66473478
v 0.03751452 -0.11302510 0.66473478
v 0.04166955 -0.10521570 0.66473478
v 0.04166955 -0.10521570 0.66473478
v 0.04166955 -0.10521570 0.66473478
v 0.04422266 -0.09675549 0.66473478
v 0.04422266 -0.09675549 0.66473478
v 0.04422266 -0.09675549 0.66473478
v 0.04512370 -0.08794479 0.66473478
v 0.04512370 -0.08794479 0.66473478
v 0.04422266 -0.07913415 0.66473478
v 0.04422266 -0.07913415 0.66473478
v 0.04166955 -0.07067394 0.66473478
v 0.04166955 -0.07067394 0.66473478
v 0.03751451 -0.06286454 0.66473478
v 0.03751451 -0.06286454 0.66473478
v 0.03190774 -0.05605626 0.66473478
v 0.03190774 -0.05605626 0.66473478
v 0.02504945 -0.05044949 0.66473478
v 0.02504945 -0.05044949 0.66473478
v 0.02504945 -0.05044949 0.66473478
v 0.01723999 -0.04624444 0.66808891
v 0.00877977 -0.04364126 0.66919023
v 0.00001923 -0.04279023 0.66858941
v 0.00001923 -0.04279023 0.66858941
v -0.00879139 -0.04329085 0.67009127
v -0.00879139 -0.04259002 0.67069203
v -0.00879139 -0.04148864 0.67089218
v -0.01725161 -0.04349106 0.67334521
v -0.02506107 -0.04679507 0.67729998
v -0.03191936 -0.05125045 0.68260640
v -0.03752613 -0.05660694 0.68906420
v -0.04168118 -0.06276440 0.69642311
v -0.04423422 -0.06942242 0.70443279
v -0.04513534 -0.07638085 0.71274280
v -0.04423423 -0.08333927 0.72110289
v -0.04168119 -0.08999729 0.72911262
v -0.03752616 -0.09615474 0.73647147
v -0.03191939 -0.10156130 0.74292928
v -0.02506110 -0.10596660 0.74823570
v -0.01725164 -0.10927060 0.75219047
v -0.00879143 -0.11127300 0.75459337
v 0.00001918 -0.11197390 0.75544441
v 0.00877973 -0.11127300 0.75459337
v 0.01723994 -0.10927060 0.75219047
v 0.02504941 -0.10596660 0.74823570
v 0.03190770 -0.10156130 0.74292928
v 0.03751447 -0.09615474 0.73647147
v 0.04166952 -0.09730613 0.72525787
v 0.04166952 -0.10176150 0.71890032
v 0.04166953 -0.10371390 0.71069032
v 0.04166954 -0.10486530 0.69251841
v 0.04422265 -0.09645508 0.68901408
v 0.04512369 -0.08769451 0.68535972
v 0.04422265 -0.07898401 0.68170530
v 0.04166954 -0.07052379 0.67820108
v 0.03751450 -0.06276440 0.67499721
v 0.03190773 -0.05600619 0.67214382
v 0.02504944 -0.05039942 0.66984087
v 0.01723998 -0.04614430 0.67094231
v 0.00877977 -0.04329085 0.67009127
v 0.00001922 -0.04248988 0.66939038
v 0.00001922 -0.04248988 0.66939038
v 0.00001922 -0.04183906 0.66994113
v 0.00001922 -0.04183906 0.66994113
v 0.00001922 -0.04078781 0.67009127
v 0.00001922 -0.04078781 0.67009127
v 0.00001922 -0.03968650 0.66999108
v 0.00001922 -0.03968650 0.66999108
v -0.00879139 -0.04023712 0.67084217
v -0.01725161 -0.04198926 0.67334521
v -0.02506107 -0.04479265 0.67740011
v -0.03191936 -0.04854720 0.68285668
v -0.03752613 -0.05310274 0.68951482
v -0.04168118 -0.05830901 0.69707388
v -0.04423422 -0.06401592 0.70533383
v -0.04513534 -0.06987298 0.71389419
v -0.04423423 -0.07578016 0.72240448
v -0.04168119 -0.08143699 0.73066449
v -0.03752616 -0.08669328 0.73822361
v -0.03191939 -0.09124881 0.74488157
v -0.02506110 -0.09500336 0.75033832
v -0.01725164 -0.09780675 0.75439322
v -0.00879143 -0.09950882 0.75689620
v 0.00001918 -0.10010950 0.75774717
v 0.00877972 -0.09950882 0.75689620
v 0.01723994 -0.09780675 0.75439322
v 0.02504941 -0.09500336 0.75033832
v 0.03190770 -0.09124881 0.74488157
v 0.03751447 -0.08669328 0.73822361
v 0.04166952 -0.08999729 0.72911262
v 0.04422263 -0.08979706 0.71774888
v 0.04422263 -0.09370176 0.71219212
v 0.04422264 -0.09545390 0.70498341
v 0.04512368 -0.08689354 0.69902623
v 0.04422265 -0.07828312 0.69311911
v 0.04166954 -0.07002317 0.68741220
v 0.03751450 -0.06241399 0.68210578
v 0.03190773 -0.05570584 0.67750019
v 0.02504944 -0.05024927 0.67374569
v 0.01723998 -0.04574382 0.67214382
v 0.00877977 -0.04259002 0.67069203
v 0.00877977 -0.04148864 0.67089218
v 0.00877977 -0.04023712 0.67084217
v 0.00877977 -0.03808456 0.67089218
v 0.00001922 -0.03773415 0.67004120
v 0.00001922 -0.03773415 0.67004120
v -0.00879139 -0.03808456 0.67089218
v -0.01725161 -0.03918588 0.67344528
v -0.02506107 -0.04088796 0.67755032
v -0.03191936 -0.04324078 0.68310702
v -0.03752613 -0.04609423 0.68991518
v -0.04168118 -0.04934818 0.69762450
v -0.04423423 -0.05285239 0.70598471
v -0.04513534 -0.05650681 0.71474522
v -0.04423423 -0.06021130 0.72345573
v -0.04168120 -0.06371551 0.73181588
v -0.03752616 -0.06696945 0.73957521
v -0.03191939 -0.06982290 0.74633342
v -0.02506111 -0.07217574 0.75189012
v -0.01725165 -0.07387781 0.75599509
v -0.00879143 -0.07497918 0.75854820
v 0.00001918 -0.07532960 0.75939918
v 0.00877972 -0.07497918 0.75854820
v 0.01723994 -0.07387781 0.75599509
v 0.02504940 -0.07217574 0.75189012
v 0.03190770 -0.06982290 0.74633342
v 0.03751447 -0.06696945 0.73957521
v 0.04166952 -0.08143699 0.73066449
v 0.04422263 -0.08333926 0.72110289
v 0.04512368 -0.08193754 0.70993942
v 0.04512368 -0.08534168 0.70523381
v 0.04422264 -0.07698159 0.69822532
v 0.04166954 -0.06892186 0.69151717
v 0.03751450 -0.06151288 0.68530971
v 0.03190773 -0.05505508 0.67990309
v 0.02504944 -0.04969859 0.67544770
v 0.01723998 -0.04489278 0.67299467
v 0.01723998 -0.04349106 0.67334521
v 0.01723998 -0.04198926 0.67334521
v 0.01723998 -0.03918588 0.67344528
v 0.01723998 -0.03483062 0.67344528
v 0.00877976 -0.03483062 0.67089218
v 0.00001922 -0.03483062 0.66999108
v 0.00001922 -0.03483062 0.66999108
v -0.00879139 -0.03483062 0.67089218
v -0.01725161 -0.03483062 0.67344528
v -0.02506107 -0.03483062 0.67760032
v -0.03191936 -0.03483062 0.68315703
v -0.03752613 -0.03483062 0.68996531
v -0.04168118 -0.03483062 0.69772458
v -0.04423423 -0.03483062 0.70613480
v -0.04513534 -0.03483062 0.71489543
v -0.04423423 -0.03483062 0.72365600
v -0.04168120 -0.03483062 0.73206621
v -0.03752616 -0.03483062 0.73982561
v -0.03191940 -0.03483062 0.74663383
v -0.02506111 -0.03483062 0.75224048
v -0.01725165 -0.03483062 0.75634551
v -0.00879143 -0.03483062 0.75894862
v 0.00001918 -0.03483062 0.75979972
v 0.00877972 -0.03483062 0.75894862
v 0.01723994 -0.03483062 0.75634551
v 0.02504940 -0.03483061 0.75224048
v 0.03190769 -0.03483061 0.74663383
v 0.03751447 -0.03483061 0.73982561
v 0.04166951 -0.03483061 0.73206621
v 0.04166951 -0.06371551 0.73181588
v 0.04422263 -0.07578015 0.72240448
v 0.04512367 -0.07638083 0.71274280
v 0.04422264 -0.07412814 0.70213002
v 0.04166954 -0.06661903 0.69462091
v 0.03751450 -0.05966061 0.68771261
v 0.03190773 -0.05360329 0.68165523
v 0.02504944 -0.04859727 0.67664921
v 0.02504944 -0.04679507 0.67729998
v 0.02504944 -0.04479264 0.67740011
v 0.02504944 -0.04088795 0.67755032
v 0.02504944 -0.03483061 0.67760032
v 0.02499937 -0.01600790 0.67750019
v 0.02499937 -0.01600790 0.67750019
v 0.01723998 -0.01600790 0.67334521
v 0.01723998 -0.01600790 0.67334521
v 0.00877976 -0.01600790 0.67074197
v 0.00877976 -0.01600790 0.67074197
v 0.00001922 -0.01600790 0.66989100
v 0.00001922 -0.01600790 0.66989100
v 0.00001922 -0.01600790 0.66989100
v -0.00879139 -0.01600790 0.67074197
v -0.00879139 -0.01600790 0.67074197
v -0.01720154 -0.01600790 0.67334521
v -0.01720154 -0.01600790 0.67334521
v -0.01720154 -0.01600790 0.67334521
v -0.02501100 -0.01600790 0.67750019
v -0.02501100 -0.01600790 0.67750019
v -0.02501100 -0.01600790 0.67750019
v -0.03181922 -0.01600790 0.68305689
v -0.03181922 -0.01600790 0.68305689
v -0.03742600 -0.01600790 0.68991518
v -0.03742600 -0.01600790 0.68991518
v -0.03742600 -0.01600790 0.68991518
v -0.04158104 -0.01600790 0.69767457
v -0.04158104 -0.01600790 0.69767457
v -0.04158104 -0.01600790 0.69767457
v -0.04413416 -0.01600790 0.70613480
v -0.04413416 -0.01600790 0.70613480
v -0.04498519 -0.01600790 0.71489543
v -0.04498519 -0.01600790 0.71489543
v -0.04413417 -0.01600790 0.72365600
v -0.04413417 -0.01600790 0.72365600
v -0.04158106 -0.01600790 0.73211622
v -0.04158106 -0.01600790 0.73211622
v -0.03742603 -0.01600790 0.73987561
v -0.03742603 -0.01600790 0.73987561
v -0.03181926 -0.01600790 0.74673390
v -0.03181926 -0.01600790 0.74673390
v -0.03181926 -0.01600790 0.74673390
v -0.02501104 -0.01600790 0.75234067
v -0.02501104 -0.01600790 0.75234067
v -0.02501104 -0.01600790 0.75234067
v -0.01720158 -0.01600790 0.75649571
v -0.01720158 -0.01600790 0.75649571
v -0.01720158 -0.01600790 0.75649571
v -0.00879143 -0.01600790 0.75904882
v -0.00879143 -0.01600790 0.75904882
v 0.00001917 -0.01600790 0.75989980
v 0.00001917 -0.01600790 0.75989980
v 0.00877972 -0.01600790 0.75904882
v 0.00877972 -0.01600790 0.75904882
v 0.01723994 -0.01600790 0.75649571
v 0.01723994 -0.01600790 0.75649571
v 0.02499933 -0.01600790 0.75234067
v 0.02499933 -0.01600790 0.75234067
v 0.03180755 -0.01600790 0.74673390
v 0.03180755 -0.01600790 0.74673390
v 0.03741432 -0.01600790 0.73987561
v 0.03741432 -0.01600790 0.73987561
v 0.04156937 -0.01600790 0.73211622
v 0.04156937 -0.01600790 0.73211622
v 0.04156937 -0.01600790 0.73211622
v 0.04412248 -0.01600790 0.72365600
v 0.04412248 -0.01600790 0.72365600
v 0.04412248 -0.01600790 0.72365600
v 0.04502359 -0.01600790 0.71489543
v 0.04502359 -0.01600790 0.71489543
v 0.04502359 -0.01600790 0.71489543
v 0.04422263 -0.03483061 0.72365600
v 0.04422263 -0.06021130 0.72345573
v 0.04512367 -0.06987296 0.71389419
v 0.04422264 -0.06942241 0.70443279
v 0.04166953 -0.06276440 0.69642311
v 0.03751450 -0.05660694 0.68906420
v 0.03190773 -0.05125045 0.68260640
v 0.03190773 -0.04854720 0.68285668
v 0.03190773 -0.04324077 0.68310702
v 0.03190773 -0.03483061 0.68315703
v 0.03180759 -0.01600790 0.68305689
v 0.03180759 -0.01600790 0.68305689
v 0.00001920 -0.01600790 0.71489543
v 0.00001920 -0.01600790 0.71489543
v 0.00001920 -0.01600790 0.71489543
v 0.00001920 -0.01600790 0.71489543
v 0.00001920 -0.01600790 0.71489543
v 0.00001920 -0.01600790 0.71489543
v 0.00001920 -0.01600790 0.71489543
v 0.00001920 -0.01600790 0.71489543
v 0.04412249 -0.01600790 0.70613480
v 0.04412249 -0.01600790 0.70613480
v 0.04412249 -0.01600790 0.70613480
v 0.04512367 -0.03483061 0.71489543
v 0.04512367 -0.05650681 0.71474522
v 0.04422264 -0.06401591 0.70533383
v 0.04166953 -0.05830901 0.69707388
v 0.03751450 -0.05310273 0.68951482
v 0.03751450 -0.04609423 0.68991518
v 0.03751450 -0.03483061 0.68996531
v 0.03741435 -0.01600790 0.68991518
v 0.03741435 -0.01600790 0.68991518
v 0.04156939 -0.01600790 0.69767457
v 0.04156939 -0.01600790 0.69767457
v 0.04156939 -0.01600790 0.69767457
v 0.04422263 -0.03483061 0.70613480
v 0.04422263 -0.05285238 0.70598471
v 0.04166953 -0.04934817 0.69762450
v 0.04166953 -0.03483061 0.69772458
v -0.04258194 -0.04544348 0.07201830
v -0.04258194 -0.04544348 0.07201830
v -0.05009099 -0.05450439 0.05359604
v -0.05009099 -0.05455446 0.07201829
v -0.05009099 -0.05455446 0.07201829
v -0.05564769 -0.06486697 0.04924073
v -0.05564770 -0.06496704 0.07201829
v -0.05564770 -0.06496704 0.07201829
v -0.05564770 -0.06496704 0.07201829
v -0.05910188 -0.07613057 0.04458513
v -0.05910190 -0.07628072 0.07201829
v -0.05910190 -0.07628072 0.07201829
v -0.05910190 -0.07628072 0.07201829
v -0.06025327 -0.08779467 0.03967919
v -0.06025329 -0.08804495 0.07201829
v -0.06025329 -0.08804495 0.07201829
v -0.05910188 -0.09950883 0.03477326
v -0.05910190 -0.09975911 0.07201829
v -0.05910190 -0.09975911 0.07201829
v -0.05569774 -0.11072241 0.03006759
v -0.05564770 -0.11107281 0.07201829
v -0.05564770 -0.11107281 0.07201829
v -0.05009096 -0.12108491 0.02576240
v -0.05009099 -0.12148541 0.07201829
v -0.05009099 -0.12148541 0.07201829
v -0.04263192 -0.13014591 0.02195779
v -0.04258193 -0.13064639 0.07201830
v -0.04258193 -0.13064639 0.07201830
v -0.03347086 -0.13760480 0.01885406
v -0.03347089 -0.13810550 0.07201830
v -0.03347089 -0.13810550 0.07201830
v -0.02305829 -0.14316150 0.01650123
v -0.02305832 -0.14366220 0.07201830
v -0.02305832 -0.14366220 0.07201830
v -0.01179468 -0.14656571 0.01509951
v -0.01174464 -0.14711630 0.07201831
v -0.01174464 -0.14711630 0.07201831
v -0.00003048 -0.14771710 0.01459890
v 0.00001955 -0.14826781 0.07201832
v 0.00001955 -0.14826781 0.07201832
v 0.01173371 -0.14656571 0.01509953
v 0.01173368 -0.14711630 0.07201833
v 0.01173368 -0.14711630 0.07201833
v 0.02304738 -0.14316150 0.01650125
v 0.02304735 -0.14366220 0.07201833
v 0.02304735 -0.14366220 0.07201833
v 0.03345996 -0.13760480 0.01885410
v 0.03345994 -0.13810550 0.07201833
v 0.03345994 -0.13810550 0.07201833
v 0.04257100 -0.13014591 0.02195783
v 0.04262104 -0.13064639 0.07201834
v 0.04262104 -0.13064639 0.07201834
v 0.05008006 -0.12108489 0.02576246
v 0.05008003 -0.12148539 0.07201835
v 0.05008003 -0.12148539 0.07201835
v 0.05008003 -0.12148539 0.07201835
v 0.05563676 -0.11072239 0.03006765
v 0.05563673 -0.11107279 0.07201835
v 0.05563673 -0.11107279 0.07201835
v 0.05563673 -0.11107279 0.07201835
v 0.05909096 -0.09945874 0.03477332
v 0.05909094 -0.09975909 0.07201835
v 0.05909094 -0.09975909 0.07201835
v 0.05909094 -0.09975909 0.07201835
v 0.06024234 -0.08779465 0.03967926
v 0.06024232 -0.08804493 0.07201835
v 0.06024232 -0.08804493 0.07201835
v 0.05909094 -0.07628071 0.07201835
v 0.05909094 -0.07628071 0.07201835
v 0.05909094 -0.07628071 0.07201835
v 0.05909095 -0.07608049 0.04458519
v 0.05909096 -0.07598035 0.03312131
v 0.06024234 -0.08764444 0.02596268
v 0.05909096 -0.09925847 0.01880404
v 0.05563676 -0.11042199 0.01194575
v 0.05008007 -0.12073449 0.00558802
v 0.04257101 -0.12974531 0.00003136
v 0.03345998 -0.13715430 -0.00457416
v 0.02304740 -0.14266101 -0.00792824
v 0.01173373 -0.14606510 -0.01003079
v -0.00003046 -0.14721639 -0.01073163
v -0.01174459 -0.14606510 -0.01003081
v -0.02305827 -0.14266101 -0.00792826
v -0.03347085 -0.13715430 -0.00457420
v -0.04263191 -0.12974531 0.00003131
v -0.05009095 -0.12073451 0.00558797
v -0.05564767 -0.11042201 0.01194569
v -0.05910187 -0.09925849 0.01880398
v -0.06025327 -0.08764446 0.02596262
v -0.05910188 -0.07598037 0.03312125
v -0.05564769 -0.06481690 0.04002961
v -0.05009098 -0.05450439 0.04638734
v -0.04258193 -0.04549348 0.05194405
v -0.04263195 -0.04544348 0.05740062
v -0.03347090 -0.03793436 0.07201830
v -0.03347090 -0.03793436 0.07201830
v 0.00001955 -0.08804494 0.07201832
v 0.00001955 -0.08804494 0.07201832
v 0.00001955 -0.08804494 0.07201832
v 0.00001955 -0.08804494 0.07201832
v 0.00001955 -0.08804494 0.07201832
v 0.05563673 -0.06496702 0.07201835
v 0.05563673 -0.06496702 0.07201835
v 0.05563673 -0.06496702 0.07201835
v 0.05563674 -0.06486695 0.04929086
v 0.05563674 -0.06481688 0.04002967
v 0.05563674 -0.06281446 0.03151938
v 0.05909096 -0.07352738 0.02255859
v 0.06024235 -0.08464085 0.01324734
v 0.05909097 -0.09575425 0.00393608
v 0.05563677 -0.10646720 -0.00497463
v 0.05008008 -0.11632910 -0.01323464
v 0.04262109 -0.12493949 -0.02044335
v 0.03345999 -0.13204810 -0.02640054
v 0.02304741 -0.13730450 -0.03080587
v 0.01173374 -0.14055841 -0.03350918
v 0.00001961 -0.14165971 -0.03441029
v -0.01174458 -0.14055841 -0.03350920
v -0.02305826 -0.13730450 -0.03080589
v -0.03347084 -0.13204810 -0.02640058
v -0.04258189 -0.12493950 -0.02044339
v -0.05009094 -0.11632911 -0.01323470
v -0.05564766 -0.10646721 -0.00497469
v -0.05910186 -0.09575427 0.00393602
v -0.06025326 -0.08464087 0.01324728
v -0.05910187 -0.07347733 0.02255853
v -0.05564769 -0.06281447 0.03151932
v -0.05009098 -0.05295252 0.03977934
v -0.04258193 -0.04429203 0.04698805
v -0.03347089 -0.03718346 0.05289516
v -0.03347089 -0.03808456 0.05649952
v -0.03347089 -0.03798443 0.06050441
v -0.02305833 -0.03237766 0.07201830
v -0.02305833 -0.03237766 0.07201830
v -0.01174465 -0.02892345 0.07201831
v -0.01174465 -0.02892345 0.07201831
v 0.00001954 -0.02777206 0.07201832
v 0.00001954 -0.02777206 0.07201832
v 0.00001954 -0.02777206 0.07201832
v 0.01173367 -0.02892345 0.07201833
v 0.01173367 -0.02892345 0.07201833
v 0.02304734 -0.03237766 0.07201833
v 0.02304734 -0.03237766 0.07201833
v 0.03345993 -0.03793436 0.07201833
v 0.03345993 -0.03793436 0.07201833
v 0.04262104 -0.04544347 0.07201834
v 0.04262104 -0.04544347 0.07201834
v 0.05008003 -0.05455446 0.07201835
v 0.05008003 -0.05455446 0.07201835
v 0.05008003 -0.05450439 0.05359609
v 0.05008004 -0.05450439 0.04638740
v 0.05008004 -0.05295252 0.03977939
v 0.05563675 -0.05941033 0.02741447
v 0.05909096 -0.06937234 0.01740232
v 0.06024235 -0.07973491 0.00698975
v 0.05909098 -0.09009741 -0.00342276
v 0.05563677 -0.10010950 -0.01343485
v 0.05008008 -0.10927059 -0.02264603
v 0.04262109 -0.11733029 -0.03070578
v 0.03345999 -0.12393830 -0.03736380
v 0.02304741 -0.12884431 -0.04226975
v 0.01173375 -0.13189790 -0.04532342
v 0.00001962 -0.13289919 -0.04632467
v -0.01174457 -0.13189790 -0.04532344
v -0.02305826 -0.12884431 -0.04226977
v -0.03347083 -0.12393830 -0.03736384
v -0.04258188 -0.11733030 -0.03070582
v -0.05009094 -0.10927061 -0.02264609
v -0.05564766 -0.10010951 -0.01343491
v -0.05910186 -0.09009743 -0.00342283
v -0.06025326 -0.07973493 0.00698968
v -0.05910187 -0.06937236 0.01740226
v -0.05564768 -0.05941033 0.02741441
v -0.05009098 -0.05019921 0.03662553
v -0.04258193 -0.04213947 0.04468528
v -0.03347088 -0.03553146 0.05134330
v -0.02305832 -0.03192710 0.05730049
v -0.02305832 -0.03257787 0.05990367
v -0.02305832 -0.03242772 0.06280719
v -0.01174464 -0.02902358 0.06425893
v -0.00003051 -0.02787220 0.06475955
v -0.00003051 -0.02787220 0.06475955
v 0.01173368 -0.02902358 0.06425894
v 0.02304735 -0.03242772 0.06285729
v 0.03345993 -0.03798443 0.06050445
v 0.04257097 -0.04544347 0.05740066
v 0.04257098 -0.04549348 0.05194409
v 0.04262105 -0.04429203 0.04698809
v 0.05008005 -0.05019921 0.03662559
v 0.05563675 -0.05435419 0.02496150
v 0.05909096 -0.06321494 0.01424852
v 0.06024236 -0.07242607 0.00313512
v 0.05909098 -0.08163720 -0.00797829
v 0.05563678 -0.09054796 -0.01869121
v 0.05008008 -0.09870784 -0.02855315
v 0.04262109 -0.10586649 -0.03716359
v 0.03345999 -0.11172360 -0.04427216
v 0.02304742 -0.11607880 -0.04952852
v 0.01173375 -0.11878210 -0.05278246
v 0.00001962 -0.11968320 -0.05388379
v -0.01174457 -0.11878210 -0.05278248
v -0.02305825 -0.11607880 -0.04952854
v -0.03347083 -0.11172360 -0.04427220
v -0.04258188 -0.10586650 -0.03716363
v -0.05009094 -0.09870785 -0.02855321
v -0.05564765 -0.09054798 -0.01869127
v -0.05910186 -0.08163721 -0.00797835
v -0.06025325 -0.07242609 0.00313505
v -0.05910187 -0.06321496 0.01424846
v -0.05564768 -0.05435419 0.02496144
v -0.05009098 -0.04619437 0.03482332
v -0.04258193 -0.03903567 0.04343376
v -0.03347088 -0.03312855 0.05054233
v -0.02305832 -0.03062552 0.05624925
v -0.01174464 -0.02867317 0.06005387
v -0.01174464 -0.02917379 0.06200622
v 0.00001955 -0.02802240 0.06270706
v 0.00001955 -0.02802240 0.06270706
v 0.01173368 -0.02917379 0.06200624
v 0.02304735 -0.03257786 0.05990369
v 0.03345994 -0.03808456 0.05649956
v 0.03345994 -0.03718346 0.05289520
v 0.04262105 -0.04213947 0.04468532
v 0.05008005 -0.04619437 0.03482338
v 0.05563675 -0.04839700 0.02391019
v 0.05909096 -0.05590611 0.01289686
v 0.06024235 -0.06371550 0.00143305
v 0.05909098 -0.07157503 -0.01003077
v 0.05563678 -0.07908408 -0.02104410
v 0.05008008 -0.08599244 -0.03120633
v 0.04262110 -0.09204976 -0.04011712
v 0.03345999 -0.09705585 -0.04742596
v 0.02304742 -0.10076030 -0.05288260
v 0.01173375 -0.10301300 -0.05623661
v 0.00001962 -0.10376390 -0.05733799
v -0.01174457 -0.10301300 -0.05623663
v -0.02305825 -0.10076030 -0.05288262
v -0.03347083 -0.09705585 -0.04742600
v -0.04258188 -0.09204977 -0.04011716
v -0.05009094 -0.08599246 -0.03120639
v -0.05564765 -0.07908410 -0.02104416
v -0.05910186 -0.07157505 -0.01003083
v -0.06025326 -0.06371552 0.00143298
v -0.05910187 -0.05590611 0.01289680
v -0.05564768 -0.04839700 0.02391013
v -0.05009098 -0.04148864 0.03407243
v -0.04258193 -0.03543133 0.04298321
v -0.03347088 -0.03042531 0.05029205
v -0.02305832 -0.02877330 0.05579869
v -0.01174464 -0.02762192 0.05930297
v 0.00001955 -0.02757185 0.06095492
v 0.00001955 -0.02757185 0.06095492
v 0.01173368 -0.02867317 0.06005389
v 0.02304735 -0.03192710 0.05730051
v 0.03345994 -0.03553146 0.05134334
v 0.04262105 -0.03903567 0.04343380
v 0.05008005 -0.04148864 0.03407248
v 0.05563675 -0.04223954 0.02370998
v 0.05909096 -0.04834693 0.01259651
v 0.06024235 -0.05465459 0.00098252
v 0.05909098 -0.06101226 -0.01058146
v 0.05563678 -0.06711964 -0.02169486
v 0.05008009 -0.07272641 -0.03195729
v 0.04262110 -0.07763235 -0.04096815
v 0.03345999 -0.08168727 -0.04832706
v 0.02304742 -0.08469086 -0.05378370
v 0.01173375 -0.08649307 -0.05718778
v 0.00001962 -0.08714383 -0.05833917
v -0.01174457 -0.08649307 -0.05718780
v -0.02305825 -0.08469086 -0.05378372
v -0.03347083 -0.08168727 -0.04832710
v -0.04258188 -0.07763236 -0.04096819
v -0.05009094 -0.07272643 -0.03195735
v -0.05564765 -0.06711966 -0.02169492
v -0.05910186 -0.06101226 -0.01058152
v -0.06025326 -0.05465459 0.00098245
v -0.05910187 -0.04834693 0.01259645
v -0.05564768 -0.04223954 0.02370992
v -0.05009098 -0.03663277 0.03397229
v -0.04258193 -0.03172689 0.04293314
v -0.03347088 -0.02767199 0.05034212
v -0.02305832 -0.02672082 0.05569856
v -0.01174464 -0.02612006 0.05905263
v 0.00001955 -0.02657061 0.06030416
v 0.00001955 -0.02657061 0.06030416
v 0.01173368 -0.02762192 0.05930299
v 0.02304735 -0.03062552 0.05624927
v 0.03345994 -0.03312854 0.05054237
v 0.04262105 -0.03543132 0.04298325
v 0.05008005 -0.03663277 0.03397235
v 0.05563675 -0.03638249 0.02340957
v 0.05909096 -0.04108816 0.01219603
v 0.06024235 -0.04594403 0.00053197
v 0.05909098 -0.05084997 -0.01113209
v 0.05563677 -0.05550563 -0.02234563
v 0.05008008 -0.05986088 -0.03270819
v 0.04262109 -0.06366549 -0.04176912
v 0.03345999 -0.06676924 -0.04922817
v 0.02304742 -0.06907200 -0.05473481
v 0.01173375 -0.07047373 -0.05813895
v 0.00001962 -0.07097429 -0.05929034
v -0.01174457 -0.07047373 -0.05813897
v -0.02305825 -0.06907200 -0.05473483
v -0.03347083 -0.06676924 -0.04922821
v -0.04258188 -0.06366550 -0.04176916
v -0.05009094 -0.05986089 -0.03270825
v -0.05564766 -0.05550563 -0.02234569
v -0.05910186 -0.05084997 -0.01113215
v -0.06025326 -0.04594404 0.00053191
v -0.05910187 -0.04108816 0.01219597
v -0.05564768 -0.03638249 0.02340951
v -0.05009098 -0.03202724 0.03372201
v -0.04258193 -0.02827268 0.04278294
v -0.03347088 -0.02516895 0.05024198
v -0.02305832 -0.02466833 0.05579869
v -0.01174464 -0.02446812 0.05905263
v 0.00001955 -0.02516895 0.06015396
v 0.00001955 -0.02516895 0.06015396
v 0.01173368 -0.02612006 0.05905265
v 0.02304735 -0.02877330 0.05579871
v 0.03345994 -0.03042531 0.05029209
v 0.04262105 -0.03172689 0.04293318
v 0.05008005 -0.03202724 0.03372207
v 0.05008004 -0.01660859 0.03347179
v 0.05563675 -0.01660858 0.02305915
v 0.05909096 -0.01660858 0.01174548
v 0.06024235 -0.01660858 -0.00001869
v 0.05909098 -0.01660858 -0.01173284
v 0.05563677 -0.01660858 -0.02304652
v 0.05008008 -0.01660859 -0.03345909
v 0.04262109 -0.01660859 -0.04262016
v 0.03345999 -0.01660859 -0.05007920
v 0.02304741 -0.01660859 -0.05563591
v 0.01173374 -0.01660859 -0.05909006
v 0.00001961 -0.01660859 -0.06024152
v -0.01174458 -0.01660859 -0.05909008
v -0.02305826 -0.01660859 -0.05563593
v -0.03347084 -0.01660859 -0.05007924
v -0.04258189 -0.01660859 -0.04262020
v -0.05009094 -0.01660859 -0.03345915
v -0.05564766 -0.01660860 -0.02304658
v -0.05910186 -0.01660860 -0.01173290
v -0.06025326 -0.01660860 -0.00001876
v -0.05910188 -0.01660860 0.01174542
v -0.05564768 -0.01660860 0.02305909
v -0.05009098 -0.01660859 0.03347173
v -0.04258193 -0.01660859 0.04258273
v -0.03347089 -0.01660859 0.05009178
v -0.02305832 -0.02281612 0.05574863
v -0.01174464 -0.02281612 0.05920283
v 0.00001955 -0.02371716 0.06020402
v 0.00001955 -0.02371716 0.06020402
v 0.01173368 -0.02446812 0.05905265
v 0.02304735 -0.02672082 0.05569858
v 0.03345994 -0.02767199 0.05034216
v 0.04262105 -0.02827268 0.04278298
v 0.04262105 -0.01660859 0.04258277
v 0.03345994 0.00001148 0.05009182
v 0.03345994 0.00001148 0.05009182
v 0.04262105 0.00001148 0.04258277
v 0.04262105 0.00001148 0.04258277
v 0.05008004 0.00001148 0.03347179
v 0.05008004 0.00001148 0.03347179
v 0.05563675 0.00001148 0.02305915
v 0.05563675 0.00001148 0.02305915
v 0.05909096 0.00001148 0.01174548
v 0.05909096 0.00001148 0.01174548
v 0.06024235 0.00001148 -0.00001869
v 0.06024235 0.00001148 -0.00001869
v 0.05909098 0.00001148 -0.01173284
v 0.05909098 0.00001148 -0.01173284
v 0.05563677 0.00001148 -0.02304652
v 0.05563677 0.00001148 -0.02304652
v 0.05008008 0.00001148 -0.03345909
v 0.05008008 0.00001148 -0.03345909
v 0.04262109 0.00001148 -0.04262016
v 0.04262109 0.00001148 -0.04262016
v 0.03345999 0.00001148 -0.05007920
v 0.03345999 0.00001148 -0.05007920
v 0.02304741 0.00001148 -0.05563591
v 0.02304741 0.00001148 -0.05563591
v 0.01173374 0.00001147 -0.05909006
v 0.01173374 0.00001147 -0.05909006
v 0.00001961 0.00001147 -0.06024152
v 0.00001961 0.00001147 -0.06024152
v -0.01174458 0.00001147 -0.05909008
v -0.01174458 0.00001147 -0.05909008
v -0.02305826 0.00001147 -0.05563593
v -0.02305826 0.00001147 -0.05563593
v -0.03347084 0.00001147 -0.05007924
v -0.03347084 0.00001147 -0.05007924
v -0.04258189 0.00001147 -0.04262020
v -0.04258189 0.00001147 -0.04262020
v -0.05009094 0.00001147 -0.03345915
v -0.05009094 0.00001147 -0.03345915
v -0.05564766 0.00001147 -0.02304658
v -0.05564766 0.00001147 -0.02304658
v -0.05910186 0.00001147 -0.01173290
v -0.05910186 0.00001147 -0.01173290
v -0.06025326 0.00001147 -0.00001876
v -0.06025326 0.00001147 -0.00001876
v -0.05910188 0.00001147 0.01174542
v -0.05910188 0.00001147 0.01174542
v -0.05564768 0.00001147 0.02305909
v -0.05564768 0.00001147 0.02305909
v -0.05009098 0.00001147 0.03347173
v -0.05009098 0.00001147 0.03347173
v -0.04258193 0.00001147 0.04258273
v -0.04258193 0.00001147 0.04258273
v -0.03347089 0.00001147 0.05009178
v -0.03347089 0.00001147 0.05009178
v -0.02305832 0.00001147 0.05564855
v -0.02305832 0.00001147 0.05564855
v -0.02305832 -0.01660859 0.05564855
v -0.01174464 -0.02141439 0.05915277
v 0.00001955 -0.02221536 0.06030416
v 0.00001955 -0.02221536 0.06030416
v 0.01173368 -0.02281612 0.05920285
v 0.02304735 -0.02466833 0.05579871
v 0.03345994 -0.02516895 0.05024202
v 0.03345994 -0.01660859 0.05009182
v 0.02304735 0.00001148 0.05564857
v 0.02304735 0.00001148 0.05564857
v 0.00001958 0.00001147 -0.00001872
v -0.01174464 0.00001147 0.05910270
v -0.01174464 0.00001147 0.05910270
v -0.01174464 -0.01660859 0.05910270
v 0.00001955 -0.02091377 0.06030416
v 0.00001955 -0.02091377 0.06030416
v 0.01173368 -0.02141439 0.05915279
v 0.02304735 -0.02281612 0.05574865
v 0.02304735 -0.01660859 0.05564857
v 0.01173368 0.00001147 0.05910272
v 0.01173368 0.00001147 0.05910272
v 0.00001955 0.00001147 0.06025409
v 0.00001955 0.00001147 0.06025409
v 0.00001955 0.00001147 0.06025409
v 0.00001955 -0.01660859 0.06025409
v 0.00001955 -0.01660859 0.06025409
v 0.01173368 -0.01660859 0.05910272
vn -0.70910615 0.70482856 -0.01962807
vn -0.83399385 0.55148596 -0.01782188
vn -0.73594552 0.66786605 -0.11108179
vn -0.85210192 0.51666313 -0.08355680
vn -0.92555988 0.37838221 -0.01288386
vn -0.93441272 0.35169870 -0.05640205
vn -0.98119420 0.19289561 -0.00703119
vn -0.98431808 0.17400241 -0.02900075
vn -0.99999827 -0.00186637 -0.00013796
vn -0.99997169 -0.00738582 -0.00143617
vn -0.98095459 -0.19411498 0.00689740
vn -0.98176378 -0.18835390 0.02574062
vn -0.92471272 -0.38040170 0.01416770
vn -0.93027443 -0.36307690 0.05257961
vn -0.83316392 -0.55264288 0.02058800
vn -0.84414917 -0.53060645 0.07660904
vn -0.70969975 -0.70399827 0.02669862
vn -0.72593528 -0.68043429 0.10013581
vn -0.55923945 -0.82839239 0.03189694
vn -0.57720482 -0.80767614 0.12039079
vn -0.38453415 -0.92243105 0.03541889
vn -0.40254638 -0.90507907 0.13707079
vn -0.19713172 -0.97964060 0.03799409
vn -0.20641418 -0.96753627 0.14583109
vn 0.00001795 -0.99921590 0.03959447
vn 0.00001975 -0.98863369 0.15034459
vn 0.20638281 -0.96756518 0.14568371
vn 0.19725217 -0.97961652 0.03798923
vn 0.40262833 -0.90511411 0.13659790
vn 0.38436687 -0.92249686 0.03552021
vn 0.57689208 -0.80786914 0.12059452
vn 0.55917036 -0.82843864 0.03190720
vn 0.55587274 -0.83121371 0.00945485
vn 0.00000054 0.00000000 -1.00000000
vn 0.38295630 -0.92368746 0.01208970
vn 0.00000054 0.00000000 -1.00000000
vn 0.19482599 -0.98076719 0.01177279
vn 0.00000054 0.00000000 -1.00000000
vn 0.00002686 -0.99992907 0.01190644
vn 0.00000054 0.00000000 -1.00000000
vn -0.19502081 -0.98073047 0.01160271
vn 0.00000054 0.00000000 -1.00000000
vn 0.00000054 0.00000000 -1.00000000
vn -0.38271502 -0.92379528 0.01148233
vn 0.00000054 0.00000000 -1.00000000
vn -0.55553603 -0.83143806 0.00952506
vn 0.00000994 0.00000000 -1.00000000
vn 0.00000054 0.00000000 -1.00000000
vn -0.70637256 -0.70779169 0.00829748
vn 0.00000054 0.00000000 -1.00000000
vn -0.83125144 -0.55585408 0.00688979
vn 0.00000994 0.00000000 -1.00000000
vn -0.00000181 -0.00000000 -1.00000000
vn 0.00000054 0.00000000 -1.00000000
vn -0.92375332 -0.38296789 0.00393818
vn -0.98062110 -0.19590040 0.00231285
vn -0.00000181 -0.00000000 -1.00000000
vn 0.00000054 0.00000000 -1.00000000
vn 0.00000054 0.00000000 -1.00000000
vn -0.99999970 -0.00079037 0.00001845
vn 0.00000054 0.00000000 -1.00000000
vn -0.98085058 0.19474851 -0.00224470
vn -0.92371309 0.38306630 -0.00380297
vn 0.00000054 0.00000000 -1.00000000
vn -0.83152187 0.55546743 -0.00524637
vn 0.00000054 0.00000000 -1.00000000
vn 0.00000054 0.00000000 -1.00000000
vn -0.70706028 0.70711994 -0.00686695
vn -0.00000885 -0.00000000 -1.00000000
vn 0.00000054 0.00000000 -1.00000000
vn -0.55530447 0.83162934 -0.00544018
vn 0.00000991 0.00000000 -1.00000000
vn -0.19409579 0.98098260 0.00005120
vn 0.00000054 0.00000000 -1.00000000
vn -0.38149479 0.92436266 -0.00392571
vn 0.00000991 0.00000000 -1.00000000
vn -0.00000885 -0.00000000 -1.00000000
vn -0.38251039 0.92382115 -0.01550432
vn -0.55686754 0.83037806 -0.01925754
vn -0.58826560 0.79670435 -0.13858502
vn -0.63670278 0.67129964 -0.37942922
vn -0.77591336 0.55970472 -0.29101372
vn -0.87848437 0.42773271 -0.21286218
vn -0.94814312 0.28689352 -0.13680960
vn -0.98806012 0.13896442 -0.06652885
vn -0.99994028 -0.01075241 0.00191319
vn -0.98442608 -0.16173530 0.06889999
vn -0.94063664 -0.31176150 0.13419209
vn -0.86684656 -0.45707259 0.19915263
vn -0.75854206 -0.59719998 0.26070300
vn -0.61434013 -0.72265077 0.31679988
vn -0.43651324 -0.82233506 0.36499515
vn -0.22622854 -0.88987118 0.39616898
vn 0.00000494 -0.91292369 0.40813020
vn 0.22618326 -0.88987988 0.39617533
vn 0.43649316 -0.82234311 0.36500064
vn 0.61426598 -0.72262555 0.31700101
vn 0.75840855 -0.59736127 0.26072231
vn 0.72591811 -0.68044114 0.10021329
vn 0.70975459 -0.70394832 0.02655484
vn 0.00000054 0.00000000 -1.00000000
vn -0.00000887 -0.00000000 -1.00000000
vn 0.70634067 -0.70782232 0.00839748
vn -0.00000885 -0.00000000 -1.00000000
vn -0.00000474 -0.00000000 -1.00000000
vn -0.00000181 -0.00000000 -1.00000000
vn 0.00000991 0.00000000 -1.00000000
vn 0.00000875 0.00000000 -1.00000000
vn -0.00000887 -0.00000000 -1.00000000
vn 0.00000994 0.00000000 -1.00000000
vn 0.00000289 0.00000000 -1.00000000
vn 0.00000054 0.00000000 -1.00000000
vn -0.00003213 0.99999583 0.00289446
vn 0.00000054 0.00000000 -1.00000000
vn 0.00004502 0.99999589 0.00289631
vn 0.00000054 0.00000000 -1.00000000
vn -0.00000474 -0.00000000 -1.00000000
vn 0.19444111 0.98091358 0.00107954
vn 0.00000875 0.00000000 -1.00000000
vn -0.00000474 -0.00000000 -1.00000000
vn 0.38260311 0.92390919 -0.00260911
vn 0.19483291 0.98078078 -0.01045056
vn 0.00004667 0.99998259 -0.00590742
vn -0.00002359 0.99998259 -0.00590616
vn -0.19451089 0.98085630 -0.00929712
vn -0.21470238 0.95762509 -0.19198212
vn -0.41418460 0.89466804 -0.16739252
vn -0.45741922 0.75353354 -0.47218093
vn -0.45560491 0.44249708 -0.77241224
vn -0.64290923 0.42139554 -0.63960427
vn -0.78551894 0.36455914 -0.50005674
vn -0.88688481 0.28363100 -0.36467639
vn -0.95264149 0.19161271 -0.23613331
vn -0.98930425 0.09460076 -0.11103113
vn -0.99992388 -0.00737408 0.00989807
vn -0.98562247 -0.11021739 0.12806557
vn -0.94531864 -0.21425809 0.24589910
vn -0.87627459 -0.31799409 0.36197072
vn -0.77310026 -0.42063305 0.47474629
vn -0.63253051 -0.51660228 0.57708502
vn -0.45168731 -0.59568638 0.66418093
vn -0.23755473 -0.64970952 0.72211170
vn -0.00000353 -0.66949880 0.74281323
vn 0.23727967 -0.64974892 0.72216684
vn 0.45164231 -0.59577227 0.66413456
vn 0.63270616 -0.51639664 0.57707673
vn 0.77306670 -0.42108834 0.47439691
vn 0.87625974 -0.31797910 0.36201957
vn 0.86684537 -0.45707402 0.19915436
vn 0.84414947 -0.53060603 0.07661013
vn 0.83316368 -0.55264372 0.02057603
vn -0.00000887 -0.00000000 -1.00000000
vn 0.00000054 0.00000000 -1.00000000
vn 0.83120453 -0.55592501 0.00683090
vn 0.00000289 0.00000000 -1.00000000
vn 0.92352885 -0.38349542 0.00509788
vn 0.00000054 0.00000000 -1.00000000
vn 0.00000054 0.00000000 -1.00000000
vn 0.00000289 0.00000000 -1.00000000
vn 0.98061413 -0.19593521 0.00230442
vn 0.00000054 0.00000000 -1.00000000
vn 0.99999982 -0.00068902 0.00012474
vn 0.00000054 0.00000000 -1.00000000
vn 0.98086047 0.19469899 -0.00225926
vn 0.92430592 0.38163349 -0.00379185
vn 0.00000054 0.00000000 -1.00000000
vn 0.83161986 0.55531728 -0.00558314
vn 0.00000054 0.00000000 -1.00000000
vn 0.00000054 0.00000000 -1.00000000
vn 0.70635736 0.70783657 -0.00517563
vn 0.00000054 0.00000000 -1.00000000
vn 0.00000875 0.00000000 -1.00000000
vn 0.55531865 0.83162034 -0.00537610
vn 0.38291422 0.92363083 -0.01681468
vn 0.21470001 0.95763010 -0.19195978
vn -0.00113991 0.97903311 -0.20369799
vn -0.00109265 0.97903311 -0.20369850
vn -0.23980887 0.79385757 -0.55882192
vn -0.23369726 0.42399496 -0.87499362
vn -0.19570337 0.06158457 -0.97872764
vn -0.39757943 0.11397486 -0.91046166
vn -0.58722758 0.14979346 -0.79544067
vn -0.74388087 0.15597583 -0.64985603
vn -0.86199439 0.13362662 -0.48898837
vn -0.94148910 0.09571431 -0.32316691
vn -0.98643434 0.05018421 -0.15629794
vn -0.99995208 0.00011205 0.00978947
vn -0.98352873 -0.05335440 0.17269868
vn -0.93724871 -0.10908158 0.33115891
vn -0.86042303 -0.16348247 0.48264456
vn -0.74967366 -0.21628816 0.62546706
vn -0.60517085 -0.26454136 0.75085711
vn -0.42720643 -0.30490231 0.85119283
vn -0.22133227 -0.33206654 0.91692090
vn 0.00032855 -0.34040359 0.94027942
vn 0.22147344 -0.33188427 0.91695285
vn 0.42694479 -0.30482167 0.85135305
vn 0.60507071 -0.26447964 0.75095952
vn 0.74967182 -0.21628325 0.62547070
vn 0.86042297 -0.16348222 0.48264474
vn 0.94529867 -0.21431281 0.24592800
vn 0.94061995 -0.31180692 0.13420351
vn 0.92986083 -0.36431771 0.05129977
vn 0.92472273 -0.38037670 0.01419171
vn 0.98095828 -0.19409642 0.00690203
vn 0.99999797 -0.00202003 0.00012534
vn 0.98122132 0.19275708 -0.00703228
vn 0.92551363 0.37849468 -0.01289401
vn 0.83397776 0.55151558 -0.01765396
vn 0.70906854 0.70486736 -0.01959309
vn 0.55677587 0.83043939 -0.01927047
vn 0.41418481 0.89466828 -0.16739067
vn 0.23978673 0.79386133 -0.55882621
vn 0.00002483 0.80163372 -0.59781557
vn -0.00001008 0.80162728 -0.59782422
vn 0.00132469 0.40540519 -0.91413617
vn 0.00127123 0.40541419 -0.91413218
vn -0.00003952 0.03328943 -0.99944592
vn 0.00003025 0.03329581 -0.99944562
vn 0.00004429 -0.02919840 -0.99957371
vn -0.00004703 -0.02919870 -0.99957371
vn -0.18760218 -0.01511462 -0.98212880
vn -0.37621140 0.01542505 -0.92640549
vn -0.55647856 0.04038883 -0.82987982
vn -0.71333695 0.05000364 -0.69903517
vn -0.83872682 0.04896687 -0.54234648
vn -0.92916733 0.03793875 -0.36770761
vn -0.98272675 0.02196511 -0.18375422
vn -0.99998963 0.00100187 0.00444168
vn -0.98143202 -0.02104821 0.19065218
vn -0.92814571 -0.04330470 0.36968929
vn -0.84122741 -0.06675912 0.53654432
vn -0.72176528 -0.08624994 0.68674296
vn -0.57256663 -0.10489956 0.81311971
vn -0.39759746 -0.11995744 0.90968484
vn -0.20415321 -0.12823771 0.97050339
vn -0.00014553 -0.13183960 0.99127108
vn 0.20399609 -0.12845488 0.97050774
vn 0.39760181 -0.11985606 0.90969634
vn 0.57256746 -0.10489955 0.81311911
vn 0.72181517 -0.08609741 0.68670964
vn 0.84140921 -0.06611279 0.53633928
vn 0.93721253 -0.10908422 0.33126050
vn 0.98562223 -0.11021711 0.12806661
vn 0.98445004 -0.16158681 0.06890475
vn 0.98178250 -0.18825981 0.02571671
vn 0.99997407 -0.00693241 -0.00196135
vn 0.98430949 0.17405269 -0.02899277
vn 0.93442982 0.35165200 -0.05640862
vn 0.85189420 0.51695204 -0.08388706
vn 0.73601210 0.66778678 -0.11111710
vn 0.58824772 0.79672474 -0.13854349
vn 0.45741859 0.75353455 -0.47218007
vn 0.23369555 0.42396483 -0.87500876
vn 0.19571122 0.06162967 -0.97872311
vn 0.18760273 -0.01511649 -0.98212880
vn 0.19431081 0.00811274 -0.98090661
vn 0.00004093 0.00489360 -0.99998808
vn -0.00001287 0.00490421 -0.99998802
vn -0.19430348 0.00812577 -0.98090780
vn -0.38198370 0.01419296 -0.92406011
vn -0.55514491 0.01919032 -0.83153230
vn -0.70767295 0.01958394 -0.70626879
vn -0.83303088 0.01773171 -0.55294222
vn -0.92491484 0.01291571 -0.37995511
vn -0.98118597 0.00691626 -0.19294122
vn -0.99999762 0.00078188 0.00205958
vn -0.98066759 -0.00689587 0.19555968
vn -0.92405760 -0.01420237 0.38198930
vn -0.83205950 -0.02060348 0.55430389
vn -0.70828837 -0.02670770 0.70541787
vn -0.55756754 -0.03190343 0.82951838
vn -0.38433272 -0.03542658 0.92251480
vn -0.19599242 -0.03839953 0.97985327
vn 0.00014331 -0.03882384 0.99924612
vn 0.19593878 -0.03805277 0.97987753
vn 0.38445228 -0.03540375 0.92246580
vn 0.55756861 -0.03190327 0.82951772
vn 0.70829642 -0.02679997 0.70540625
vn 0.83206183 -0.02060549 0.55430013
vn 0.92811722 -0.04320565 0.36977249
vn 0.98352838 -0.05335435 0.17269993
vn 0.99992382 -0.00737378 0.00989890
vn 0.99994308 -0.01050493 0.00187832
vn 0.98805225 0.13898969 -0.06659478
vn 0.94814366 0.28689200 -0.13680899
vn 0.87845147 0.42886239 -0.21071333
vn 0.77591354 0.55970478 -0.29101390
vn 0.63670349 0.67129904 -0.37942868
vn 0.45560560 0.44249752 -0.77241164
vn 0.39749756 0.11398764 -0.91049588
vn 0.37625080 0.01562479 -0.92638624
vn 0.38201800 0.01420274 -0.92404580
vn 0.38099581 -0.00250890 -0.92457354
vn 0.19373103 -0.00458054 -0.98104405
vn 0.00003162 -0.00590861 -0.99998259
vn -0.00004543 -0.00591177 -0.99998259
vn -0.19379398 -0.00458177 -0.98103160
vn -0.38114908 -0.00243208 -0.92451036
vn -0.55434889 0.00002106 -0.83228457
vn -0.70570505 0.00139874 -0.70850444
vn -0.83045340 0.00270538 -0.55708164
vn -0.92325163 0.00259707 -0.38418740
vn -0.98057556 0.00350765 -0.19611032
vn -0.99999392 0.00353238 -0.00014721
vn -0.98061705 0.00229285 0.19592178
vn -0.92300826 0.00000411 0.38478020
vn -0.83038843 -0.00268234 0.55717868
vn -0.70571428 -0.00415135 0.70848447
vn -0.55361450 -0.00541573 0.83275551
vn -0.38092372 -0.00646076 0.92458403
vn -0.19413753 -0.00690933 0.98095006
vn 0.00026548 -0.00762159 0.99997097
vn 0.19411828 -0.00691418 0.98095381
vn 0.38092789 -0.00644007 0.92458236
vn 0.55363029 -0.00538249 0.83274531
vn 0.70513356 -0.00280255 0.70906907
vn 0.83024818 -0.00012577 0.55739403
vn 0.92299002 -0.00000690 0.38482410
vn 0.92405415 -0.01420501 0.38199791
vn 0.98143166 -0.02104797 0.19065373
vn 0.99995208 0.00011200 0.00979078
vn 0.98929876 0.09460219 -0.11107857
vn 0.95264173 0.19161288 -0.23613229
vn 0.88689560 0.28369868 -0.36459753
vn 0.78540182 0.36468417 -0.50014937
vn 0.64291042 0.42139527 -0.63960326
vn 0.58722842 0.14979294 -0.79544008
vn 0.55647874 0.04038923 -0.82987958
vn 0.55511820 0.01915596 -0.83155078
vn 0.55433804 0.00003668 -0.83229160
vn 0.55498129 -0.00139524 -0.83186161
vn -0.00000009 1.00000000 0.00000000
vn 0.38153541 -0.00380340 -0.92434645
vn -0.00000009 1.00000000 0.00000000
vn 0.19500662 -0.00463168 -0.98079109
vn -0.00000009 1.00000000 0.00000000
vn 0.00003884 -0.00589436 -0.99998272
vn -0.00004358 -0.00590247 -0.99998259
vn -0.00000009 1.00000000 0.00000000
vn -0.00000009 1.00000000 0.00000000
vn -0.19523639 -0.00581278 -0.98073900
vn -0.00000009 1.00000000 0.00000000
vn -0.38194889 -0.00510142 -0.92416936
vn -0.00000009 1.00000000 0.00000015
vn -0.00000009 1.00000000 0.00000000
vn -0.55560690 -0.00270187 -0.83144093
vn -0.00000009 1.00000000 0.00000015
vn -0.00000009 1.00000000 0.00000000
vn -0.70645237 0.00009144 -0.70776057
vn -0.00000009 1.00000000 0.00000000
vn -0.83077842 0.00128584 -0.55660194
vn -0.00000009 1.00000000 0.00000030
vn -0.00000009 1.00000000 0.00000000
vn -0.92389470 0.00389705 -0.38262701
vn -0.00000009 1.00000000 0.00000030
vn -0.00000009 1.00000000 0.00000000
vn -0.98074436 0.00570235 -0.19521292
vn -0.99998158 0.00607404 -0.00005782
vn -0.00000009 1.00000000 0.00000000
vn -0.00000009 1.00000000 0.00000000
vn -0.98077214 0.00587228 0.19506848
vn -0.92380500 0.00417344 0.38284060
vn -0.00000009 1.00000000 0.00000000
vn -0.83160227 0.00294612 0.55536389
vn -0.00000009 1.00000000 0.00000000
vn -0.70642155 0.00000699 0.70779145
vn -0.00000009 1.00000000 0.00000000
vn -0.00000009 1.00000000 0.00000015
vn -0.55500490 -0.00138037 0.83184588
vn -0.00000009 1.00000000 0.00000015
vn -0.00000009 1.00000000 -0.00000015
vn -0.38149211 -0.00378391 0.92436445
vn -0.00000009 1.00000000 -0.00000015
vn -0.00000009 1.00000000 0.00000000
vn -0.19499962 -0.00459756 0.98079270
vn -0.00000009 1.00000000 0.00000000
vn 0.00027066 -0.00531983 0.99998581
vn -0.00000009 1.00000000 0.00000000
vn -0.00000009 1.00000000 0.00000000
vn 0.19517688 -0.00578825 0.98075104
vn -0.00000009 1.00000000 0.00000000
vn 0.38202849 -0.00521758 0.92413580
vn 0.55561107 -0.00277830 0.83143783
vn -0.00000009 1.00000000 0.00000000
vn -0.00000009 1.00000000 0.00000000
vn 0.70642245 -0.00000784 0.70779043
vn 0.83077830 0.00128598 0.55660200
vn -0.00000009 1.00000000 0.00000000
vn 0.92370880 0.00380488 0.38307661
vn -0.00000009 1.00000000 0.00000029
vn -0.00000009 1.00000000 0.00000000
vn -0.00000009 1.00000000 0.00000029
vn -0.00000009 1.00000000 0.00000000
vn 0.98074681 0.00580683 0.19519752
vn 0.99998403 0.00566783 0.00000037
vn -0.00000009 1.00000000 0.00000014
vn -0.00000009 1.00000000 0.00000000
vn 0.98061526 0.00229224 0.19592932
vn 0.98069435 -0.00689748 0.19542512
vn 0.99998963 0.00100198 0.00444299
vn 0.98643446 0.05018428 -0.15629697
vn 0.94147795 0.09569015 -0.32320699
vn 0.86197531 0.13340217 -0.48908332
vn 0.74411148 0.15574036 -0.64964849
vn 0.71334374 0.05012136 -0.69901985
vn 0.70766896 0.01960653 -0.70627213
vn 0.70556349 0.00141347 -0.70864546
vn -0.00000009 1.00000000 0.00000000
vn 0.70639974 0.00001518 -0.70781314
vn -0.00000009 1.00000000 0.00000029
vn -0.00000009 1.00000000 0.00000015
vn -0.00000009 1.00000000 0.00000014
vn -0.00000009 1.00000000 -0.00000018
vn -0.00000009 1.00000000 -0.00000015
vn -0.00000009 1.00000000 0.00000015
vn -0.00000009 1.00000000 0.00000030
vn -0.00000009 1.00000000 0.00000000
vn 0.98072255 0.00579288 -0.19532009
vn -0.00000009 1.00000000 0.00000014
vn -0.00000009 1.00000000 -0.00000018
vn 0.99999589 0.00289288 0.00000711
vn 0.99999768 0.00111720 0.00189060
vn 0.98273629 0.02189812 -0.18371138
vn 0.92911500 0.03791101 -0.36784249
vn 0.83875811 0.04904497 -0.54229105
vn 0.83302027 0.01771486 -0.55295891
vn 0.83041042 0.00269498 -0.55714566
vn 0.83137512 0.00267745 -0.55570537
vn -0.00000009 1.00000000 0.00000000
vn -0.00000009 1.00000000 0.00000000
vn -0.00000009 1.00000000 -0.00000018
vn 0.92380577 0.00417330 -0.38283899
vn 0.98056632 0.00348147 -0.19615717
vn 0.98115230 0.00693425 -0.19311148
vn 0.92494488 0.01290973 -0.37988201
vn 0.92324555 0.00248595 -0.38420218
vn -0.00000054 -0.00000000 1.00000000
vn -0.70709896 0.70711327 0.00144193
vn -0.82917547 0.55898845 -0.00001030
vn -0.00000054 -0.00000000 1.00000000
vn -0.83131278 0.55579954 0.00251648
vn -0.92331356 0.38404450 0.00145356
vn -0.00000037 -0.00000000 1.00000000
vn -0.00000054 -0.00000000 1.00000000
vn -0.92387164 0.38269451 0.00248931
vn -0.98057932 0.19611651 0.00159920
vn -0.98065400 0.19574611 0.00111742
vn -0.00000037 -0.00000000 1.00000000
vn -0.00000054 -0.00000000 1.00000000
vn -1.00000000 0.00002798 0.00003919
vn -0.99999982 -0.00065436 0.00003492
vn -0.00000054 -0.00000000 1.00000000
vn -0.98086983 -0.19465490 -0.00201683
vn -0.98065293 -0.19575179 -0.00114893
vn -0.00000054 -0.00000000 1.00000000
vn -0.92411625 -0.38207769 -0.00509920
vn -0.92332447 -0.38401177 -0.00261452
vn -0.00000054 -0.00000000 1.00000000
vn -0.83121574 -0.55591088 -0.00660768
vn -0.83097136 -0.55630034 -0.00408867
vn -0.00000054 -0.00000000 1.00000000
vn -0.70694912 -0.70720029 -0.00952508
vn -0.70639753 -0.70779294 -0.00561889
vn -0.00000054 -0.00000000 1.00000000
vn -0.55565983 -0.83132666 -0.01176172
vn -0.00000054 -0.00000000 1.00000000
vn -0.55499124 -0.83181584 -0.00819206
vn -0.38317880 -0.92358303 -0.01297792
vn -0.38173822 -0.92422688 -0.00899037
vn -0.00000054 -0.00000000 1.00000000
vn -0.19549039 -0.98059601 -0.01466350
vn -0.19474001 -0.98081082 -0.00929736
vn -0.00000054 -0.00000000 1.00000000
vn -0.00004278 -0.99988872 -0.01491945
vn 0.00025937 -0.99995398 -0.00958913
vn -0.00000054 -0.00000000 1.00000000
vn 0.19552010 -0.98058343 -0.01511240
vn 0.19443819 -0.98087078 -0.00930376
vn -0.00000054 -0.00000000 1.00000000
vn 0.38349518 -0.92343396 -0.01417997
vn 0.38166159 -0.92425835 -0.00900594
vn -0.00000054 -0.00000000 1.00000000
vn 0.55530244 -0.83155775 -0.01229029
vn -0.00000054 -0.00000000 1.00000000
vn 0.55499196 -0.83181536 -0.00820076
vn 0.70689464 -0.70725065 -0.00982306
vn 0.70699865 -0.70718026 -0.00701366
vn -0.00000054 -0.00000000 1.00000000
vn 0.83116847 -0.55597746 -0.00694671
vn 0.83161807 -0.55532181 -0.00540331
vn -0.00000054 -0.00000000 1.00000000
vn -0.00000087 -0.00000000 1.00000000
vn 0.92352223 -0.38350952 -0.00522451
vn -0.00000037 -0.00000000 1.00000000
vn -0.00000087 -0.00000000 1.00000000
vn 0.92370206 -0.38309270 -0.00381200
vn 0.98062420 -0.19588561 -0.00226374
vn -0.00000037 -0.00000000 1.00000000
vn 0.98061228 -0.19594520 -0.00223554
vn -0.00000054 -0.00000000 1.00000000
vn 1.00000000 0.00008160 0.00000035
vn 0.99999952 0.00000181 -0.00100195
vn -0.00000054 -0.00000000 1.00000000
vn 0.98093212 0.19434699 0.00119828
vn -0.00000070 -0.00000000 1.00000000
vn -0.00000054 -0.00000000 1.00000000
vn 0.98066509 0.19569080 0.00113665
vn 0.98409021 0.17600060 0.02429806
vn 0.99995917 -0.00881359 0.00197875
vn 0.98112100 -0.19239061 -0.01968271
vn 0.92838204 -0.36925912 -0.04188499
vn 0.84130603 -0.53680813 -0.06357165
vn 0.72200984 -0.68687385 -0.08310362
vn 0.57441443 -0.81222576 -0.10167410
vn 0.39914155 -0.90957624 -0.11557379
vn 0.20525755 -0.97073072 -0.12470479
vn -0.00022506 -0.99179661 -0.12782690
vn -0.20451225 -0.97091353 -0.12450561
vn -0.39924115 -0.90951788 -0.11568961
vn -0.57328385 -0.81299049 -0.10194170
vn -0.72256398 -0.68610245 -0.08464536
vn -0.84182978 -0.53582507 -0.06491634
vn -0.92878032 -0.36810470 -0.04319848
vn -0.98133790 -0.19114008 -0.02101605
vn -0.99996817 -0.00791701 0.00096569
vn -0.98391849 0.17710471 0.02320194
vn -0.93311715 0.35699642 0.04296592
vn -0.84737903 0.52754396 0.06038632
vn -0.72866124 0.68070394 0.07546558
vn -0.70296115 0.71121561 -0.00423696
vn -0.55501217 0.83184111 -0.00133663
vn -0.00000054 -0.00000000 1.00000000
vn -0.00000037 -0.00000000 1.00000000
vn -0.00000054 -0.00000000 1.00000000
vn -0.00000037 -0.00000000 1.00000000
vn -0.00000087 -0.00000000 1.00000000
vn -0.00000070 -0.00000000 1.00000000
vn -0.00000070 -0.00000000 1.00000000
vn -0.00000054 -0.00000000 1.00000000
vn 0.92410725 0.38213110 0.00129219
vn 0.92339957 0.38383800 0.00131913
vn 0.93346375 0.35592860 0.04427679
vn 0.94900096 0.28278139 0.13939951
vn 0.98826224 0.13696408 0.06766545
vn 0.99991620 -0.01279535 -0.00200230
vn 0.98411787 -0.16296612 -0.07038677
vn 0.94024026 -0.31092671 -0.13882640
vn 0.86619705 -0.45536312 -0.20578423
vn 0.75879741 -0.59304595 -0.26930118
vn 0.61499053 -0.71718776 -0.32776266
vn 0.43673107 -0.81639183 -0.37784976
vn 0.22742739 -0.88313937 -0.41029459
vn 0.00004014 -0.90654278 -0.42211402
vn -0.22742520 -0.88312972 -0.41031653
vn -0.43675953 -0.81635636 -0.37789354
vn -0.61542165 -0.71601284 -0.32951772
vn -0.75893509 -0.59274584 -0.26957372
vn -0.86595291 -0.45558849 -0.20631216
vn -0.94039422 -0.30996659 -0.13992670
vn -0.98425984 -0.16166469 -0.07139390
vn -0.99992418 -0.01194974 -0.00299865
vn -0.98831958 0.13657361 0.06761956
vn -0.94901466 0.28273252 0.13940419
vn -0.87902856 0.42614961 0.21378782
vn -0.77752751 0.55660522 0.29264608
vn -0.63806987 0.67102855 0.37760788
vn -0.57744312 0.81214505 0.08354703
vn -0.55045253 0.83477455 -0.01238662
vn -0.00000054 -0.00000000 1.00000000
vn -0.38240418 0.92397326 -0.00635567
vn -0.00000054 -0.00000000 1.00000000
vn -0.19471818 0.98080337 -0.01046822
vn 0.00003993 0.99991691 -0.01289516
vn -0.00000267 0.99991667 -0.01290476
vn -0.00000054 -0.00000000 1.00000000
vn 0.19500221 0.98073441 -0.01158579
vn -0.00000054 -0.00000000 1.00000000
vn 0.38130540 0.92441708 -0.00770417
vn -0.00000054 -0.00000000 1.00000000
vn -0.00000054 -0.00000000 1.00000000
vn 0.55472702 0.83202368 -0.00382531
vn -0.00000054 -0.00000000 1.00000000
vn 0.70710415 0.70710814 -0.00137512
vn 0.83182216 0.55504084 0.00127080
vn -0.00000054 -0.00000000 1.00000000
vn 0.83009762 0.55761814 0.00010680
vn 0.84771138 0.52692235 0.06113955
vn 0.87902522 0.42614108 0.21381877
vn 0.95154560 0.18954928 0.24214090
vn 0.98896462 0.09368941 0.11476563
vn 0.99994558 -0.00603280 -0.00851554
vn 0.98562258 -0.10856051 -0.12947159
vn 0.94531834 -0.21283030 -0.24713659
vn 0.87627220 -0.31622881 -0.36351952
vn 0.77282351 -0.41902214 -0.47661769
vn 0.63264066 -0.51282322 -0.58032602
vn 0.45181742 -0.59224206 -0.66716593
vn 0.23571914 -0.64595550 -0.72607040
vn -0.00000388 -0.66524112 -0.74662858
vn -0.23567365 -0.64599657 -0.72604853
vn -0.45181128 -0.59223974 -0.66717213
vn -0.63217711 -0.51304835 -0.58063203
vn -0.77304947 -0.41914687 -0.47614121
vn -0.87616700 -0.31641048 -0.36361498
vn -0.94531810 -0.21283059 -0.24713761
vn -0.98563403 -0.10889639 -0.12910183
vn -0.99994522 -0.00603935 -0.00855988
vn -0.98898768 0.09352692 0.11470007
vn -0.95157224 0.18945020 0.24211359
vn -0.88397640 0.27809352 0.37583223
vn -0.78150547 0.35129964 0.51559466
vn -0.63597929 0.39576784 0.66249394
vn -0.46209809 0.75489754 0.46539778
vn -0.40071455 0.91215354 0.08604588
vn -0.37729558 0.92579895 -0.02333172
vn -0.19099827 0.98099440 -0.03420036
vn 0.00004666 0.99921548 -0.03960567
vn -0.00000498 0.99921560 -0.03960329
vn 0.19099882 0.98099422 -0.03420164
vn 0.37728033 0.92580193 -0.02346102
vn 0.55063057 0.83465779 -0.01234913
vn 0.70423484 0.70995468 -0.00421433
vn 0.72863281 0.68073058 0.07549932
vn 0.77759045 0.55659026 0.29250690
vn 0.88396490 0.27807319 0.37587428
vn 0.94204730 0.10404418 0.31893820
vn 0.98651946 0.05403335 0.15446644
vn 0.99995989 -0.00090911 -0.00892049
vn 0.98386765 -0.05805745 -0.16921619
vn 0.93823439 -0.11496121 -0.32634398
vn 0.86195642 -0.17430763 -0.47607562
vn 0.75213396 -0.23021284 -0.61749226
vn 0.60736799 -0.28130555 -0.74294782
vn 0.42944169 -0.32401377 -0.84296799
vn 0.22335562 -0.35114646 -0.90929008
vn -0.00002293 -0.36181310 -0.93225068
vn -0.22334938 -0.35099122 -0.90935153
vn -0.42919403 -0.32475364 -0.84280932
vn -0.60767359 -0.28073046 -0.74291551
vn -0.75212973 -0.23022506 -0.61749274
vn -0.86194086 -0.17446527 -0.47604609
vn -0.93816954 -0.11530278 -0.32641000
vn -0.98384327 -0.05790057 -0.16941062
vn -0.99995989 -0.00090943 -0.00892144
vn -0.98651963 0.05403296 0.15446547
vn -0.94203991 0.10400992 0.31897169
vn -0.86320716 0.14119312 0.48470402
vn -0.74571305 0.16587594 0.64528859
vn -0.58845651 0.16289616 0.79194933
vn -0.44727725 0.39736858 0.80127496
vn -0.24460428 0.80266958 0.54395801
vn -0.20518923 0.97510052 0.08412141
vn -0.00004007 0.99670529 0.08110928
vn 0.00004192 0.99670547 0.08110523
vn 0.20522317 0.97508591 0.08420806
vn 0.40111774 0.91184026 0.08747695
vn 0.57812178 0.81149209 0.08518130
vn 0.63979179 0.66938674 0.37760827
vn 0.78156585 0.35128906 0.51551032
vn 0.86320668 0.14120427 0.48470178
vn 0.93001622 0.03894229 0.36544961
vn 0.98324496 0.02199289 0.18095753
vn 0.99998188 0.00093062 -0.00594425
vn 0.98149204 -0.02219441 -0.19021298
vn 0.92848086 -0.04482130 -0.36866561
vn 0.84187537 -0.06779443 -0.53539669
vn 0.72365415 -0.09079688 -0.68416417
vn 0.57438541 -0.10960375 -0.81121421
vn 0.39940119 -0.12606847 -0.90806699
vn 0.20429523 -0.13583379 -0.96943939
vn 0.00021490 -0.13950300 -0.99022162
vn -0.20457706 -0.13575081 -0.96939164
vn -0.39943841 -0.12591413 -0.90807194
vn -0.57458168 -0.10961445 -0.81107378
vn -0.72355026 -0.09091919 -0.68425793
vn -0.84188110 -0.06780452 -0.53538668
vn -0.92848045 -0.04482158 -0.36866671
vn -0.98145300 -0.02206030 -0.19042952
vn -0.99998242 0.00097889 -0.00585842
vn -0.98325414 0.02199742 0.18090798
vn -0.93004060 0.03900913 0.36538029
vn -0.84020102 0.04740474 0.54019904
vn -0.71417517 0.04575031 0.69847041
vn -0.55544430 0.03047991 0.83099502
vn -0.39849049 0.12311446 0.90887195
vn -0.22760132 0.36041576 0.90459835
vn 0.00003209 0.81623292 0.57772303
vn -0.00002133 0.81618130 0.57779592
vn 0.24458232 0.80257040 0.54411429
vn 0.46209931 0.75487256 0.46543735
vn 0.63597411 0.39577815 0.66249275
vn 0.74587256 0.16571876 0.64514464
vn 0.84022278 0.04741414 0.54016459
vn 0.92441684 0.01550372 0.38106841
vn 0.98090750 0.00810506 0.19430652
vn 0.99999952 -0.00098116 0.00000328
vn 0.98130250 -0.01039758 -0.19219089
vn 0.92563909 -0.02066973 -0.37784270
vn 0.83481312 -0.03180221 -0.54961431
vn 0.71150297 -0.03973174 -0.70155895
vn 0.56122965 -0.04767514 -0.82628590
vn 0.38751832 -0.05391028 -0.92028445
vn 0.19792852 -0.05787632 -0.97850639
vn 0.00021359 -0.05861896 -0.99828041
vn -0.19798827 -0.05780108 -0.97849870
vn -0.38751718 -0.05391034 -0.92028481
vn -0.56120068 -0.04770289 -0.82630402
vn -0.71149552 -0.03983217 -0.70156074
vn -0.83480883 -0.03191102 -0.54961455
vn -0.92553359 -0.02079226 -0.37809441
vn -0.98131180 -0.01039907 -0.19214322
vn -0.99999952 -0.00098129 0.00000228
vn -0.98090762 0.00810489 0.19430558
vn -0.92443615 0.01550088 0.38102159
vn -0.83142531 0.01927410 0.55530226
vn -0.70491934 0.01683855 0.70908755
vn -0.55028415 0.00817568 0.83493751
vn -0.37379760 -0.00380883 0.92750263
vn -0.19660363 0.06681386 0.97820389
vn 0.00004681 0.33449659 0.94239688
vn -0.00001027 0.33448911 0.94239968
vn 0.22760087 0.36042723 0.90459395
vn 0.44727656 0.39736852 0.80127531
vn 0.58809709 0.16304015 0.79218668
vn 0.71418417 0.04564303 0.69846803
vn 0.83153963 0.01936639 0.55512792
vn 0.92491203 0.01285918 0.37996399
vn 0.98122805 0.00691464 0.19272692
vn 0.99999923 0.00081156 -0.00103396
vn 0.98069620 -0.00698832 -0.19541287
vn 0.92425245 -0.01308939 -0.38155720
vn 0.83316660 -0.02060334 -0.55263817
vn 0.70990276 -0.02650141 -0.70380104
vn 0.55744183 -0.03192366 -0.82960200
vn 0.38444009 -0.03548201 -0.92246783
vn 0.19602132 -0.03918067 -0.97981656
vn 0.00018540 -0.03882408 -0.99924600
vn -0.19605558 -0.03910841 -0.97981262
vn -0.38446438 -0.03544286 -0.92245919
vn -0.55808276 -0.03187571 -0.82917297
vn -0.70954752 -0.02637070 -0.70416397
vn -0.83315211 -0.02059794 -0.55266041
vn -0.92424613 -0.01292922 -0.38157851
vn -0.98070180 -0.00702706 -0.19538352
vn -0.99999911 0.00100860 -0.00094453
vn -0.98121130 0.00700507 0.19280899
vn -0.92489398 0.01281789 0.38000900
vn -0.83299673 0.01787357 0.55298936
vn -0.70840347 0.02100056 0.70549536
vn -0.55589729 0.02059913 0.83099568
vn -0.37544531 -0.00904969 0.92680043
vn -0.18591332 -0.04382880 0.98158819
vn -0.00004789 0.03649979 0.99933368
vn 0.00004051 0.03639817 0.99933737
vn 0.19660237 0.06669261 0.97821254
vn 0.39848983 0.12311453 0.90887237
vn 0.55540246 0.03036945 0.83102697
vn 0.70491624 0.01682794 0.70909107
vn 0.83302110 0.01794917 0.55295003
vn 0.83169669 0.00533165 0.55520463
vn 0.92390352 0.00275322 0.38261601
vn 0.98088890 0.00234010 0.19455512
vn 0.99999970 0.00001167 -0.00076910
vn 0.98066402 -0.00110308 -0.19569598
vn 0.92369598 -0.00379346 -0.38310748
vn 0.83097118 -0.00409465 -0.55630046
vn 0.70707673 -0.00685078 -0.70710367
vn 0.55493724 -0.00815345 -0.83185232
vn 0.38294122 -0.00802955 -0.92373794
vn 0.19456252 -0.00922267 -0.98084688
vn 0.00018381 -0.00877678 -0.99996149
vn -0.19457798 -0.00922187 -0.98084384
vn -0.38297790 -0.00788966 -0.92372388
vn -0.55489260 -0.00797139 -0.83188391
vn -0.70695156 -0.00684869 -0.70722896
vn -0.83098632 -0.00410802 -0.55627769
vn -0.92368209 -0.00377478 -0.38314131
vn -0.98067868 -0.00114390 -0.19562262
vn -0.99999970 -0.00001922 -0.00078670
vn -0.98088330 0.00231216 0.19458337
vn -0.92389178 0.00272737 0.38264421
vn -0.83163089 0.00542377 0.55530226
vn -0.70715666 0.00671500 0.70702517
vn -0.55597961 0.00690020 0.83116722
vn -0.38291380 0.01678302 0.92363173
vn -0.18900143 -0.03050782 0.98150289
vn -0.00000772 -0.06329786 0.99799478
vn 0.00001412 -0.06329065 0.99799520
vn 0.18591168 -0.04382250 0.98158884
vn 0.37379700 -0.00380864 0.92750275
vn 0.55023122 0.00818359 0.83497232
vn 0.70844865 0.02110749 0.70544666
vn 0.70716113 0.00677794 0.70702004
vn 0.55595547 0.00000005 0.83121222
vn -0.00000009 1.00000000 0.00000000
vn 0.70711082 -0.00136614 0.70710146
vn -0.00000009 1.00000000 0.00000000
vn 0.83126700 0.00000007 0.55587351
vn -0.00000009 1.00000000 0.00000000
vn 0.92366362 0.00000008 0.38320440
vn -0.00000009 1.00000000 0.00000000
vn 0.98066980 0.00000009 0.19566992
vn -0.00000009 1.00000000 0.00000000
vn 1.00000000 0.00000009 -0.00020777
vn -0.00000009 1.00000000 0.00000000
vn 0.98072660 0.00000009 -0.19538517
vn -0.00000009 1.00000000 0.00000000
vn 0.92366296 0.00000008 -0.38320580
vn -0.00000009 1.00000000 0.00000000
vn 0.83120942 0.00000007 -0.55595970
vn -0.00000009 1.00000000 0.00000000
vn -0.00000009 1.00000000 0.00000000
vn 0.70710653 0.00129861 -0.70710582
vn -0.00000009 1.00000000 0.00000000
vn 0.55591720 0.00000005 -0.83123767
vn -0.00000009 1.00000000 0.00000000
vn 0.38320461 0.00000003 -0.92366350
vn -0.00000009 1.00000000 0.00000000
vn 0.19587272 0.00000002 -0.98062938
vn 0.00020610 0.00000000 -1.00000000
vn -0.00000009 1.00000000 0.00000000
vn -0.00000009 1.00000000 0.00000000
vn -0.19567157 -0.00000002 -0.98066950
vn -0.38320589 -0.00000003 -0.92366308
vn -0.00000009 1.00000000 0.00000000
vn -0.55583310 -0.00000005 -0.83129400
vn -0.00000009 1.00000000 0.00000000
vn -0.70777935 -0.00000006 -0.70643365
vn -0.00000009 1.00000000 0.00000000
vn -0.83126831 -0.00000007 -0.55587143
vn -0.00000009 1.00000000 0.00000000
vn -0.92366350 -0.00000008 -0.38320482
vn -0.00000009 1.00000000 0.00000000
vn -0.98069757 -0.00000009 -0.19553073
vn -0.00000009 1.00000000 0.00000000
vn -1.00000000 -0.00000009 -0.00020646
vn -0.00000009 1.00000000 0.00000000
vn -0.98066962 -0.00000009 0.19567138
vn -0.00000009 1.00000000 0.00000000
vn -0.00000009 1.00000000 0.00000000
vn -0.92366308 -0.00000008 0.38320589
vn -0.00000009 1.00000000 0.00000000
vn -0.83107477 -0.00000007 0.55616081
vn -0.00000009 1.00000000 0.00000000
vn -0.70640123 -0.00000006 0.70781165
vn -0.00000009 1.00000000 0.00000000
vn -0.55615944 -0.00000005 0.83107573
vn -0.00000009 1.00000000 0.00000000
vn -0.38320461 -0.00000003 0.92366350
vn -0.38288510 0.00780114 0.92376310
vn -0.19500773 0.01161251 0.98073298
vn 0.00001385 -0.04068887 0.99917191
vn -0.00000585 -0.04069483 0.99917167
vn 0.18899938 -0.03050825 0.98150325
vn 0.37562499 -0.00888827 0.92672920
vn 0.55590290 0.02063118 0.83099133
vn 0.55586696 0.00683271 0.83124322
vn 0.38320610 0.00000003 0.92366290
vn -0.00000009 1.00000000 0.00000000
vn -0.00000009 1.00000000 0.00000000
vn -0.19566973 -0.00000002 0.98066986
vn -0.00000009 1.00000000 0.00000000
vn -0.19460542 0.00921128 0.98083836
vn -0.00002891 0.00989085 0.99995118
vn 0.00002958 0.00989509 0.99995112
vn 0.19500537 0.01159145 0.98073369
vn 0.38291359 0.01692983 0.92362899
vn 0.38280040 0.00769970 0.92379898
vn -0.00000009 1.00000000 0.00000000
vn 0.19587488 0.00000002 0.98062903
vn -0.00000009 1.00000000 0.00000000
vn -0.00000693 -0.00000465 1.00000000
vn 0.00003735 -0.00000469 1.00000000
vn -0.00000902 0.00989985 0.99995101
vn 0.00004632 0.00989234 0.99995112
vn 0.19570997 0.00814654 0.98062813
vt 0.26214829 0.72047049
vt 0.26742709 0.71751428
vt 0.26425979 0.72332102
vt 0.27048880 0.72131509
vt 0.27270591 0.71434701
vt 0.27671790 0.71909797
vt 0.27830151 0.71117967
vt 0.28315800 0.71698642
vt 0.28410819 0.70780128
vt 0.28970379 0.71498048
vt 0.29023171 0.70463401
vt 0.29614401 0.71318573
vt 0.29646069 0.70157230
vt 0.30247861 0.71160197
vt 0.30290091 0.69882733
vt 0.30870750 0.71033508
vt 0.30944660 0.69639897
vt 0.31461981 0.70927942
vt 0.31620350 0.69439298
vt 0.32032099 0.70854032
vt 0.32306591 0.69302058
vt 0.32570541 0.70801252
vt 0.32992840 0.69228160
vt 0.33087859 0.70780128
vt 0.33679089 0.69228160
vt 0.33594629 0.70790690
vt 0.34101400 0.70832920
vt 0.34365341 0.69302058
vt 0.34618720 0.70917380
vt 0.35051590 0.69449872
vt 0.35146609 0.71022952
vt 0.35706160 0.69661021
vt 0.36666909 0.67549491
vt 0.92062932 0.64118248
vt 0.35780069 0.67137742
vt 0.92559141 0.63790971
vt 0.34819320 0.66852683
vt 0.93108130 0.63558692
vt 0.33816341 0.66725987
vt 0.93699360 0.63442558
vt 0.32802799 0.66747111
vt 0.94290590 0.63442558
vt 0.94881821 0.63558692
vt 0.31820941 0.66926593
vt 0.95430821 0.63790971
vt 0.30891872 0.67232758
vt 0.95927018 0.64118248
vt 0.95927018 0.64118248
vt 0.30047259 0.67655063
vt 0.96349341 0.64540547
vt 0.29287109 0.68151271
vt 0.96349341 0.64540547
vt 0.96676612 0.65036762
vt 0.96676612 0.65036762
vt 0.28621969 0.68689722
vt 0.28030750 0.69238710
vt 0.96908879 0.65585762
vt 0.96908879 0.65585762
vt 0.97025013 0.66176993
vt 0.27523980 0.69787711
vt 0.97025013 0.66768217
vt 0.27059439 0.70315587
vt 0.26647690 0.70822358
vt 0.96908879 0.67359448
vt 0.26267621 0.71276343
vt 0.96687168 0.67908448
vt 0.96349341 0.68404663
vt 0.25898099 0.71677530
vt 0.95927018 0.68826961
vt 0.95927018 0.68826961
vt 0.25518021 0.72015381
vt 0.94881821 0.69386518
vt 0.24578390 0.72353220
vt 0.94881821 0.69386518
vt 0.25085160 0.72268760
vt 0.95430821 0.69164813
vt 0.95430821 0.69164813
vt 0.25159061 0.72469348
vt 0.25697511 0.72289872
vt 0.25824201 0.72511578
vt 0.25866431 0.72638267
vt 0.26499891 0.72501028
vt 0.27154460 0.72353220
vt 0.27819589 0.72194862
vt 0.28505841 0.72036493
vt 0.29181531 0.71888691
vt 0.29857221 0.71761990
vt 0.30501240 0.71645862
vt 0.31124139 0.71571952
vt 0.31694251 0.71508610
vt 0.32222131 0.71466380
vt 0.32697231 0.71445262
vt 0.33140650 0.71445262
vt 0.33562961 0.71466380
vt 0.33985260 0.71498048
vt 0.34418121 0.71540278
vt 0.34893221 0.71614182
vt 0.35410550 0.71709198
vt 0.35706160 0.71160197
vt 0.36360741 0.69935519
vt 0.91640621 0.64540547
vt 0.91640621 0.64540547
vt 0.37469289 0.68066812
vt 0.93994981 0.66472608
vt 0.93994981 0.66472608
vt 0.93994981 0.66472608
vt 0.93994981 0.66472608
vt 0.93994981 0.66472608
vt 0.93994981 0.66472608
vt 0.93994981 0.66472608
vt 0.93994981 0.66472608
vt 0.93994981 0.66472608
vt 0.24018840 0.72353220
vt 0.94290590 0.69502652
vt 0.42948711 0.73387867
vt 0.93699360 0.69502652
vt 0.93699360 0.69502652
vt 0.42399710 0.73324531
vt 0.93108130 0.69386518
vt 0.93108130 0.69386518
vt 0.41903499 0.73187268
vt 0.42357480 0.73472333
vt 0.42927590 0.73504013
vt 0.24029391 0.72469348
vt 0.24599510 0.72501028
vt 0.24631180 0.72627717
vt 0.25222409 0.72627717
vt 0.25254080 0.72712177
vt 0.25254080 0.72786081
vt 0.25876981 0.72754413
vt 0.26521000 0.72680509
vt 0.27196690 0.72596037
vt 0.27882940 0.72490472
vt 0.28579739 0.72395450
vt 0.29276550 0.72300440
vt 0.29952240 0.72226530
vt 0.30606809 0.72152633
vt 0.31219161 0.72110391
vt 0.31778711 0.72078723
vt 0.32285479 0.72057611
vt 0.32739461 0.72047049
vt 0.33151209 0.72057611
vt 0.33531290 0.72068161
vt 0.33911359 0.72099841
vt 0.34312549 0.72131509
vt 0.34766531 0.72194862
vt 0.35262740 0.72268760
vt 0.35822299 0.72363782
vt 0.35980660 0.71835887
vt 0.36276281 0.71329129
vt 0.36983639 0.70241690
vt 0.91302770 0.65036762
vt 0.91302770 0.65036762
vt 0.38166091 0.68636918
vt 0.91081059 0.65585762
vt 0.38778439 0.69238710
vt 0.91081059 0.65585762
vt 0.90964931 0.66176993
vt 0.90964931 0.66176993
vt 0.39295760 0.69851053
vt 0.90964931 0.66768217
vt 0.39749739 0.70452851
vt 0.91081059 0.67359448
vt 0.40140370 0.71033508
vt 0.40499342 0.71571952
vt 0.91302770 0.67908448
vt 0.40826631 0.72068161
vt 0.91640621 0.68404663
vt 0.92062932 0.68826961
vt 0.41153911 0.72511578
vt 0.92559141 0.69164813
vt 0.92559141 0.69164813
vt 0.41502321 0.72891659
vt 0.41808489 0.73377311
vt 0.42304701 0.73599023
vt 0.24061070 0.72585487
vt 0.42885360 0.73609579
vt 0.24652290 0.72691071
vt 0.24652290 0.72733301
vt 0.24641740 0.72807199
vt 0.25232971 0.72881103
vt 0.25845310 0.72891659
vt 0.26489329 0.72881103
vt 0.27154460 0.72859991
vt 0.27830151 0.72817761
vt 0.28516391 0.72786081
vt 0.29192090 0.72754413
vt 0.29867780 0.72722739
vt 0.30501240 0.72701621
vt 0.31103021 0.72680509
vt 0.31662580 0.72680509
vt 0.32179901 0.72680509
vt 0.32644439 0.72680509
vt 0.33077309 0.72701621
vt 0.33489060 0.72712177
vt 0.33900800 0.72743851
vt 0.34333670 0.72775531
vt 0.34798199 0.72817761
vt 0.35315528 0.72870552
vt 0.35864529 0.72944450
vt 0.36424080 0.72479910
vt 0.36582449 0.71983701
vt 0.36878061 0.71529722
vt 0.37595981 0.70590091
vt 0.38187209 0.70970172
vt 0.38746759 0.71350241
vt 0.39295760 0.71740878
vt 0.39813089 0.72120953
vt 0.40309301 0.72490472
vt 0.40794951 0.72838873
vt 0.41291159 0.73145038
vt 0.41713470 0.73525119
vt 0.42283580 0.73651820
vt 0.42864251 0.73641252
vt 0.24082179 0.72617161
vt 0.42853701 0.73662370
vt 0.24082179 0.72638267
vt 0.24082179 0.72680509
vt 0.42853701 0.73704600
vt 0.42874810 0.73746830
vt 0.24061070 0.72712177
vt 0.24610061 0.72870552
vt 0.25190741 0.72976130
vt 0.25792521 0.73039472
vt 0.26415428 0.73081702
vt 0.27059439 0.73113370
vt 0.27703461 0.73145038
vt 0.28368589 0.73166162
vt 0.29023171 0.73187268
vt 0.29667181 0.73208392
vt 0.30290091 0.73229498
vt 0.30881309 0.73250622
vt 0.31451431 0.73282289
vt 0.31979311 0.73313958
vt 0.32486081 0.73345637
vt 0.32971731 0.73377311
vt 0.33457381 0.73398429
vt 0.33932471 0.73419541
vt 0.34418121 0.73451221
vt 0.34924901 0.73472333
vt 0.35463330 0.73493451
vt 0.36022890 0.73535681
vt 0.36466309 0.73028910
vt 0.37068099 0.72617161
vt 0.37215909 0.72163183
vt 0.37500960 0.71751428
vt 0.38123861 0.72004819
vt 0.38746759 0.72268760
vt 0.39359111 0.72553808
vt 0.39960900 0.72828323
vt 0.40552121 0.73102808
vt 0.41132799 0.73345637
vt 0.41681790 0.73609579
vt 0.42273021 0.73704600
vt 0.42283580 0.73767948
vt 0.42304701 0.73841852
vt 0.42346931 0.73968542
vt 0.42906481 0.73841852
vt 0.24018840 0.72807199
vt 0.24557281 0.72997242
vt 0.25116831 0.73145038
vt 0.25686941 0.73292851
vt 0.26257059 0.73419541
vt 0.26848289 0.73556793
vt 0.27439520 0.73704600
vt 0.28041300 0.73841852
vt 0.28643090 0.73989648
vt 0.29244879 0.74137461
vt 0.29846659 0.74285269
vt 0.30437890 0.74433082
vt 0.31029120 0.74570328
vt 0.31609789 0.74697018
vt 0.32201019 0.74792039
vt 0.32792249 0.74876499
vt 0.33372921 0.74918729
vt 0.33964151 0.74939853
vt 0.34555379 0.74918729
vt 0.35146609 0.74887061
vt 0.35748389 0.74823707
vt 0.36339620 0.74749798
vt 0.36624679 0.73567349
vt 0.37099770 0.73113370
vt 0.37733230 0.72764969
vt 0.37870479 0.72363782
vt 0.38525060 0.72585487
vt 0.39190191 0.72817761
vt 0.39834201 0.73050022
vt 0.40467659 0.73271728
vt 0.41080001 0.73461771
vt 0.41671240 0.73683482
vt 0.41692349 0.73778510
vt 0.41713470 0.73884082
vt 0.41776809 0.74063557
vt 0.41871831 0.74338061
vt 0.42410269 0.74158579
vt 0.42959270 0.73989648
vt 0.23944931 0.72955012
vt 0.24472819 0.73176718
vt 0.24990140 0.73408991
vt 0.25507471 0.73651820
vt 0.26003680 0.73926312
vt 0.26510441 0.74232483
vt 0.27006650 0.74559772
vt 0.27523980 0.74908167
vt 0.28051859 0.75277692
vt 0.28590301 0.75657767
vt 0.29170969 0.76027292
vt 0.29772762 0.76396799
vt 0.30406219 0.76724088
vt 0.31071350 0.77019697
vt 0.31768161 0.77241421
vt 0.32496631 0.77410340
vt 0.33235669 0.77484238
vt 0.33974710 0.77484238
vt 0.34713739 0.77410340
vt 0.35431659 0.77251971
vt 0.36128470 0.77040821
vt 0.36793599 0.76776880
vt 0.37437621 0.76481259
vt 0.36951971 0.74675912
vt 0.37247580 0.73620141
vt 0.37754351 0.73218948
vt 0.38408920 0.72933888
vt 0.39095169 0.73102808
vt 0.39770859 0.73282289
vt 0.40425429 0.73440659
vt 0.41058889 0.73588473
vt 0.41069451 0.73725712
vt 0.41111681 0.73873520
vt 0.41196141 0.74137461
vt 0.41333389 0.74517542
vt 0.41766259 0.75668317
vt 0.97742939 0.88379741
vt 0.42283580 0.75488842
vt 0.97193950 0.88612008
vt 0.42811459 0.75309360
vt 0.96613282 0.88728142
vt 0.43349901 0.75140441
vt 0.23427610 0.74042451
vt 0.96011478 0.88728142
vt 0.95430821 0.88612008
vt 0.23944931 0.74285269
vt 0.94881821 0.88379741
vt 0.24451700 0.74506980
vt 0.94881821 0.88379741
vt 0.94385600 0.88052452
vt 0.24937350 0.74749798
vt 0.94385600 0.88052452
vt 0.93963301 0.87630153
vt 0.25422999 0.75003189
vt 0.93636012 0.87133938
vt 0.25898099 0.75298810
vt 0.93636012 0.87133938
vt 0.93403751 0.86584938
vt 0.26383749 0.75615537
vt 0.93403751 0.86584938
vt 0.93287611 0.86004269
vt 0.26890519 0.75953382
vt 0.27418399 0.76322901
vt 0.93287611 0.85402483
vt 0.93403751 0.84821808
vt 0.27977961 0.76713532
vt 0.28579739 0.77104157
vt 0.93636012 0.84272808
vt 0.29234320 0.77484238
vt 0.93963301 0.83776611
vt 0.29931119 0.77843201
vt 0.94385600 0.83354300
vt 0.94385600 0.83354300
vt 0.30680719 0.78159928
vt 0.94881821 0.83016449
vt 0.94881821 0.83016449
vt 0.31483099 0.78423870
vt 0.95430821 0.82794738
vt 0.95430821 0.82794738
vt 0.32317159 0.78603351
vt 0.96011478 0.82678610
vt 0.33172321 0.78698373
vt 0.96613282 0.82678610
vt 0.97193950 0.82794738
vt 0.34027490 0.78698373
vt 0.97742939 0.83016449
vt 0.34872100 0.78603351
vt 0.35695601 0.78434432
vt 0.98239148 0.83354300
vt 0.98661458 0.83776611
vt 0.36476871 0.78202170
vt 0.37205350 0.77917111
vt 0.98999298 0.84272808
vt 0.37891600 0.77610928
vt 0.99221021 0.84821808
vt 0.99221021 0.84821808
vt 0.99337149 0.85402483
vt 0.99337149 0.85402483
vt 0.38535610 0.77283651
vt 0.39137399 0.76966917
vt 0.99337149 0.86004269
vt 0.99337149 0.86004269
vt 0.38039410 0.76175088
vt 0.37564310 0.74591452
vt 0.37891600 0.73662370
vt 0.38430041 0.73324531
vt 0.39105731 0.73440659
vt 0.39781421 0.73546231
vt 0.40435991 0.73641252
vt 0.40488779 0.73852408
vt 0.40604910 0.74211371
vt 0.40805510 0.74739248
vt 0.98239148 0.88052452
vt 0.41270041 0.75868923
vt 0.96317661 0.85698092
vt 0.96317661 0.85698092
vt 0.96317661 0.85698092
vt 0.96317661 0.85698092
vt 0.96317661 0.85698092
vt 0.96317661 0.85698092
vt 0.96317661 0.85698092
vt 0.96317661 0.85698092
vt 0.39707509 0.76660740
vt 0.99221021 0.86584938
vt 0.99221021 0.86584938
vt 0.38630629 0.75858360
vt 0.38176650 0.74517542
vt 0.38535610 0.73715162
vt 0.39200741 0.73767948
vt 0.39844760 0.73810178
vt 0.40003130 0.74274713
vt 0.40267071 0.74982083
vt 0.40763280 0.76101178
vt 0.98661458 0.87630153
vt 0.98999298 0.87133938
vt 0.98999298 0.87133938
vt 0.40245950 0.76365131
vt 0.39190191 0.75541627
vt 0.38789001 0.74433082
vt 0.39401340 0.74359173
vt 0.39739189 0.75256580
vt 0.95367467 0.53708398
vt 0.71327692 0.25962880
vt 0.71053189 0.24622060
vt 0.94797349 0.54267961
vt 0.71887243 0.25498351
vt 0.71507168 0.23925249
vt 0.94132221 0.54711378
vt 0.94132221 0.54711378
vt 0.72510147 0.25023249
vt 0.71971703 0.23207331
vt 0.73196387 0.24516480
vt 0.93403751 0.55017561
vt 0.93403751 0.55017561
vt 0.72446799 0.22468290
vt 0.73935431 0.23956931
vt 0.92622483 0.55175912
vt 0.72911328 0.21708140
vt 0.74706137 0.23323470
vt 0.91820103 0.55175912
vt 0.73365319 0.20916320
vt 0.75497961 0.22605550
vt 0.91038817 0.55017561
vt 0.73787618 0.20103380
vt 0.76268673 0.21771491
vt 0.90299797 0.54711378
vt 0.74178261 0.19269320
vt 0.77007711 0.20821300
vt 0.89634663 0.54267961
vt 0.74505538 0.18414161
vt 0.89075100 0.53708398
vt 0.77662277 0.19744420
vt 0.74769491 0.17548430
vt 0.78190160 0.18561970
vt 0.88631678 0.53043270
vt 0.74948972 0.16651030
vt 0.78549123 0.17284490
vt 0.88325512 0.52304232
vt 0.75043982 0.15753630
vt 0.78718042 0.15943670
vt 0.88167143 0.51522970
vt 0.75043982 0.14845669
vt 0.78696930 0.14602840
vt 0.88167143 0.50720590
vt 0.74959522 0.13937710
vt 0.78464657 0.13293700
vt 0.88325512 0.49939320
vt 0.74790603 0.13040310
vt 0.88631678 0.49200290
vt 0.78074032 0.12058450
vt 0.74558330 0.12164030
vt 0.77535588 0.10918220
vt 0.89075100 0.48545709
vt 0.74262720 0.11287740
vt 0.76912689 0.09894132
vt 0.89634663 0.47975591
vt 0.89634663 0.47975591
vt 0.73924881 0.10432570
vt 0.90299797 0.47532180
vt 0.90299797 0.47532180
vt 0.76226437 0.08986175
vt 0.73565912 0.09598523
vt 0.91038817 0.47226000
vt 0.75519067 0.08183795
vt 0.91038817 0.47226000
vt 0.73175281 0.08785581
vt 0.74811709 0.07465875
vt 0.91820103 0.47067639
vt 0.74146581 0.06832414
vt 0.92622483 0.47067639
vt 0.92622483 0.47067639
vt 0.72784650 0.08004313
vt 0.72203970 0.08500522
vt 0.72478467 0.09355694
vt 0.72721302 0.10221420
vt 0.72953570 0.11076590
vt 0.73143601 0.11910640
vt 0.73291409 0.12713020
vt 0.73418111 0.13483730
vt 0.73492002 0.14233330
vt 0.73523682 0.14961800
vt 0.73513132 0.15669170
vt 0.73449779 0.16376530
vt 0.73333651 0.17094450
vt 0.73185837 0.17822930
vt 0.72985238 0.18583080
vt 0.72742420 0.19364349
vt 0.72457361 0.20177290
vt 0.72151190 0.21000780
vt 0.71802777 0.21834840
vt 0.71443820 0.22658341
vt 0.71074313 0.23471270
vt 0.70704782 0.24273650
vt 0.70356381 0.25054929
vt 0.70641440 0.25308311
vt 0.70863152 0.26459101
vt 0.95810890 0.53043270
vt 0.92221278 0.51121777
vt 0.92221278 0.51121777
vt 0.92221278 0.51121777
vt 0.92221278 0.51121777
vt 0.92221278 0.51121777
vt 0.93403751 0.47226000
vt 0.93403751 0.47226000
vt 0.73513132 0.06262302
vt 0.72404569 0.07244163
vt 0.71918923 0.07645356
vt 0.71380472 0.07940965
vt 0.71549398 0.08859485
vt 0.71697211 0.09777998
vt 0.71823901 0.10685950
vt 0.71929473 0.11551680
vt 0.72003382 0.12375180
vt 0.72056162 0.13145889
vt 0.72087842 0.13842690
vt 0.72087842 0.14465600
vt 0.72087842 0.15046260
vt 0.72056162 0.15595260
vt 0.72024488 0.16133700
vt 0.71971703 0.16714381
vt 0.71897811 0.17337280
vt 0.71792221 0.18023521
vt 0.71665531 0.18773121
vt 0.71496612 0.19586059
vt 0.71296012 0.20441230
vt 0.71074313 0.21328069
vt 0.70831478 0.22225469
vt 0.70567542 0.23122869
vt 0.70303601 0.24009711
vt 0.70050222 0.24864881
vt 0.69817942 0.25709501
vt 0.70050222 0.25825641
vt 0.70271921 0.25994560
vt 0.96117061 0.52304232
vt 0.70493633 0.27008089
vt 0.96264857 0.51522970
vt 0.70219141 0.27641550
vt 0.71359360 0.02683258
vt 0.69997418 0.28348920
vt 0.96264857 0.50720590
vt 0.71517730 0.03411734
vt 0.96117061 0.49939320
vt 0.71718317 0.04076868
vt 0.95810890 0.49200290
vt 0.95367467 0.48545709
vt 0.72024488 0.04657536
vt 0.94797349 0.47975591
vt 0.72446799 0.05195981
vt 0.72943008 0.05723863
vt 0.94132221 0.47532180
vt 0.72024488 0.06505125
vt 0.71644407 0.06811296
vt 0.71211553 0.07033008
vt 0.70968717 0.07993757
vt 0.71042627 0.08933389
vt 0.71116531 0.09862464
vt 0.71179879 0.10770420
vt 0.71222120 0.11636140
vt 0.71253782 0.12459640
vt 0.71274900 0.13209230
vt 0.71274900 0.13884920
vt 0.71264339 0.14486711
vt 0.71253782 0.15035710
vt 0.71232670 0.15542470
vt 0.71201003 0.16059799
vt 0.71158773 0.16598240
vt 0.71095419 0.17200020
vt 0.71021521 0.17875710
vt 0.70926499 0.18625310
vt 0.70799798 0.19427690
vt 0.70662558 0.20293421
vt 0.70504188 0.21190821
vt 0.70335269 0.22109340
vt 0.70155787 0.23027851
vt 0.69976312 0.23935810
vt 0.69796830 0.24822649
vt 0.69638473 0.25688389
vt 0.69638473 0.26522440
vt 0.69807392 0.26596340
vt 0.69976312 0.26701921
vt 0.69765150 0.27440959
vt 0.70926499 0.02799391
vt 0.69564557 0.28179991
vt 0.71042627 0.03559541
vt 0.71169323 0.04309135
vt 0.71391040 0.05058729
vt 0.71686649 0.05776649
vt 0.71380472 0.05998361
vt 0.71053189 0.06146168
vt 0.70884258 0.07064682
vt 0.70535862 0.07909297
vt 0.70535862 0.08827811
vt 0.70525312 0.09746325
vt 0.70514751 0.10643720
vt 0.70504188 0.11498890
vt 0.70493633 0.12301270
vt 0.70472521 0.13050871
vt 0.70451403 0.13737109
vt 0.70430291 0.14370570
vt 0.70398623 0.14951250
vt 0.70377499 0.15500240
vt 0.70345831 0.16059799
vt 0.70303601 0.16629911
vt 0.70261371 0.17263369
vt 0.70208567 0.17939059
vt 0.70145232 0.18688659
vt 0.70071328 0.19491041
vt 0.69997418 0.20346209
vt 0.69912958 0.21243609
vt 0.69817942 0.22151570
vt 0.69722933 0.23059520
vt 0.69627911 0.23967481
vt 0.69532877 0.24854331
vt 0.69448417 0.25698939
vt 0.69522327 0.26511881
vt 0.69522327 0.27314261
vt 0.69638473 0.27367061
vt 0.69490659 0.28127211
vt 0.70831478 0.02852177
vt 0.70905381 0.03622889
vt 0.70989841 0.04404157
vt 0.71158773 0.05195981
vt 0.70915937 0.05290997
vt 0.70799798 0.06167280
vt 0.70535862 0.07001340
vt 0.70113558 0.07740372
vt 0.70029092 0.08616656
vt 0.69944632 0.09492945
vt 0.69870740 0.10358670
vt 0.69796830 0.11192720
vt 0.69722933 0.11995100
vt 0.69659579 0.12755249
vt 0.69596231 0.13473170
vt 0.69543451 0.14159420
vt 0.69490659 0.14814000
vt 0.69448417 0.15447460
vt 0.69427311 0.16091470
vt 0.69395637 0.16746050
vt 0.69385082 0.17432299
vt 0.69363958 0.18150219
vt 0.69353408 0.18910369
vt 0.69332290 0.19712751
vt 0.69321728 0.20557360
vt 0.69311178 0.21423090
vt 0.69300622 0.22309931
vt 0.69290060 0.23186220
vt 0.69279498 0.24062499
vt 0.69258392 0.24917680
vt 0.69247830 0.25751731
vt 0.69385082 0.26522440
vt 0.69448417 0.27303711
vt 0.70768130 0.02883851
vt 0.69427311 0.28084981
vt 0.70789248 0.03654563
vt 0.70820922 0.04456943
vt 0.70736462 0.05301553
vt 0.70535862 0.06114494
vt 0.70198017 0.06864088
vt 0.69712371 0.07529222
vt 0.69564557 0.08363276
vt 0.69406188 0.09197330
vt 0.69247830 0.10020820
vt 0.69110590 0.10844320
vt 0.68962783 0.11636140
vt 0.68836081 0.12417410
vt 0.68719947 0.13188121
vt 0.68624932 0.13927160
vt 0.68551028 0.14666191
vt 0.68498242 0.15405230
vt 0.68466562 0.16133700
vt 0.68466562 0.16872740
vt 0.68487680 0.17632890
vt 0.68519348 0.18403600
vt 0.68561578 0.19184861
vt 0.68614370 0.19997810
vt 0.68677717 0.20821300
vt 0.68741059 0.21665910
vt 0.68804407 0.22510530
vt 0.68867761 0.23355140
vt 0.68931103 0.24189191
vt 0.68994451 0.25012699
vt 0.69047242 0.25815079
vt 0.69247830 0.26564670
vt 0.69353408 0.27314261
vt 0.70747018 0.02883851
vt 0.69406188 0.28074411
vt 0.70715338 0.03665119
vt 0.70704782 0.04467499
vt 0.70546430 0.05259323
vt 0.70271921 0.06019473
vt 0.69870740 0.06705725
vt 0.69332290 0.07349741
vt 0.69110590 0.08141565
vt 0.68878311 0.08933389
vt 0.68656600 0.09725213
vt 0.68434900 0.10527590
vt 0.68223739 0.11329970
vt 0.68033701 0.12121800
vt 0.67864782 0.12924179
vt 0.67716968 0.13737109
vt 0.67611402 0.14539500
vt 0.67548049 0.15352429
vt 0.67526931 0.16165380
vt 0.67548049 0.16978320
vt 0.67600840 0.17791250
vt 0.67685300 0.18604200
vt 0.67790872 0.19417129
vt 0.67907012 0.20240630
vt 0.68044257 0.21053570
vt 0.68181503 0.21877070
vt 0.68329310 0.22690010
vt 0.68466562 0.23492390
vt 0.68603808 0.24294770
vt 0.68741059 0.25086600
vt 0.68867761 0.25878420
vt 0.69100022 0.26606899
vt 0.69268942 0.27345940
vt 0.69363958 0.28084981
vt 0.70715338 0.02873295
vt 0.70630890 0.03644001
vt 0.70567542 0.04435825
vt 0.70345831 0.05185419
vt 0.70018542 0.05892783
vt 0.69554001 0.06568473
vt 0.68646038 0.06082820
vt 0.68181503 0.06737399
vt 0.67674738 0.07402527
vt 0.67146862 0.08099335
vt 0.66618967 0.08827811
vt 0.66091090 0.09587961
vt 0.65584332 0.10411450
vt 0.65130341 0.11277180
vt 0.64729160 0.12195700
vt 0.64422983 0.13145889
vt 0.64201272 0.14138310
vt 0.64095688 0.15151840
vt 0.64095688 0.16175930
vt 0.64201272 0.17189470
vt 0.64412433 0.18181890
vt 0.64708042 0.19132081
vt 0.65066999 0.20040040
vt 0.65478748 0.20916320
vt 0.65922171 0.21739820
vt 0.66376150 0.22521090
vt 0.66819572 0.23260120
vt 0.67252427 0.23978040
vt 0.67653620 0.24674851
vt 0.68012577 0.25371659
vt 0.68318760 0.26068461
vt 0.68973333 0.26649141
vt 0.69173932 0.27377611
vt 0.69321728 0.28106090
vt 0.70673120 0.02852177
vt 0.70535862 0.03601771
vt 0.70430291 0.04383039
vt 0.70155787 0.05100959
vt 0.69775712 0.05787205
vt 0.69078910 0.05428248
vt 0.68498242 0.04266905
vt 0.92622483 0.27652109
vt 0.68139279 0.04889804
vt 0.91820103 0.27652109
vt 0.67738092 0.05512708
vt 0.91038817 0.27493751
vt 0.67273551 0.06146168
vt 0.90299797 0.27198130
vt 0.66777343 0.06800740
vt 0.89634663 0.26754710
vt 0.66249448 0.07497549
vt 0.89075100 0.26184601
vt 0.65711021 0.08247143
vt 0.88631678 0.25519469
vt 0.65162021 0.09049522
vt 0.88325512 0.24780420
vt 0.64644700 0.09915250
vt 0.88167143 0.23999160
vt 0.88167143 0.23207331
vt 0.64159042 0.10844320
vt 0.88325512 0.22426060
vt 0.63736743 0.11836740
vt 0.88631678 0.21687029
vt 0.63388342 0.12881950
vt 0.89075100 0.21021900
vt 0.63156062 0.13979940
vt 0.63029373 0.15099060
vt 0.89634663 0.20462340
vt 0.90299797 0.20018920
vt 0.63029373 0.16228720
vt 0.63156062 0.17337280
vt 0.91038817 0.19712751
vt 0.63377768 0.18424711
vt 0.91820103 0.19554380
vt 0.63694501 0.19459370
vt 0.92622483 0.19554380
vt 0.64074582 0.20430671
vt 0.93403751 0.19712751
vt 0.64507443 0.21349190
vt 0.94132221 0.20018920
vt 0.64961422 0.22214910
vt 0.94797349 0.20462340
vt 0.65415400 0.23017290
vt 0.95367467 0.21021900
vt 0.65869379 0.23766890
vt 0.95810890 0.21687029
vt 0.96117061 0.22426060
vt 0.66291690 0.24474250
vt 0.96264857 0.23207331
vt 0.66682321 0.25149950
vt 0.96264857 0.23999160
vt 0.67020172 0.25815079
vt 0.96117061 0.24780420
vt 0.67315781 0.26469651
vt 0.95810890 0.25519469
vt 0.67558610 0.27145341
vt 0.68582702 0.26786381
vt 0.69089460 0.27409291
vt 0.70630890 0.02820503
vt 0.69268942 0.28137761
vt 0.70440841 0.03559541
vt 0.70293027 0.04319691
vt 0.69976312 0.05027055
vt 0.69458991 0.04773670
vt 0.68814969 0.03622889
vt 0.93403751 0.27493751
vt 0.92221278 0.23608521
vt 0.67769748 0.27842149
vt 0.95367467 0.26184601
vt 0.68793851 0.27514860
vt 0.69237268 0.28169441
vt 0.70599210 0.02788835
vt 0.70366943 0.03517311
vt 0.70176899 0.04266905
vt 0.69796830 0.04087424
vt 0.94132221 0.27198130
vt 0.69110590 0.02947199
vt 0.94797349 0.26754710
vt 0.67991471 0.28570631
vt 0.69406188 0.02250391
vt 0.69005001 0.28243339
vt 0.70377499 0.02683258
vt 0.70092440 0.03390622
f 1/1/1 2/2/2 3/3/3
f 3/3/3 2/2/2 4/4/4
f 2/2/2 5/5/5 4/4/4
f 4/4/4 5/5/5 6/6/6
f 5/5/5 7/7/7 6/6/6
f 6/6/6 7/7/7 8/8/8
f 7/7/7 9/9/9 8/8/8
f 8/8/8 9/9/9 10/10/10
f 9/9/9 11/11/11 10/10/10
f 10/10/10 11/11/11 12/12/12
f 11/11/11 13/13/13 12/12/12
f 12/12/12 13/13/13 14/14/14
f 13/13/13 15/15/15 14/14/14
f 14/14/14 15/15/15 16/16/16
f 15/15/15 17/17/17 16/16/16
f 16/16/16 17/17/17 18/18/18
f 17/17/17 19/19/19 18/18/18
f 18/18/18 19/19/19 20/20/20
f 19/19/19 21/21/21 20/20/20
f 20/20/20 21/21/21 22/22/22
f 21/21/21 23/23/23 22/22/22
f 22/22/22 23/23/23 24/24/24
f 23/23/23 25/25/25 24/24/24
f 24/24/24 25/25/25 26/26/26
f 26/26/26 25/25/25 27/27/27
f 25/25/25 28/28/28 27/27/27
f 27/27/27 28/28/28 29/29/29
f 28/28/28 30/30/30 29/29/29
f 29/29/29 30/30/30 31/31/31
f 31/31/31 30/30/30 32/32/32
f 33/33/33 32/32/32 35/35/35
f 32/32/32 30/30/30 35/35/35
f 35/35/35 30/30/30 37/37/37
f 30/30/30 28/28/28 37/37/37
f 37/37/37 28/28/28 39/39/39
f 28/28/28 25/25/25 39/39/39
f 39/39/39 25/25/25 41/41/41
f 25/25/25 23/23/23 41/41/41
f 41/41/41 23/23/23 44/44/44
f 23/23/23 21/21/21 44/44/44
f 44/44/44 21/21/21 46/46/46
f 21/21/21 19/19/19 46/46/46
f 46/46/46 19/19/19 49/49/49
f 19/19/19 17/17/17 49/49/49
f 49/49/49 17/17/17 51/51/51
f 17/17/17 15/15/15 51/51/51
f 51/51/51 15/15/15 55/55/55
f 15/15/15 13/13/13 55/55/55
f 55/55/55 13/13/13 56/56/56
f 13/13/13 11/11/11 56/56/56
f 56/56/56 11/11/11 60/60/60
f 11/11/11 9/9/9 60/60/60
f 60/60/60 9/9/9 62/62/62
f 9/9/9 7/7/7 62/62/62
f 62/62/62 7/7/7 63/63/63
f 7/7/7 5/5/5 63/63/63
f 63/63/63 5/5/5 65/65/65
f 5/5/5 2/2/2 65/65/65
f 65/65/65 2/2/2 68/68/68
f 2/2/2 1/1/1 68/68/68
f 68/68/68 1/1/1 71/71/71
f 73/73/73 75/75/75 78/78/78
f 78/78/78 75/75/75 79/79/79
f 75/75/75 71/71/71 79/79/79
f 71/71/71 1/1/1 79/79/79
f 79/79/79 1/1/1 80/80/80
f 1/1/1 3/3/3 80/80/80
f 80/80/80 3/3/3 81/81/81
f 81/81/81 3/3/3 82/82/82
f 3/3/3 4/4/4 82/82/82
f 82/82/82 4/4/4 83/83/83
f 4/4/4 6/6/6 83/83/83
f 83/83/83 6/6/6 84/84/84
f 6/6/6 8/8/8 84/84/84
f 84/84/84 8/8/8 85/85/85
f 8/8/8 10/10/10 85/85/85
f 85/85/85 10/10/10 86/86/86
f 10/10/10 12/12/12 86/86/86
f 86/86/86 12/12/12 87/87/87
f 12/12/12 14/14/14 87/87/87
f 87/87/87 14/14/14 88/88/88
f 14/14/14 16/16/16 88/88/88
f 88/88/88 16/16/16 89/89/89
f 16/16/16 18/18/18 89/89/89
f 89/89/89 18/18/18 90/90/90
f 18/18/18 20/20/20 90/90/90
f 90/90/90 20/20/20 91/91/91
f 20/20/20 22/22/22 91/91/91
f 91/91/91 22/22/22 92/92/92
f 22/22/22 24/24/24 92/92/92
f 92/92/92 24/24/24 93/93/93
f 24/24/24 26/26/26 93/93/93
f 93/93/93 26/26/26 94/94/94
f 94/94/94 26/26/26 95/95/95
f 26/26/26 27/27/27 95/95/95
f 95/95/95 27/27/27 96/96/96
f 27/27/27 29/29/29 96/96/96
f 96/96/96 29/29/29 97/97/97
f 29/29/29 31/31/31 97/97/97
f 97/97/97 31/31/31 98/98/98
f 98/98/98 31/31/31 99/99/99
f 31/31/31 32/32/32 99/99/99
f 99/99/99 32/32/32 100/100/100
f 32/32/32 33/33/33 100/100/100
f 100/100/100 33/33/33 103/103/103
f 101/101/101 34/34/34 112/112/112
f 34/34/34 36/36/36 112/112/112
f 36/36/36 38/38/38 112/112/112
f 38/38/38 40/40/40 112/112/112
f 40/40/40 42/42/42 112/112/112
f 42/42/42 43/43/43 112/112/112
f 43/43/43 45/45/45 112/112/112
f 45/45/45 48/48/48 112/112/112
f 47/47/47 52/52/52 110/110/110
f 50/50/50 54/54/54 112/112/112
f 53/53/53 57/57/57 106/106/106
f 58/58/58 59/59/59 112/112/112
f 59/59/59 61/61/61 112/112/112
f 61/61/61 64/64/64 112/112/112
f 64/64/64 66/66/66 112/112/112
f 66/66/66 67/67/67 112/112/112
f 67/67/67 70/70/70 112/112/112
f 69/69/69 77/77/77 104/104/104
f 76/76/76 72/72/72 107/107/107
f 74/74/74 114/114/114 112/112/112
f 114/114/114 116/116/116 112/112/112
f 105/105/105 117/117/117 120/120/120
f 121/121/121 118/118/118 122/122/122
f 122/122/122 118/118/118 123/123/123
f 118/118/118 115/115/115 123/123/123
f 124/124/124 113/113/113 125/125/125
f 113/113/113 73/73/73 125/125/125
f 73/73/73 78/78/78 125/125/125
f 125/125/125 78/78/78 126/126/126
f 126/126/126 78/78/78 127/127/127
f 78/78/78 79/79/79 127/127/127
f 79/79/79 80/80/80 127/127/127
f 127/127/127 80/80/80 128/128/128
f 80/80/80 81/81/81 128/128/128
f 128/128/128 81/81/81 129/129/129
f 129/129/129 81/81/81 130/130/130
f 81/81/81 82/82/82 130/130/130
f 130/130/130 82/82/82 131/131/131
f 82/82/82 83/83/83 131/131/131
f 131/131/131 83/83/83 132/132/132
f 83/83/83 84/84/84 132/132/132
f 132/132/132 84/84/84 133/133/133
f 84/84/84 85/85/85 133/133/133
f 133/133/133 85/85/85 134/134/134
f 85/85/85 86/86/86 134/134/134
f 134/134/134 86/86/86 135/135/135
f 86/86/86 87/87/87 135/135/135
f 135/135/135 87/87/87 136/136/136
f 87/87/87 88/88/88 136/136/136
f 136/136/136 88/88/88 137/137/137
f 88/88/88 89/89/89 137/137/137
f 137/137/137 89/89/89 138/138/138
f 89/89/89 90/90/90 138/138/138
f 138/138/138 90/90/90 139/139/139
f 90/90/90 91/91/91 139/139/139
f 139/139/139 91/91/91 140/140/140
f 91/91/91 92/92/92 140/140/140
f 140/140/140 92/92/92 141/141/141
f 92/92/92 93/93/93 141/141/141
f 141/141/141 93/93/93 142/142/142
f 93/93/93 94/94/94 142/142/142
f 142/142/142 94/94/94 143/143/143
f 143/143/143 94/94/94 144/144/144
f 94/94/94 95/95/95 144/144/144
f 144/144/144 95/95/95 145/145/145
f 95/95/95 96/96/96 145/145/145
f 145/145/145 96/96/96 146/146/146
f 96/96/96 97/97/97 146/146/146
f 146/146/146 97/97/97 147/147/147
f 97/97/97 98/98/98 147/147/147
f 147/147/147 98/98/98 148/148/148
f 148/148/148 98/98/98 149/149/149
f 98/98/98 99/99/99 149/149/149
f 149/149/149 99/99/99 150/150/150
f 99/99/99 100/100/100 150/150/150
f 150/150/150 100/100/100 151/151/151
f 100/100/100 103/103/103 151/151/151
f 151/151/151 103/103/103 154/154/154
f 102/102/102 109/109/109 152/152/152
f 153/153/153 112/112/112 157/157/157
f 155/155/155 111/111/111 159/159/159
f 158/158/158 112/112/112 161/161/161
f 161/161/161 112/112/112 163/163/163
f 163/163/163 112/112/112 166/166/166
f 166/166/166 112/112/112 168/168/168
f 168/168/168 112/112/112 169/169/169
f 169/169/169 112/112/112 171/171/171
f 108/108/108 119/119/119 172/172/172
f 173/173/173 121/121/121 174/174/174
f 121/121/121 122/122/122 174/174/174
f 174/174/174 122/122/122 175/175/175
f 122/122/122 123/123/123 175/175/175
f 175/175/175 123/123/123 177/177/177
f 124/124/124 125/125/125 176/176/176
f 125/125/125 126/126/126 176/176/176
f 176/176/176 126/126/126 178/178/178
f 126/126/126 127/127/127 178/178/178
f 127/127/127 128/128/128 178/178/178
f 178/178/178 128/128/128 179/179/179
f 128/128/128 129/129/129 179/179/179
f 180/180/180 179/179/179 181/181/181
f 179/179/179 129/129/129 181/181/181
f 181/181/181 129/129/129 182/182/182
f 129/129/129 130/130/130 182/182/182
f 182/182/182 130/130/130 183/183/183
f 130/130/130 131/131/131 183/183/183
f 183/183/183 131/131/131 184/184/184
f 131/131/131 132/132/132 184/184/184
f 184/184/184 132/132/132 185/185/185
f 132/132/132 133/133/133 185/185/185
f 185/185/185 133/133/133 186/186/186
f 133/133/133 134/134/134 186/186/186
f 186/186/186 134/134/134 187/187/187
f 134/134/134 135/135/135 187/187/187
f 187/187/187 135/135/135 188/188/188
f 135/135/135 136/136/136 188/188/188
f 188/188/188 136/136/136 189/189/189
f 136/136/136 137/137/137 189/189/189
f 189/189/189 137/137/137 190/190/190
f 137/137/137 138/138/138 190/190/190
f 190/190/190 138/138/138 191/191/191
f 138/138/138 139/139/139 191/191/191
f 191/191/191 139/139/139 192/192/192
f 139/139/139 140/140/140 192/192/192
f 192/192/192 140/140/140 193/193/193
f 140/140/140 141/141/141 193/193/193
f 193/193/193 141/141/141 194/194/194
f 141/141/141 142/142/142 194/194/194
f 194/194/194 142/142/142 195/195/195
f 142/142/142 143/143/143 195/195/195
f 143/143/143 144/144/144 195/195/195
f 195/195/195 144/144/144 196/196/196
f 144/144/144 145/145/145 196/196/196
f 196/196/196 145/145/145 197/197/197
f 145/145/145 146/146/146 197/197/197
f 197/197/197 146/146/146 198/198/198
f 146/146/146 147/147/147 198/198/198
f 198/198/198 147/147/147 199/199/199
f 147/147/147 148/148/148 199/199/199
f 199/199/199 148/148/148 200/200/200
f 200/200/200 148/148/148 201/201/201
f 148/148/148 149/149/149 201/201/201
f 201/201/201 149/149/149 202/202/202
f 149/149/149 150/150/150 202/202/202
f 202/202/202 150/150/150 203/203/203
f 150/150/150 151/151/151 203/203/203
f 203/203/203 151/151/151 204/204/204
f 151/151/151 154/154/154 204/204/204
f 154/154/154 156/156/156 204/204/204
f 204/204/204 156/156/156 205/205/205
f 156/156/156 160/160/160 205/205/205
f 205/205/205 160/160/160 206/206/206
f 160/160/160 162/162/162 206/206/206
f 206/206/206 162/162/162 207/207/207
f 162/162/162 164/164/164 207/207/207
f 207/207/207 164/164/164 208/208/208
f 164/164/164 165/165/165 208/208/208
f 208/208/208 165/165/165 209/209/209
f 165/165/165 167/167/167 209/209/209
f 209/209/209 167/167/167 210/210/210
f 167/167/167 170/170/170 210/210/210
f 210/210/210 170/170/170 211/211/211
f 170/170/170 173/173/173 211/211/211
f 173/173/173 174/174/174 211/211/211
f 211/211/211 174/174/174 212/212/212
f 174/174/174 175/175/175 212/212/212
f 212/212/212 175/175/175 213/213/213
f 213/213/213 175/175/175 214/214/214
f 175/175/175 177/177/177 214/214/214
f 176/176/176 178/178/178 215/215/215
f 215/215/215 178/178/178 217/217/217
f 178/178/178 179/179/179 217/217/217
f 179/179/179 180/180/180 217/217/217
f 217/217/217 180/180/180 218/218/218
f 221/221/221 218/218/218 222/222/222
f 218/218/218 180/180/180 222/222/222
f 222/222/222 180/180/180 223/223/223
f 180/180/180 181/181/181 223/223/223
f 223/223/223 181/181/181 224/224/224
f 181/181/181 182/182/182 224/224/224
f 224/224/224 182/182/182 225/225/225
f 182/182/182 183/183/183 225/225/225
f 225/225/225 183/183/183 226/226/226
f 183/183/183 184/184/184 226/226/226
f 226/226/226 184/184/184 227/227/227
f 184/184/184 185/185/185 227/227/227
f 227/227/227 185/185/185 228/228/228
f 185/185/185 186/186/186 228/228/228
f 228/228/228 186/186/186 229/229/229
f 186/186/186 187/187/187 229/229/229
f 229/229/229 187/187/187 230/230/230
f 187/187/187 188/188/188 230/230/230
f 230/230/230 188/188/188 231/231/231
f 188/188/188 189/189/189 231/231/231
f 231/231/231 189/189/189 232/232/232
f 189/189/189 190/190/190 232/232/232
f 232/232/232 190/190/190 233/233/233
f 190/190/190 191/191/191 233/233/233
f 233/233/233 191/191/191 234/234/234
f 191/191/191 192/192/192 234/234/234
f 234/234/234 192/192/192 235/235/235
f 192/192/192 193/193/193 235/235/235
f 235/235/235 193/193/193 236/236/236
f 193/193/193 194/194/194 236/236/236
f 236/236/236 194/194/194 237/237/237
f 194/194/194 195/195/195 237/237/237
f 195/195/195 196/196/196 237/237/237
f 237/237/237 196/196/196 238/238/238
f 196/196/196 197/197/197 238/238/238
f 238/238/238 197/197/197 239/239/239
f 197/197/197 198/198/198 239/239/239
f 239/239/239 198/198/198 240/240/240
f 198/198/198 199/199/199 240/240/240
f 240/240/240 199/199/199 241/241/241
f 199/199/199 200/200/200 241/241/241
f 241/241/241 200/200/200 242/242/242
f 242/242/242 200/200/200 243/243/243
f 200/200/200 201/201/201 243/243/243
f 243/243/243 201/201/201 244/244/244
f 201/201/201 202/202/202 244/244/244
f 244/244/244 202/202/202 245/245/245
f 202/202/202 203/203/203 245/245/245
f 245/245/245 203/203/203 246/246/246
f 203/203/203 204/204/204 246/246/246
f 204/204/204 205/205/205 246/246/246
f 246/246/246 205/205/205 247/247/247
f 205/205/205 206/206/206 247/247/247
f 247/247/247 206/206/206 248/248/248
f 206/206/206 207/207/207 248/248/248
f 248/248/248 207/207/207 249/249/249
f 207/207/207 208/208/208 249/249/249
f 249/249/249 208/208/208 250/250/250
f 208/208/208 209/209/209 250/250/250
f 250/250/250 209/209/209 251/251/251
f 209/209/209 210/210/210 251/251/251
f 251/251/251 210/210/210 252/252/252
f 210/210/210 211/211/211 252/252/252
f 211/211/211 212/212/212 252/252/252
f 252/252/252 212/212/212 253/253/253
f 212/212/212 213/213/213 253/253/253
f 253/253/253 213/213/213 254/254/254
f 213/213/213 214/214/214 254/254/254
f 214/214/214 216/216/216 254/254/254
f 254/254/254 216/216/216 255/255/255
f 216/216/216 219/219/219 255/255/255
f 255/255/255 219/219/219 256/256/256
f 219/219/219 220/220/220 256/256/256
f 256/256/256 220/220/220 257/257/257
f 257/257/257 220/220/220 258/258/258
f 259/259/259 221/221/221 260/260/260
f 221/221/221 222/222/222 260/260/260
f 260/260/260 222/222/222 261/261/261
f 222/222/222 223/223/223 261/261/261
f 261/261/261 223/223/223 262/262/262
f 223/223/223 224/224/224 262/262/262
f 262/262/262 224/224/224 263/263/263
f 224/224/224 225/225/225 263/263/263
f 263/263/263 225/225/225 264/264/264
f 225/225/225 226/226/226 264/264/264
f 264/264/264 226/226/226 265/265/265
f 226/226/226 227/227/227 265/265/265
f 265/265/265 227/227/227 266/266/266
f 227/227/227 228/228/228 266/266/266
f 266/266/266 228/228/228 267/267/267
f 228/228/228 229/229/229 267/267/267
f 267/267/267 229/229/229 268/268/268
f 229/229/229 230/230/230 268/268/268
f 268/268/268 230/230/230 269/269/269
f 230/230/230 231/231/231 269/269/269
f 269/269/269 231/231/231 270/270/270
f 231/231/231 232/232/232 270/270/270
f 270/270/270 232/232/232 271/271/271
f 232/232/232 233/233/233 271/271/271
f 271/271/271 233/233/233 272/272/272
f 233/233/233 234/234/234 272/272/272
f 272/272/272 234/234/234 273/273/273
f 234/234/234 235/235/235 273/273/273
f 273/273/273 235/235/235 274/274/274
f 235/235/235 236/236/236 274/274/274
f 274/274/274 236/236/236 275/275/275
f 236/236/236 237/237/237 275/275/275
f 237/237/237 238/238/238 275/275/275
f 275/275/275 238/238/238 276/276/276
f 238/238/238 239/239/239 276/276/276
f 276/276/276 239/239/239 277/277/277
f 239/239/239 240/240/240 277/277/277
f 277/277/277 240/240/240 278/278/278
f 240/240/240 241/241/241 278/278/278
f 278/278/278 241/241/241 279/279/279
f 241/241/241 242/242/242 279/279/279
f 279/279/279 242/242/242 280/280/280
f 280/280/280 242/242/242 281/281/281
f 242/242/242 243/243/243 281/281/281
f 281/281/281 243/243/243 282/282/282
f 243/243/243 244/244/244 282/282/282
f 282/282/282 244/244/244 283/283/283
f 244/244/244 245/245/245 283/283/283
f 283/283/283 245/245/245 284/284/284
f 245/245/245 246/246/246 284/284/284
f 246/246/246 247/247/247 284/284/284
f 284/284/284 247/247/247 285/285/285
f 247/247/247 248/248/248 285/285/285
f 285/285/285 248/248/248 286/286/286
f 248/248/248 249/249/249 286/286/286
f 286/286/286 249/249/249 287/287/287
f 249/249/249 250/250/250 287/287/287
f 287/287/287 250/250/250 288/288/288
f 250/250/250 251/251/251 288/288/288
f 288/288/288 251/251/251 289/289/289
f 251/251/251 252/252/252 289/289/289
f 252/252/252 253/253/253 289/289/289
f 289/289/289 253/253/253 290/290/290
f 253/253/253 254/254/254 290/290/290
f 290/290/290 254/254/254 291/291/291
f 254/254/254 255/255/255 291/291/291
f 291/291/291 255/255/255 292/292/292
f 255/255/255 256/256/256 292/292/292
f 292/292/292 256/256/256 293/293/293
f 256/256/256 257/257/257 293/293/293
f 294/294/294 293/293/293 295/295/295
f 293/293/293 257/257/257 295/295/295
f 295/295/295 257/257/257 296/296/296
f 257/257/257 258/258/258 296/296/296
f 297/297/297 259/259/259 298/298/298
f 259/259/259 260/260/260 298/298/298
f 298/298/298 260/260/260 299/299/299
f 260/260/260 261/261/261 299/299/299
f 299/299/299 261/261/261 300/300/300
f 261/261/261 262/262/262 300/300/300
f 300/300/300 262/262/262 301/301/301
f 262/262/262 263/263/263 301/301/301
f 301/301/301 263/263/263 302/302/302
f 263/263/263 264/264/264 302/302/302
f 302/302/302 264/264/264 303/303/303
f 264/264/264 265/265/265 303/303/303
f 303/303/303 265/265/265 304/304/304
f 265/265/265 266/266/266 304/304/304
f 304/304/304 266/266/266 305/305/305
f 266/266/266 267/267/267 305/305/305
f 305/305/305 267/267/267 306/306/306
f 267/267/267 268/268/268 306/306/306
f 306/306/306 268/268/268 307/307/307
f 268/268/268 269/269/269 307/307/307
f 307/307/307 269/269/269 308/308/308
f 269/269/269 270/270/270 308/308/308
f 308/308/308 270/270/270 309/309/309
f 270/270/270 271/271/271 309/309/309
f 309/309/309 271/271/271 310/310/310
f 271/271/271 272/272/272 310/310/310
f 310/310/310 272/272/272 311/311/311
f 272/272/272 273/273/273 311/311/311
f 311/311/311 273/273/273 312/312/312
f 273/273/273 274/274/274 312/312/312
f 312/312/312 274/274/274 313/313/313
f 274/274/274 275/275/275 313/313/313
f 313/313/313 275/275/275 314/314/314
f 275/275/275 276/276/276 314/314/314
f 314/314/314 276/276/276 315/315/315
f 276/276/276 277/277/277 315/315/315
f 315/315/315 277/277/277 316/316/316
f 277/277/277 278/278/278 316/316/316
f 316/316/316 278/278/278 317/317/317
f 278/278/278 279/279/279 317/317/317
f 317/317/317 279/279/279 318/318/318
f 279/279/279 280/280/280 318/318/318
f 318/318/318 280/280/280 319/319/319
f 319/319/319 280/280/280 320/320/320
f 280/280/280 281/281/281 320/320/320
f 320/320/320 281/281/281 321/321/321
f 281/281/281 282/282/282 321/321/321
f 321/321/321 282/282/282 322/322/322
f 282/282/282 283/283/283 322/322/322
f 322/322/322 283/283/283 323/323/323
f 283/283/283 284/284/284 323/323/323
f 284/284/284 285/285/285 323/323/323
f 323/323/323 285/285/285 324/324/324
f 285/285/285 286/286/286 324/324/324
f 324/324/324 286/286/286 325/325/325
f 286/286/286 287/287/287 325/325/325
f 325/325/325 287/287/287 326/326/326
f 287/287/287 288/288/288 326/326/326
f 326/326/326 288/288/288 327/327/327
f 288/288/288 289/289/289 327/327/327
f 289/289/289 290/290/290 327/327/327
f 327/327/327 290/290/290 328/328/328
f 290/290/290 291/291/291 328/328/328
f 328/328/328 291/291/291 329/329/329
f 291/291/291 292/292/292 329/329/329
f 329/329/329 292/292/292 330/330/330
f 292/292/292 293/293/293 330/330/330
f 293/293/293 294/294/294 330/330/330
f 330/330/330 294/294/294 331/331/331
f 332/332/332 331/331/331 334/334/334
f 331/331/331 294/294/294 334/334/334
f 334/334/334 294/294/294 336/336/336
f 294/294/294 295/295/295 336/336/336
f 336/336/336 295/295/295 338/338/338
f 295/295/295 296/296/296 338/338/338
f 339/339/339 297/297/297 342/342/342
f 297/297/297 298/298/298 342/342/342
f 342/342/342 298/298/298 344/344/344
f 298/298/298 299/299/299 344/344/344
f 344/344/344 299/299/299 347/347/347
f 299/299/299 300/300/300 347/347/347
f 347/347/347 300/300/300 350/350/350
f 300/300/300 301/301/301 350/350/350
f 350/350/350 301/301/301 352/352/352
f 301/301/301 302/302/302 352/352/352
f 352/352/352 302/302/302 355/355/355
f 302/302/302 303/303/303 355/355/355
f 355/355/355 303/303/303 358/358/358
f 303/303/303 304/304/304 358/358/358
f 358/358/358 304/304/304 359/359/359
f 304/304/304 305/305/305 359/359/359
f 359/359/359 305/305/305 362/362/362
f 305/305/305 306/306/306 362/362/362
f 362/362/362 306/306/306 363/363/363
f 306/306/306 307/307/307 363/363/363
f 363/363/363 307/307/307 365/365/365
f 307/307/307 308/308/308 365/365/365
f 365/365/365 308/308/308 367/367/367
f 308/308/308 309/309/309 367/367/367
f 367/367/367 309/309/309 370/370/370
f 309/309/309 310/310/310 370/370/370
f 370/370/370 310/310/310 373/373/373
f 310/310/310 311/311/311 373/373/373
f 373/373/373 311/311/311 376/376/376
f 311/311/311 312/312/312 376/376/376
f 376/376/376 312/312/312 378/378/378
f 312/312/312 313/313/313 378/378/378
f 378/378/378 313/313/313 381/381/381
f 313/313/313 314/314/314 381/381/381
f 381/381/381 314/314/314 383/383/383
f 314/314/314 315/315/315 383/383/383
f 383/383/383 315/315/315 384/384/384
f 315/315/315 316/316/316 384/384/384
f 384/384/384 316/316/316 387/387/387
f 316/316/316 317/317/317 387/387/387
f 387/387/387 317/317/317 388/388/388
f 317/317/317 318/318/318 388/388/388
f 388/388/388 318/318/318 390/390/390
f 318/318/318 319/319/319 390/390/390
f 390/390/390 319/319/319 395/395/395
f 396/396/396 395/395/395 399/399/399
f 395/395/395 319/319/319 399/399/399
f 319/319/319 320/320/320 399/399/399
f 399/399/399 320/320/320 400/400/400
f 320/320/320 321/321/321 400/400/400
f 400/400/400 321/321/321 401/401/401
f 321/321/321 322/322/322 401/401/401
f 401/401/401 322/322/322 402/402/402
f 322/322/322 323/323/323 402/402/402
f 323/323/323 324/324/324 402/402/402
f 402/402/402 324/324/324 403/403/403
f 324/324/324 325/325/325 403/403/403
f 403/403/403 325/325/325 404/404/404
f 325/325/325 326/326/326 404/404/404
f 404/404/404 326/326/326 405/405/405
f 326/326/326 327/327/327 405/405/405
f 327/327/327 328/328/328 405/405/405
f 405/405/405 328/328/328 406/406/406
f 328/328/328 329/329/329 406/406/406
f 406/406/406 329/329/329 407/407/407
f 329/329/329 330/330/330 407/407/407
f 330/330/330 331/331/331 407/407/407
f 407/407/407 331/331/331 408/408/408
f 331/331/331 332/332/332 408/408/408
f 408/408/408 332/332/332 410/410/410
f 409/409/409 333/333/333 418/418/418
f 333/333/333 335/335/335 418/418/418
f 335/335/335 337/337/337 418/418/418
f 337/337/337 340/340/340 418/418/418
f 340/340/340 341/341/341 418/418/418
f 341/341/341 343/343/343 418/418/418
f 345/345/345 348/348/348 416/416/416
f 346/346/346 349/349/349 418/418/418
f 349/349/349 351/351/351 418/418/418
f 353/353/353 356/356/356 417/417/417
f 354/354/354 357/357/357 418/418/418
f 357/357/357 360/360/360 418/418/418
f 360/360/360 361/361/361 418/418/418
f 361/361/361 364/364/364 418/418/418
f 364/364/364 366/366/366 418/418/418
f 366/366/366 368/368/368 418/418/418
f 369/369/369 371/371/371 412/412/412
f 372/372/372 374/374/374 415/415/415
f 375/375/375 377/377/377 418/418/418
f 377/377/377 379/379/379 418/418/418
f 379/379/379 380/380/380 418/418/418
f 380/380/380 382/382/382 418/418/418
f 382/382/382 385/385/385 418/418/418
f 385/385/385 386/386/386 418/418/418
f 386/386/386 389/389/389 418/418/418
f 389/389/389 392/392/392 418/418/418
f 391/391/391 393/393/393 411/411/411
f 394/394/394 398/398/398 418/418/418
f 413/413/413 397/397/397 420/420/420
f 419/419/419 396/396/396 422/422/422
f 396/396/396 399/399/399 422/422/422
f 399/399/399 400/400/400 422/422/422
f 422/422/422 400/400/400 423/423/423
f 400/400/400 401/401/401 423/423/423
f 423/423/423 401/401/401 424/424/424
f 401/401/401 402/402/402 424/424/424
f 402/402/402 403/403/403 424/424/424
f 424/424/424 403/403/403 425/425/425
f 403/403/403 404/404/404 425/425/425
f 425/425/425 404/404/404 426/426/426
f 404/404/404 405/405/405 426/426/426
f 405/405/405 406/406/406 426/426/426
f 426/426/426 406/406/406 427/427/427
f 406/406/406 407/407/407 427/427/427
f 407/407/407 408/408/408 427/427/427
f 427/427/427 408/408/408 428/428/428
f 408/408/408 410/410/410 428/428/428
f 428/428/428 410/410/410 429/429/429
f 409/409/409 418/418/418 430/430/430
f 430/430/430 418/418/418 431/431/431
f 414/414/414 421/421/421 432/432/432
f 433/433/433 419/419/419 434/434/434
f 419/419/419 422/422/422 434/434/434
f 422/422/422 423/423/423 434/434/434
f 434/434/434 423/423/423 435/435/435
f 423/423/423 424/424/424 435/435/435
f 424/424/424 425/425/425 435/435/435
f 435/435/435 425/425/425 436/436/436
f 425/425/425 426/426/426 436/436/436
f 426/426/426 427/427/427 436/436/436
f 427/427/427 428/428/428 436/436/436
f 436/436/436 428/428/428 437/437/437
f 428/428/428 429/429/429 437/437/437
f 429/429/429 433/433/433 437/437/437
f 433/433/433 434/434/434 437/437/437
f 434/434/434 435/435/435 437/437/437
f 439/439/439 440/440/440 442/442/442
f 440/440/440 443/443/443 442/442/442
f 442/442/442 443/443/443 446/446/446
f 443/443/443 447/447/447 446/446/446
f 446/446/446 447/447/447 448/448/448
f 447/447/447 451/451/451 448/448/448
f 448/448/448 451/451/451 452/452/452
f 451/451/451 454/454/454 452/452/452
f 452/452/452 454/454/454 455/455/455
f 454/454/454 457/457/457 455/455/455
f 455/455/455 457/457/457 458/458/458
f 457/457/457 460/460/460 458/458/458
f 458/458/458 460/460/460 461/461/461
f 460/460/460 463/463/463 461/461/461
f 461/461/461 463/463/463 464/464/464
f 463/463/463 466/466/466 464/464/464
f 464/464/464 466/466/466 468/468/468
f 466/466/466 469/469/469 468/468/468
f 468/468/468 469/469/469 470/470/470
f 469/469/469 472/472/472 470/470/470
f 470/470/470 472/472/472 473/473/473
f 472/472/472 475/475/475 473/473/473
f 473/473/473 475/475/475 476/476/476
f 475/475/475 478/478/478 476/476/476
f 476/476/476 478/478/478 479/479/479
f 478/478/478 481/481/481 479/479/479
f 479/479/479 481/481/481 482/482/482
f 481/481/481 484/484/484 482/482/482
f 482/482/482 484/484/484 486/486/486
f 484/484/484 487/487/487 486/486/486
f 486/486/486 487/487/487 488/488/488
f 487/487/487 490/490/490 488/488/488
f 488/488/488 490/490/490 491/491/491
f 490/490/490 494/494/494 491/491/491
f 491/491/491 494/494/494 497/497/497
f 494/494/494 498/498/498 497/497/497
f 497/497/497 498/498/498 500/500/500
f 498/498/498 502/502/502 500/500/500
f 500/500/500 502/502/502 503/503/503
f 505/505/505 503/503/503 508/508/508
f 503/503/503 502/502/502 508/508/508
f 508/508/508 502/502/502 509/509/509
f 509/509/509 502/502/502 510/510/510
f 502/502/502 498/498/498 510/510/510
f 510/510/510 498/498/498 511/511/511
f 498/498/498 494/494/494 511/511/511
f 511/511/511 494/494/494 512/512/512
f 494/494/494 490/490/490 512/512/512
f 512/512/512 490/490/490 513/513/513
f 490/490/490 487/487/487 513/513/513
f 513/513/513 487/487/487 514/514/514
f 487/487/487 484/484/484 514/514/514
f 514/514/514 484/484/484 515/515/515
f 484/484/484 481/481/481 515/515/515
f 515/515/515 481/481/481 516/516/516
f 481/481/481 478/478/478 516/516/516
f 516/516/516 478/478/478 517/517/517
f 478/478/478 475/475/475 517/517/517
f 517/517/517 475/475/475 518/518/518
f 518/518/518 475/475/475 519/519/519
f 475/475/475 472/472/472 519/519/519
f 519/519/519 472/472/472 520/520/520
f 472/472/472 469/469/469 520/520/520
f 520/520/520 469/469/469 521/521/521
f 469/469/469 466/466/466 521/521/521
f 521/521/521 466/466/466 522/522/522
f 466/466/466 463/463/463 522/522/522
f 522/522/522 463/463/463 523/523/523
f 463/463/463 460/460/460 523/523/523
f 523/523/523 460/460/460 524/524/524
f 460/460/460 457/457/457 524/524/524
f 524/524/524 457/457/457 525/525/525
f 457/457/457 454/454/454 525/525/525
f 525/525/525 454/454/454 526/526/526
f 454/454/454 451/451/451 526/526/526
f 526/526/526 451/451/451 527/527/527
f 451/451/451 447/447/447 527/527/527
f 527/527/527 447/447/447 528/528/528
f 447/447/447 443/443/443 528/528/528
f 528/528/528 443/443/443 529/529/529
f 443/443/443 440/440/440 529/529/529
f 529/529/529 440/440/440 530/530/530
f 530/530/530 440/440/440 531/531/531
f 440/440/440 439/439/439 531/531/531
f 531/531/531 439/439/439 532/532/532
f 533/533/533 438/438/438 535/535/535
f 438/438/438 441/441/441 535/535/535
f 441/441/441 445/445/445 535/535/535
f 444/444/444 449/449/449 536/536/536
f 450/450/450 453/453/453 535/535/535
f 453/453/453 456/456/456 535/535/535
f 456/456/456 459/459/459 535/535/535
f 459/459/459 462/462/462 535/535/535
f 462/462/462 465/465/465 535/535/535
f 465/465/465 467/467/467 535/535/535
f 467/467/467 471/471/471 535/535/535
f 471/471/471 474/474/474 535/535/535
f 474/474/474 477/477/477 535/535/535
f 477/477/477 480/480/480 535/535/535
f 480/480/480 483/483/483 535/535/535
f 483/483/483 485/485/485 535/535/535
f 485/485/485 489/489/489 535/535/535
f 489/489/489 492/492/492 535/535/535
f 493/493/493 496/496/496 537/537/537
f 495/495/495 499/499/499 534/534/534
f 501/501/501 504/504/504 535/535/535
f 504/504/504 507/507/507 535/535/535
f 538/538/538 506/506/506 539/539/539
f 541/541/541 505/505/505 542/542/542
f 505/505/505 508/508/508 542/542/542
f 542/542/542 508/508/508 543/543/543
f 508/508/508 509/509/509 543/543/543
f 543/543/543 509/509/509 544/544/544
f 544/544/544 509/509/509 545/545/545
f 509/509/509 510/510/510 545/545/545
f 545/545/545 510/510/510 546/546/546
f 510/510/510 511/511/511 546/546/546
f 546/546/546 511/511/511 547/547/547
f 511/511/511 512/512/512 547/547/547
f 547/547/547 512/512/512 548/548/548
f 512/512/512 513/513/513 548/548/548
f 548/548/548 513/513/513 549/549/549
f 513/513/513 514/514/514 549/549/549
f 549/549/549 514/514/514 550/550/550
f 514/514/514 515/515/515 550/550/550
f 550/550/550 515/515/515 551/551/551
f 515/515/515 516/516/516 551/551/551
f 551/551/551 516/516/516 552/552/552
f 516/516/516 517/517/517 552/552/552
f 552/552/552 517/517/517 553/553/553
f 517/517/517 518/518/518 553/553/553
f 553/553/553 518/518/518 554/554/554
f 554/554/554 518/518/518 555/555/555
f 518/518/518 519/519/519 555/555/555
f 555/555/555 519/519/519 556/556/556
f 519/519/519 520/520/520 556/556/556
f 556/556/556 520/520/520 557/557/557
f 520/520/520 521/521/521 557/557/557
f 557/557/557 521/521/521 558/558/558
f 521/521/521 522/522/522 558/558/558
f 558/558/558 522/522/522 559/559/559
f 522/522/522 523/523/523 559/559/559
f 559/559/559 523/523/523 560/560/560
f 523/523/523 524/524/524 560/560/560
f 560/560/560 524/524/524 561/561/561
f 524/524/524 525/525/525 561/561/561
f 561/561/561 525/525/525 562/562/562
f 525/525/525 526/526/526 562/562/562
f 562/562/562 526/526/526 563/563/563
f 526/526/526 527/527/527 563/563/563
f 563/563/563 527/527/527 564/564/564
f 527/527/527 528/528/528 564/564/564
f 564/564/564 528/528/528 565/565/565
f 528/528/528 529/529/529 565/565/565
f 565/565/565 529/529/529 566/566/566
f 529/529/529 530/530/530 566/566/566
f 566/566/566 530/530/530 567/567/567
f 567/567/567 530/530/530 568/568/568
f 530/530/530 531/531/531 568/568/568
f 568/568/568 531/531/531 569/569/569
f 531/531/531 532/532/532 569/569/569
f 569/569/569 532/532/532 571/571/571
f 533/533/533 535/535/535 570/570/570
f 570/570/570 535/535/535 572/572/572
f 572/572/572 535/535/535 576/576/576
f 576/576/576 535/535/535 578/578/578
f 578/578/578 535/535/535 580/580/580
f 580/580/580 535/535/535 581/581/581
f 581/581/581 535/535/535 583/583/583
f 583/583/583 535/535/535 586/586/586
f 535/535/535 540/540/540 586/586/586
f 585/585/585 541/541/541 587/587/587
f 541/541/541 542/542/542 587/587/587
f 587/587/587 542/542/542 588/588/588
f 542/542/542 543/543/543 588/588/588
f 588/588/588 543/543/543 589/589/589
f 543/543/543 544/544/544 589/589/589
f 589/589/589 544/544/544 590/590/590
f 590/590/590 544/544/544 591/591/591
f 544/544/544 545/545/545 591/591/591
f 591/591/591 545/545/545 592/592/592
f 545/545/545 546/546/546 592/592/592
f 592/592/592 546/546/546 593/593/593
f 546/546/546 547/547/547 593/593/593
f 593/593/593 547/547/547 594/594/594
f 547/547/547 548/548/548 594/594/594
f 594/594/594 548/548/548 595/595/595
f 548/548/548 549/549/549 595/595/595
f 595/595/595 549/549/549 596/596/596
f 549/549/549 550/550/550 596/596/596
f 596/596/596 550/550/550 597/597/597
f 550/550/550 551/551/551 597/597/597
f 597/597/597 551/551/551 598/598/598
f 551/551/551 552/552/552 598/598/598
f 598/598/598 552/552/552 599/599/599
f 552/552/552 553/553/553 599/599/599
f 599/599/599 553/553/553 600/600/600
f 553/553/553 554/554/554 600/600/600
f 554/554/554 555/555/555 600/600/600
f 600/600/600 555/555/555 601/601/601
f 555/555/555 556/556/556 601/601/601
f 601/601/601 556/556/556 602/602/602
f 556/556/556 557/557/557 602/602/602
f 602/602/602 557/557/557 603/603/603
f 557/557/557 558/558/558 603/603/603
f 603/603/603 558/558/558 604/604/604
f 558/558/558 559/559/559 604/604/604
f 604/604/604 559/559/559 605/605/605
f 559/559/559 560/560/560 605/605/605
f 605/605/605 560/560/560 606/606/606
f 560/560/560 561/561/561 606/606/606
f 606/606/606 561/561/561 607/607/607
f 561/561/561 562/562/562 607/607/607
f 607/607/607 562/562/562 608/608/608
f 562/562/562 563/563/563 608/608/608
f 608/608/608 563/563/563 609/609/609
f 563/563/563 564/564/564 609/609/609
f 609/609/609 564/564/564 610/610/610
f 564/564/564 565/565/565 610/610/610
f 610/610/610 565/565/565 611/611/611
f 565/565/565 566/566/566 611/611/611
f 611/611/611 566/566/566 612/612/612
f 566/566/566 567/567/567 612/612/612
f 612/612/612 567/567/567 613/613/613
f 613/613/613 567/567/567 614/614/614
f 567/567/567 568/568/568 614/614/614
f 614/614/614 568/568/568 615/615/615
f 568/568/568 569/569/569 615/615/615
f 615/615/615 569/569/569 616/616/616
f 569/569/569 571/571/571 616/616/616
f 571/571/571 573/573/573 616/616/616
f 616/616/616 573/573/573 617/617/617
f 573/573/573 575/575/575 617/617/617
f 617/617/617 575/575/575 619/619/619
f 574/574/574 577/577/577 618/618/618
f 618/618/618 577/577/577 620/620/620
f 577/577/577 579/579/579 620/620/620
f 620/620/620 579/579/579 621/621/621
f 579/579/579 582/582/582 621/621/621
f 621/621/621 582/582/582 622/622/622
f 582/582/582 584/584/584 622/622/622
f 622/622/622 584/584/584 623/623/623
f 584/584/584 585/585/585 623/623/623
f 585/585/585 587/587/587 623/623/623
f 623/623/623 587/587/587 624/624/624
f 587/587/587 588/588/588 624/624/624
f 624/624/624 588/588/588 625/625/625
f 588/588/588 589/589/589 625/625/625
f 625/625/625 589/589/589 626/626/626
f 589/589/589 590/590/590 626/626/626
f 626/626/626 590/590/590 627/627/627
f 627/627/627 590/590/590 628/628/628
f 590/590/590 591/591/591 628/628/628
f 628/628/628 591/591/591 629/629/629
f 591/591/591 592/592/592 629/629/629
f 629/629/629 592/592/592 630/630/630
f 592/592/592 593/593/593 630/630/630
f 630/630/630 593/593/593 631/631/631
f 593/593/593 594/594/594 631/631/631
f 631/631/631 594/594/594 632/632/632
f 594/594/594 595/595/595 632/632/632
f 632/632/632 595/595/595 633/633/633
f 595/595/595 596/596/596 633/633/633
f 633/633/633 596/596/596 634/634/634
f 596/596/596 597/597/597 634/634/634
f 634/634/634 597/597/597 635/635/635
f 597/597/597 598/598/598 635/635/635
f 635/635/635 598/598/598 636/636/636
f 598/598/598 599/599/599 636/636/636
f 636/636/636 599/599/599 637/637/637
f 599/599/599 600/600/600 637/637/637
f 637/637/637 600/600/600 638/638/638
f 600/600/600 601/601/601 638/638/638
f 638/638/638 601/601/601 639/639/639
f 601/601/601 602/602/602 639/639/639
f 602/602/602 603/603/603 639/639/639
f 639/639/639 603/603/603 640/640/640
f 603/603/603 604/604/604 640/640/640
f 640/640/640 604/604/604 641/641/641
f 604/604/604 605/605/605 641/641/641
f 641/641/641 605/605/605 642/642/642
f 605/605/605 606/606/606 642/642/642
f 642/642/642 606/606/606 643/643/643
f 606/606/606 607/607/607 643/643/643
f 643/643/643 607/607/607 644/644/644
f 607/607/607 608/608/608 644/644/644
f 644/644/644 608/608/608 645/645/645
f 608/608/608 609/609/609 645/645/645
f 645/645/645 609/609/609 646/646/646
f 609/609/609 610/610/610 646/646/646
f 646/646/646 610/610/610 647/647/647
f 610/610/610 611/611/611 647/647/647
f 647/647/647 611/611/611 648/648/648
f 611/611/611 612/612/612 648/648/648
f 648/648/648 612/612/612 649/649/649
f 612/612/612 613/613/613 649/649/649
f 649/649/649 613/613/613 650/650/650
f 650/650/650 613/613/613 651/651/651
f 613/613/613 614/614/614 651/651/651
f 651/651/651 614/614/614 652/652/652
f 614/614/614 615/615/615 652/652/652
f 652/652/652 615/615/615 653/653/653
f 615/615/615 616/616/616 653/653/653
f 616/616/616 617/617/617 653/653/653
f 653/653/653 617/617/617 654/654/654
f 617/617/617 619/619/619 654/654/654
f 618/618/618 620/620/620 655/655/655
f 655/655/655 620/620/620 656/656/656
f 620/620/620 621/621/621 656/656/656
f 656/656/656 621/621/621 657/657/657
f 621/621/621 622/622/622 657/657/657
f 657/657/657 622/622/622 658/658/658
f 622/622/622 623/623/623 658/658/658
f 623/623/623 624/624/624 658/658/658
f 658/658/658 624/624/624 659/659/659
f 624/624/624 625/625/625 659/659/659
f 659/659/659 625/625/625 660/660/660
f 625/625/625 626/626/626 660/660/660
f 660/660/660 626/626/626 661/661/661
f 626/626/626 627/627/627 661/661/661
f 661/661/661 627/627/627 662/662/662
f 662/662/662 627/627/627 663/663/663
f 627/627/627 628/628/628 663/663/663
f 663/663/663 628/628/628 664/664/664
f 628/628/628 629/629/629 664/664/664
f 664/664/664 629/629/629 665/665/665
f 629/629/629 630/630/630 665/665/665
f 665/665/665 630/630/630 666/666/666
f 630/630/630 631/631/631 666/666/666
f 666/666/666 631/631/631 667/667/667
f 631/631/631 632/632/632 667/667/667
f 667/667/667 632/632/632 668/668/668
f 632/632/632 633/633/633 668/668/668
f 668/668/668 633/633/633 669/669/669
f 633/633/633 634/634/634 669/669/669
f 669/669/669 634/634/634 670/670/670
f 634/634/634 635/635/635 670/670/670
f 670/670/670 635/635/635 671/671/671
f 635/635/635 636/636/636 671/671/671
f 671/671/671 636/636/636 672/672/672
f 636/636/636 637/637/637 672/672/672
f 637/637/637 638/638/638 672/672/672
f 672/672/672 638/638/638 673/673/673
f 638/638/638 639/639/639 673/673/673
f 673/673/673 639/639/639 674/674/674
f 639/639/639 640/640/640 674/674/674
f 674/674/674 640/640/640 675/675/675
f 640/640/640 641/641/641 675/675/675
f 675/675/675 641/641/641 676/676/676
f 641/641/641 642/642/642 676/676/676
f 676/676/676 642/642/642 677/677/677
f 642/642/642 643/643/643 677/677/677
f 677/677/677 643/643/643 678/678/678
f 643/643/643 644/644/644 678/678/678
f 678/678/678 644/644/644 679/679/679
f 644/644/644 645/645/645 679/679/679
f 679/679/679 645/645/645 680/680/680
f 645/645/645 646/646/646 680/680/680
f 680/680/680 646/646/646 681/681/681
f 646/646/646 647/647/647 681/681/681
f 681/681/681 647/647/647 682/682/682
f 647/647/647 648/648/648 682/682/682
f 682/682/682 648/648/648 683/683/683
f 648/648/648 649/649/649 683/683/683
f 683/683/683 649/649/649 684/684/684
f 649/649/649 650/650/650 684/684/684
f 684/684/684 650/650/650 685/685/685
f 685/685/685 650/650/650 686/686/686
f 650/650/650 651/651/651 686/686/686
f 686/686/686 651/651/651 687/687/687
f 651/651/651 652/652/652 687/687/687
f 687/687/687 652/652/652 689/689/689
f 652/652/652 653/653/653 689/689/689
f 653/653/653 654/654/654 689/689/689
f 655/655/655 656/656/656 688/688/688
f 688/688/688 656/656/656 690/690/690
f 656/656/656 657/657/657 690/690/690
f 690/690/690 657/657/657 691/691/691
f 657/657/657 658/658/658 691/691/691
f 658/658/658 659/659/659 691/691/691
f 691/691/691 659/659/659 692/692/692
f 659/659/659 660/660/660 692/692/692
f 692/692/692 660/660/660 693/693/693
f 660/660/660 661/661/661 693/693/693
f 693/693/693 661/661/661 694/694/694
f 661/661/661 662/662/662 694/694/694
f 694/694/694 662/662/662 695/695/695
f 695/695/695 662/662/662 696/696/696
f 662/662/662 663/663/663 696/696/696
f 696/696/696 663/663/663 697/697/697
f 663/663/663 664/664/664 697/697/697
f 697/697/697 664/664/664 698/698/698
f 664/664/664 665/665/665 698/698/698
f 698/698/698 665/665/665 699/699/699
f 665/665/665 666/666/666 699/699/699
f 699/699/699 666/666/666 700/700/700
f 666/666/666 667/667/667 700/700/700
f 700/700/700 667/667/667 701/701/701
f 667/667/667 668/668/668 701/701/701
f 701/701/701 668/668/668 702/702/702
f 668/668/668 669/669/669 702/702/702
f 702/702/702 669/669/669 703/703/703
f 669/669/669 670/670/670 703/703/703
f 703/703/703 670/670/670 704/704/704
f 670/670/670 671/671/671 704/704/704
f 704/704/704 671/671/671 705/705/705
f 671/671/671 672/672/672 705/705/705
f 672/672/672 673/673/673 705/705/705
f 705/705/705 673/673/673 706/706/706
f 673/673/673 674/674/674 706/706/706
f 706/706/706 674/674/674 707/707/707
f 674/674/674 675/675/675 707/707/707
f 707/707/707 675/675/675 708/708/708
f 675/675/675 676/676/676 708/708/708
f 708/708/708 676/676/676 709/709/709
f 676/676/676 677/677/677 709/709/709
f 709/709/709 677/677/677 710/710/710
f 677/677/677 678/678/678 710/710/710
f 710/710/710 678/678/678 711/711/711
f 678/678/678 679/679/679 711/711/711
f 711/711/711 679/679/679 712/712/712
f 679/679/679 680/680/680 712/712/712
f 712/712/712 680/680/680 713/713/713
f 680/680/680 681/681/681 713/713/713
f 713/713/713 681/681/681 714/714/714
f 681/681/681 682/682/682 714/714/714
f 714/714/714 682/682/682 715/715/715
f 682/682/682 683/683/683 715/715/715
f 715/715/715 683/683/683 716/716/716
f 683/683/683 684/684/684 716/716/716
f 716/716/716 684/684/684 717/717/717
f 684/684/684 685/685/685 717/717/717
f 717/717/717 685/685/685 718/718/718
f 718/718/718 685/685/685 719/719/719
f 685/685/685 686/686/686 719/719/719
f 719/719/719 686/686/686 720/720/720
f 686/686/686 687/687/687 720/720/720
f 720/720/720 687/687/687 722/722/722
f 687/687/687 689/689/689 722/722/722
f 721/721/721 688/688/688 723/723/723
f 688/688/688 690/690/690 723/723/723
f 723/723/723 690/690/690 724/724/724
f 690/690/690 691/691/691 724/724/724
f 691/691/691 692/692/692 724/724/724
f 724/724/724 692/692/692 725/725/725
f 692/692/692 693/693/693 725/725/725
f 725/725/725 693/693/693 726/726/726
f 693/693/693 694/694/694 726/726/726
f 726/726/726 694/694/694 727/727/727
f 694/694/694 695/695/695 727/727/727
f 727/727/727 695/695/695 728/728/728
f 728/728/728 695/695/695 729/729/729
f 695/695/695 696/696/696 729/729/729
f 729/729/729 696/696/696 730/730/730
f 696/696/696 697/697/697 730/730/730
f 730/730/730 697/697/697 731/731/731
f 697/697/697 698/698/698 731/731/731
f 731/731/731 698/698/698 732/732/732
f 698/698/698 699/699/699 732/732/732
f 732/732/732 699/699/699 733/733/733
f 699/699/699 700/700/700 733/733/733
f 733/733/733 700/700/700 734/734/734
f 700/700/700 701/701/701 734/734/734
f 734/734/734 701/701/701 735/735/735
f 701/701/701 702/702/702 735/735/735
f 735/735/735 702/702/702 736/736/736
f 702/702/702 703/703/703 736/736/736
f 736/736/736 703/703/703 737/737/737
f 703/703/703 704/704/704 737/737/737
f 737/737/737 704/704/704 738/738/738
f 704/704/704 705/705/705 738/738/738
f 705/705/705 706/706/706 738/738/738
f 738/738/738 706/706/706 739/739/739
f 706/706/706 707/707/707 739/739/739
f 739/739/739 707/707/707 740/740/740
f 707/707/707 708/708/708 740/740/740
f 740/740/740 708/708/708 741/741/741
f 708/708/708 709/709/709 741/741/741
f 741/741/741 709/709/709 742/742/742
f 709/709/709 710/710/710 742/742/742
f 742/742/742 710/710/710 743/743/743
f 710/710/710 711/711/711 743/743/743
f 743/743/743 711/711/711 744/744/744
f 711/711/711 712/712/712 744/744/744
f 744/744/744 712/712/712 745/745/745
f 712/712/712 713/713/713 745/745/745
f 745/745/745 713/713/713 746/746/746
f 713/713/713 714/714/714 746/746/746
f 746/746/746 714/714/714 747/747/747
f 714/714/714 715/715/715 747/747/747
f 747/747/747 715/715/715 748/748/748
f 715/715/715 716/716/716 748/748/748
f 748/748/748 716/716/716 749/749/749
f 716/716/716 717/717/717 749/749/749
f 749/749/749 717/717/717 750/750/750
f 717/717/717 718/718/718 750/750/750
f 750/750/750 718/718/718 751/751/751
f 751/751/751 718/718/718 752/752/752
f 718/718/718 719/719/719 752/752/752
f 752/752/752 719/719/719 753/753/753
f 719/719/719 720/720/720 753/753/753
f 753/753/753 720/720/720 754/754/754
f 720/720/720 722/722/722 754/754/754
f 755/755/755 721/721/721 756/756/756
f 721/721/721 723/723/723 756/756/756
f 756/756/756 723/723/723 757/757/757
f 723/723/723 724/724/724 757/757/757
f 724/724/724 725/725/725 757/757/757
f 757/757/757 725/725/725 758/758/758
f 725/725/725 726/726/726 758/758/758
f 758/758/758 726/726/726 759/759/759
f 726/726/726 727/727/727 759/759/759
f 759/759/759 727/727/727 760/760/760
f 727/727/727 728/728/728 760/760/760
f 760/760/760 728/728/728 761/761/761
f 761/761/761 728/728/728 762/762/762
f 728/728/728 729/729/729 762/762/762
f 762/762/762 729/729/729 763/763/763
f 729/729/729 730/730/730 763/763/763
f 763/763/763 730/730/730 764/764/764
f 730/730/730 731/731/731 764/764/764
f 764/764/764 731/731/731 765/765/765
f 731/731/731 732/732/732 765/765/765
f 765/765/765 732/732/732 766/766/766
f 732/732/732 733/733/733 766/766/766
f 766/766/766 733/733/733 767/767/767
f 733/733/733 734/734/734 767/767/767
f 767/767/767 734/734/734 768/768/768
f 734/734/734 735/735/735 768/768/768
f 768/768/768 735/735/735 769/769/769
f 735/735/735 736/736/736 769/769/769
f 769/769/769 736/736/736 770/770/770
f 736/736/736 737/737/737 770/770/770
f 770/770/770 737/737/737 771/771/771
f 737/737/737 738/738/738 771/771/771
f 771/771/771 738/738/738 772/772/772
f 738/738/738 739/739/739 772/772/772
f 772/772/772 739/739/739 773/773/773
f 739/739/739 740/740/740 773/773/773
f 773/773/773 740/740/740 774/774/774
f 740/740/740 741/741/741 774/774/774
f 774/774/774 741/741/741 775/775/775
f 741/741/741 742/742/742 775/775/775
f 775/775/775 742/742/742 776/776/776
f 742/742/742 743/743/743 776/776/776
f 776/776/776 743/743/743 777/777/777
f 743/743/743 744/744/744 777/777/777
f 777/777/777 744/744/744 778/778/778
f 744/744/744 745/745/745 778/778/778
f 778/778/778 745/745/745 779/779/779
f 745/745/745 746/746/746 779/779/779
f 779/779/779 746/746/746 780/780/780
f 746/746/746 747/747/747 780/780/780
f 780/780/780 747/747/747 781/781/781
f 747/747/747 748/748/748 781/781/781
f 781/781/781 748/748/748 782/782/782
f 748/748/748 749/749/749 782/782/782
f 782/782/782 749/749/749 783/783/783
f 749/749/749 750/750/750 783/783/783
f 783/783/783 750/750/750 784/784/784
f 750/750/750 751/751/751 784/784/784
f 784/784/784 751/751/751 785/785/785
f 785/785/785 751/751/751 786/786/786
f 751/751/751 752/752/752 786/786/786
f 786/786/786 752/752/752 787/787/787
f 752/752/752 753/753/753 787/787/787
f 787/787/787 753/753/753 788/788/788
f 753/753/753 754/754/754 788/788/788
f 789/789/789 755/755/755 790/790/790
f 755/755/755 756/756/756 790/790/790
f 790/790/790 756/756/756 791/791/791
f 756/756/756 757/757/757 791/791/791
f 757/757/757 758/758/758 791/791/791
f 791/791/791 758/758/758 792/792/792
f 758/758/758 759/759/759 792/792/792
f 792/792/792 759/759/759 793/793/793
f 759/759/759 760/760/760 793/793/793
f 793/793/793 760/760/760 794/794/794
f 760/760/760 761/761/761 794/794/794
f 795/795/795 794/794/794 797/797/797
f 794/794/794 761/761/761 797/797/797
f 797/797/797 761/761/761 799/799/799
f 761/761/761 762/762/762 799/799/799
f 799/799/799 762/762/762 801/801/801
f 762/762/762 763/763/763 801/801/801
f 801/801/801 763/763/763 803/803/803
f 763/763/763 764/764/764 803/803/803
f 803/803/803 764/764/764 805/805/805
f 764/764/764 765/765/765 805/805/805
f 805/805/805 765/765/765 807/807/807
f 765/765/765 766/766/766 807/807/807
f 807/807/807 766/766/766 809/809/809
f 766/766/766 767/767/767 809/809/809
f 809/809/809 767/767/767 811/811/811
f 767/767/767 768/768/768 811/811/811
f 811/811/811 768/768/768 814/814/814
f 768/768/768 769/769/769 814/814/814
f 814/814/814 769/769/769 816/816/816
f 769/769/769 770/770/770 816/816/816
f 816/816/816 770/770/770 818/818/818
f 770/770/770 771/771/771 818/818/818
f 818/818/818 771/771/771 820/820/820
f 771/771/771 772/772/772 820/820/820
f 820/820/820 772/772/772 821/821/821
f 772/772/772 773/773/773 821/821/821
f 821/821/821 773/773/773 824/824/824
f 773/773/773 774/774/774 824/824/824
f 824/824/824 774/774/774 825/825/825
f 774/774/774 775/775/775 825/825/825
f 825/825/825 775/775/775 827/827/827
f 775/775/775 776/776/776 827/827/827
f 827/827/827 776/776/776 829/829/829
f 776/776/776 777/777/777 829/829/829
f 829/829/829 777/777/777 831/831/831
f 777/777/777 778/778/778 831/831/831
f 831/831/831 778/778/778 833/833/833
f 778/778/778 779/779/779 833/833/833
f 833/833/833 779/779/779 835/835/835
f 779/779/779 780/780/780 835/835/835
f 835/835/835 780/780/780 837/837/837
f 780/780/780 781/781/781 837/837/837
f 837/837/837 781/781/781 839/839/839
f 781/781/781 782/782/782 839/839/839
f 839/839/839 782/782/782 842/842/842
f 782/782/782 783/783/783 842/842/842
f 842/842/842 783/783/783 844/844/844
f 783/783/783 784/784/784 844/844/844
f 844/844/844 784/784/784 846/846/846
f 784/784/784 785/785/785 846/846/846
f 846/846/846 785/785/785 848/848/848
f 850/850/850 848/848/848 851/851/851
f 848/848/848 785/785/785 851/851/851
f 785/785/785 786/786/786 851/851/851
f 851/851/851 786/786/786 852/852/852
f 786/786/786 787/787/787 852/852/852
f 852/852/852 787/787/787 854/854/854
f 787/787/787 788/788/788 854/854/854
f 853/853/853 789/789/789 855/855/855
f 789/789/789 790/790/790 855/855/855
f 855/855/855 790/790/790 856/856/856
f 790/790/790 791/791/791 856/856/856
f 791/791/791 792/792/792 856/856/856
f 856/856/856 792/792/792 857/857/857
f 792/792/792 793/793/793 857/857/857
f 857/857/857 793/793/793 858/858/858
f 793/793/793 794/794/794 858/858/858
f 794/794/794 795/795/795 858/858/858
f 858/858/858 795/795/795 859/859/859
f 860/860/860 796/796/796 861/861/861
f 796/796/796 798/798/798 861/861/861
f 798/798/798 800/800/800 861/861/861
f 800/800/800 802/802/802 861/861/861
f 802/802/802 804/804/804 861/861/861
f 804/804/804 806/806/806 861/861/861
f 806/806/806 808/808/808 861/861/861
f 808/808/808 810/810/810 861/861/861
f 810/810/810 812/812/812 861/861/861
f 812/812/812 813/813/813 861/861/861
f 813/813/813 815/815/815 861/861/861
f 815/815/815 817/817/817 861/861/861
f 817/817/817 819/819/819 861/861/861
f 819/819/819 822/822/822 861/861/861
f 822/822/822 823/823/823 861/861/861
f 823/823/823 826/826/826 861/861/861
f 826/826/826 828/828/828 861/861/861
f 828/828/828 830/830/830 861/861/861
f 830/830/830 832/832/832 861/861/861
f 832/832/832 834/834/834 861/861/861
f 834/834/834 836/836/836 861/861/861
f 836/836/836 838/838/838 861/861/861
f 838/838/838 840/840/840 861/861/861
f 840/840/840 841/841/841 861/861/861
f 841/841/841 843/843/843 861/861/861
f 843/843/843 845/845/845 861/861/861
f 845/845/845 847/847/847 861/861/861
f 847/847/847 849/849/849 861/861/861
f 861/861/861 849/849/849 863/863/863
f 862/862/862 850/850/850 864/864/864
f 850/850/850 851/851/851 864/864/864
f 851/851/851 852/852/852 864/864/864
f 864/864/864 852/852/852 865/865/865
f 852/852/852 854/854/854 865/865/865
f 866/866/866 853/853/853 867/867/867
f 853/853/853 855/855/855 867/867/867
f 867/867/867 855/855/855 868/868/868
f 855/855/855 856/856/856 868/868/868
f 856/856/856 857/857/857 868/868/868
f 868/868/868 857/857/857 869/869/869
f 857/857/857 858/858/858 869/869/869
f 858/858/858 859/859/859 869/869/869
f 869/869/869 859/859/859 871/871/871
f 860/860/860 861/861/861 870/870/870
f 870/870/870 861/861/861 872/872/872
f 861/861/861 863/863/863 872/872/872
f 873/873/873 862/862/862 875/875/875
f 862/862/862 864/864/864 875/875/875
f 864/864/864 865/865/865 875/875/875
f 866/866/866 867/867/867 876/876/876
f 876/876/876 867/867/867 877/877/877
f 867/867/867 868/868/868 877/877/877
f 868/868/868 869/869/869 877/877/877
f 869/869/869 871/871/871 877/877/877
f 871/871/871 874/874/874 877/877/877
f 876/876/876 877/877/877 874/874/874
f 436/436/436 437/437/437 435/435/435

