mtllib GraniteTable.mtl
usemtl mat_0
v -0.40868232 -0.47924042 0.11500000
v -0.40868232 -0.47924042 0.11500000
v -0.40868232 -0.47924042 0.11500000
v -0.39999995 -0.48000002 0.34549999
v -0.39999995 -0.48000002 0.34549999
v -0.39999995 -0.48000002 0.34549999
v -0.40868232 -0.47924042 0.34549999
v -0.40868232 -0.47924042 0.34549999
v -0.40868232 -0.47924042 0.34549999
v -0.39999995 -0.48000002 0.11500000
v -0.39999995 -0.48000002 0.11500000
v -0.39999995 -0.48000002 0.11500000
v -0.41710091 -0.47698468 0.11500000
v -0.41710091 -0.47698468 0.11500000
v -0.41710091 -0.47698468 0.11500000
v -0.41710091 -0.47698468 0.34549999
v -0.41710091 -0.47698468 0.34549999
v -0.41710091 -0.47698468 0.34549999
v -0.41710091 -0.47698468 0.34549999
v -0.41710091 -0.47698468 0.34549999
v -0.42499992 -0.47330129 0.11500000
v -0.42499992 -0.47330129 0.11500000
v -0.42499992 -0.47330129 0.34549999
v -0.42499992 -0.47330129 0.34549999
v -0.43213931 -0.46830225 0.11500000
v -0.43213931 -0.46830225 0.11500000
v -0.43213931 -0.46830225 0.34549999
v -0.43213931 -0.46830225 0.34549999
v -0.43213931 -0.46830225 0.34549999
v -0.43213931 -0.46830225 0.34549999
v -0.43830213 -0.46213943 0.11500000
v -0.43830213 -0.46213943 0.11500000
v -0.43830213 -0.46213943 0.34549999
v -0.43830213 -0.46213943 0.34549999
v -0.44330117 -0.45500004 0.11500000
v -0.44330117 -0.45500004 0.11500000
v -0.44330117 -0.45500004 0.11500000
v -0.44330117 -0.45500004 0.34549999
v -0.44330117 -0.45500004 0.34549999
v -0.44698456 -0.44710106 0.34549999
v -0.44698456 -0.44710106 0.34549999
v -0.44698456 -0.44710106 0.11500000
v -0.44698456 -0.44710106 0.11500000
v -0.44698456 -0.44710106 0.11500000
v -0.44924030 -0.43868244 0.11500000
v -0.44924030 -0.43868244 0.11500000
v -0.44924030 -0.43868244 0.34549999
v -0.44924030 -0.43868244 0.34549999
v -0.44924030 -0.43868244 0.34549999
v -0.44999990 -0.43000007 0.11500000
v -0.44999990 -0.43000007 0.11500000
v -0.44999990 -0.43000007 0.34549999
v -0.44999990 -0.43000007 0.34549999
v -0.44999990 -0.43000007 0.34549999
v -0.44924030 -0.42131770 0.11500000
v -0.44924030 -0.42131770 0.11500000
v -0.44924030 -0.42131770 0.34549999
v -0.44924030 -0.42131770 0.34549999
v -0.44698456 -0.41289908 0.11500000
v -0.44698456 -0.41289908 0.11500000
v -0.44698456 -0.41289908 0.34549999
v -0.44698456 -0.41289908 0.34549999
v -0.44698456 -0.41289908 0.34549999
v -0.44698456 -0.41289908 0.34549999
v -0.44698456 -0.41289908 0.34549999
v -0.44698456 -0.41289908 0.34549999
v -0.44698456 -0.41289908 0.34549999
v -0.44698456 -0.41289908 0.34549999
v -0.44330117 -0.40500009 0.11500000
v -0.44330117 -0.40500009 0.11500000
v -0.44330117 -0.40500009 0.34549999
v -0.44330117 -0.40500009 0.34549999
v -0.43830213 -0.39786071 0.34549999
v -0.43830213 -0.39786071 0.34549999
v -0.43830213 -0.39786071 0.34549999
v -0.43830213 -0.39786071 0.34549999
v -0.43830213 -0.39786071 0.11500000
v -0.43830213 -0.39786071 0.11500000
v -0.43213931 -0.39169788 0.11500000
v -0.43213931 -0.39169788 0.11500000
v -0.43213931 -0.39169788 0.34549999
v -0.43213931 -0.39169788 0.34549999
v -0.43213931 -0.39169788 0.34549999
v -0.43213931 -0.39169788 0.34549999
v -0.43213931 -0.39169788 0.34549999
v -0.43213931 -0.39169788 0.34549999
v -0.43213931 -0.39169788 0.34549999
v -0.42499992 -0.38669884 0.11500000
v -0.42499992 -0.38669884 0.11500000
v -0.42499992 -0.38669884 0.34549999
v -0.42499992 -0.38669884 0.34549999
v -0.41710094 -0.38301545 0.11500000
v -0.41710094 -0.38301545 0.11500000
v -0.41710094 -0.38301545 0.11500000
v -0.41710094 -0.38301545 0.34549999
v -0.41710094 -0.38301545 0.34549999
v -0.41710094 -0.38301545 0.34549999
v -0.40868232 -0.38075972 0.11500000
v -0.40868232 -0.38075972 0.11500000
v -0.40868232 -0.38075972 0.11500000
v -0.40868232 -0.38075972 0.34549999
v -0.40868232 -0.38075972 0.34549999
v -0.40868232 -0.38075972 0.34549999
v -0.40868232 -0.38075972 0.34549999
v -0.39999995 -0.38000011 0.34549999
v -0.39999995 -0.38000011 0.34549999
v -0.39999995 -0.38000011 0.34549999
v -0.39999995 -0.38000011 0.11500000
v -0.39999995 -0.38000011 0.11500000
v -0.39999995 -0.38000011 0.11500000
v -0.40826866 -0.47423381 0.01499999
v -0.40826866 -0.47423381 0.01499999
v -0.39999995 -0.47500002 0.11500000
v -0.39999995 -0.47500002 0.11500000
v -0.39999995 -0.47500002 0.11500000
v -0.39999995 -0.47500002 0.11500000
v -0.40826866 -0.47423381 0.11500000
v -0.40826866 -0.47423381 0.11500000
v -0.40826866 -0.47423381 0.11500000
v -0.39999995 -0.47500002 0.01499999
v -0.39999995 -0.47500002 0.01499999
v -0.39999995 -0.47500002 0.01499999
v -0.41625580 -0.47196132 0.01499999
v -0.41625580 -0.47196132 0.01499999
v -0.41625580 -0.47196132 0.11500000
v -0.41625580 -0.47196132 0.11500000
v -0.42368936 -0.46825981 0.11500000
v -0.42368936 -0.46825981 0.11500000
v -0.42368936 -0.46825981 0.01499999
v -0.42368936 -0.46825981 0.01499999
v -0.42368936 -0.46825981 0.01499999
v -0.43031624 -0.46325546 0.01499999
v -0.43031624 -0.46325546 0.01499999
v -0.43031624 -0.46325546 0.01499999
v -0.43031624 -0.46325546 0.11500000
v -0.43031624 -0.46325546 0.11500000
v -0.43591067 -0.45711863 0.01499999
v -0.43591067 -0.45711863 0.01499999
v -0.43591067 -0.45711863 0.11500000
v -0.43591067 -0.45711863 0.11500000
v -0.44028226 -0.45005828 0.01499999
v -0.44028226 -0.45005828 0.01499999
v -0.44028226 -0.45005828 0.11500000
v -0.44028226 -0.45005828 0.11500000
v -0.44028226 -0.45005828 0.11500000
v -0.44328210 -0.44231486 0.01499999
v -0.44328210 -0.44231486 0.01499999
v -0.44328210 -0.44231486 0.11500000
v -0.44328210 -0.44231486 0.11500000
v -0.44480798 -0.43415213 0.01499999
v -0.44480798 -0.43415213 0.01499999
v -0.44480798 -0.43415213 0.11500000
v -0.44480798 -0.43415213 0.11500000
v -0.44480798 -0.42584801 0.01499999
v -0.44480798 -0.42584801 0.01499999
v -0.44480798 -0.42584801 0.11500000
v -0.44480798 -0.42584801 0.11500000
v -0.44328210 -0.41768527 0.01499999
v -0.44328210 -0.41768527 0.01499999
v -0.44328210 -0.41768527 0.11500000
v -0.44328210 -0.41768527 0.11500000
v -0.44028226 -0.40994185 0.11500000
v -0.44028226 -0.40994185 0.11500000
v -0.44028226 -0.40994185 0.01499999
v -0.44028226 -0.40994185 0.01499999
v -0.44028226 -0.40994185 0.01499999
v -0.43591067 -0.40288150 0.11500000
v -0.43591067 -0.40288150 0.11500000
v -0.43591067 -0.40288150 0.01499999
v -0.43591067 -0.40288150 0.01499999
v -0.43591067 -0.40288150 0.01499999
v -0.43031624 -0.39674467 0.01499999
v -0.43031624 -0.39674467 0.01499999
v -0.43031624 -0.39674467 0.11500000
v -0.43031624 -0.39674467 0.11500000
v -0.42368940 -0.39174032 0.01499999
v -0.42368940 -0.39174032 0.01499999
v -0.42368940 -0.39174032 0.11500000
v -0.42368940 -0.39174032 0.11500000
v -0.41625580 -0.38803881 0.01499999
v -0.41625580 -0.38803881 0.01499999
v -0.41625580 -0.38803881 0.11500000
v -0.41625580 -0.38803881 0.11500000
v -0.40826866 -0.38576633 0.11500000
v -0.40826866 -0.38576633 0.11500000
v -0.40826866 -0.38576633 0.11500000
v -0.40826866 -0.38576633 0.01499999
v -0.40826866 -0.38576633 0.01499999
v -0.39999995 -0.38500011 0.01499999
v -0.39999995 -0.38500011 0.01499999
v -0.39999995 -0.38500011 0.01499999
v -0.39999995 -0.38500011 0.11500000
v -0.39999995 -0.38500011 0.11500000
v -0.39999995 -0.38500011 0.11500000
v -0.39999995 -0.38500011 0.11500000
v -0.41043287 -0.49921823 0.00500000
v -0.41043287 -0.49921823 0.00500000
v -0.39999995 -0.50000006 0.01499999
v -0.39999995 -0.50000006 0.01499999
v -0.39999995 -0.50000006 0.01499999
v -0.41043287 -0.49921823 0.01499999
v -0.41043287 -0.49921823 0.01499999
v -0.39999995 -0.50000006 0.00500000
v -0.39999995 -0.50000006 0.00500000
v -0.39999995 -0.50000006 0.00500000
v -0.42063281 -0.49689013 0.00500000
v -0.42063281 -0.49689013 0.00500000
v -0.42063281 -0.49689013 0.01499999
v -0.42063281 -0.49689013 0.01499999
v -0.43037176 -0.49306786 0.00500000
v -0.43037176 -0.49306786 0.00500000
v -0.43037176 -0.49306786 0.01499999
v -0.43037176 -0.49306786 0.01499999
v -0.43943232 -0.48783678 0.01499999
v -0.43943232 -0.48783678 0.01499999
v -0.43943232 -0.48783678 0.01499999
v -0.43943232 -0.48783678 0.00500000
v -0.43943232 -0.48783678 0.00500000
v -0.44761202 -0.48131365 0.01499999
v -0.44761202 -0.48131365 0.01499999
v -0.44761202 -0.48131365 0.00500000
v -0.44761202 -0.48131365 0.00500000
v -0.45472810 -0.47364432 0.00500000
v -0.45472810 -0.47364432 0.00500000
v -0.45472810 -0.47364432 0.01499999
v -0.45472810 -0.47364432 0.01499999
v -0.46062169 -0.46500003 0.00500000
v -0.46062169 -0.46500003 0.00500000
v -0.46062169 -0.46500003 0.01499999
v -0.46062169 -0.46500003 0.01499999
v -0.46516112 -0.45557392 0.00500000
v -0.46516112 -0.45557392 0.00500000
v -0.46516112 -0.45557392 0.01499999
v -0.46516112 -0.45557392 0.01499999
v -0.46824488 -0.44557649 0.00500000
v -0.46824488 -0.44557649 0.00500000
v -0.46824488 -0.44557649 0.01499999
v -0.46824488 -0.44557649 0.01499999
v -0.46980420 -0.43523115 0.00500000
v -0.46980420 -0.43523115 0.00500000
v -0.46980420 -0.43523115 0.01499999
v -0.46980420 -0.43523115 0.01499999
v -0.46980420 -0.42476898 0.01499999
v -0.46980420 -0.42476898 0.01499999
v -0.46980420 -0.42476898 0.00500000
v -0.46980420 -0.42476898 0.00500000
v -0.46824488 -0.41442365 0.00500000
v -0.46824488 -0.41442365 0.00500000
v -0.46824488 -0.41442365 0.01499999
v -0.46824488 -0.41442365 0.01499999
v -0.46516112 -0.40442625 0.01499999
v -0.46516112 -0.40442625 0.01499999
v -0.46516112 -0.40442625 0.01499999
v -0.46516112 -0.40442625 0.00500000
v -0.46516112 -0.40442625 0.00500000
v -0.46062169 -0.39500010 0.01499999
v -0.46062169 -0.39500010 0.01499999
v -0.46062169 -0.39500010 0.01499999
v -0.46062169 -0.39500010 0.01499999
v -0.46062169 -0.39500010 0.00500000
v -0.46062169 -0.39500010 0.00500000
v -0.45472810 -0.38635585 0.00500000
v -0.45472810 -0.38635585 0.00500000
v -0.45472810 -0.38635585 0.01499999
v -0.45472810 -0.38635585 0.01499999
v -0.45472810 -0.38635585 0.01499999
v -0.44761202 -0.37868649 0.01499999
v -0.44761202 -0.37868649 0.01499999
v -0.44761202 -0.37868649 0.00500000
v -0.44761202 -0.37868649 0.00500000
v -0.43943235 -0.37216335 0.00500000
v -0.43943235 -0.37216335 0.00500000
v -0.43943235 -0.37216335 0.01499999
v -0.43943235 -0.37216335 0.01499999
v -0.43037179 -0.36693227 0.00500000
v -0.43037179 -0.36693227 0.00500000
v -0.43037179 -0.36693227 0.01499999
v -0.43037179 -0.36693227 0.01499999
v -0.42063281 -0.36311001 0.01499999
v -0.42063281 -0.36311001 0.01499999
v -0.42063281 -0.36311001 0.00500000
v -0.42063281 -0.36311001 0.00500000
v -0.41043291 -0.36078191 0.01499999
v -0.41043291 -0.36078191 0.01499999
v -0.41043291 -0.36078191 0.00500000
v -0.41043291 -0.36078191 0.00500000
v -0.39999995 -0.36000007 0.00500000
v -0.39999995 -0.36000007 0.00500000
v -0.39999995 -0.36000007 0.00500000
v -0.39999995 -0.36000007 0.01499999
v -0.39999995 -0.36000007 0.01499999
v -0.39999995 -0.36000007 0.01499999
v -0.38956702 -0.36078191 0.00500000
v -0.38956702 -0.36078191 0.00500000
v -0.38956702 -0.36078191 0.01499999
v -0.38956702 -0.36078191 0.01499999
v -0.37936708 -0.36311001 0.01499999
v -0.37936708 -0.36311001 0.01499999
v -0.37936708 -0.36311001 0.00500000
v -0.37936708 -0.36311001 0.00500000
v -0.36962813 -0.36693227 0.00500000
v -0.36962813 -0.36693227 0.00500000
v -0.36962813 -0.36693227 0.01499999
v -0.36962813 -0.36693227 0.01499999
v -0.36056757 -0.37216335 0.01499999
v -0.36056757 -0.37216335 0.01499999
v -0.36056757 -0.37216335 0.00500000
v -0.36056757 -0.37216335 0.00500000
v -0.35238788 -0.37868649 0.00500000
v -0.35238788 -0.37868649 0.00500000
v -0.35238788 -0.37868649 0.01499999
v -0.35238788 -0.37868649 0.01499999
v -0.34527180 -0.38635582 0.00500000
v -0.34527180 -0.38635582 0.00500000
v -0.34527180 -0.38635582 0.01499999
v -0.34527180 -0.38635582 0.01499999
v -0.33937821 -0.39500010 0.00500000
v -0.33937821 -0.39500010 0.00500000
v -0.33937821 -0.39500010 0.01499999
v -0.33937821 -0.39500010 0.01499999
v -0.33937821 -0.39500010 0.01499999
v -0.33483878 -0.40442622 0.00500000
v -0.33483878 -0.40442622 0.00500000
v -0.33483878 -0.40442622 0.01499999
v -0.33483878 -0.40442622 0.01499999
v -0.33483878 -0.40442622 0.01499999
v -0.33483878 -0.40442622 0.01499999
v -0.33175501 -0.41442365 0.00500000
v -0.33175501 -0.41442365 0.00500000
v -0.33175501 -0.41442365 0.01499999
v -0.33175501 -0.41442365 0.01499999
v -0.33019570 -0.42476898 0.01499999
v -0.33019570 -0.42476898 0.01499999
v -0.33019570 -0.42476898 0.00500000
v -0.33019570 -0.42476898 0.00500000
v -0.33019570 -0.43523115 0.01499999
v -0.33019570 -0.43523115 0.01499999
v -0.33019570 -0.43523115 0.00500000
v -0.33019570 -0.43523115 0.00500000
v -0.33175501 -0.44557649 0.01499999
v -0.33175501 -0.44557649 0.01499999
v -0.33175501 -0.44557649 0.00500000
v -0.33175501 -0.44557649 0.00500000
v -0.33483878 -0.45557389 0.01499999
v -0.33483878 -0.45557389 0.01499999
v -0.33483878 -0.45557389 0.01499999
v -0.33483878 -0.45557389 0.00500000
v -0.33483878 -0.45557389 0.00500000
v -0.33937821 -0.46500003 0.00500000
v -0.33937821 -0.46500003 0.00500000
v -0.33937821 -0.46500003 0.01499999
v -0.33937821 -0.46500003 0.01499999
v -0.33937821 -0.46500003 0.01499999
v -0.34527180 -0.47364429 0.00500000
v -0.34527180 -0.47364429 0.00500000
v -0.34527180 -0.47364429 0.01499999
v -0.34527180 -0.47364429 0.01499999
v -0.35238788 -0.48131365 0.01499999
v -0.35238788 -0.48131365 0.01499999
v -0.35238788 -0.48131365 0.00500000
v -0.35238788 -0.48131365 0.00500000
v -0.36056754 -0.48783678 0.00500000
v -0.36056754 -0.48783678 0.00500000
v -0.36056754 -0.48783678 0.01499999
v -0.36056754 -0.48783678 0.01499999
v -0.36962810 -0.49306786 0.00500000
v -0.36962810 -0.49306786 0.00500000
v -0.36962810 -0.49306786 0.01499999
v -0.36962810 -0.49306786 0.01499999
v -0.37936708 -0.49689013 0.01499999
v -0.37936708 -0.49689013 0.01499999
v -0.37936708 -0.49689013 0.00500000
v -0.37936708 -0.49689013 0.00500000
v -0.38956699 -0.49921823 0.00500000
v -0.38956699 -0.49921823 0.00500000
v -0.38956699 -0.49921823 0.01499999
v -0.38956699 -0.49921823 0.01499999
v -0.36968365 -0.46325546 0.01499999
v -0.36968365 -0.46325546 0.01499999
v -0.36408922 -0.45711863 0.01499999
v -0.36408922 -0.45711863 0.01499999
v -0.37631050 -0.46825981 0.01499999
v -0.37631050 -0.46825981 0.01499999
v -0.35971764 -0.45005828 0.01499999
v -0.35971764 -0.45005828 0.01499999
v -0.35971764 -0.45005828 0.01499999
v -0.38374409 -0.47196132 0.01499999
v -0.38374409 -0.47196132 0.01499999
v -0.35671780 -0.44231486 0.01499999
v -0.35671780 -0.44231486 0.01499999
v -0.39173123 -0.47423381 0.01499999
v -0.39173123 -0.47423381 0.01499999
v -0.35519192 -0.43415213 0.01499999
v -0.35519192 -0.43415213 0.01499999
v -0.35519192 -0.42584801 0.01499999
v -0.35519192 -0.42584801 0.01499999
v -0.35671780 -0.41768527 0.01499999
v -0.35671780 -0.41768527 0.01499999
v -0.35671780 -0.41768527 0.01499999
v -0.35971764 -0.40994185 0.01499999
v -0.35971764 -0.40994185 0.01499999
v -0.35971764 -0.40994185 0.01499999
v -0.35971764 -0.40994185 0.01499999
v -0.36408922 -0.40288150 0.01499999
v -0.36408922 -0.40288150 0.01499999
v -0.36968365 -0.39674467 0.01499999
v -0.36968365 -0.39674467 0.01499999
v -0.37631053 -0.39174032 0.01499999
v -0.37631053 -0.39174032 0.01499999
v -0.38374409 -0.38803881 0.01499999
v -0.38374409 -0.38803881 0.01499999
v -0.39173123 -0.38576633 0.01499999
v -0.39173123 -0.38576633 0.01499999
v -0.39173123 -0.38576633 0.11500000
v -0.39173123 -0.38576633 0.11500000
v -0.39173123 -0.38576633 0.11500000
v -0.38374409 -0.38803881 0.11500000
v -0.38374409 -0.38803881 0.11500000
v -0.37631053 -0.39174032 0.11500000
v -0.37631053 -0.39174032 0.11500000
v -0.36968365 -0.39674467 0.11500000
v -0.36968365 -0.39674467 0.11500000
v -0.36408922 -0.40288150 0.11500000
v -0.36408922 -0.40288150 0.11500000
v -0.35971764 -0.40994185 0.11500000
v -0.35971764 -0.40994185 0.11500000
v -0.35671780 -0.41768527 0.11500000
v -0.35671780 -0.41768527 0.11500000
v -0.35519192 -0.42584801 0.11500000
v -0.35519192 -0.42584801 0.11500000
v -0.35519192 -0.43415213 0.11500000
v -0.35519192 -0.43415213 0.11500000
v -0.35519192 -0.43415213 0.11500000
v -0.35671780 -0.44231486 0.11500000
v -0.35671780 -0.44231486 0.11500000
v -0.35971764 -0.45005828 0.11500000
v -0.35971764 -0.45005828 0.11500000
v -0.35971764 -0.45005828 0.11500000
v -0.36408922 -0.45711863 0.11500000
v -0.36408922 -0.45711863 0.11500000
v -0.36968365 -0.46325546 0.11500000
v -0.36968365 -0.46325546 0.11500000
v -0.37631050 -0.46825981 0.11500000
v -0.37631050 -0.46825981 0.11500000
v -0.38374409 -0.47196132 0.11500000
v -0.38374409 -0.47196132 0.11500000
v -0.39173123 -0.47423381 0.11500000
v -0.39173123 -0.47423381 0.11500000
v -0.39173123 -0.47423381 0.11500000
v -0.39131758 -0.38075972 0.34549999
v -0.39131758 -0.38075972 0.34549999
v -0.39131758 -0.38075972 0.34549999
v -0.39131758 -0.38075972 0.34549999
v -0.39131758 -0.38075972 0.11500000
v -0.39131758 -0.38075972 0.11500000
v -0.39131758 -0.38075972 0.11500000
v -0.38289899 -0.38301545 0.11500000
v -0.38289899 -0.38301545 0.11500000
v -0.38289899 -0.38301545 0.34549999
v -0.38289899 -0.38301545 0.34549999
v -0.38289899 -0.38301545 0.34549999
v -0.38289899 -0.38301545 0.34549999
v -0.38289899 -0.38301545 0.34549999
v -0.37499997 -0.38669884 0.34549999
v -0.37499997 -0.38669884 0.34549999
v -0.37499997 -0.38669884 0.34549999
v -0.37499997 -0.38669884 0.34549999
v -0.37499997 -0.38669884 0.11500000
v -0.37499997 -0.38669884 0.11500000
v -0.36786059 -0.39169788 0.11500000
v -0.36786059 -0.39169788 0.11500000
v -0.36786059 -0.39169788 0.34549999
v -0.36786059 -0.39169788 0.34549999
v -0.36169776 -0.39786071 0.11500000
v -0.36169776 -0.39786071 0.11500000
v -0.36169776 -0.39786071 0.34549999
v -0.36169776 -0.39786071 0.34549999
v -0.36169776 -0.39786071 0.34549999
v -0.35669872 -0.40500009 0.11500000
v -0.35669872 -0.40500009 0.11500000
v -0.35669872 -0.40500009 0.34549999
v -0.35669872 -0.40500009 0.34549999
v -0.35669872 -0.40500009 0.34549999
v -0.35669872 -0.40500009 0.34549999
v -0.35669872 -0.40500009 0.34549999
v -0.35669872 -0.40500009 0.34549999
v -0.35301533 -0.41289908 0.11500000
v -0.35301533 -0.41289908 0.11500000
v -0.35301533 -0.41289908 0.34549999
v -0.35301533 -0.41289908 0.34549999
v -0.35301533 -0.41289908 0.34549999
v -0.35301533 -0.41289908 0.34549999
v -0.35075960 -0.42131770 0.11500000
v -0.35075960 -0.42131770 0.11500000
v -0.35075960 -0.42131770 0.34549999
v -0.35075960 -0.42131770 0.34549999
v -0.34999999 -0.43000007 0.11500000
v -0.34999999 -0.43000007 0.11500000
v -0.34999999 -0.43000007 0.11500000
v -0.34999999 -0.43000007 0.34549999
v -0.34999999 -0.43000007 0.34549999
v -0.34999999 -0.43000007 0.34549999
v -0.35075960 -0.43868244 0.34549999
v -0.35075960 -0.43868244 0.34549999
v -0.35075960 -0.43868244 0.34549999
v -0.35075960 -0.43868244 0.34549999
v -0.35075960 -0.43868244 0.11500000
v -0.35075960 -0.43868244 0.11500000
v -0.35075960 -0.43868244 0.11500000
v -0.35301533 -0.44710106 0.11500000
v -0.35301533 -0.44710106 0.11500000
v -0.35301533 -0.44710106 0.11500000
v -0.35301533 -0.44710106 0.34549999
v -0.35301533 -0.44710106 0.34549999
v -0.35301533 -0.44710106 0.34549999
v -0.35669872 -0.45500004 0.11500000
v -0.35669872 -0.45500004 0.11500000
v -0.35669872 -0.45500004 0.11500000
v -0.35669872 -0.45500004 0.34549999
v -0.35669872 -0.45500004 0.34549999
v -0.35669872 -0.45500004 0.34549999
v -0.35669872 -0.45500004 0.34549999
v -0.35669872 -0.45500004 0.34549999
v -0.35669872 -0.45500004 0.34549999
v -0.35669872 -0.45500004 0.34549999
v -0.36169776 -0.46213943 0.11500000
v -0.36169776 -0.46213943 0.11500000
v -0.36169776 -0.46213943 0.34549999
v -0.36169776 -0.46213943 0.34549999
v -0.36786059 -0.46830225 0.11500000
v -0.36786059 -0.46830225 0.11500000
v -0.36786059 -0.46830225 0.34549999
v -0.36786059 -0.46830225 0.34549999
v -0.36786059 -0.46830225 0.34549999
v -0.37499997 -0.47330129 0.11500000
v -0.37499997 -0.47330129 0.11500000
v -0.37499997 -0.47330129 0.34549999
v -0.37499997 -0.47330129 0.34549999
v -0.38289896 -0.47698468 0.34549999
v -0.38289896 -0.47698468 0.34549999
v -0.38289896 -0.47698468 0.34549999
v -0.38289896 -0.47698468 0.34549999
v -0.38289896 -0.47698468 0.34549999
v -0.38289896 -0.47698468 0.34549999
v -0.38289896 -0.47698468 0.34549999
v -0.38289896 -0.47698468 0.11500000
v -0.38289896 -0.47698468 0.11500000
v -0.39131758 -0.47924042 0.11500000
v -0.39131758 -0.47924042 0.11500000
v -0.39131758 -0.47924042 0.11500000
v -0.39131758 -0.47924042 0.34549999
v -0.39131758 -0.47924042 0.34549999
v -0.39131758 -0.47924042 0.34549999
v -0.39131758 -0.47924042 0.34549999
v -0.40868244 0.38075960 0.11500000
v -0.40868244 0.38075960 0.11500000
v -0.40868244 0.38075960 0.11500000
v -0.40000007 0.37999999 0.34549999
v -0.40000007 0.37999999 0.34549999
v -0.40000007 0.37999999 0.34549999
v -0.40868244 0.38075960 0.34549999
v -0.40868244 0.38075960 0.34549999
v -0.40868244 0.38075960 0.34549999
v -0.40000007 0.37999999 0.11500000
v -0.40000007 0.37999999 0.11500000
v -0.40000007 0.37999999 0.11500000
v -0.41710103 0.38301534 0.11500000
v -0.41710103 0.38301534 0.11500000
v -0.41710103 0.38301534 0.11500000
v -0.41710103 0.38301534 0.34549999
v -0.41710103 0.38301534 0.34549999
v -0.41710103 0.38301534 0.34549999
v -0.41710103 0.38301534 0.34549999
v -0.41710103 0.38301534 0.34549999
v -0.42500004 0.38669872 0.11500000
v -0.42500004 0.38669872 0.11500000
v -0.42500004 0.38669872 0.34549999
v -0.42500004 0.38669872 0.34549999
v -0.43213943 0.39169776 0.11500000
v -0.43213943 0.39169776 0.11500000
v -0.43213943 0.39169776 0.34549999
v -0.43213943 0.39169776 0.34549999
v -0.43213943 0.39169776 0.34549999
v -0.43213943 0.39169776 0.34549999
v -0.43830225 0.39786059 0.11500000
v -0.43830225 0.39786059 0.11500000
v -0.43830225 0.39786059 0.34549999
v -0.43830225 0.39786059 0.34549999
v -0.44330129 0.40499997 0.11500000
v -0.44330129 0.40499997 0.11500000
v -0.44330129 0.40499997 0.11500000
v -0.44330129 0.40499997 0.34549999
v -0.44330129 0.40499997 0.34549999
v -0.44698468 0.41289896 0.34549999
v -0.44698468 0.41289896 0.34549999
v -0.44698468 0.41289896 0.11500000
v -0.44698468 0.41289896 0.11500000
v -0.44698468 0.41289896 0.11500000
v -0.44924042 0.42131758 0.11500000
v -0.44924042 0.42131758 0.11500000
v -0.44924042 0.42131758 0.34549999
v -0.44924042 0.42131758 0.34549999
v -0.44924042 0.42131758 0.34549999
v -0.45000002 0.42999995 0.11500000
v -0.45000002 0.42999995 0.11500000
v -0.45000002 0.42999995 0.34549999
v -0.45000002 0.42999995 0.34549999
v -0.45000002 0.42999995 0.34549999
v -0.44924042 0.43868232 0.11500000
v -0.44924042 0.43868232 0.11500000
v -0.44924042 0.43868232 0.34549999
v -0.44924042 0.43868232 0.34549999
v -0.44698468 0.44710094 0.11500000
v -0.44698468 0.44710094 0.11500000
v -0.44698468 0.44710094 0.34549999
v -0.44698468 0.44710094 0.34549999
v -0.44698468 0.44710094 0.34549999
v -0.44698468 0.44710094 0.34549999
v -0.44698468 0.44710094 0.34549999
v -0.44698468 0.44710094 0.34549999
v -0.44698468 0.44710094 0.34549999
v -0.44698468 0.44710094 0.34549999
v -0.44330129 0.45499992 0.11500000
v -0.44330129 0.45499992 0.11500000
v -0.44330129 0.45499992 0.34549999
v -0.44330129 0.45499992 0.34549999
v -0.43830225 0.46213931 0.34549999
v -0.43830225 0.46213931 0.34549999
v -0.43830225 0.46213931 0.34549999
v -0.43830225 0.46213931 0.34549999
v -0.43830225 0.46213931 0.11500000
v -0.43830225 0.46213931 0.11500000
v -0.43213943 0.46830213 0.11500000
v -0.43213943 0.46830213 0.11500000
v -0.43213943 0.46830213 0.34549999
v -0.43213943 0.46830213 0.34549999
v -0.43213943 0.46830213 0.34549999
v -0.43213943 0.46830213 0.34549999
v -0.43213943 0.46830213 0.34549999
v -0.43213943 0.46830213 0.34549999
v -0.43213943 0.46830213 0.34549999
v -0.42500004 0.47330117 0.11500000
v -0.42500004 0.47330117 0.11500000
v -0.42500004 0.47330117 0.34549999
v -0.42500004 0.47330117 0.34549999
v -0.41710105 0.47698456 0.11500000
v -0.41710105 0.47698456 0.11500000
v -0.41710105 0.47698456 0.11500000
v -0.41710105 0.47698456 0.34549999
v -0.41710105 0.47698456 0.34549999
v -0.41710105 0.47698456 0.34549999
v -0.40868244 0.47924030 0.11500000
v -0.40868244 0.47924030 0.11500000
v -0.40868244 0.47924030 0.11500000
v -0.40868244 0.47924030 0.34549999
v -0.40868244 0.47924030 0.34549999
v -0.40868244 0.47924030 0.34549999
v -0.40868244 0.47924030 0.34549999
v -0.40000007 0.47999990 0.34549999
v -0.40000007 0.47999990 0.34549999
v -0.40000007 0.47999990 0.34549999
v -0.40000007 0.47999990 0.11500000
v -0.40000007 0.47999990 0.11500000
v -0.40000007 0.47999990 0.11500000
v -0.40826878 0.38576621 0.01499999
v -0.40826878 0.38576621 0.01499999
v -0.40000007 0.38499999 0.11500000
v -0.40000007 0.38499999 0.11500000
v -0.40000007 0.38499999 0.11500000
v -0.40000007 0.38499999 0.11500000
v -0.40826878 0.38576621 0.11500000
v -0.40826878 0.38576621 0.11500000
v -0.40826878 0.38576621 0.11500000
v -0.40000007 0.38499999 0.01499999
v -0.40000007 0.38499999 0.01499999
v -0.40000007 0.38499999 0.01499999
v -0.41625592 0.38803869 0.01499999
v -0.41625592 0.38803869 0.01499999
v -0.41625592 0.38803869 0.11500000
v -0.41625592 0.38803869 0.11500000
v -0.42368948 0.39174020 0.11500000
v -0.42368948 0.39174020 0.11500000
v -0.42368948 0.39174020 0.01499999
v -0.42368948 0.39174020 0.01499999
v -0.42368948 0.39174020 0.01499999
v -0.43031636 0.39674455 0.01499999
v -0.43031636 0.39674455 0.01499999
v -0.43031636 0.39674455 0.01499999
v -0.43031636 0.39674455 0.11500000
v -0.43031636 0.39674455 0.11500000
v -0.43591079 0.40288138 0.01499999
v -0.43591079 0.40288138 0.01499999
v -0.43591079 0.40288138 0.11500000
v -0.43591079 0.40288138 0.11500000
v -0.44028238 0.40994173 0.01499999
v -0.44028238 0.40994173 0.01499999
v -0.44028238 0.40994173 0.11500000
v -0.44028238 0.40994173 0.11500000
v -0.44028238 0.40994173 0.11500000
v -0.44328222 0.41768515 0.01499999
v -0.44328222 0.41768515 0.01499999
v -0.44328222 0.41768515 0.11500000
v -0.44328222 0.41768515 0.11500000
v -0.44480810 0.42584789 0.01499999
v -0.44480810 0.42584789 0.01499999
v -0.44480810 0.42584789 0.11500000
v -0.44480810 0.42584789 0.11500000
v -0.44480810 0.43415201 0.01499999
v -0.44480810 0.43415201 0.01499999
v -0.44480810 0.43415201 0.11500000
v -0.44480810 0.43415201 0.11500000
v -0.44328222 0.44231474 0.01499999
v -0.44328222 0.44231474 0.01499999
v -0.44328222 0.44231474 0.11500000
v -0.44328222 0.44231474 0.11500000
v -0.44028238 0.45005816 0.11500000
v -0.44028238 0.45005816 0.11500000
v -0.44028238 0.45005816 0.01499999
v -0.44028238 0.45005816 0.01499999
v -0.44028238 0.45005816 0.01499999
v -0.43591079 0.45711851 0.11500000
v -0.43591079 0.45711851 0.11500000
v -0.43591079 0.45711851 0.01499999
v -0.43591079 0.45711851 0.01499999
v -0.43591079 0.45711851 0.01499999
v -0.43031636 0.46325535 0.01499999
v -0.43031636 0.46325535 0.01499999
v -0.43031636 0.46325535 0.11500000
v -0.43031636 0.46325535 0.11500000
v -0.42368951 0.46825969 0.01499999
v -0.42368951 0.46825969 0.01499999
v -0.42368951 0.46825969 0.11500000
v -0.42368951 0.46825969 0.11500000
v -0.41625592 0.47196120 0.01499999
v -0.41625592 0.47196120 0.01499999
v -0.41625592 0.47196120 0.11500000
v -0.41625592 0.47196120 0.11500000
v -0.40826878 0.47423369 0.11500000
v -0.40826878 0.47423369 0.11500000
v -0.40826878 0.47423369 0.11500000
v -0.40826878 0.47423369 0.01499999
v -0.40826878 0.47423369 0.01499999
v -0.40000007 0.47499991 0.01499999
v -0.40000007 0.47499991 0.01499999
v -0.40000007 0.47499991 0.01499999
v -0.40000007 0.47499991 0.11500000
v -0.40000007 0.47499991 0.11500000
v -0.40000007 0.47499991 0.11500000
v -0.40000007 0.47499991 0.11500000
v -0.41043299 0.36078179 0.00500000
v -0.41043299 0.36078179 0.00500000
v -0.40000007 0.35999995 0.01499999
v -0.40000007 0.35999995 0.01499999
v -0.40000007 0.35999995 0.01499999
v -0.41043299 0.36078179 0.01499999
v -0.41043299 0.36078179 0.01499999
v -0.40000007 0.35999995 0.00500000
v -0.40000007 0.35999995 0.00500000
v -0.40000007 0.35999995 0.00500000
v -0.42063293 0.36310989 0.00500000
v -0.42063293 0.36310989 0.00500000
v -0.42063293 0.36310989 0.01499999
v -0.42063293 0.36310989 0.01499999
v -0.43037188 0.36693215 0.00500000
v -0.43037188 0.36693215 0.00500000
v -0.43037188 0.36693215 0.01499999
v -0.43037188 0.36693215 0.01499999
v -0.43943244 0.37216324 0.01499999
v -0.43943244 0.37216324 0.01499999
v -0.43943244 0.37216324 0.01499999
v -0.43943244 0.37216324 0.00500000
v -0.43943244 0.37216324 0.00500000
v -0.44761214 0.37868637 0.01499999
v -0.44761214 0.37868637 0.01499999
v -0.44761214 0.37868637 0.00500000
v -0.44761214 0.37868637 0.00500000
v -0.45472822 0.38635570 0.00500000
v -0.45472822 0.38635570 0.00500000
v -0.45472822 0.38635570 0.01499999
v -0.45472822 0.38635570 0.01499999
v -0.46062180 0.39499998 0.00500000
v -0.46062180 0.39499998 0.00500000
v -0.46062180 0.39499998 0.01499999
v -0.46062180 0.39499998 0.01499999
v -0.46516123 0.40442610 0.00500000
v -0.46516123 0.40442610 0.00500000
v -0.46516123 0.40442610 0.01499999
v -0.46516123 0.40442610 0.01499999
v -0.46824500 0.41442353 0.00500000
v -0.46824500 0.41442353 0.00500000
v -0.46824500 0.41442353 0.01499999
v -0.46824500 0.41442353 0.01499999
v -0.46980432 0.42476886 0.00500000
v -0.46980432 0.42476886 0.00500000
v -0.46980432 0.42476886 0.01499999
v -0.46980432 0.42476886 0.01499999
v -0.46980432 0.43523103 0.01499999
v -0.46980432 0.43523103 0.01499999
v -0.46980432 0.43523103 0.00500000
v -0.46980432 0.43523103 0.00500000
v -0.46824500 0.44557637 0.00500000
v -0.46824500 0.44557637 0.00500000
v -0.46824500 0.44557637 0.01499999
v -0.46824500 0.44557637 0.01499999
v -0.46516123 0.45557377 0.01499999
v -0.46516123 0.45557377 0.01499999
v -0.46516123 0.45557377 0.01499999
v -0.46516123 0.45557377 0.00500000
v -0.46516123 0.45557377 0.00500000
v -0.46062180 0.46499991 0.01499999
v -0.46062180 0.46499991 0.01499999
v -0.46062180 0.46499991 0.01499999
v -0.46062180 0.46499991 0.01499999
v -0.46062180 0.46499991 0.00500000
v -0.46062180 0.46499991 0.00500000
v -0.45472822 0.47364417 0.00500000
v -0.45472822 0.47364417 0.00500000
v -0.45472822 0.47364417 0.01499999
v -0.45472822 0.47364417 0.01499999
v -0.45472822 0.47364417 0.01499999
v -0.44761214 0.48131353 0.01499999
v -0.44761214 0.48131353 0.01499999
v -0.44761214 0.48131353 0.00500000
v -0.44761214 0.48131353 0.00500000
v -0.43943247 0.48783666 0.00500000
v -0.43943247 0.48783666 0.00500000
v -0.43943247 0.48783666 0.01499999
v -0.43943247 0.48783666 0.01499999
v -0.43037191 0.49306774 0.00500000
v -0.43037191 0.49306774 0.00500000
v -0.43037191 0.49306774 0.01499999
v -0.43037191 0.49306774 0.01499999
v -0.42063293 0.49689001 0.01499999
v -0.42063293 0.49689001 0.01499999
v -0.42063293 0.49689001 0.00500000
v -0.42063293 0.49689001 0.00500000
v -0.41043302 0.49921811 0.01499999
v -0.41043302 0.49921811 0.01499999
v -0.41043302 0.49921811 0.00500000
v -0.41043302 0.49921811 0.00500000
v -0.40000007 0.49999994 0.00500000
v -0.40000007 0.49999994 0.00500000
v -0.40000007 0.49999994 0.00500000
v -0.40000007 0.49999994 0.01499999
v -0.40000007 0.49999994 0.01499999
v -0.40000007 0.49999994 0.01499999
v -0.38956714 0.49921811 0.00500000
v -0.38956714 0.49921811 0.00500000
v -0.38956714 0.49921811 0.01499999
v -0.38956714 0.49921811 0.01499999
v -0.37936720 0.49689001 0.01499999
v -0.37936720 0.49689001 0.01499999
v -0.37936720 0.49689001 0.00500000
v -0.37936720 0.49689001 0.00500000
v -0.36962825 0.49306774 0.00500000
v -0.36962825 0.49306774 0.00500000
v -0.36962825 0.49306774 0.01499999
v -0.36962825 0.49306774 0.01499999
v -0.36056769 0.48783666 0.01499999
v -0.36056769 0.48783666 0.01499999
v -0.36056769 0.48783666 0.00500000
v -0.36056769 0.48783666 0.00500000
v -0.35238800 0.48131353 0.00500000
v -0.35238800 0.48131353 0.00500000
v -0.35238800 0.48131353 0.01499999
v -0.35238800 0.48131353 0.01499999
v -0.34527191 0.47364420 0.00500000
v -0.34527191 0.47364420 0.00500000
v -0.34527191 0.47364420 0.01499999
v -0.34527191 0.47364420 0.01499999
v -0.33937833 0.46499991 0.00500000
v -0.33937833 0.46499991 0.00500000
v -0.33937833 0.46499991 0.01499999
v -0.33937833 0.46499991 0.01499999
v -0.33937833 0.46499991 0.01499999
v -0.33483890 0.45557380 0.00500000
v -0.33483890 0.45557380 0.00500000
v -0.33483890 0.45557380 0.01499999
v -0.33483890 0.45557380 0.01499999
v -0.33483890 0.45557380 0.01499999
v -0.33483890 0.45557380 0.01499999
v -0.33175513 0.44557637 0.00500000
v -0.33175513 0.44557637 0.00500000
v -0.33175513 0.44557637 0.01499999
v -0.33175513 0.44557637 0.01499999
v -0.33019581 0.43523103 0.01499999
v -0.33019581 0.43523103 0.01499999
v -0.33019581 0.43523103 0.00500000
v -0.33019581 0.43523103 0.00500000
v -0.33019581 0.42476886 0.01499999
v -0.33019581 0.42476886 0.01499999
v -0.33019581 0.42476886 0.00500000
v -0.33019581 0.42476886 0.00500000
v -0.33175513 0.41442353 0.01499999
v -0.33175513 0.41442353 0.01499999
v -0.33175513 0.41442353 0.00500000
v -0.33175513 0.41442353 0.00500000
v -0.33483890 0.40442613 0.01499999
v -0.33483890 0.40442613 0.01499999
v -0.33483890 0.40442613 0.01499999
v -0.33483890 0.40442613 0.00500000
v -0.33483890 0.40442613 0.00500000
v -0.33937833 0.39499998 0.00500000
v -0.33937833 0.39499998 0.00500000
v -0.33937833 0.39499998 0.01499999
v -0.33937833 0.39499998 0.01499999
v -0.33937833 0.39499998 0.01499999
v -0.34527191 0.38635573 0.00500000
v -0.34527191 0.38635573 0.00500000
v -0.34527191 0.38635573 0.01499999
v -0.34527191 0.38635573 0.01499999
v -0.35238800 0.37868637 0.01499999
v -0.35238800 0.37868637 0.01499999
v -0.35238800 0.37868637 0.00500000
v -0.35238800 0.37868637 0.00500000
v -0.36056766 0.37216324 0.00500000
v -0.36056766 0.37216324 0.00500000
v -0.36056766 0.37216324 0.01499999
v -0.36056766 0.37216324 0.01499999
v -0.36962822 0.36693215 0.00500000
v -0.36962822 0.36693215 0.00500000
v -0.36962822 0.36693215 0.01499999
v -0.36962822 0.36693215 0.01499999
v -0.37936720 0.36310989 0.01499999
v -0.37936720 0.36310989 0.01499999
v -0.37936720 0.36310989 0.00500000
v -0.37936720 0.36310989 0.00500000
v -0.38956711 0.36078179 0.00500000
v -0.38956711 0.36078179 0.00500000
v -0.38956711 0.36078179 0.01499999
v -0.38956711 0.36078179 0.01499999
v -0.36968377 0.39674455 0.01499999
v -0.36968377 0.39674455 0.01499999
v -0.36408934 0.40288138 0.01499999
v -0.36408934 0.40288138 0.01499999
v -0.37631062 0.39174020 0.01499999
v -0.37631062 0.39174020 0.01499999
v -0.35971776 0.40994173 0.01499999
v -0.35971776 0.40994173 0.01499999
v -0.35971776 0.40994173 0.01499999
v -0.38374421 0.38803869 0.01499999
v -0.38374421 0.38803869 0.01499999
v -0.35671791 0.41768515 0.01499999
v -0.35671791 0.41768515 0.01499999
v -0.39173135 0.38576621 0.01499999
v -0.39173135 0.38576621 0.01499999
v -0.35519204 0.42584789 0.01499999
v -0.35519204 0.42584789 0.01499999
v -0.35519204 0.43415201 0.01499999
v -0.35519204 0.43415201 0.01499999
v -0.35671791 0.44231474 0.01499999
v -0.35671791 0.44231474 0.01499999
v -0.35671791 0.44231474 0.01499999
v -0.35971776 0.45005816 0.01499999
v -0.35971776 0.45005816 0.01499999
v -0.35971776 0.45005816 0.01499999
v -0.35971776 0.45005816 0.01499999
v -0.36408934 0.45711851 0.01499999
v -0.36408934 0.45711851 0.01499999
v -0.36968377 0.46325535 0.01499999
v -0.36968377 0.46325535 0.01499999
v -0.37631065 0.46825969 0.01499999
v -0.37631065 0.46825969 0.01499999
v -0.38374421 0.47196120 0.01499999
v -0.38374421 0.47196120 0.01499999
v -0.39173135 0.47423369 0.01499999
v -0.39173135 0.47423369 0.01499999
v -0.39173135 0.47423369 0.11500000
v -0.39173135 0.47423369 0.11500000
v -0.39173135 0.47423369 0.11500000
v -0.38374421 0.47196120 0.11500000
v -0.38374421 0.47196120 0.11500000
v -0.37631065 0.46825969 0.11500000
v -0.37631065 0.46825969 0.11500000
v -0.36968377 0.46325535 0.11500000
v -0.36968377 0.46325535 0.11500000
v -0.36408934 0.45711851 0.11500000
v -0.36408934 0.45711851 0.11500000
v -0.35971776 0.45005816 0.11500000
v -0.35971776 0.45005816 0.11500000
v -0.35671791 0.44231474 0.11500000
v -0.35671791 0.44231474 0.11500000
v -0.35519204 0.43415201 0.11500000
v -0.35519204 0.43415201 0.11500000
v -0.35519204 0.42584789 0.11500000
v -0.35519204 0.42584789 0.11500000
v -0.35519204 0.42584789 0.11500000
v -0.35671791 0.41768515 0.11500000
v -0.35671791 0.41768515 0.11500000
v -0.35971776 0.40994173 0.11500000
v -0.35971776 0.40994173 0.11500000
v -0.35971776 0.40994173 0.11500000
v -0.36408934 0.40288138 0.11500000
v -0.36408934 0.40288138 0.11500000
v -0.36968377 0.39674455 0.11500000
v -0.36968377 0.39674455 0.11500000
v -0.37631062 0.39174020 0.11500000
v -0.37631062 0.39174020 0.11500000
v -0.38374421 0.38803869 0.11500000
v -0.38374421 0.38803869 0.11500000
v -0.39173135 0.38576621 0.11500000
v -0.39173135 0.38576621 0.11500000
v -0.39173135 0.38576621 0.11500000
v -0.39131770 0.47924030 0.34549999
v -0.39131770 0.47924030 0.34549999
v -0.39131770 0.47924030 0.34549999
v -0.39131770 0.47924030 0.34549999
v -0.39131770 0.47924030 0.11500000
v -0.39131770 0.47924030 0.11500000
v -0.39131770 0.47924030 0.11500000
v -0.38289911 0.47698456 0.11500000
v -0.38289911 0.47698456 0.11500000
v -0.38289911 0.47698456 0.34549999
v -0.38289911 0.47698456 0.34549999
v -0.38289911 0.47698456 0.34549999
v -0.38289911 0.47698456 0.34549999
v -0.38289911 0.47698456 0.34549999
v -0.37500009 0.47330117 0.34549999
v -0.37500009 0.47330117 0.34549999
v -0.37500009 0.47330117 0.34549999
v -0.37500009 0.47330117 0.34549999
v -0.37500009 0.47330117 0.11500000
v -0.37500009 0.47330117 0.11500000
v -0.36786071 0.46830213 0.11500000
v -0.36786071 0.46830213 0.11500000
v -0.36786071 0.46830213 0.34549999
v -0.36786071 0.46830213 0.34549999
v -0.36169788 0.46213931 0.11500000
v -0.36169788 0.46213931 0.11500000
v -0.36169788 0.46213931 0.34549999
v -0.36169788 0.46213931 0.34549999
v -0.36169788 0.46213931 0.34549999
v -0.35669884 0.45499992 0.11500000
v -0.35669884 0.45499992 0.11500000
v -0.35669884 0.45499992 0.34549999
v -0.35669884 0.45499992 0.34549999
v -0.35669884 0.45499992 0.34549999
v -0.35669884 0.45499992 0.34549999
v -0.35669884 0.45499992 0.34549999
v -0.35669884 0.45499992 0.34549999
v -0.35301545 0.44710094 0.11500000
v -0.35301545 0.44710094 0.11500000
v -0.35301545 0.44710094 0.34549999
v -0.35301545 0.44710094 0.34549999
v -0.35301545 0.44710094 0.34549999
v -0.35301545 0.44710094 0.34549999
v -0.35075972 0.43868232 0.11500000
v -0.35075972 0.43868232 0.11500000
v -0.35075972 0.43868232 0.34549999
v -0.35075972 0.43868232 0.34549999
v -0.35000011 0.42999995 0.11500000
v -0.35000011 0.42999995 0.11500000
v -0.35000011 0.42999995 0.11500000
v -0.35000011 0.42999995 0.34549999
v -0.35000011 0.42999995 0.34549999
v -0.35000011 0.42999995 0.34549999
v -0.35075972 0.42131758 0.34549999
v -0.35075972 0.42131758 0.34549999
v -0.35075972 0.42131758 0.34549999
v -0.35075972 0.42131758 0.34549999
v -0.35075972 0.42131758 0.11500000
v -0.35075972 0.42131758 0.11500000
v -0.35075972 0.42131758 0.11500000
v -0.35301545 0.41289896 0.11500000
v -0.35301545 0.41289896 0.11500000
v -0.35301545 0.41289896 0.11500000
v -0.35301545 0.41289896 0.34549999
v -0.35301545 0.41289896 0.34549999
v -0.35301545 0.41289896 0.34549999
v -0.35669884 0.40499997 0.11500000
v -0.35669884 0.40499997 0.11500000
v -0.35669884 0.40499997 0.11500000
v -0.35669884 0.40499997 0.34549999
v -0.35669884 0.40499997 0.34549999
v -0.35669884 0.40499997 0.34549999
v -0.35669884 0.40499997 0.34549999
v -0.35669884 0.40499997 0.34549999
v -0.35669884 0.40499997 0.34549999
v -0.35669884 0.40499997 0.34549999
v -0.36169788 0.39786059 0.11500000
v -0.36169788 0.39786059 0.11500000
v -0.36169788 0.39786059 0.34549999
v -0.36169788 0.39786059 0.34549999
v -0.36786071 0.39169776 0.11500000
v -0.36786071 0.39169776 0.11500000
v -0.36786071 0.39169776 0.34549999
v -0.36786071 0.39169776 0.34549999
v -0.36786071 0.39169776 0.34549999
v -0.37500009 0.38669872 0.11500000
v -0.37500009 0.38669872 0.11500000
v -0.37500009 0.38669872 0.34549999
v -0.37500009 0.38669872 0.34549999
v -0.38289908 0.38301534 0.34549999
v -0.38289908 0.38301534 0.34549999
v -0.38289908 0.38301534 0.34549999
v -0.38289908 0.38301534 0.34549999
v -0.38289908 0.38301534 0.34549999
v -0.38289908 0.38301534 0.34549999
v -0.38289908 0.38301534 0.34549999
v -0.38289908 0.38301534 0.11500000
v -0.38289908 0.38301534 0.11500000
v -0.39131770 0.38075960 0.11500000
v -0.39131770 0.38075960 0.11500000
v -0.39131770 0.38075960 0.11500000
v -0.39131770 0.38075960 0.34549999
v -0.39131770 0.38075960 0.34549999
v -0.39131770 0.38075960 0.34549999
v -0.39131770 0.38075960 0.34549999
v 0.40868244 -0.38075960 0.11500000
v 0.40868244 -0.38075960 0.11500000
v 0.40868244 -0.38075960 0.11500000
v 0.40000007 -0.37999999 0.34549999
v 0.40000007 -0.37999999 0.34549999
v 0.40000007 -0.37999999 0.34549999
v 0.40868244 -0.38075960 0.34549999
v 0.40868244 -0.38075960 0.34549999
v 0.40868244 -0.38075960 0.34549999
v 0.40000007 -0.37999999 0.11500000
v 0.40000007 -0.37999999 0.11500000
v 0.40000007 -0.37999999 0.11500000
v 0.41710103 -0.38301534 0.11500000
v 0.41710103 -0.38301534 0.11500000
v 0.41710103 -0.38301534 0.11500000
v 0.41710103 -0.38301534 0.34549999
v 0.41710103 -0.38301534 0.34549999
v 0.41710103 -0.38301534 0.34549999
v 0.41710103 -0.38301534 0.34549999
v 0.41710103 -0.38301534 0.34549999
v 0.42500004 -0.38669872 0.11500000
v 0.42500004 -0.38669872 0.11500000
v 0.42500004 -0.38669872 0.34549999
v 0.42500004 -0.38669872 0.34549999
v 0.43213943 -0.39169776 0.11500000
v 0.43213943 -0.39169776 0.11500000
v 0.43213943 -0.39169776 0.34549999
v 0.43213943 -0.39169776 0.34549999
v 0.43213943 -0.39169776 0.34549999
v 0.43213943 -0.39169776 0.34549999
v 0.43830225 -0.39786059 0.11500000
v 0.43830225 -0.39786059 0.11500000
v 0.43830225 -0.39786059 0.34549999
v 0.43830225 -0.39786059 0.34549999
v 0.44330129 -0.40499997 0.11500000
v 0.44330129 -0.40499997 0.11500000
v 0.44330129 -0.40499997 0.11500000
v 0.44330129 -0.40499997 0.34549999
v 0.44330129 -0.40499997 0.34549999
v 0.44698468 -0.41289896 0.34549999
v 0.44698468 -0.41289896 0.34549999
v 0.44698468 -0.41289896 0.11500000
v 0.44698468 -0.41289896 0.11500000
v 0.44698468 -0.41289896 0.11500000
v 0.44924042 -0.42131758 0.11500000
v 0.44924042 -0.42131758 0.11500000
v 0.44924042 -0.42131758 0.34549999
v 0.44924042 -0.42131758 0.34549999
v 0.44924042 -0.42131758 0.34549999
v 0.45000002 -0.42999995 0.11500000
v 0.45000002 -0.42999995 0.11500000
v 0.45000002 -0.42999995 0.34549999
v 0.45000002 -0.42999995 0.34549999
v 0.45000002 -0.42999995 0.34549999
v 0.44924042 -0.43868232 0.11500000
v 0.44924042 -0.43868232 0.11500000
v 0.44924042 -0.43868232 0.34549999
v 0.44924042 -0.43868232 0.34549999
v 0.44698468 -0.44710094 0.11500000
v 0.44698468 -0.44710094 0.11500000
v 0.44698468 -0.44710094 0.34549999
v 0.44698468 -0.44710094 0.34549999
v 0.44698468 -0.44710094 0.34549999
v 0.44698468 -0.44710094 0.34549999
v 0.44698468 -0.44710094 0.34549999
v 0.44698468 -0.44710094 0.34549999
v 0.44698468 -0.44710094 0.34549999
v 0.44698468 -0.44710094 0.34549999
v 0.44330129 -0.45499992 0.11500000
v 0.44330129 -0.45499992 0.11500000
v 0.44330129 -0.45499992 0.34549999
v 0.44330129 -0.45499992 0.34549999
v 0.43830225 -0.46213931 0.34549999
v 0.43830225 -0.46213931 0.34549999
v 0.43830225 -0.46213931 0.34549999
v 0.43830225 -0.46213931 0.34549999
v 0.43830225 -0.46213931 0.11500000
v 0.43830225 -0.46213931 0.11500000
v 0.43213943 -0.46830213 0.11500000
v 0.43213943 -0.46830213 0.11500000
v 0.43213943 -0.46830213 0.34549999
v 0.43213943 -0.46830213 0.34549999
v 0.43213943 -0.46830213 0.34549999
v 0.43213943 -0.46830213 0.34549999
v 0.43213943 -0.46830213 0.34549999
v 0.43213943 -0.46830213 0.34549999
v 0.43213943 -0.46830213 0.34549999
v 0.42500004 -0.47330117 0.11500000
v 0.42500004 -0.47330117 0.11500000
v 0.42500004 -0.47330117 0.34549999
v 0.42500004 -0.47330117 0.34549999
v 0.41710105 -0.47698456 0.11500000
v 0.41710105 -0.47698456 0.11500000
v 0.41710105 -0.47698456 0.11500000
v 0.41710105 -0.47698456 0.34549999
v 0.41710105 -0.47698456 0.34549999
v 0.41710105 -0.47698456 0.34549999
v 0.40868244 -0.47924030 0.11500000
v 0.40868244 -0.47924030 0.11500000
v 0.40868244 -0.47924030 0.11500000
v 0.40868244 -0.47924030 0.34549999
v 0.40868244 -0.47924030 0.34549999
v 0.40868244 -0.47924030 0.34549999
v 0.40868244 -0.47924030 0.34549999
v 0.40000007 -0.47999990 0.34549999
v 0.40000007 -0.47999990 0.34549999
v 0.40000007 -0.47999990 0.34549999
v 0.40000007 -0.47999990 0.11500000
v 0.40000007 -0.47999990 0.11500000
v 0.40000007 -0.47999990 0.11500000
v 0.40826878 -0.38576621 0.01499999
v 0.40826878 -0.38576621 0.01499999
v 0.40000007 -0.38499999 0.11500000
v 0.40000007 -0.38499999 0.11500000
v 0.40000007 -0.38499999 0.11500000
v 0.40000007 -0.38499999 0.11500000
v 0.40826878 -0.38576621 0.11500000
v 0.40826878 -0.38576621 0.11500000
v 0.40826878 -0.38576621 0.11500000
v 0.40000007 -0.38499999 0.01499999
v 0.40000007 -0.38499999 0.01499999
v 0.40000007 -0.38499999 0.01499999
v 0.41625592 -0.38803869 0.01499999
v 0.41625592 -0.38803869 0.01499999
v 0.41625592 -0.38803869 0.11500000
v 0.41625592 -0.38803869 0.11500000
v 0.42368948 -0.39174020 0.11500000
v 0.42368948 -0.39174020 0.11500000
v 0.42368948 -0.39174020 0.01499999
v 0.42368948 -0.39174020 0.01499999
v 0.42368948 -0.39174020 0.01499999
v 0.43031636 -0.39674455 0.01499999
v 0.43031636 -0.39674455 0.01499999
v 0.43031636 -0.39674455 0.01499999
v 0.43031636 -0.39674455 0.11500000
v 0.43031636 -0.39674455 0.11500000
v 0.43591079 -0.40288138 0.01499999
v 0.43591079 -0.40288138 0.01499999
v 0.43591079 -0.40288138 0.11500000
v 0.43591079 -0.40288138 0.11500000
v 0.44028238 -0.40994173 0.01499999
v 0.44028238 -0.40994173 0.01499999
v 0.44028238 -0.40994173 0.11500000
v 0.44028238 -0.40994173 0.11500000
v 0.44028238 -0.40994173 0.11500000
v 0.44328222 -0.41768515 0.01499999
v 0.44328222 -0.41768515 0.01499999
v 0.44328222 -0.41768515 0.11500000
v 0.44328222 -0.41768515 0.11500000
v 0.44480810 -0.42584789 0.01499999
v 0.44480810 -0.42584789 0.01499999
v 0.44480810 -0.42584789 0.11500000
v 0.44480810 -0.42584789 0.11500000
v 0.44480810 -0.43415201 0.01499999
v 0.44480810 -0.43415201 0.01499999
v 0.44480810 -0.43415201 0.11500000
v 0.44480810 -0.43415201 0.11500000
v 0.44328222 -0.44231474 0.01499999
v 0.44328222 -0.44231474 0.01499999
v 0.44328222 -0.44231474 0.11500000
v 0.44328222 -0.44231474 0.11500000
v 0.44028238 -0.45005816 0.11500000
v 0.44028238 -0.45005816 0.11500000
v 0.44028238 -0.45005816 0.01499999
v 0.44028238 -0.45005816 0.01499999
v 0.44028238 -0.45005816 0.01499999
v 0.43591079 -0.45711851 0.11500000
v 0.43591079 -0.45711851 0.11500000
v 0.43591079 -0.45711851 0.01499999
v 0.43591079 -0.45711851 0.01499999
v 0.43591079 -0.45711851 0.01499999
v 0.43031636 -0.46325535 0.01499999
v 0.43031636 -0.46325535 0.01499999
v 0.43031636 -0.46325535 0.11500000
v 0.43031636 -0.46325535 0.11500000
v 0.42368951 -0.46825969 0.01499999
v 0.42368951 -0.46825969 0.01499999
v 0.42368951 -0.46825969 0.11500000
v 0.42368951 -0.46825969 0.11500000
v 0.41625592 -0.47196120 0.01499999
v 0.41625592 -0.47196120 0.01499999
v 0.41625592 -0.47196120 0.11500000
v 0.41625592 -0.47196120 0.11500000
v 0.40826878 -0.47423369 0.11500000
v 0.40826878 -0.47423369 0.11500000
v 0.40826878 -0.47423369 0.11500000
v 0.40826878 -0.47423369 0.01499999
v 0.40826878 -0.47423369 0.01499999
v 0.40000007 -0.47499991 0.01499999
v 0.40000007 -0.47499991 0.01499999
v 0.40000007 -0.47499991 0.01499999
v 0.40000007 -0.47499991 0.11500000
v 0.40000007 -0.47499991 0.11500000
v 0.40000007 -0.47499991 0.11500000
v 0.40000007 -0.47499991 0.11500000
v 0.41043299 -0.36078179 0.00500000
v 0.41043299 -0.36078179 0.00500000
v 0.40000007 -0.35999995 0.01499999
v 0.40000007 -0.35999995 0.01499999
v 0.40000007 -0.35999995 0.01499999
v 0.41043299 -0.36078179 0.01499999
v 0.41043299 -0.36078179 0.01499999
v 0.40000007 -0.35999995 0.00500000
v 0.40000007 -0.35999995 0.00500000
v 0.40000007 -0.35999995 0.00500000
v 0.42063293 -0.36310989 0.00500000
v 0.42063293 -0.36310989 0.00500000
v 0.42063293 -0.36310989 0.01499999
v 0.42063293 -0.36310989 0.01499999
v 0.43037188 -0.36693215 0.00500000
v 0.43037188 -0.36693215 0.00500000
v 0.43037188 -0.36693215 0.01499999
v 0.43037188 -0.36693215 0.01499999
v 0.43943244 -0.37216324 0.01499999
v 0.43943244 -0.37216324 0.01499999
v 0.43943244 -0.37216324 0.01499999
v 0.43943244 -0.37216324 0.00500000
v 0.43943244 -0.37216324 0.00500000
v 0.44761214 -0.37868637 0.01499999
v 0.44761214 -0.37868637 0.01499999
v 0.44761214 -0.37868637 0.00500000
v 0.44761214 -0.37868637 0.00500000
v 0.45472822 -0.38635570 0.00500000
v 0.45472822 -0.38635570 0.00500000
v 0.45472822 -0.38635570 0.01499999
v 0.45472822 -0.38635570 0.01499999
v 0.46062180 -0.39499998 0.00500000
v 0.46062180 -0.39499998 0.00500000
v 0.46062180 -0.39499998 0.01499999
v 0.46062180 -0.39499998 0.01499999
v 0.46516123 -0.40442610 0.00500000
v 0.46516123 -0.40442610 0.00500000
v 0.46516123 -0.40442610 0.01499999
v 0.46516123 -0.40442610 0.01499999
v 0.46824500 -0.41442353 0.00500000
v 0.46824500 -0.41442353 0.00500000
v 0.46824500 -0.41442353 0.01499999
v 0.46824500 -0.41442353 0.01499999
v 0.46980432 -0.42476886 0.00500000
v 0.46980432 -0.42476886 0.00500000
v 0.46980432 -0.42476886 0.01499999
v 0.46980432 -0.42476886 0.01499999
v 0.46980432 -0.43523103 0.01499999
v 0.46980432 -0.43523103 0.01499999
v 0.46980432 -0.43523103 0.00500000
v 0.46980432 -0.43523103 0.00500000
v 0.46824500 -0.44557637 0.00500000
v 0.46824500 -0.44557637 0.00500000
v 0.46824500 -0.44557637 0.01499999
v 0.46824500 -0.44557637 0.01499999
v 0.46516123 -0.45557377 0.01499999
v 0.46516123 -0.45557377 0.01499999
v 0.46516123 -0.45557377 0.01499999
v 0.46516123 -0.45557377 0.00500000
v 0.46516123 -0.45557377 0.00500000
v 0.46062180 -0.46499991 0.01499999
v 0.46062180 -0.46499991 0.01499999
v 0.46062180 -0.46499991 0.01499999
v 0.46062180 -0.46499991 0.01499999
v 0.46062180 -0.46499991 0.00500000
v 0.46062180 -0.46499991 0.00500000
v 0.45472822 -0.47364417 0.00500000
v 0.45472822 -0.47364417 0.00500000
v 0.45472822 -0.47364417 0.01499999
v 0.45472822 -0.47364417 0.01499999
v 0.45472822 -0.47364417 0.01499999
v 0.44761214 -0.48131353 0.01499999
v 0.44761214 -0.48131353 0.01499999
v 0.44761214 -0.48131353 0.00500000
v 0.44761214 -0.48131353 0.00500000
v 0.43943247 -0.48783666 0.00500000
v 0.43943247 -0.48783666 0.00500000
v 0.43943247 -0.48783666 0.01499999
v 0.43943247 -0.48783666 0.01499999
v 0.43037191 -0.49306774 0.00500000
v 0.43037191 -0.49306774 0.00500000
v 0.43037191 -0.49306774 0.01499999
v 0.43037191 -0.49306774 0.01499999
v 0.42063293 -0.49689001 0.01499999
v 0.42063293 -0.49689001 0.01499999
v 0.42063293 -0.49689001 0.00500000
v 0.42063293 -0.49689001 0.00500000
v 0.41043302 -0.49921811 0.01499999
v 0.41043302 -0.49921811 0.01499999
v 0.41043302 -0.49921811 0.00500000
v 0.41043302 -0.49921811 0.00500000
v 0.40000007 -0.49999994 0.00500000
v 0.40000007 -0.49999994 0.00500000
v 0.40000007 -0.49999994 0.00500000
v 0.40000007 -0.49999994 0.01499999
v 0.40000007 -0.49999994 0.01499999
v 0.40000007 -0.49999994 0.01499999
v 0.38956714 -0.49921811 0.00500000
v 0.38956714 -0.49921811 0.00500000
v 0.38956714 -0.49921811 0.01499999
v 0.38956714 -0.49921811 0.01499999
v 0.37936720 -0.49689001 0.01499999
v 0.37936720 -0.49689001 0.01499999
v 0.37936720 -0.49689001 0.00500000
v 0.37936720 -0.49689001 0.00500000
v 0.36962825 -0.49306774 0.00500000
v 0.36962825 -0.49306774 0.00500000
v 0.36962825 -0.49306774 0.01499999
v 0.36962825 -0.49306774 0.01499999
v 0.36056769 -0.48783666 0.01499999
v 0.36056769 -0.48783666 0.01499999
v 0.36056769 -0.48783666 0.00500000
v 0.36056769 -0.48783666 0.00500000
v 0.35238800 -0.48131353 0.00500000
v 0.35238800 -0.48131353 0.00500000
v 0.35238800 -0.48131353 0.01499999
v 0.35238800 -0.48131353 0.01499999
v 0.34527191 -0.47364420 0.00500000
v 0.34527191 -0.47364420 0.00500000
v 0.34527191 -0.47364420 0.01499999
v 0.34527191 -0.47364420 0.01499999
v 0.33937833 -0.46499991 0.00500000
v 0.33937833 -0.46499991 0.00500000
v 0.33937833 -0.46499991 0.01499999
v 0.33937833 -0.46499991 0.01499999
v 0.33937833 -0.46499991 0.01499999
v 0.33483890 -0.45557380 0.00500000
v 0.33483890 -0.45557380 0.00500000
v 0.33483890 -0.45557380 0.01499999
v 0.33483890 -0.45557380 0.01499999
v 0.33483890 -0.45557380 0.01499999
v 0.33483890 -0.45557380 0.01499999
v 0.33175513 -0.44557637 0.00500000
v 0.33175513 -0.44557637 0.00500000
v 0.33175513 -0.44557637 0.01499999
v 0.33175513 -0.44557637 0.01499999
v 0.33019581 -0.43523103 0.01499999
v 0.33019581 -0.43523103 0.01499999
v 0.33019581 -0.43523103 0.00500000
v 0.33019581 -0.43523103 0.00500000
v 0.33019581 -0.42476886 0.01499999
v 0.33019581 -0.42476886 0.01499999
v 0.33019581 -0.42476886 0.00500000
v 0.33019581 -0.42476886 0.00500000
v 0.33175513 -0.41442353 0.01499999
v 0.33175513 -0.41442353 0.01499999
v 0.33175513 -0.41442353 0.00500000
v 0.33175513 -0.41442353 0.00500000
v 0.33483890 -0.40442613 0.01499999
v 0.33483890 -0.40442613 0.01499999
v 0.33483890 -0.40442613 0.01499999
v 0.33483890 -0.40442613 0.00500000
v 0.33483890 -0.40442613 0.00500000
v 0.33937833 -0.39499998 0.00500000
v 0.33937833 -0.39499998 0.00500000
v 0.33937833 -0.39499998 0.01499999
v 0.33937833 -0.39499998 0.01499999
v 0.33937833 -0.39499998 0.01499999
v 0.34527191 -0.38635573 0.00500000
v 0.34527191 -0.38635573 0.00500000
v 0.34527191 -0.38635573 0.01499999
v 0.34527191 -0.38635573 0.01499999
v 0.35238800 -0.37868637 0.01499999
v 0.35238800 -0.37868637 0.01499999
v 0.35238800 -0.37868637 0.00500000
v 0.35238800 -0.37868637 0.00500000
v 0.36056766 -0.37216324 0.00500000
v 0.36056766 -0.37216324 0.00500000
v 0.36056766 -0.37216324 0.01499999
v 0.36056766 -0.37216324 0.01499999
v 0.36962822 -0.36693215 0.00500000
v 0.36962822 -0.36693215 0.00500000
v 0.36962822 -0.36693215 0.01499999
v 0.36962822 -0.36693215 0.01499999
v 0.37936720 -0.36310989 0.01499999
v 0.37936720 -0.36310989 0.01499999
v 0.37936720 -0.36310989 0.00500000
v 0.37936720 -0.36310989 0.00500000
v 0.38956711 -0.36078179 0.00500000
v 0.38956711 -0.36078179 0.00500000
v 0.38956711 -0.36078179 0.01499999
v 0.38956711 -0.36078179 0.01499999
v 0.36968377 -0.39674455 0.01499999
v 0.36968377 -0.39674455 0.01499999
v 0.36408934 -0.40288138 0.01499999
v 0.36408934 -0.40288138 0.01499999
v 0.37631062 -0.39174020 0.01499999
v 0.37631062 -0.39174020 0.01499999
v 0.35971776 -0.40994173 0.01499999
v 0.35971776 -0.40994173 0.01499999
v 0.35971776 -0.40994173 0.01499999
v 0.38374421 -0.38803869 0.01499999
v 0.38374421 -0.38803869 0.01499999
v 0.35671791 -0.41768515 0.01499999
v 0.35671791 -0.41768515 0.01499999
v 0.39173135 -0.38576621 0.01499999
v 0.39173135 -0.38576621 0.01499999
v 0.35519204 -0.42584789 0.01499999
v 0.35519204 -0.42584789 0.01499999
v 0.35519204 -0.43415201 0.01499999
v 0.35519204 -0.43415201 0.01499999
v 0.35671791 -0.44231474 0.01499999
v 0.35671791 -0.44231474 0.01499999
v 0.35671791 -0.44231474 0.01499999
v 0.35971776 -0.45005816 0.01499999
v 0.35971776 -0.45005816 0.01499999
v 0.35971776 -0.45005816 0.01499999
v 0.35971776 -0.45005816 0.01499999
v 0.36408934 -0.45711851 0.01499999
v 0.36408934 -0.45711851 0.01499999
v 0.36968377 -0.46325535 0.01499999
v 0.36968377 -0.46325535 0.01499999
v 0.37631065 -0.46825969 0.01499999
v 0.37631065 -0.46825969 0.01499999
v 0.38374421 -0.47196120 0.01499999
v 0.38374421 -0.47196120 0.01499999
v 0.39173135 -0.47423369 0.01499999
v 0.39173135 -0.47423369 0.01499999
v 0.39173135 -0.47423369 0.11500000
v 0.39173135 -0.47423369 0.11500000
v 0.39173135 -0.47423369 0.11500000
v 0.38374421 -0.47196120 0.11500000
v 0.38374421 -0.47196120 0.11500000
v 0.37631065 -0.46825969 0.11500000
v 0.37631065 -0.46825969 0.11500000
v 0.36968377 -0.46325535 0.11500000
v 0.36968377 -0.46325535 0.11500000
v 0.36408934 -0.45711851 0.11500000
v 0.36408934 -0.45711851 0.11500000
v 0.35971776 -0.45005816 0.11500000
v 0.35971776 -0.45005816 0.11500000
v 0.35671791 -0.44231474 0.11500000
v 0.35671791 -0.44231474 0.11500000
v 0.35519204 -0.43415201 0.11500000
v 0.35519204 -0.43415201 0.11500000
v 0.35519204 -0.42584789 0.11500000
v 0.35519204 -0.42584789 0.11500000
v 0.35519204 -0.42584789 0.11500000
v 0.35671791 -0.41768515 0.11500000
v 0.35671791 -0.41768515 0.11500000
v 0.35971776 -0.40994173 0.11500000
v 0.35971776 -0.40994173 0.11500000
v 0.35971776 -0.40994173 0.11500000
v 0.36408934 -0.40288138 0.11500000
v 0.36408934 -0.40288138 0.11500000
v 0.36968377 -0.39674455 0.11500000
v 0.36968377 -0.39674455 0.11500000
v 0.37631062 -0.39174020 0.11500000
v 0.37631062 -0.39174020 0.11500000
v 0.38374421 -0.38803869 0.11500000
v 0.38374421 -0.38803869 0.11500000
v 0.39173135 -0.38576621 0.11500000
v 0.39173135 -0.38576621 0.11500000
v 0.39173135 -0.38576621 0.11500000
v 0.39131770 -0.47924030 0.34549999
v 0.39131770 -0.47924030 0.34549999
v 0.39131770 -0.47924030 0.34549999
v 0.39131770 -0.47924030 0.34549999
v 0.39131770 -0.47924030 0.11500000
v 0.39131770 -0.47924030 0.11500000
v 0.39131770 -0.47924030 0.11500000
v 0.38289911 -0.47698456 0.11500000
v 0.38289911 -0.47698456 0.11500000
v 0.38289911 -0.47698456 0.34549999
v 0.38289911 -0.47698456 0.34549999
v 0.38289911 -0.47698456 0.34549999
v 0.38289911 -0.47698456 0.34549999
v 0.38289911 -0.47698456 0.34549999
v 0.37500009 -0.47330117 0.34549999
v 0.37500009 -0.47330117 0.34549999
v 0.37500009 -0.47330117 0.34549999
v 0.37500009 -0.47330117 0.34549999
v 0.37500009 -0.47330117 0.11500000
v 0.37500009 -0.47330117 0.11500000
v 0.36786071 -0.46830213 0.11500000
v 0.36786071 -0.46830213 0.11500000
v 0.36786071 -0.46830213 0.34549999
v 0.36786071 -0.46830213 0.34549999
v 0.36169788 -0.46213931 0.11500000
v 0.36169788 -0.46213931 0.11500000
v 0.36169788 -0.46213931 0.34549999
v 0.36169788 -0.46213931 0.34549999
v 0.36169788 -0.46213931 0.34549999
v 0.35669884 -0.45499992 0.11500000
v 0.35669884 -0.45499992 0.11500000
v 0.35669884 -0.45499992 0.34549999
v 0.35669884 -0.45499992 0.34549999
v 0.35669884 -0.45499992 0.34549999
v 0.35669884 -0.45499992 0.34549999
v 0.35669884 -0.45499992 0.34549999
v 0.35669884 -0.45499992 0.34549999
v 0.35301545 -0.44710094 0.11500000
v 0.35301545 -0.44710094 0.11500000
v 0.35301545 -0.44710094 0.34549999
v 0.35301545 -0.44710094 0.34549999
v 0.35301545 -0.44710094 0.34549999
v 0.35301545 -0.44710094 0.34549999
v 0.35075972 -0.43868232 0.11500000
v 0.35075972 -0.43868232 0.11500000
v 0.35075972 -0.43868232 0.34549999
v 0.35075972 -0.43868232 0.34549999
v 0.35000011 -0.42999995 0.11500000
v 0.35000011 -0.42999995 0.11500000
v 0.35000011 -0.42999995 0.11500000
v 0.35000011 -0.42999995 0.34549999
v 0.35000011 -0.42999995 0.34549999
v 0.35000011 -0.42999995 0.34549999
v 0.35075972 -0.42131758 0.34549999
v 0.35075972 -0.42131758 0.34549999
v 0.35075972 -0.42131758 0.34549999
v 0.35075972 -0.42131758 0.34549999
v 0.35075972 -0.42131758 0.11500000
v 0.35075972 -0.42131758 0.11500000
v 0.35075972 -0.42131758 0.11500000
v 0.35301545 -0.41289896 0.11500000
v 0.35301545 -0.41289896 0.11500000
v 0.35301545 -0.41289896 0.11500000
v 0.35301545 -0.41289896 0.34549999
v 0.35301545 -0.41289896 0.34549999
v 0.35301545 -0.41289896 0.34549999
v 0.35669884 -0.40499997 0.11500000
v 0.35669884 -0.40499997 0.11500000
v 0.35669884 -0.40499997 0.11500000
v 0.35669884 -0.40499997 0.34549999
v 0.35669884 -0.40499997 0.34549999
v 0.35669884 -0.40499997 0.34549999
v 0.35669884 -0.40499997 0.34549999
v 0.35669884 -0.40499997 0.34549999
v 0.35669884 -0.40499997 0.34549999
v 0.35669884 -0.40499997 0.34549999
v 0.36169788 -0.39786059 0.11500000
v 0.36169788 -0.39786059 0.11500000
v 0.36169788 -0.39786059 0.34549999
v 0.36169788 -0.39786059 0.34549999
v 0.36786071 -0.39169776 0.11500000
v 0.36786071 -0.39169776 0.11500000
v 0.36786071 -0.39169776 0.34549999
v 0.36786071 -0.39169776 0.34549999
v 0.36786071 -0.39169776 0.34549999
v 0.37500009 -0.38669872 0.11500000
v 0.37500009 -0.38669872 0.11500000
v 0.37500009 -0.38669872 0.34549999
v 0.37500009 -0.38669872 0.34549999
v 0.38289908 -0.38301534 0.34549999
v 0.38289908 -0.38301534 0.34549999
v 0.38289908 -0.38301534 0.34549999
v 0.38289908 -0.38301534 0.34549999
v 0.38289908 -0.38301534 0.34549999
v 0.38289908 -0.38301534 0.34549999
v 0.38289908 -0.38301534 0.34549999
v 0.38289908 -0.38301534 0.11500000
v 0.38289908 -0.38301534 0.11500000
v 0.39131770 -0.38075960 0.11500000
v 0.39131770 -0.38075960 0.11500000
v 0.39131770 -0.38075960 0.11500000
v 0.39131770 -0.38075960 0.34549999
v 0.39131770 -0.38075960 0.34549999
v 0.39131770 -0.38075960 0.34549999
v 0.39131770 -0.38075960 0.34549999
v 0.40868232 0.47924042 0.11500000
v 0.40868232 0.47924042 0.11500000
v 0.40868232 0.47924042 0.11500000
v 0.39999995 0.48000002 0.34549999
v 0.39999995 0.48000002 0.34549999
v 0.39999995 0.48000002 0.34549999
v 0.40868232 0.47924042 0.34549999
v 0.40868232 0.47924042 0.34549999
v 0.40868232 0.47924042 0.34549999
v 0.39999995 0.48000002 0.11500000
v 0.39999995 0.48000002 0.11500000
v 0.39999995 0.48000002 0.11500000
v 0.41710091 0.47698468 0.11500000
v 0.41710091 0.47698468 0.11500000
v 0.41710091 0.47698468 0.11500000
v 0.41710091 0.47698468 0.34549999
v 0.41710091 0.47698468 0.34549999
v 0.41710091 0.47698468 0.34549999
v 0.41710091 0.47698468 0.34549999
v 0.41710091 0.47698468 0.34549999
v 0.42499992 0.47330129 0.11500000
v 0.42499992 0.47330129 0.11500000
v 0.42499992 0.47330129 0.34549999
v 0.42499992 0.47330129 0.34549999
v 0.43213931 0.46830225 0.11500000
v 0.43213931 0.46830225 0.11500000
v 0.43213931 0.46830225 0.34549999
v 0.43213931 0.46830225 0.34549999
v 0.43213931 0.46830225 0.34549999
v 0.43213931 0.46830225 0.34549999
v 0.43830213 0.46213943 0.11500000
v 0.43830213 0.46213943 0.11500000
v 0.43830213 0.46213943 0.34549999
v 0.43830213 0.46213943 0.34549999
v 0.44330117 0.45500004 0.11500000
v 0.44330117 0.45500004 0.11500000
v 0.44330117 0.45500004 0.11500000
v 0.44330117 0.45500004 0.34549999
v 0.44330117 0.45500004 0.34549999
v 0.44698456 0.44710106 0.34549999
v 0.44698456 0.44710106 0.34549999
v 0.44698456 0.44710106 0.11500000
v 0.44698456 0.44710106 0.11500000
v 0.44698456 0.44710106 0.11500000
v 0.44924030 0.43868244 0.11500000
v 0.44924030 0.43868244 0.11500000
v 0.44924030 0.43868244 0.34549999
v 0.44924030 0.43868244 0.34549999
v 0.44924030 0.43868244 0.34549999
v 0.44999990 0.43000007 0.11500000
v 0.44999990 0.43000007 0.11500000
v 0.44999990 0.43000007 0.34549999
v 0.44999990 0.43000007 0.34549999
v 0.44999990 0.43000007 0.34549999
v 0.44924030 0.42131770 0.11500000
v 0.44924030 0.42131770 0.11500000
v 0.44924030 0.42131770 0.34549999
v 0.44924030 0.42131770 0.34549999
v 0.44698456 0.41289908 0.11500000
v 0.44698456 0.41289908 0.11500000
v 0.44698456 0.41289908 0.34549999
v 0.44698456 0.41289908 0.34549999
v 0.44698456 0.41289908 0.34549999
v 0.44698456 0.41289908 0.34549999
v 0.44698456 0.41289908 0.34549999
v 0.44698456 0.41289908 0.34549999
v 0.44698456 0.41289908 0.34549999
v 0.44698456 0.41289908 0.34549999
v 0.44330117 0.40500009 0.11500000
v 0.44330117 0.40500009 0.11500000
v 0.44330117 0.40500009 0.34549999
v 0.44330117 0.40500009 0.34549999
v 0.43830213 0.39786071 0.34549999
v 0.43830213 0.39786071 0.34549999
v 0.43830213 0.39786071 0.34549999
v 0.43830213 0.39786071 0.34549999
v 0.43830213 0.39786071 0.11500000
v 0.43830213 0.39786071 0.11500000
v 0.43213931 0.39169788 0.11500000
v 0.43213931 0.39169788 0.11500000
v 0.43213931 0.39169788 0.34549999
v 0.43213931 0.39169788 0.34549999
v 0.43213931 0.39169788 0.34549999
v 0.43213931 0.39169788 0.34549999
v 0.43213931 0.39169788 0.34549999
v 0.43213931 0.39169788 0.34549999
v 0.43213931 0.39169788 0.34549999
v 0.42499992 0.38669884 0.11500000
v 0.42499992 0.38669884 0.11500000
v 0.42499992 0.38669884 0.34549999
v 0.42499992 0.38669884 0.34549999
v 0.41710094 0.38301545 0.11500000
v 0.41710094 0.38301545 0.11500000
v 0.41710094 0.38301545 0.11500000
v 0.41710094 0.38301545 0.34549999
v 0.41710094 0.38301545 0.34549999
v 0.41710094 0.38301545 0.34549999
v 0.40868232 0.38075972 0.11500000
v 0.40868232 0.38075972 0.11500000
v 0.40868232 0.38075972 0.11500000
v 0.40868232 0.38075972 0.34549999
v 0.40868232 0.38075972 0.34549999
v 0.40868232 0.38075972 0.34549999
v 0.40868232 0.38075972 0.34549999
v 0.39999995 0.38000011 0.34549999
v 0.39999995 0.38000011 0.34549999
v 0.39999995 0.38000011 0.34549999
v 0.39999995 0.38000011 0.11500000
v 0.39999995 0.38000011 0.11500000
v 0.39999995 0.38000011 0.11500000
v 0.40826866 0.47423381 0.01499999
v 0.40826866 0.47423381 0.01499999
v 0.39999995 0.47500002 0.11500000
v 0.39999995 0.47500002 0.11500000
v 0.39999995 0.47500002 0.11500000
v 0.39999995 0.47500002 0.11500000
v 0.40826866 0.47423381 0.11500000
v 0.40826866 0.47423381 0.11500000
v 0.40826866 0.47423381 0.11500000
v 0.39999995 0.47500002 0.01499999
v 0.39999995 0.47500002 0.01499999
v 0.39999995 0.47500002 0.01499999
v 0.41625580 0.47196132 0.01499999
v 0.41625580 0.47196132 0.01499999
v 0.41625580 0.47196132 0.11500000
v 0.41625580 0.47196132 0.11500000
v 0.42368936 0.46825981 0.11500000
v 0.42368936 0.46825981 0.11500000
v 0.42368936 0.46825981 0.01499999
v 0.42368936 0.46825981 0.01499999
v 0.42368936 0.46825981 0.01499999
v 0.43031624 0.46325546 0.01499999
v 0.43031624 0.46325546 0.01499999
v 0.43031624 0.46325546 0.01499999
v 0.43031624 0.46325546 0.11500000
v 0.43031624 0.46325546 0.11500000
v 0.43591067 0.45711863 0.01499999
v 0.43591067 0.45711863 0.01499999
v 0.43591067 0.45711863 0.11500000
v 0.43591067 0.45711863 0.11500000
v 0.44028226 0.45005828 0.01499999
v 0.44028226 0.45005828 0.01499999
v 0.44028226 0.45005828 0.11500000
v 0.44028226 0.45005828 0.11500000
v 0.44028226 0.45005828 0.11500000
v 0.44328210 0.44231486 0.01499999
v 0.44328210 0.44231486 0.01499999
v 0.44328210 0.44231486 0.11500000
v 0.44328210 0.44231486 0.11500000
v 0.44480798 0.43415213 0.01499999
v 0.44480798 0.43415213 0.01499999
v 0.44480798 0.43415213 0.11500000
v 0.44480798 0.43415213 0.11500000
v 0.44480798 0.42584801 0.01499999
v 0.44480798 0.42584801 0.01499999
v 0.44480798 0.42584801 0.11500000
v 0.44480798 0.42584801 0.11500000
v 0.44328210 0.41768527 0.01499999
v 0.44328210 0.41768527 0.01499999
v 0.44328210 0.41768527 0.11500000
v 0.44328210 0.41768527 0.11500000
v 0.44028226 0.40994185 0.11500000
v 0.44028226 0.40994185 0.11500000
v 0.44028226 0.40994185 0.01499999
v 0.44028226 0.40994185 0.01499999
v 0.44028226 0.40994185 0.01499999
v 0.43591067 0.40288150 0.11500000
v 0.43591067 0.40288150 0.11500000
v 0.43591067 0.40288150 0.01499999
v 0.43591067 0.40288150 0.01499999
v 0.43591067 0.40288150 0.01499999
v 0.43031624 0.39674467 0.01499999
v 0.43031624 0.39674467 0.01499999
v 0.43031624 0.39674467 0.11500000
v 0.43031624 0.39674467 0.11500000
v 0.42368940 0.39174032 0.01499999
v 0.42368940 0.39174032 0.01499999
v 0.42368940 0.39174032 0.11500000
v 0.42368940 0.39174032 0.11500000
v 0.41625580 0.38803881 0.01499999
v 0.41625580 0.38803881 0.01499999
v 0.41625580 0.38803881 0.11500000
v 0.41625580 0.38803881 0.11500000
v 0.40826866 0.38576633 0.11500000
v 0.40826866 0.38576633 0.11500000
v 0.40826866 0.38576633 0.11500000
v 0.40826866 0.38576633 0.01499999
v 0.40826866 0.38576633 0.01499999
v 0.39999995 0.38500011 0.01499999
v 0.39999995 0.38500011 0.01499999
v 0.39999995 0.38500011 0.01499999
v 0.39999995 0.38500011 0.11500000
v 0.39999995 0.38500011 0.11500000
v 0.39999995 0.38500011 0.11500000
v 0.39999995 0.38500011 0.11500000
v 0.41043287 0.49921823 0.00500000
v 0.41043287 0.49921823 0.00500000
v 0.39999995 0.50000006 0.01499999
v 0.39999995 0.50000006 0.01499999
v 0.39999995 0.50000006 0.01499999
v 0.41043287 0.49921823 0.01499999
v 0.41043287 0.49921823 0.01499999
v 0.39999995 0.50000006 0.00500000
v 0.39999995 0.50000006 0.00500000
v 0.39999995 0.50000006 0.00500000
v 0.42063281 0.49689013 0.00500000
v 0.42063281 0.49689013 0.00500000
v 0.42063281 0.49689013 0.01499999
v 0.42063281 0.49689013 0.01499999
v 0.43037176 0.49306786 0.00500000
v 0.43037176 0.49306786 0.00500000
v 0.43037176 0.49306786 0.01499999
v 0.43037176 0.49306786 0.01499999
v 0.43943232 0.48783678 0.01499999
v 0.43943232 0.48783678 0.01499999
v 0.43943232 0.48783678 0.01499999
v 0.43943232 0.48783678 0.00500000
v 0.43943232 0.48783678 0.00500000
v 0.44761202 0.48131365 0.01499999
v 0.44761202 0.48131365 0.01499999
v 0.44761202 0.48131365 0.00500000
v 0.44761202 0.48131365 0.00500000
v 0.45472810 0.47364432 0.00500000
v 0.45472810 0.47364432 0.00500000
v 0.45472810 0.47364432 0.01499999
v 0.45472810 0.47364432 0.01499999
v 0.46062169 0.46500003 0.00500000
v 0.46062169 0.46500003 0.00500000
v 0.46062169 0.46500003 0.01499999
v 0.46062169 0.46500003 0.01499999
v 0.46516112 0.45557392 0.00500000
v 0.46516112 0.45557392 0.00500000
v 0.46516112 0.45557392 0.01499999
v 0.46516112 0.45557392 0.01499999
v 0.46824488 0.44557649 0.00500000
v 0.46824488 0.44557649 0.00500000
v 0.46824488 0.44557649 0.01499999
v 0.46824488 0.44557649 0.01499999
v 0.46980420 0.43523115 0.00500000
v 0.46980420 0.43523115 0.00500000
v 0.46980420 0.43523115 0.01499999
v 0.46980420 0.43523115 0.01499999
v 0.46980420 0.42476898 0.01499999
v 0.46980420 0.42476898 0.01499999
v 0.46980420 0.42476898 0.00500000
v 0.46980420 0.42476898 0.00500000
v 0.46824488 0.41442365 0.00500000
v 0.46824488 0.41442365 0.00500000
v 0.46824488 0.41442365 0.01499999
v 0.46824488 0.41442365 0.01499999
v 0.46516112 0.40442625 0.01499999
v 0.46516112 0.40442625 0.01499999
v 0.46516112 0.40442625 0.01499999
v 0.46516112 0.40442625 0.00500000
v 0.46516112 0.40442625 0.00500000
v 0.46062169 0.39500010 0.01499999
v 0.46062169 0.39500010 0.01499999
v 0.46062169 0.39500010 0.01499999
v 0.46062169 0.39500010 0.01499999
v 0.46062169 0.39500010 0.00500000
v 0.46062169 0.39500010 0.00500000
v 0.45472810 0.38635585 0.00500000
v 0.45472810 0.38635585 0.00500000
v 0.45472810 0.38635585 0.01499999
v 0.45472810 0.38635585 0.01499999
v 0.45472810 0.38635585 0.01499999
v 0.44761202 0.37868649 0.01499999
v 0.44761202 0.37868649 0.01499999
v 0.44761202 0.37868649 0.00500000
v 0.44761202 0.37868649 0.00500000
v 0.43943235 0.37216335 0.00500000
v 0.43943235 0.37216335 0.00500000
v 0.43943235 0.37216335 0.01499999
v 0.43943235 0.37216335 0.01499999
v 0.43037179 0.36693227 0.00500000
v 0.43037179 0.36693227 0.00500000
v 0.43037179 0.36693227 0.01499999
v 0.43037179 0.36693227 0.01499999
v 0.42063281 0.36311001 0.01499999
v 0.42063281 0.36311001 0.01499999
v 0.42063281 0.36311001 0.00500000
v 0.42063281 0.36311001 0.00500000
v 0.41043291 0.36078191 0.01499999
v 0.41043291 0.36078191 0.01499999
v 0.41043291 0.36078191 0.00500000
v 0.41043291 0.36078191 0.00500000
v 0.39999995 0.36000007 0.00500000
v 0.39999995 0.36000007 0.00500000
v 0.39999995 0.36000007 0.00500000
v 0.39999995 0.36000007 0.01499999
v 0.39999995 0.36000007 0.01499999
v 0.39999995 0.36000007 0.01499999
v 0.38956702 0.36078191 0.00500000
v 0.38956702 0.36078191 0.00500000
v 0.38956702 0.36078191 0.01499999
v 0.38956702 0.36078191 0.01499999
v 0.37936708 0.36311001 0.01499999
v 0.37936708 0.36311001 0.01499999
v 0.37936708 0.36311001 0.00500000
v 0.37936708 0.36311001 0.00500000
v 0.36962813 0.36693227 0.00500000
v 0.36962813 0.36693227 0.00500000
v 0.36962813 0.36693227 0.01499999
v 0.36962813 0.36693227 0.01499999
v 0.36056757 0.37216335 0.01499999
v 0.36056757 0.37216335 0.01499999
v 0.36056757 0.37216335 0.00500000
v 0.36056757 0.37216335 0.00500000
v 0.35238788 0.37868649 0.00500000
v 0.35238788 0.37868649 0.00500000
v 0.35238788 0.37868649 0.01499999
v 0.35238788 0.37868649 0.01499999
v 0.34527180 0.38635582 0.00500000
v 0.34527180 0.38635582 0.00500000
v 0.34527180 0.38635582 0.01499999
v 0.34527180 0.38635582 0.01499999
v 0.33937821 0.39500010 0.00500000
v 0.33937821 0.39500010 0.00500000
v 0.33937821 0.39500010 0.01499999
v 0.33937821 0.39500010 0.01499999
v 0.33937821 0.39500010 0.01499999
v 0.33483878 0.40442622 0.00500000
v 0.33483878 0.40442622 0.00500000
v 0.33483878 0.40442622 0.01499999
v 0.33483878 0.40442622 0.01499999
v 0.33483878 0.40442622 0.01499999
v 0.33483878 0.40442622 0.01499999
v 0.33175501 0.41442365 0.00500000
v 0.33175501 0.41442365 0.00500000
v 0.33175501 0.41442365 0.01499999
v 0.33175501 0.41442365 0.01499999
v 0.33019570 0.42476898 0.01499999
v 0.33019570 0.42476898 0.01499999
v 0.33019570 0.42476898 0.00500000
v 0.33019570 0.42476898 0.00500000
v 0.33019570 0.43523115 0.01499999
v 0.33019570 0.43523115 0.01499999
v 0.33019570 0.43523115 0.00500000
v 0.33019570 0.43523115 0.00500000
v 0.33175501 0.44557649 0.01499999
v 0.33175501 0.44557649 0.01499999
v 0.33175501 0.44557649 0.00500000
v 0.33175501 0.44557649 0.00500000
v 0.33483878 0.45557389 0.01499999
v 0.33483878 0.45557389 0.01499999
v 0.33483878 0.45557389 0.01499999
v 0.33483878 0.45557389 0.00500000
v 0.33483878 0.45557389 0.00500000
v 0.33937821 0.46500003 0.00500000
v 0.33937821 0.46500003 0.00500000
v 0.33937821 0.46500003 0.01499999
v 0.33937821 0.46500003 0.01499999
v 0.33937821 0.46500003 0.01499999
v 0.34527180 0.47364429 0.00500000
v 0.34527180 0.47364429 0.00500000
v 0.34527180 0.47364429 0.01499999
v 0.34527180 0.47364429 0.01499999
v 0.35238788 0.48131365 0.01499999
v 0.35238788 0.48131365 0.01499999
v 0.35238788 0.48131365 0.00500000
v 0.35238788 0.48131365 0.00500000
v 0.36056754 0.48783678 0.00500000
v 0.36056754 0.48783678 0.00500000
v 0.36056754 0.48783678 0.01499999
v 0.36056754 0.48783678 0.01499999
v 0.36962810 0.49306786 0.00500000
v 0.36962810 0.49306786 0.00500000
v 0.36962810 0.49306786 0.01499999
v 0.36962810 0.49306786 0.01499999
v 0.37936708 0.49689013 0.01499999
v 0.37936708 0.49689013 0.01499999
v 0.37936708 0.49689013 0.00500000
v 0.37936708 0.49689013 0.00500000
v 0.38956699 0.49921823 0.00500000
v 0.38956699 0.49921823 0.00500000
v 0.38956699 0.49921823 0.01499999
v 0.38956699 0.49921823 0.01499999
v 0.36968365 0.46325546 0.01499999
v 0.36968365 0.46325546 0.01499999
v 0.36408922 0.45711863 0.01499999
v 0.36408922 0.45711863 0.01499999
v 0.37631050 0.46825981 0.01499999
v 0.37631050 0.46825981 0.01499999
v 0.35971764 0.45005828 0.01499999
v 0.35971764 0.45005828 0.01499999
v 0.35971764 0.45005828 0.01499999
v 0.38374409 0.47196132 0.01499999
v 0.38374409 0.47196132 0.01499999
v 0.35671780 0.44231486 0.01499999
v 0.35671780 0.44231486 0.01499999
v 0.39173123 0.47423381 0.01499999
v 0.39173123 0.47423381 0.01499999
v 0.35519192 0.43415213 0.01499999
v 0.35519192 0.43415213 0.01499999
v 0.35519192 0.42584801 0.01499999
v 0.35519192 0.42584801 0.01499999
v 0.35671780 0.41768527 0.01499999
v 0.35671780 0.41768527 0.01499999
v 0.35671780 0.41768527 0.01499999
v 0.35971764 0.40994185 0.01499999
v 0.35971764 0.40994185 0.01499999
v 0.35971764 0.40994185 0.01499999
v 0.35971764 0.40994185 0.01499999
v 0.36408922 0.40288150 0.01499999
v 0.36408922 0.40288150 0.01499999
v 0.36968365 0.39674467 0.01499999
v 0.36968365 0.39674467 0.01499999
v 0.37631053 0.39174032 0.01499999
v 0.37631053 0.39174032 0.01499999
v 0.38374409 0.38803881 0.01499999
v 0.38374409 0.38803881 0.01499999
v 0.39173123 0.38576633 0.01499999
v 0.39173123 0.38576633 0.01499999
v 0.39173123 0.38576633 0.11500000
v 0.39173123 0.38576633 0.11500000
v 0.39173123 0.38576633 0.11500000
v 0.38374409 0.38803881 0.11500000
v 0.38374409 0.38803881 0.11500000
v 0.37631053 0.39174032 0.11500000
v 0.37631053 0.39174032 0.11500000
v 0.36968365 0.39674467 0.11500000
v 0.36968365 0.39674467 0.11500000
v 0.36408922 0.40288150 0.11500000
v 0.36408922 0.40288150 0.11500000
v 0.35971764 0.40994185 0.11500000
v 0.35971764 0.40994185 0.11500000
v 0.35671780 0.41768527 0.11500000
v 0.35671780 0.41768527 0.11500000
v 0.35519192 0.42584801 0.11500000
v 0.35519192 0.42584801 0.11500000
v 0.35519192 0.43415213 0.11500000
v 0.35519192 0.43415213 0.11500000
v 0.35519192 0.43415213 0.11500000
v 0.35671780 0.44231486 0.11500000
v 0.35671780 0.44231486 0.11500000
v 0.35971764 0.45005828 0.11500000
v 0.35971764 0.45005828 0.11500000
v 0.35971764 0.45005828 0.11500000
v 0.36408922 0.45711863 0.11500000
v 0.36408922 0.45711863 0.11500000
v 0.36968365 0.46325546 0.11500000
v 0.36968365 0.46325546 0.11500000
v 0.37631050 0.46825981 0.11500000
v 0.37631050 0.46825981 0.11500000
v 0.38374409 0.47196132 0.11500000
v 0.38374409 0.47196132 0.11500000
v 0.39173123 0.47423381 0.11500000
v 0.39173123 0.47423381 0.11500000
v 0.39173123 0.47423381 0.11500000
v 0.39131758 0.38075972 0.34549999
v 0.39131758 0.38075972 0.34549999
v 0.39131758 0.38075972 0.34549999
v 0.39131758 0.38075972 0.34549999
v 0.39131758 0.38075972 0.11500000
v 0.39131758 0.38075972 0.11500000
v 0.39131758 0.38075972 0.11500000
v 0.38289899 0.38301545 0.11500000
v 0.38289899 0.38301545 0.11500000
v 0.38289899 0.38301545 0.34549999
v 0.38289899 0.38301545 0.34549999
v 0.38289899 0.38301545 0.34549999
v 0.38289899 0.38301545 0.34549999
v 0.38289899 0.38301545 0.34549999
v 0.37499997 0.38669884 0.34549999
v 0.37499997 0.38669884 0.34549999
v 0.37499997 0.38669884 0.34549999
v 0.37499997 0.38669884 0.34549999
v 0.37499997 0.38669884 0.11500000
v 0.37499997 0.38669884 0.11500000
v 0.36786059 0.39169788 0.11500000
v 0.36786059 0.39169788 0.11500000
v 0.36786059 0.39169788 0.34549999
v 0.36786059 0.39169788 0.34549999
v 0.36169776 0.39786071 0.11500000
v 0.36169776 0.39786071 0.11500000
v 0.36169776 0.39786071 0.34549999
v 0.36169776 0.39786071 0.34549999
v 0.36169776 0.39786071 0.34549999
v 0.35669872 0.40500009 0.11500000
v 0.35669872 0.40500009 0.11500000
v 0.35669872 0.40500009 0.34549999
v 0.35669872 0.40500009 0.34549999
v 0.35669872 0.40500009 0.34549999
v 0.35669872 0.40500009 0.34549999
v 0.35669872 0.40500009 0.34549999
v 0.35669872 0.40500009 0.34549999
v 0.35301533 0.41289908 0.11500000
v 0.35301533 0.41289908 0.11500000
v 0.35301533 0.41289908 0.34549999
v 0.35301533 0.41289908 0.34549999
v 0.35301533 0.41289908 0.34549999
v 0.35301533 0.41289908 0.34549999
v 0.35075960 0.42131770 0.11500000
v 0.35075960 0.42131770 0.11500000
v 0.35075960 0.42131770 0.34549999
v 0.35075960 0.42131770 0.34549999
v 0.34999999 0.43000007 0.11500000
v 0.34999999 0.43000007 0.11500000
v 0.34999999 0.43000007 0.11500000
v 0.34999999 0.43000007 0.34549999
v 0.34999999 0.43000007 0.34549999
v 0.34999999 0.43000007 0.34549999
v 0.35075960 0.43868244 0.34549999
v 0.35075960 0.43868244 0.34549999
v 0.35075960 0.43868244 0.34549999
v 0.35075960 0.43868244 0.34549999
v 0.35075960 0.43868244 0.11500000
v 0.35075960 0.43868244 0.11500000
v 0.35075960 0.43868244 0.11500000
v 0.35301533 0.44710106 0.11500000
v 0.35301533 0.44710106 0.11500000
v 0.35301533 0.44710106 0.11500000
v 0.35301533 0.44710106 0.34549999
v 0.35301533 0.44710106 0.34549999
v 0.35301533 0.44710106 0.34549999
v 0.35669872 0.45500004 0.11500000
v 0.35669872 0.45500004 0.11500000
v 0.35669872 0.45500004 0.11500000
v 0.35669872 0.45500004 0.34549999
v 0.35669872 0.45500004 0.34549999
v 0.35669872 0.45500004 0.34549999
v 0.35669872 0.45500004 0.34549999
v 0.35669872 0.45500004 0.34549999
v 0.35669872 0.45500004 0.34549999
v 0.35669872 0.45500004 0.34549999
v 0.36169776 0.46213943 0.11500000
v 0.36169776 0.46213943 0.11500000
v 0.36169776 0.46213943 0.34549999
v 0.36169776 0.46213943 0.34549999
v 0.36786059 0.46830225 0.11500000
v 0.36786059 0.46830225 0.11500000
v 0.36786059 0.46830225 0.34549999
v 0.36786059 0.46830225 0.34549999
v 0.36786059 0.46830225 0.34549999
v 0.37499997 0.47330129 0.11500000
v 0.37499997 0.47330129 0.11500000
v 0.37499997 0.47330129 0.34549999
v 0.37499997 0.47330129 0.34549999
v 0.38289896 0.47698468 0.34549999
v 0.38289896 0.47698468 0.34549999
v 0.38289896 0.47698468 0.34549999
v 0.38289896 0.47698468 0.34549999
v 0.38289896 0.47698468 0.34549999
v 0.38289896 0.47698468 0.34549999
v 0.38289896 0.47698468 0.34549999
v 0.38289896 0.47698468 0.11500000
v 0.38289896 0.47698468 0.11500000
v 0.39131758 0.47924042 0.11500000
v 0.39131758 0.47924042 0.11500000
v 0.39131758 0.47924042 0.11500000
v 0.39131758 0.47924042 0.34549999
v 0.39131758 0.47924042 0.34549999
v 0.39131758 0.47924042 0.34549999
v 0.39131758 0.47924042 0.34549999
v -0.40868220 -1.33924031 0.11500000
v -0.40868220 -1.33924031 0.11500000
v -0.40868220 -1.33924031 0.11500000
v -0.39999983 -1.33999991 0.34549999
v -0.39999983 -1.33999991 0.34549999
v -0.39999983 -1.33999991 0.34549999
v -0.40868220 -1.33924031 0.34549999
v -0.40868220 -1.33924031 0.34549999
v -0.40868220 -1.33924031 0.34549999
v -0.39999983 -1.33999991 0.11500000
v -0.39999983 -1.33999991 0.11500000
v -0.39999983 -1.33999991 0.11500000
v -0.41710079 -1.33698463 0.11500000
v -0.41710079 -1.33698463 0.11500000
v -0.41710079 -1.33698463 0.11500000
v -0.41710079 -1.33698463 0.34549999
v -0.41710079 -1.33698463 0.34549999
v -0.41710079 -1.33698463 0.34549999
v -0.41710079 -1.33698463 0.34549999
v -0.41710079 -1.33698463 0.34549999
v -0.42499980 -1.33330119 0.11500000
v -0.42499980 -1.33330119 0.11500000
v -0.42499980 -1.33330119 0.34549999
v -0.42499980 -1.33330119 0.34549999
v -0.43213919 -1.32830215 0.11500000
v -0.43213919 -1.32830215 0.11500000
v -0.43213919 -1.32830215 0.34549999
v -0.43213919 -1.32830215 0.34549999
v -0.43213919 -1.32830215 0.34549999
v -0.43213919 -1.32830215 0.34549999
v -0.43830201 -1.32213938 0.11500000
v -0.43830201 -1.32213938 0.11500000
v -0.43830201 -1.32213938 0.34549999
v -0.43830201 -1.32213938 0.34549999
v -0.44330105 -1.31499994 0.11500000
v -0.44330105 -1.31499994 0.11500000
v -0.44330105 -1.31499994 0.11500000
v -0.44330105 -1.31499994 0.34549999
v -0.44330105 -1.31499994 0.34549999
v -0.44698444 -1.30710089 0.34549999
v -0.44698444 -1.30710089 0.34549999
v -0.44698444 -1.30710089 0.11500000
v -0.44698444 -1.30710089 0.11500000
v -0.44698444 -1.30710089 0.11500000
v -0.44924018 -1.29868233 0.11500000
v -0.44924018 -1.29868233 0.11500000
v -0.44924018 -1.29868233 0.34549999
v -0.44924018 -1.29868233 0.34549999
v -0.44924018 -1.29868233 0.34549999
v -0.44999978 -1.28999996 0.11500000
v -0.44999978 -1.28999996 0.11500000
v -0.44999978 -1.28999996 0.34549999
v -0.44999978 -1.28999996 0.34549999
v -0.44999978 -1.28999996 0.34549999
v -0.44924018 -1.28131759 0.11500000
v -0.44924018 -1.28131759 0.11500000
v -0.44924018 -1.28131759 0.34549999
v -0.44924018 -1.28131759 0.34549999
v -0.44698444 -1.27289903 0.11500000
v -0.44698444 -1.27289903 0.11500000
v -0.44698444 -1.27289903 0.34549999
v -0.44698444 -1.27289903 0.34549999
v -0.44698444 -1.27289903 0.34549999
v -0.44698444 -1.27289903 0.34549999
v -0.44698444 -1.27289903 0.34549999
v -0.44698444 -1.27289903 0.34549999
v -0.44698444 -1.27289903 0.34549999
v -0.44698444 -1.27289903 0.34549999
v -0.44330105 -1.26499999 0.11500000
v -0.44330105 -1.26499999 0.11500000
v -0.44330105 -1.26499999 0.34549999
v -0.44330105 -1.26499999 0.34549999
v -0.43830201 -1.25786066 0.34549999
v -0.43830201 -1.25786066 0.34549999
v -0.43830201 -1.25786066 0.34549999
v -0.43830201 -1.25786066 0.34549999
v -0.43830201 -1.25786066 0.11500000
v -0.43830201 -1.25786066 0.11500000
v -0.43213919 -1.25169778 0.11500000
v -0.43213919 -1.25169778 0.11500000
v -0.43213919 -1.25169778 0.34549999
v -0.43213919 -1.25169778 0.34549999
v -0.43213919 -1.25169778 0.34549999
v -0.43213919 -1.25169778 0.34549999
v -0.43213919 -1.25169778 0.34549999
v -0.43213919 -1.25169778 0.34549999
v -0.43213919 -1.25169778 0.34549999
v -0.42499980 -1.24669874 0.11500000
v -0.42499980 -1.24669874 0.11500000
v -0.42499980 -1.24669874 0.34549999
v -0.42499980 -1.24669874 0.34549999
v -0.41710082 -1.24301541 0.11500000
v -0.41710082 -1.24301541 0.11500000
v -0.41710082 -1.24301541 0.11500000
v -0.41710082 -1.24301541 0.34549999
v -0.41710082 -1.24301541 0.34549999
v -0.41710082 -1.24301541 0.34549999
v -0.40868220 -1.24075961 0.11500000
v -0.40868220 -1.24075961 0.11500000
v -0.40868220 -1.24075961 0.11500000
v -0.40868220 -1.24075961 0.34549999
v -0.40868220 -1.24075961 0.34549999
v -0.40868220 -1.24075961 0.34549999
v -0.40868220 -1.24075961 0.34549999
v -0.39999983 -1.24000001 0.34549999
v -0.39999983 -1.24000001 0.34549999
v -0.39999983 -1.24000001 0.34549999
v -0.39999983 -1.24000001 0.11500000
v -0.39999983 -1.24000001 0.11500000
v -0.39999983 -1.24000001 0.11500000
v -0.40826854 -1.33423364 0.01499999
v -0.40826854 -1.33423364 0.01499999
v -0.39999983 -1.33499992 0.11500000
v -0.39999983 -1.33499992 0.11500000
v -0.39999983 -1.33499992 0.11500000
v -0.39999983 -1.33499992 0.11500000
v -0.40826854 -1.33423364 0.11500000
v -0.40826854 -1.33423364 0.11500000
v -0.40826854 -1.33423364 0.11500000
v -0.39999983 -1.33499992 0.01499999
v -0.39999983 -1.33499992 0.01499999
v -0.39999983 -1.33499992 0.01499999
v -0.41625568 -1.33196115 0.01499999
v -0.41625568 -1.33196115 0.01499999
v -0.41625568 -1.33196115 0.11500000
v -0.41625568 -1.33196115 0.11500000
v -0.42368925 -1.32825971 0.11500000
v -0.42368925 -1.32825971 0.11500000
v -0.42368925 -1.32825971 0.01499999
v -0.42368925 -1.32825971 0.01499999
v -0.42368925 -1.32825971 0.01499999
v -0.43031612 -1.32325530 0.01499999
v -0.43031612 -1.32325530 0.01499999
v -0.43031612 -1.32325530 0.01499999
v -0.43031612 -1.32325530 0.11500000
v -0.43031612 -1.32325530 0.11500000
v -0.43591055 -1.31711853 0.01499999
v -0.43591055 -1.31711853 0.01499999
v -0.43591055 -1.31711853 0.11500000
v -0.43591055 -1.31711853 0.11500000
v -0.44028214 -1.31005812 0.01499999
v -0.44028214 -1.31005812 0.01499999
v -0.44028214 -1.31005812 0.11500000
v -0.44028214 -1.31005812 0.11500000
v -0.44028214 -1.31005812 0.11500000
v -0.44328198 -1.30231476 0.01499999
v -0.44328198 -1.30231476 0.01499999
v -0.44328198 -1.30231476 0.11500000
v -0.44328198 -1.30231476 0.11500000
v -0.44480786 -1.29415202 0.01499999
v -0.44480786 -1.29415202 0.01499999
v -0.44480786 -1.29415202 0.11500000
v -0.44480786 -1.29415202 0.11500000
v -0.44480786 -1.28584790 0.01499999
v -0.44480786 -1.28584790 0.01499999
v -0.44480786 -1.28584790 0.11500000
v -0.44480786 -1.28584790 0.11500000
v -0.44328198 -1.27768517 0.01499999
v -0.44328198 -1.27768517 0.01499999
v -0.44328198 -1.27768517 0.11500000
v -0.44328198 -1.27768517 0.11500000
v -0.44028214 -1.26994181 0.11500000
v -0.44028214 -1.26994181 0.11500000
v -0.44028214 -1.26994181 0.01499999
v -0.44028214 -1.26994181 0.01499999
v -0.44028214 -1.26994181 0.01499999
v -0.43591055 -1.26288140 0.11500000
v -0.43591055 -1.26288140 0.11500000
v -0.43591055 -1.26288140 0.01499999
v -0.43591055 -1.26288140 0.01499999
v -0.43591055 -1.26288140 0.01499999
v -0.43031612 -1.25674462 0.01499999
v -0.43031612 -1.25674462 0.01499999
v -0.43031612 -1.25674462 0.11500000
v -0.43031612 -1.25674462 0.11500000
v -0.42368928 -1.25174022 0.01499999
v -0.42368928 -1.25174022 0.01499999
v -0.42368928 -1.25174022 0.11500000
v -0.42368928 -1.25174022 0.11500000
v -0.41625568 -1.24803877 0.01499999
v -0.41625568 -1.24803877 0.01499999
v -0.41625568 -1.24803877 0.11500000
v -0.41625568 -1.24803877 0.11500000
v -0.40826854 -1.24576628 0.11500000
v -0.40826854 -1.24576628 0.11500000
v -0.40826854 -1.24576628 0.11500000
v -0.40826854 -1.24576628 0.01499999
v -0.40826854 -1.24576628 0.01499999
v -0.39999983 -1.24500000 0.01499999
v -0.39999983 -1.24500000 0.01499999
v -0.39999983 -1.24500000 0.01499999
v -0.39999983 -1.24500000 0.11500000
v -0.39999983 -1.24500000 0.11500000
v -0.39999983 -1.24500000 0.11500000
v -0.39999983 -1.24500000 0.11500000
v -0.41043276 -1.35921812 0.00500000
v -0.41043276 -1.35921812 0.00500000
v -0.39999983 -1.35999990 0.01499999
v -0.39999983 -1.35999990 0.01499999
v -0.39999983 -1.35999990 0.01499999
v -0.41043276 -1.35921812 0.01499999
v -0.41043276 -1.35921812 0.01499999
v -0.39999983 -1.35999990 0.00500000
v -0.39999983 -1.35999990 0.00500000
v -0.39999983 -1.35999990 0.00500000
v -0.42063269 -1.35688996 0.00500000
v -0.42063269 -1.35688996 0.00500000
v -0.42063269 -1.35688996 0.01499999
v -0.42063269 -1.35688996 0.01499999
v -0.43037164 -1.35306776 0.00500000
v -0.43037164 -1.35306776 0.00500000
v -0.43037164 -1.35306776 0.01499999
v -0.43037164 -1.35306776 0.01499999
v -0.43943220 -1.34783673 0.01499999
v -0.43943220 -1.34783673 0.01499999
v -0.43943220 -1.34783673 0.01499999
v -0.43943220 -1.34783673 0.00500000
v -0.43943220 -1.34783673 0.00500000
v -0.44761190 -1.34131360 0.01499999
v -0.44761190 -1.34131360 0.01499999
v -0.44761190 -1.34131360 0.00500000
v -0.44761190 -1.34131360 0.00500000
v -0.45472798 -1.33364415 0.00500000
v -0.45472798 -1.33364415 0.00500000
v -0.45472798 -1.33364415 0.01499999
v -0.45472798 -1.33364415 0.01499999
v -0.46062157 -1.32499993 0.00500000
v -0.46062157 -1.32499993 0.00500000
v -0.46062157 -1.32499993 0.01499999
v -0.46062157 -1.32499993 0.01499999
v -0.46516100 -1.31557381 0.00500000
v -0.46516100 -1.31557381 0.00500000
v -0.46516100 -1.31557381 0.01499999
v -0.46516100 -1.31557381 0.01499999
v -0.46824476 -1.30557644 0.00500000
v -0.46824476 -1.30557644 0.00500000
v -0.46824476 -1.30557644 0.01499999
v -0.46824476 -1.30557644 0.01499999
v -0.46980408 -1.29523110 0.00500000
v -0.46980408 -1.29523110 0.00500000
v -0.46980408 -1.29523110 0.01499999
v -0.46980408 -1.29523110 0.01499999
v -0.46980408 -1.28476894 0.01499999
v -0.46980408 -1.28476894 0.01499999
v -0.46980408 -1.28476894 0.00500000
v -0.46980408 -1.28476894 0.00500000
v -0.46824476 -1.27442360 0.00500000
v -0.46824476 -1.27442360 0.00500000
v -0.46824476 -1.27442360 0.01499999
v -0.46824476 -1.27442360 0.01499999
v -0.46516100 -1.26442611 0.01499999
v -0.46516100 -1.26442611 0.01499999
v -0.46516100 -1.26442611 0.01499999
v -0.46516100 -1.26442611 0.00500000
v -0.46516100 -1.26442611 0.00500000
v -0.46062157 -1.25500000 0.01499999
v -0.46062157 -1.25500000 0.01499999
v -0.46062157 -1.25500000 0.01499999
v -0.46062157 -1.25500000 0.01499999
v -0.46062157 -1.25500000 0.00500000
v -0.46062157 -1.25500000 0.00500000
v -0.45472798 -1.24635577 0.00500000
v -0.45472798 -1.24635577 0.00500000
v -0.45472798 -1.24635577 0.01499999
v -0.45472798 -1.24635577 0.01499999
v -0.45472798 -1.24635577 0.01499999
v -0.44761190 -1.23868644 0.01499999
v -0.44761190 -1.23868644 0.01499999
v -0.44761190 -1.23868644 0.00500000
v -0.44761190 -1.23868644 0.00500000
v -0.43943223 -1.23216331 0.00500000
v -0.43943223 -1.23216331 0.00500000
v -0.43943223 -1.23216331 0.01499999
v -0.43943223 -1.23216331 0.01499999
v -0.43037167 -1.22693217 0.00500000
v -0.43037167 -1.22693217 0.00500000
v -0.43037167 -1.22693217 0.01499999
v -0.43037167 -1.22693217 0.01499999
v -0.42063269 -1.22310996 0.01499999
v -0.42063269 -1.22310996 0.01499999
v -0.42063269 -1.22310996 0.00500000
v -0.42063269 -1.22310996 0.00500000
v -0.41043279 -1.22078180 0.01499999
v -0.41043279 -1.22078180 0.01499999
v -0.41043279 -1.22078180 0.00500000
v -0.41043279 -1.22078180 0.00500000
v -0.39999983 -1.22000003 0.00500000
v -0.39999983 -1.22000003 0.00500000
v -0.39999983 -1.22000003 0.00500000
v -0.39999983 -1.22000003 0.01499999
v -0.39999983 -1.22000003 0.01499999
v -0.39999983 -1.22000003 0.01499999
v -0.38956690 -1.22078180 0.00500000
v -0.38956690 -1.22078180 0.00500000
v -0.38956690 -1.22078180 0.01499999
v -0.38956690 -1.22078180 0.01499999
v -0.37936696 -1.22310996 0.01499999
v -0.37936696 -1.22310996 0.01499999
v -0.37936696 -1.22310996 0.00500000
v -0.37936696 -1.22310996 0.00500000
v -0.36962801 -1.22693217 0.00500000
v -0.36962801 -1.22693217 0.00500000
v -0.36962801 -1.22693217 0.01499999
v -0.36962801 -1.22693217 0.01499999
v -0.36056745 -1.23216319 0.01499999
v -0.36056745 -1.23216319 0.01499999
v -0.36056745 -1.23216319 0.00500000
v -0.36056745 -1.23216319 0.00500000
v -0.35238776 -1.23868632 0.00500000
v -0.35238776 -1.23868632 0.00500000
v -0.35238776 -1.23868632 0.01499999
v -0.35238776 -1.23868632 0.01499999
v -0.34527168 -1.24635577 0.00500000
v -0.34527168 -1.24635577 0.00500000
v -0.34527168 -1.24635577 0.01499999
v -0.34527168 -1.24635577 0.01499999
v -0.33937809 -1.25500000 0.00500000
v -0.33937809 -1.25500000 0.00500000
v -0.33937809 -1.25500000 0.01499999
v -0.33937809 -1.25500000 0.01499999
v -0.33937809 -1.25500000 0.01499999
v -0.33483866 -1.26442611 0.00500000
v -0.33483866 -1.26442611 0.00500000
v -0.33483866 -1.26442611 0.01499999
v -0.33483866 -1.26442611 0.01499999
v -0.33483866 -1.26442611 0.01499999
v -0.33483866 -1.26442611 0.01499999
v -0.33175489 -1.27442348 0.00500000
v -0.33175489 -1.27442348 0.00500000
v -0.33175489 -1.27442348 0.01499999
v -0.33175489 -1.27442348 0.01499999
v -0.33019558 -1.28476882 0.01499999
v -0.33019558 -1.28476882 0.01499999
v -0.33019558 -1.28476882 0.00500000
v -0.33019558 -1.28476882 0.00500000
v -0.33019558 -1.29523098 0.01499999
v -0.33019558 -1.29523098 0.01499999
v -0.33019558 -1.29523098 0.00500000
v -0.33019558 -1.29523098 0.00500000
v -0.33175489 -1.30557632 0.01499999
v -0.33175489 -1.30557632 0.01499999
v -0.33175489 -1.30557632 0.00500000
v -0.33175489 -1.30557632 0.00500000
v -0.33483866 -1.31557381 0.01499999
v -0.33483866 -1.31557381 0.01499999
v -0.33483866 -1.31557381 0.01499999
v -0.33483866 -1.31557381 0.00500000
v -0.33483866 -1.31557381 0.00500000
v -0.33937809 -1.32499993 0.00500000
v -0.33937809 -1.32499993 0.00500000
v -0.33937809 -1.32499993 0.01499999
v -0.33937809 -1.32499993 0.01499999
v -0.33937809 -1.32499993 0.01499999
v -0.34527168 -1.33364415 0.00500000
v -0.34527168 -1.33364415 0.00500000
v -0.34527168 -1.33364415 0.01499999
v -0.34527168 -1.33364415 0.01499999
v -0.35238776 -1.34131348 0.01499999
v -0.35238776 -1.34131348 0.01499999
v -0.35238776 -1.34131348 0.00500000
v -0.35238776 -1.34131348 0.00500000
v -0.36056742 -1.34783661 0.00500000
v -0.36056742 -1.34783661 0.00500000
v -0.36056742 -1.34783661 0.01499999
v -0.36056742 -1.34783661 0.01499999
v -0.36962798 -1.35306776 0.00500000
v -0.36962798 -1.35306776 0.00500000
v -0.36962798 -1.35306776 0.01499999
v -0.36962798 -1.35306776 0.01499999
v -0.37936696 -1.35688996 0.01499999
v -0.37936696 -1.35688996 0.01499999
v -0.37936696 -1.35688996 0.00500000
v -0.37936696 -1.35688996 0.00500000
v -0.38956687 -1.35921812 0.00500000
v -0.38956687 -1.35921812 0.00500000
v -0.38956687 -1.35921812 0.01499999
v -0.38956687 -1.35921812 0.01499999
v -0.36968353 -1.32325530 0.01499999
v -0.36968353 -1.32325530 0.01499999
v -0.36408910 -1.31711853 0.01499999
v -0.36408910 -1.31711853 0.01499999
v -0.37631038 -1.32825971 0.01499999
v -0.37631038 -1.32825971 0.01499999
v -0.35971752 -1.31005812 0.01499999
v -0.35971752 -1.31005812 0.01499999
v -0.35971752 -1.31005812 0.01499999
v -0.38374397 -1.33196115 0.01499999
v -0.38374397 -1.33196115 0.01499999
v -0.35671768 -1.30231476 0.01499999
v -0.35671768 -1.30231476 0.01499999
v -0.39173111 -1.33423364 0.01499999
v -0.39173111 -1.33423364 0.01499999
v -0.35519180 -1.29415202 0.01499999
v -0.35519180 -1.29415202 0.01499999
v -0.35519180 -1.28584790 0.01499999
v -0.35519180 -1.28584790 0.01499999
v -0.35671768 -1.27768517 0.01499999
v -0.35671768 -1.27768517 0.01499999
v -0.35671768 -1.27768517 0.01499999
v -0.35971752 -1.26994181 0.01499999
v -0.35971752 -1.26994181 0.01499999
v -0.35971752 -1.26994181 0.01499999
v -0.35971752 -1.26994181 0.01499999
v -0.36408910 -1.26288140 0.01499999
v -0.36408910 -1.26288140 0.01499999
v -0.36968353 -1.25674462 0.01499999
v -0.36968353 -1.25674462 0.01499999
v -0.37631041 -1.25174022 0.01499999
v -0.37631041 -1.25174022 0.01499999
v -0.38374397 -1.24803877 0.01499999
v -0.38374397 -1.24803877 0.01499999
v -0.39173111 -1.24576628 0.01499999
v -0.39173111 -1.24576628 0.01499999
v -0.39173111 -1.24576628 0.11500000
v -0.39173111 -1.24576628 0.11500000
v -0.39173111 -1.24576628 0.11500000
v -0.38374397 -1.24803877 0.11500000
v -0.38374397 -1.24803877 0.11500000
v -0.37631041 -1.25174022 0.11500000
v -0.37631041 -1.25174022 0.11500000
v -0.36968353 -1.25674462 0.11500000
v -0.36968353 -1.25674462 0.11500000
v -0.36408910 -1.26288140 0.11500000
v -0.36408910 -1.26288140 0.11500000
v -0.35971752 -1.26994181 0.11500000
v -0.35971752 -1.26994181 0.11500000
v -0.35671768 -1.27768517 0.11500000
v -0.35671768 -1.27768517 0.11500000
v -0.35519180 -1.28584790 0.11500000
v -0.35519180 -1.28584790 0.11500000
v -0.35519180 -1.29415202 0.11500000
v -0.35519180 -1.29415202 0.11500000
v -0.35519180 -1.29415202 0.11500000
v -0.35671768 -1.30231476 0.11500000
v -0.35671768 -1.30231476 0.11500000
v -0.35971752 -1.31005812 0.11500000
v -0.35971752 -1.31005812 0.11500000
v -0.35971752 -1.31005812 0.11500000
v -0.36408910 -1.31711853 0.11500000
v -0.36408910 -1.31711853 0.11500000
v -0.36968353 -1.32325530 0.11500000
v -0.36968353 -1.32325530 0.11500000
v -0.37631038 -1.32825971 0.11500000
v -0.37631038 -1.32825971 0.11500000
v -0.38374397 -1.33196115 0.11500000
v -0.38374397 -1.33196115 0.11500000
v -0.39173111 -1.33423364 0.11500000
v -0.39173111 -1.33423364 0.11500000
v -0.39173111 -1.33423364 0.11500000
v -0.39131746 -1.24075961 0.34549999
v -0.39131746 -1.24075961 0.34549999
v -0.39131746 -1.24075961 0.34549999
v -0.39131746 -1.24075961 0.34549999
v -0.39131746 -1.24075961 0.11500000
v -0.39131746 -1.24075961 0.11500000
v -0.39131746 -1.24075961 0.11500000
v -0.38289887 -1.24301529 0.11500000
v -0.38289887 -1.24301529 0.11500000
v -0.38289887 -1.24301529 0.34549999
v -0.38289887 -1.24301529 0.34549999
v -0.38289887 -1.24301529 0.34549999
v -0.38289887 -1.24301529 0.34549999
v -0.38289887 -1.24301529 0.34549999
v -0.37499985 -1.24669874 0.34549999
v -0.37499985 -1.24669874 0.34549999
v -0.37499985 -1.24669874 0.34549999
v -0.37499985 -1.24669874 0.34549999
v -0.37499985 -1.24669874 0.11500000
v -0.37499985 -1.24669874 0.11500000
v -0.36786047 -1.25169778 0.11500000
v -0.36786047 -1.25169778 0.11500000
v -0.36786047 -1.25169778 0.34549999
v -0.36786047 -1.25169778 0.34549999
v -0.36169764 -1.25786054 0.11500000
v -0.36169764 -1.25786054 0.11500000
v -0.36169764 -1.25786054 0.34549999
v -0.36169764 -1.25786054 0.34549999
v -0.36169764 -1.25786054 0.34549999
v -0.35669860 -1.26499999 0.11500000
v -0.35669860 -1.26499999 0.11500000
v -0.35669860 -1.26499999 0.34549999
v -0.35669860 -1.26499999 0.34549999
v -0.35669860 -1.26499999 0.34549999
v -0.35669860 -1.26499999 0.34549999
v -0.35669860 -1.26499999 0.34549999
v -0.35669860 -1.26499999 0.34549999
v -0.35301521 -1.27289903 0.11500000
v -0.35301521 -1.27289903 0.11500000
v -0.35301521 -1.27289903 0.34549999
v -0.35301521 -1.27289903 0.34549999
v -0.35301521 -1.27289903 0.34549999
v -0.35301521 -1.27289903 0.34549999
v -0.35075948 -1.28131759 0.11500000
v -0.35075948 -1.28131759 0.11500000
v -0.35075948 -1.28131759 0.34549999
v -0.35075948 -1.28131759 0.34549999
v -0.34999988 -1.28999996 0.11500000
v -0.34999988 -1.28999996 0.11500000
v -0.34999988 -1.28999996 0.11500000
v -0.34999988 -1.28999996 0.34549999
v -0.34999988 -1.28999996 0.34549999
v -0.34999988 -1.28999996 0.34549999
v -0.35075948 -1.29868233 0.34549999
v -0.35075948 -1.29868233 0.34549999
v -0.35075948 -1.29868233 0.34549999
v -0.35075948 -1.29868233 0.34549999
v -0.35075948 -1.29868233 0.11500000
v -0.35075948 -1.29868233 0.11500000
v -0.35075948 -1.29868233 0.11500000
v -0.35301521 -1.30710089 0.11500000
v -0.35301521 -1.30710089 0.11500000
v -0.35301521 -1.30710089 0.11500000
v -0.35301521 -1.30710089 0.34549999
v -0.35301521 -1.30710089 0.34549999
v -0.35301521 -1.30710089 0.34549999
v -0.35669860 -1.31499994 0.11500000
v -0.35669860 -1.31499994 0.11500000
v -0.35669860 -1.31499994 0.11500000
v -0.35669860 -1.31499994 0.34549999
v -0.35669860 -1.31499994 0.34549999
v -0.35669860 -1.31499994 0.34549999
v -0.35669860 -1.31499994 0.34549999
v -0.35669860 -1.31499994 0.34549999
v -0.35669860 -1.31499994 0.34549999
v -0.35669860 -1.31499994 0.34549999
v -0.36169764 -1.32213926 0.11500000
v -0.36169764 -1.32213926 0.11500000
v -0.36169764 -1.32213926 0.34549999
v -0.36169764 -1.32213926 0.34549999
v -0.36786047 -1.32830215 0.11500000
v -0.36786047 -1.32830215 0.11500000
v -0.36786047 -1.32830215 0.34549999
v -0.36786047 -1.32830215 0.34549999
v -0.36786047 -1.32830215 0.34549999
v -0.37499985 -1.33330119 0.11500000
v -0.37499985 -1.33330119 0.11500000
v -0.37499985 -1.33330119 0.34549999
v -0.37499985 -1.33330119 0.34549999
v -0.38289884 -1.33698452 0.34549999
v -0.38289884 -1.33698452 0.34549999
v -0.38289884 -1.33698452 0.34549999
v -0.38289884 -1.33698452 0.34549999
v -0.38289884 -1.33698452 0.34549999
v -0.38289884 -1.33698452 0.34549999
v -0.38289884 -1.33698452 0.34549999
v -0.38289884 -1.33698452 0.11500000
v -0.38289884 -1.33698452 0.11500000
v -0.39131746 -1.33924031 0.11500000
v -0.39131746 -1.33924031 0.11500000
v -0.39131746 -1.33924031 0.11500000
v -0.39131746 -1.33924031 0.34549999
v -0.39131746 -1.33924031 0.34549999
v -0.39131746 -1.33924031 0.34549999
v -0.39131746 -1.33924031 0.34549999
v -0.80868232 -0.47924048 0.11500000
v -0.80868232 -0.47924048 0.11500000
v -0.80868232 -0.47924048 0.11500000
v -0.79999995 -0.48000008 0.34549999
v -0.79999995 -0.48000008 0.34549999
v -0.79999995 -0.48000008 0.34549999
v -0.80868232 -0.47924048 0.34549999
v -0.80868232 -0.47924048 0.34549999
v -0.80868232 -0.47924048 0.34549999
v -0.79999995 -0.48000008 0.11500000
v -0.79999995 -0.48000008 0.11500000
v -0.79999995 -0.48000008 0.11500000
v -0.81710094 -0.47698474 0.11500000
v -0.81710094 -0.47698474 0.11500000
v -0.81710094 -0.47698474 0.11500000
v -0.81710094 -0.47698474 0.34549999
v -0.81710094 -0.47698474 0.34549999
v -0.81710094 -0.47698474 0.34549999
v -0.81710094 -0.47698474 0.34549999
v -0.81710094 -0.47698474 0.34549999
v -0.82499993 -0.47330135 0.11500000
v -0.82499993 -0.47330135 0.11500000
v -0.82499993 -0.47330135 0.34549999
v -0.82499993 -0.47330135 0.34549999
v -0.83213931 -0.46830231 0.11500000
v -0.83213931 -0.46830231 0.11500000
v -0.83213931 -0.46830231 0.34549999
v -0.83213931 -0.46830231 0.34549999
v -0.83213931 -0.46830231 0.34549999
v -0.83213931 -0.46830231 0.34549999
v -0.83830213 -0.46213949 0.11500000
v -0.83830213 -0.46213949 0.11500000
v -0.83830213 -0.46213949 0.34549999
v -0.83830213 -0.46213949 0.34549999
v -0.84330118 -0.45500010 0.11500000
v -0.84330118 -0.45500010 0.11500000
v -0.84330118 -0.45500010 0.11500000
v -0.84330118 -0.45500010 0.34549999
v -0.84330118 -0.45500010 0.34549999
v -0.84698456 -0.44710112 0.34549999
v -0.84698456 -0.44710112 0.34549999
v -0.84698456 -0.44710112 0.11500000
v -0.84698456 -0.44710112 0.11500000
v -0.84698456 -0.44710112 0.11500000
v -0.84924030 -0.43868250 0.11500000
v -0.84924030 -0.43868250 0.11500000
v -0.84924030 -0.43868250 0.34549999
v -0.84924030 -0.43868250 0.34549999
v -0.84924030 -0.43868250 0.34549999
v -0.84999991 -0.43000013 0.11500000
v -0.84999991 -0.43000013 0.11500000
v -0.84999991 -0.43000013 0.34549999
v -0.84999991 -0.43000013 0.34549999
v -0.84999991 -0.43000013 0.34549999
v -0.84924030 -0.42131776 0.11500000
v -0.84924030 -0.42131776 0.11500000
v -0.84924030 -0.42131776 0.34549999
v -0.84924030 -0.42131776 0.34549999
v -0.84698456 -0.41289914 0.11500000
v -0.84698456 -0.41289914 0.11500000
v -0.84698456 -0.41289914 0.34549999
v -0.84698456 -0.41289914 0.34549999
v -0.84698456 -0.41289914 0.34549999
v -0.84698456 -0.41289914 0.34549999
v -0.84698456 -0.41289914 0.34549999
v -0.84698456 -0.41289914 0.34549999
v -0.84698456 -0.41289914 0.34549999
v -0.84698456 -0.41289914 0.34549999
v -0.84330118 -0.40500015 0.11500000
v -0.84330118 -0.40500015 0.11500000
v -0.84330118 -0.40500015 0.34549999
v -0.84330118 -0.40500015 0.34549999
v -0.83830213 -0.39786077 0.34549999
v -0.83830213 -0.39786077 0.34549999
v -0.83830213 -0.39786077 0.34549999
v -0.83830213 -0.39786077 0.34549999
v -0.83830213 -0.39786077 0.11500000
v -0.83830213 -0.39786077 0.11500000
v -0.83213931 -0.39169794 0.11500000
v -0.83213931 -0.39169794 0.11500000
v -0.83213931 -0.39169794 0.34549999
v -0.83213931 -0.39169794 0.34549999
v -0.83213931 -0.39169794 0.34549999
v -0.83213931 -0.39169794 0.34549999
v -0.83213931 -0.39169794 0.34549999
v -0.83213931 -0.39169794 0.34549999
v -0.83213931 -0.39169794 0.34549999
v -0.82499993 -0.38669890 0.11500000
v -0.82499993 -0.38669890 0.11500000
v -0.82499993 -0.38669890 0.34549999
v -0.82499993 -0.38669890 0.34549999
v -0.81710094 -0.38301551 0.11500000
v -0.81710094 -0.38301551 0.11500000
v -0.81710094 -0.38301551 0.11500000
v -0.81710094 -0.38301551 0.34549999
v -0.81710094 -0.38301551 0.34549999
v -0.81710094 -0.38301551 0.34549999
v -0.80868232 -0.38075978 0.11500000
v -0.80868232 -0.38075978 0.11500000
v -0.80868232 -0.38075978 0.11500000
v -0.80868232 -0.38075978 0.34549999
v -0.80868232 -0.38075978 0.34549999
v -0.80868232 -0.38075978 0.34549999
v -0.80868232 -0.38075978 0.34549999
v -0.79999995 -0.38000017 0.34549999
v -0.79999995 -0.38000017 0.34549999
v -0.79999995 -0.38000017 0.34549999
v -0.79999995 -0.38000017 0.11500000
v -0.79999995 -0.38000017 0.11500000
v -0.79999995 -0.38000017 0.11500000
v -0.80826867 -0.47423387 0.01499999
v -0.80826867 -0.47423387 0.01499999
v -0.79999995 -0.47500008 0.11500000
v -0.79999995 -0.47500008 0.11500000
v -0.79999995 -0.47500008 0.11500000
v -0.79999995 -0.47500008 0.11500000
v -0.80826867 -0.47423387 0.11500000
v -0.80826867 -0.47423387 0.11500000
v -0.80826867 -0.47423387 0.11500000
v -0.79999995 -0.47500008 0.01499999
v -0.79999995 -0.47500008 0.01499999
v -0.79999995 -0.47500008 0.01499999
v -0.81625581 -0.47196138 0.01499999
v -0.81625581 -0.47196138 0.01499999
v -0.81625581 -0.47196138 0.11500000
v -0.81625581 -0.47196138 0.11500000
v -0.82368940 -0.46825987 0.11500000
v -0.82368940 -0.46825987 0.11500000
v -0.82368940 -0.46825987 0.01499999
v -0.82368940 -0.46825987 0.01499999
v -0.82368940 -0.46825987 0.01499999
v -0.83031625 -0.46325553 0.01499999
v -0.83031625 -0.46325553 0.01499999
v -0.83031625 -0.46325553 0.01499999
v -0.83031625 -0.46325553 0.11500000
v -0.83031625 -0.46325553 0.11500000
v -0.83591068 -0.45711869 0.01499999
v -0.83591068 -0.45711869 0.01499999
v -0.83591068 -0.45711869 0.11500000
v -0.83591068 -0.45711869 0.11500000
v -0.84028226 -0.45005834 0.01499999
v -0.84028226 -0.45005834 0.01499999
v -0.84028226 -0.45005834 0.11500000
v -0.84028226 -0.45005834 0.11500000
v -0.84028226 -0.45005834 0.11500000
v -0.84328210 -0.44231492 0.01499999
v -0.84328210 -0.44231492 0.01499999
v -0.84328210 -0.44231492 0.11500000
v -0.84328210 -0.44231492 0.11500000
v -0.84480798 -0.43415219 0.01499999
v -0.84480798 -0.43415219 0.01499999
v -0.84480798 -0.43415219 0.11500000
v -0.84480798 -0.43415219 0.11500000
v -0.84480798 -0.42584807 0.01499999
v -0.84480798 -0.42584807 0.01499999
v -0.84480798 -0.42584807 0.11500000
v -0.84480798 -0.42584807 0.11500000
v -0.84328210 -0.41768533 0.01499999
v -0.84328210 -0.41768533 0.01499999
v -0.84328210 -0.41768533 0.11500000
v -0.84328210 -0.41768533 0.11500000
v -0.84028226 -0.40994191 0.11500000
v -0.84028226 -0.40994191 0.11500000
v -0.84028226 -0.40994191 0.01499999
v -0.84028226 -0.40994191 0.01499999
v -0.84028226 -0.40994191 0.01499999
v -0.83591068 -0.40288156 0.11500000
v -0.83591068 -0.40288156 0.11500000
v -0.83591068 -0.40288156 0.01499999
v -0.83591068 -0.40288156 0.01499999
v -0.83591068 -0.40288156 0.01499999
v -0.83031625 -0.39674473 0.01499999
v -0.83031625 -0.39674473 0.01499999
v -0.83031625 -0.39674473 0.11500000
v -0.83031625 -0.39674473 0.11500000
v -0.82368940 -0.39174038 0.01499999
v -0.82368940 -0.39174038 0.01499999
v -0.82368940 -0.39174038 0.11500000
v -0.82368940 -0.39174038 0.11500000
v -0.81625581 -0.38803887 0.01499999
v -0.81625581 -0.38803887 0.01499999
v -0.81625581 -0.38803887 0.11500000
v -0.81625581 -0.38803887 0.11500000
v -0.80826867 -0.38576639 0.11500000
v -0.80826867 -0.38576639 0.11500000
v -0.80826867 -0.38576639 0.11500000
v -0.80826867 -0.38576639 0.01499999
v -0.80826867 -0.38576639 0.01499999
v -0.79999995 -0.38500017 0.01499999
v -0.79999995 -0.38500017 0.01499999
v -0.79999995 -0.38500017 0.01499999
v -0.79999995 -0.38500017 0.11500000
v -0.79999995 -0.38500017 0.11500000
v -0.79999995 -0.38500017 0.11500000
v -0.79999995 -0.38500017 0.11500000
v -0.81043291 -0.49921828 0.00500000
v -0.81043291 -0.49921828 0.00500000
v -0.79999995 -0.50000012 0.01499999
v -0.79999995 -0.50000012 0.01499999
v -0.79999995 -0.50000012 0.01499999
v -0.81043291 -0.49921828 0.01499999
v -0.81043291 -0.49921828 0.01499999
v -0.79999995 -0.50000012 0.00500000
v -0.79999995 -0.50000012 0.00500000
v -0.79999995 -0.50000012 0.00500000
v -0.82063281 -0.49689019 0.00500000
v -0.82063281 -0.49689019 0.00500000
v -0.82063281 -0.49689019 0.01499999
v -0.82063281 -0.49689019 0.01499999
v -0.83037180 -0.49306792 0.00500000
v -0.83037180 -0.49306792 0.00500000
v -0.83037180 -0.49306792 0.01499999
v -0.83037180 -0.49306792 0.01499999
v -0.83943236 -0.48783684 0.01499999
v -0.83943236 -0.48783684 0.01499999
v -0.83943236 -0.48783684 0.01499999
v -0.83943236 -0.48783684 0.00500000
v -0.83943236 -0.48783684 0.00500000
v -0.84761202 -0.48131370 0.01499999
v -0.84761202 -0.48131370 0.01499999
v -0.84761202 -0.48131370 0.00500000
v -0.84761202 -0.48131370 0.00500000
v -0.85472810 -0.47364438 0.00500000
v -0.85472810 -0.47364438 0.00500000
v -0.85472810 -0.47364438 0.01499999
v -0.85472810 -0.47364438 0.01499999
v -0.86062169 -0.46500009 0.00500000
v -0.86062169 -0.46500009 0.00500000
v -0.86062169 -0.46500009 0.01499999
v -0.86062169 -0.46500009 0.01499999
v -0.86516112 -0.45557398 0.00500000
v -0.86516112 -0.45557398 0.00500000
v -0.86516112 -0.45557398 0.01499999
v -0.86516112 -0.45557398 0.01499999
v -0.86824489 -0.44557655 0.00500000
v -0.86824489 -0.44557655 0.00500000
v -0.86824489 -0.44557655 0.01499999
v -0.86824489 -0.44557655 0.01499999
v -0.86980420 -0.43523121 0.00500000
v -0.86980420 -0.43523121 0.00500000
v -0.86980420 -0.43523121 0.01499999
v -0.86980420 -0.43523121 0.01499999
v -0.86980420 -0.42476904 0.01499999
v -0.86980420 -0.42476904 0.01499999
v -0.86980420 -0.42476904 0.00500000
v -0.86980420 -0.42476904 0.00500000
v -0.86824489 -0.41442370 0.00500000
v -0.86824489 -0.41442370 0.00500000
v -0.86824489 -0.41442370 0.01499999
v -0.86824489 -0.41442370 0.01499999
v -0.86516112 -0.40442631 0.01499999
v -0.86516112 -0.40442631 0.01499999
v -0.86516112 -0.40442631 0.01499999
v -0.86516112 -0.40442631 0.00500000
v -0.86516112 -0.40442631 0.00500000
v -0.86062169 -0.39500016 0.01499999
v -0.86062169 -0.39500016 0.01499999
v -0.86062169 -0.39500016 0.01499999
v -0.86062169 -0.39500016 0.01499999
v -0.86062169 -0.39500016 0.00500000
v -0.86062169 -0.39500016 0.00500000
v -0.85472810 -0.38635591 0.00500000
v -0.85472810 -0.38635591 0.00500000
v -0.85472810 -0.38635591 0.01499999
v -0.85472810 -0.38635591 0.01499999
v -0.85472810 -0.38635591 0.01499999
v -0.84761202 -0.37868655 0.01499999
v -0.84761202 -0.37868655 0.01499999
v -0.84761202 -0.37868655 0.00500000
v -0.84761202 -0.37868655 0.00500000
v -0.83943236 -0.37216341 0.00500000
v -0.83943236 -0.37216341 0.00500000
v -0.83943236 -0.37216341 0.01499999
v -0.83943236 -0.37216341 0.01499999
v -0.83037180 -0.36693233 0.00500000
v -0.83037180 -0.36693233 0.00500000
v -0.83037180 -0.36693233 0.01499999
v -0.83037180 -0.36693233 0.01499999
v -0.82063281 -0.36311006 0.01499999
v -0.82063281 -0.36311006 0.01499999
v -0.82063281 -0.36311006 0.00500000
v -0.82063281 -0.36311006 0.00500000
v -0.81043291 -0.36078197 0.01499999
v -0.81043291 -0.36078197 0.01499999
v -0.81043291 -0.36078197 0.00500000
v -0.81043291 -0.36078197 0.00500000
v -0.79999995 -0.36000013 0.00500000
v -0.79999995 -0.36000013 0.00500000
v -0.79999995 -0.36000013 0.00500000
v -0.79999995 -0.36000013 0.01499999
v -0.79999995 -0.36000013 0.01499999
v -0.79999995 -0.36000013 0.01499999
v -0.78956699 -0.36078197 0.00500000
v -0.78956699 -0.36078197 0.00500000
v -0.78956699 -0.36078197 0.01499999
v -0.78956699 -0.36078197 0.01499999
v -0.77936709 -0.36311006 0.01499999
v -0.77936709 -0.36311006 0.01499999
v -0.77936709 -0.36311006 0.00500000
v -0.77936709 -0.36311006 0.00500000
v -0.76962811 -0.36693233 0.00500000
v -0.76962811 -0.36693233 0.00500000
v -0.76962811 -0.36693233 0.01499999
v -0.76962811 -0.36693233 0.01499999
v -0.76056755 -0.37216341 0.01499999
v -0.76056755 -0.37216341 0.01499999
v -0.76056755 -0.37216341 0.00500000
v -0.76056755 -0.37216341 0.00500000
v -0.75238788 -0.37868655 0.00500000
v -0.75238788 -0.37868655 0.00500000
v -0.75238788 -0.37868655 0.01499999
v -0.75238788 -0.37868655 0.01499999
v -0.74527180 -0.38635588 0.00500000
v -0.74527180 -0.38635588 0.00500000
v -0.74527180 -0.38635588 0.01499999
v -0.74527180 -0.38635588 0.01499999
v -0.73937821 -0.39500016 0.00500000
v -0.73937821 -0.39500016 0.00500000
v -0.73937821 -0.39500016 0.01499999
v -0.73937821 -0.39500016 0.01499999
v -0.73937821 -0.39500016 0.01499999
v -0.73483878 -0.40442628 0.00500000
v -0.73483878 -0.40442628 0.00500000
v -0.73483878 -0.40442628 0.01499999
v -0.73483878 -0.40442628 0.01499999
v -0.73483878 -0.40442628 0.01499999
v -0.73483878 -0.40442628 0.01499999
v -0.73175502 -0.41442370 0.00500000
v -0.73175502 -0.41442370 0.00500000
v -0.73175502 -0.41442370 0.01499999
v -0.73175502 -0.41442370 0.01499999
v -0.73019570 -0.42476904 0.01499999
v -0.73019570 -0.42476904 0.01499999
v -0.73019570 -0.42476904 0.00500000
v -0.73019570 -0.42476904 0.00500000
v -0.73019570 -0.43523121 0.01499999
v -0.73019570 -0.43523121 0.01499999
v -0.73019570 -0.43523121 0.00500000
v -0.73019570 -0.43523121 0.00500000
v -0.73175502 -0.44557655 0.01499999
v -0.73175502 -0.44557655 0.01499999
v -0.73175502 -0.44557655 0.00500000
v -0.73175502 -0.44557655 0.00500000
v -0.73483878 -0.45557395 0.01499999
v -0.73483878 -0.45557395 0.01499999
v -0.73483878 -0.45557395 0.01499999
v -0.73483878 -0.45557395 0.00500000
v -0.73483878 -0.45557395 0.00500000
v -0.73937821 -0.46500009 0.00500000
v -0.73937821 -0.46500009 0.00500000
v -0.73937821 -0.46500009 0.01499999
v -0.73937821 -0.46500009 0.01499999
v -0.73937821 -0.46500009 0.01499999
v -0.74527180 -0.47364435 0.00500000
v -0.74527180 -0.47364435 0.00500000
v -0.74527180 -0.47364435 0.01499999
v -0.74527180 -0.47364435 0.01499999
v -0.75238788 -0.48131370 0.01499999
v -0.75238788 -0.48131370 0.01499999
v -0.75238788 -0.48131370 0.00500000
v -0.75238788 -0.48131370 0.00500000
v -0.76056755 -0.48783684 0.00500000
v -0.76056755 -0.48783684 0.00500000
v -0.76056755 -0.48783684 0.01499999
v -0.76056755 -0.48783684 0.01499999
v -0.76962811 -0.49306792 0.00500000
v -0.76962811 -0.49306792 0.00500000
v -0.76962811 -0.49306792 0.01499999
v -0.76962811 -0.49306792 0.01499999
v -0.77936709 -0.49689019 0.01499999
v -0.77936709 -0.49689019 0.01499999
v -0.77936709 -0.49689019 0.00500000
v -0.77936709 -0.49689019 0.00500000
v -0.78956699 -0.49921828 0.00500000
v -0.78956699 -0.49921828 0.00500000
v -0.78956699 -0.49921828 0.01499999
v -0.78956699 -0.49921828 0.01499999
v -0.76968366 -0.46325553 0.01499999
v -0.76968366 -0.46325553 0.01499999
v -0.76408923 -0.45711869 0.01499999
v -0.76408923 -0.45711869 0.01499999
v -0.77631050 -0.46825987 0.01499999
v -0.77631050 -0.46825987 0.01499999
v -0.75971764 -0.45005834 0.01499999
v -0.75971764 -0.45005834 0.01499999
v -0.75971764 -0.45005834 0.01499999
v -0.78374410 -0.47196138 0.01499999
v -0.78374410 -0.47196138 0.01499999
v -0.75671780 -0.44231492 0.01499999
v -0.75671780 -0.44231492 0.01499999
v -0.79173124 -0.47423387 0.01499999
v -0.79173124 -0.47423387 0.01499999
v -0.75519192 -0.43415219 0.01499999
v -0.75519192 -0.43415219 0.01499999
v -0.75519192 -0.42584807 0.01499999
v -0.75519192 -0.42584807 0.01499999
v -0.75671780 -0.41768533 0.01499999
v -0.75671780 -0.41768533 0.01499999
v -0.75671780 -0.41768533 0.01499999
v -0.75971764 -0.40994191 0.01499999
v -0.75971764 -0.40994191 0.01499999
v -0.75971764 -0.40994191 0.01499999
v -0.75971764 -0.40994191 0.01499999
v -0.76408923 -0.40288156 0.01499999
v -0.76408923 -0.40288156 0.01499999
v -0.76968366 -0.39674473 0.01499999
v -0.76968366 -0.39674473 0.01499999
v -0.77631050 -0.39174038 0.01499999
v -0.77631050 -0.39174038 0.01499999
v -0.78374410 -0.38803887 0.01499999
v -0.78374410 -0.38803887 0.01499999
v -0.79173124 -0.38576639 0.01499999
v -0.79173124 -0.38576639 0.01499999
v -0.79173124 -0.38576639 0.11500000
v -0.79173124 -0.38576639 0.11500000
v -0.79173124 -0.38576639 0.11500000
v -0.78374410 -0.38803887 0.11500000
v -0.78374410 -0.38803887 0.11500000
v -0.77631050 -0.39174038 0.11500000
v -0.77631050 -0.39174038 0.11500000
v -0.76968366 -0.39674473 0.11500000
v -0.76968366 -0.39674473 0.11500000
v -0.76408923 -0.40288156 0.11500000
v -0.76408923 -0.40288156 0.11500000
v -0.75971764 -0.40994191 0.11500000
v -0.75971764 -0.40994191 0.11500000
v -0.75671780 -0.41768533 0.11500000
v -0.75671780 -0.41768533 0.11500000
v -0.75519192 -0.42584807 0.11500000
v -0.75519192 -0.42584807 0.11500000
v -0.75519192 -0.43415219 0.11500000
v -0.75519192 -0.43415219 0.11500000
v -0.75519192 -0.43415219 0.11500000
v -0.75671780 -0.44231492 0.11500000
v -0.75671780 -0.44231492 0.11500000
v -0.75971764 -0.45005834 0.11500000
v -0.75971764 -0.45005834 0.11500000
v -0.75971764 -0.45005834 0.11500000
v -0.76408923 -0.45711869 0.11500000
v -0.76408923 -0.45711869 0.11500000
v -0.76968366 -0.46325553 0.11500000
v -0.76968366 -0.46325553 0.11500000
v -0.77631050 -0.46825987 0.11500000
v -0.77631050 -0.46825987 0.11500000
v -0.78374410 -0.47196138 0.11500000
v -0.78374410 -0.47196138 0.11500000
v -0.79173124 -0.47423387 0.11500000
v -0.79173124 -0.47423387 0.11500000
v -0.79173124 -0.47423387 0.11500000
v -0.79131758 -0.38075978 0.34549999
v -0.79131758 -0.38075978 0.34549999
v -0.79131758 -0.38075978 0.34549999
v -0.79131758 -0.38075978 0.34549999
v -0.79131758 -0.38075978 0.11500000
v -0.79131758 -0.38075978 0.11500000
v -0.79131758 -0.38075978 0.11500000
v -0.78289896 -0.38301551 0.11500000
v -0.78289896 -0.38301551 0.11500000
v -0.78289896 -0.38301551 0.34549999
v -0.78289896 -0.38301551 0.34549999
v -0.78289896 -0.38301551 0.34549999
v -0.78289896 -0.38301551 0.34549999
v -0.78289896 -0.38301551 0.34549999
v -0.77499998 -0.38669890 0.34549999
v -0.77499998 -0.38669890 0.34549999
v -0.77499998 -0.38669890 0.34549999
v -0.77499998 -0.38669890 0.34549999
v -0.77499998 -0.38669890 0.11500000
v -0.77499998 -0.38669890 0.11500000
v -0.76786059 -0.39169794 0.11500000
v -0.76786059 -0.39169794 0.11500000
v -0.76786059 -0.39169794 0.34549999
v -0.76786059 -0.39169794 0.34549999
v -0.76169777 -0.39786077 0.11500000
v -0.76169777 -0.39786077 0.11500000
v -0.76169777 -0.39786077 0.34549999
v -0.76169777 -0.39786077 0.34549999
v -0.76169777 -0.39786077 0.34549999
v -0.75669873 -0.40500015 0.11500000
v -0.75669873 -0.40500015 0.11500000
v -0.75669873 -0.40500015 0.34549999
v -0.75669873 -0.40500015 0.34549999
v -0.75669873 -0.40500015 0.34549999
v -0.75669873 -0.40500015 0.34549999
v -0.75669873 -0.40500015 0.34549999
v -0.75669873 -0.40500015 0.34549999
v -0.75301534 -0.41289914 0.11500000
v -0.75301534 -0.41289914 0.11500000
v -0.75301534 -0.41289914 0.34549999
v -0.75301534 -0.41289914 0.34549999
v -0.75301534 -0.41289914 0.34549999
v -0.75301534 -0.41289914 0.34549999
v -0.75075960 -0.42131776 0.11500000
v -0.75075960 -0.42131776 0.11500000
v -0.75075960 -0.42131776 0.34549999
v -0.75075960 -0.42131776 0.34549999
v -0.75000000 -0.43000013 0.11500000
v -0.75000000 -0.43000013 0.11500000
v -0.75000000 -0.43000013 0.11500000
v -0.75000000 -0.43000013 0.34549999
v -0.75000000 -0.43000013 0.34549999
v -0.75000000 -0.43000013 0.34549999
v -0.75075960 -0.43868250 0.34549999
v -0.75075960 -0.43868250 0.34549999
v -0.75075960 -0.43868250 0.34549999
v -0.75075960 -0.43868250 0.34549999
v -0.75075960 -0.43868250 0.11500000
v -0.75075960 -0.43868250 0.11500000
v -0.75075960 -0.43868250 0.11500000
v -0.75301534 -0.44710112 0.11500000
v -0.75301534 -0.44710112 0.11500000
v -0.75301534 -0.44710112 0.11500000
v -0.75301534 -0.44710112 0.34549999
v -0.75301534 -0.44710112 0.34549999
v -0.75301534 -0.44710112 0.34549999
v -0.75669873 -0.45500010 0.11500000
v -0.75669873 -0.45500010 0.11500000
v -0.75669873 -0.45500010 0.11500000
v -0.75669873 -0.45500010 0.34549999
v -0.75669873 -0.45500010 0.34549999
v -0.75669873 -0.45500010 0.34549999
v -0.75669873 -0.45500010 0.34549999
v -0.75669873 -0.45500010 0.34549999
v -0.75669873 -0.45500010 0.34549999
v -0.75669873 -0.45500010 0.34549999
v -0.76169777 -0.46213949 0.11500000
v -0.76169777 -0.46213949 0.11500000
v -0.76169777 -0.46213949 0.34549999
v -0.76169777 -0.46213949 0.34549999
v -0.76786059 -0.46830231 0.11500000
v -0.76786059 -0.46830231 0.11500000
v -0.76786059 -0.46830231 0.34549999
v -0.76786059 -0.46830231 0.34549999
v -0.76786059 -0.46830231 0.34549999
v -0.77499998 -0.47330135 0.11500000
v -0.77499998 -0.47330135 0.11500000
v -0.77499998 -0.47330135 0.34549999
v -0.77499998 -0.47330135 0.34549999
v -0.78289896 -0.47698474 0.34549999
v -0.78289896 -0.47698474 0.34549999
v -0.78289896 -0.47698474 0.34549999
v -0.78289896 -0.47698474 0.34549999
v -0.78289896 -0.47698474 0.34549999
v -0.78289896 -0.47698474 0.34549999
v -0.78289896 -0.47698474 0.34549999
v -0.78289896 -0.47698474 0.11500000
v -0.78289896 -0.47698474 0.11500000
v -0.79131758 -0.47924048 0.11500000
v -0.79131758 -0.47924048 0.11500000
v -0.79131758 -0.47924048 0.11500000
v -0.79131758 -0.47924048 0.34549999
v -0.79131758 -0.47924048 0.34549999
v -0.79131758 -0.47924048 0.34549999
v -0.79131758 -0.47924048 0.34549999
v -0.80868220 -1.33924043 0.11500000
v -0.80868220 -1.33924043 0.11500000
v -0.80868220 -1.33924043 0.11500000
v -0.79999983 -1.34000003 0.34549999
v -0.79999983 -1.34000003 0.34549999
v -0.79999983 -1.34000003 0.34549999
v -0.80868220 -1.33924043 0.34549999
v -0.80868220 -1.33924043 0.34549999
v -0.80868220 -1.33924043 0.34549999
v -0.79999983 -1.34000003 0.11500000
v -0.79999983 -1.34000003 0.11500000
v -0.79999983 -1.34000003 0.11500000
v -0.81710082 -1.33698463 0.11500000
v -0.81710082 -1.33698463 0.11500000
v -0.81710082 -1.33698463 0.11500000
v -0.81710082 -1.33698463 0.34549999
v -0.81710082 -1.33698463 0.34549999
v -0.81710082 -1.33698463 0.34549999
v -0.81710082 -1.33698463 0.34549999
v -0.81710082 -1.33698463 0.34549999
v -0.82499981 -1.33330131 0.11500000
v -0.82499981 -1.33330131 0.11500000
v -0.82499981 -1.33330131 0.34549999
v -0.82499981 -1.33330131 0.34549999
v -0.83213919 -1.32830226 0.11500000
v -0.83213919 -1.32830226 0.11500000
v -0.83213919 -1.32830226 0.34549999
v -0.83213919 -1.32830226 0.34549999
v -0.83213919 -1.32830226 0.34549999
v -0.83213919 -1.32830226 0.34549999
v -0.83830202 -1.32213950 0.11500000
v -0.83830202 -1.32213950 0.11500000
v -0.83830202 -1.32213950 0.34549999
v -0.83830202 -1.32213950 0.34549999
v -0.84330106 -1.31500006 0.11500000
v -0.84330106 -1.31500006 0.11500000
v -0.84330106 -1.31500006 0.11500000
v -0.84330106 -1.31500006 0.34549999
v -0.84330106 -1.31500006 0.34549999
v -0.84698445 -1.30710101 0.34549999
v -0.84698445 -1.30710101 0.34549999
v -0.84698445 -1.30710101 0.11500000
v -0.84698445 -1.30710101 0.11500000
v -0.84698445 -1.30710101 0.11500000
v -0.84924018 -1.29868245 0.11500000
v -0.84924018 -1.29868245 0.11500000
v -0.84924018 -1.29868245 0.34549999
v -0.84924018 -1.29868245 0.34549999
v -0.84924018 -1.29868245 0.34549999
v -0.84999978 -1.29000008 0.11500000
v -0.84999978 -1.29000008 0.11500000
v -0.84999978 -1.29000008 0.34549999
v -0.84999978 -1.29000008 0.34549999
v -0.84999978 -1.29000008 0.34549999
v -0.84924018 -1.28131771 0.11500000
v -0.84924018 -1.28131771 0.11500000
v -0.84924018 -1.28131771 0.34549999
v -0.84924018 -1.28131771 0.34549999
v -0.84698445 -1.27289915 0.11500000
v -0.84698445 -1.27289915 0.11500000
v -0.84698445 -1.27289915 0.34549999
v -0.84698445 -1.27289915 0.34549999
v -0.84698445 -1.27289915 0.34549999
v -0.84698445 -1.27289915 0.34549999
v -0.84698445 -1.27289915 0.34549999
v -0.84698445 -1.27289915 0.34549999
v -0.84698445 -1.27289915 0.34549999
v -0.84698445 -1.27289915 0.34549999
v -0.84330106 -1.26500010 0.11500000
v -0.84330106 -1.26500010 0.11500000
v -0.84330106 -1.26500010 0.34549999
v -0.84330106 -1.26500010 0.34549999
v -0.83830202 -1.25786078 0.34549999
v -0.83830202 -1.25786078 0.34549999
v -0.83830202 -1.25786078 0.34549999
v -0.83830202 -1.25786078 0.34549999
v -0.83830202 -1.25786078 0.11500000
v -0.83830202 -1.25786078 0.11500000
v -0.83213919 -1.25169790 0.11500000
v -0.83213919 -1.25169790 0.11500000
v -0.83213919 -1.25169790 0.34549999
v -0.83213919 -1.25169790 0.34549999
v -0.83213919 -1.25169790 0.34549999
v -0.83213919 -1.25169790 0.34549999
v -0.83213919 -1.25169790 0.34549999
v -0.83213919 -1.25169790 0.34549999
v -0.83213919 -1.25169790 0.34549999
v -0.82499981 -1.24669886 0.11500000
v -0.82499981 -1.24669886 0.11500000
v -0.82499981 -1.24669886 0.34549999
v -0.82499981 -1.24669886 0.34549999
v -0.81710082 -1.24301553 0.11500000
v -0.81710082 -1.24301553 0.11500000
v -0.81710082 -1.24301553 0.11500000
v -0.81710082 -1.24301553 0.34549999
v -0.81710082 -1.24301553 0.34549999
v -0.81710082 -1.24301553 0.34549999
v -0.80868220 -1.24075973 0.11500000
v -0.80868220 -1.24075973 0.11500000
v -0.80868220 -1.24075973 0.11500000
v -0.80868220 -1.24075973 0.34549999
v -0.80868220 -1.24075973 0.34549999
v -0.80868220 -1.24075973 0.34549999
v -0.80868220 -1.24075973 0.34549999
v -0.79999983 -1.24000013 0.34549999
v -0.79999983 -1.24000013 0.34549999
v -0.79999983 -1.24000013 0.34549999
v -0.79999983 -1.24000013 0.11500000
v -0.79999983 -1.24000013 0.11500000
v -0.79999983 -1.24000013 0.11500000
v -0.80826855 -1.33423376 0.01499999
v -0.80826855 -1.33423376 0.01499999
v -0.79999983 -1.33500004 0.11500000
v -0.79999983 -1.33500004 0.11500000
v -0.79999983 -1.33500004 0.11500000
v -0.79999983 -1.33500004 0.11500000
v -0.80826855 -1.33423376 0.11500000
v -0.80826855 -1.33423376 0.11500000
v -0.80826855 -1.33423376 0.11500000
v -0.79999983 -1.33500004 0.01499999
v -0.79999983 -1.33500004 0.01499999
v -0.79999983 -1.33500004 0.01499999
v -0.81625569 -1.33196139 0.01499999
v -0.81625569 -1.33196139 0.01499999
v -0.81625569 -1.33196139 0.11500000
v -0.81625569 -1.33196139 0.11500000
v -0.82368928 -1.32825983 0.11500000
v -0.82368928 -1.32825983 0.11500000
v -0.82368928 -1.32825983 0.01499999
v -0.82368928 -1.32825983 0.01499999
v -0.82368928 -1.32825983 0.01499999
v -0.83031613 -1.32325542 0.01499999
v -0.83031613 -1.32325542 0.01499999
v -0.83031613 -1.32325542 0.01499999
v -0.83031613 -1.32325542 0.11500000
v -0.83031613 -1.32325542 0.11500000
v -0.83591056 -1.31711864 0.01499999
v -0.83591056 -1.31711864 0.01499999
v -0.83591056 -1.31711864 0.11500000
v -0.83591056 -1.31711864 0.11500000
v -0.84028214 -1.31005836 0.01499999
v -0.84028214 -1.31005836 0.01499999
v -0.84028214 -1.31005836 0.11500000
v -0.84028214 -1.31005836 0.11500000
v -0.84028214 -1.31005836 0.11500000
v -0.84328198 -1.30231488 0.01499999
v -0.84328198 -1.30231488 0.01499999
v -0.84328198 -1.30231488 0.11500000
v -0.84328198 -1.30231488 0.11500000
v -0.84480786 -1.29415214 0.01499999
v -0.84480786 -1.29415214 0.01499999
v -0.84480786 -1.29415214 0.11500000
v -0.84480786 -1.29415214 0.11500000
v -0.84480786 -1.28584802 0.01499999
v -0.84480786 -1.28584802 0.01499999
v -0.84480786 -1.28584802 0.11500000
v -0.84480786 -1.28584802 0.11500000
v -0.84328198 -1.27768528 0.01499999
v -0.84328198 -1.27768528 0.01499999
v -0.84328198 -1.27768528 0.11500000
v -0.84328198 -1.27768528 0.11500000
v -0.84028214 -1.26994193 0.11500000
v -0.84028214 -1.26994193 0.11500000
v -0.84028214 -1.26994193 0.01499999
v -0.84028214 -1.26994193 0.01499999
v -0.84028214 -1.26994193 0.01499999
v -0.83591056 -1.26288152 0.11500000
v -0.83591056 -1.26288152 0.11500000
v -0.83591056 -1.26288152 0.01499999
v -0.83591056 -1.26288152 0.01499999
v -0.83591056 -1.26288152 0.01499999
v -0.83031613 -1.25674474 0.01499999
v -0.83031613 -1.25674474 0.01499999
v -0.83031613 -1.25674474 0.11500000
v -0.83031613 -1.25674474 0.11500000
v -0.82368928 -1.25174034 0.01499999
v -0.82368928 -1.25174034 0.01499999
v -0.82368928 -1.25174034 0.11500000
v -0.82368928 -1.25174034 0.11500000
v -0.81625569 -1.24803889 0.01499999
v -0.81625569 -1.24803889 0.01499999
v -0.81625569 -1.24803889 0.11500000
v -0.81625569 -1.24803889 0.11500000
v -0.80826855 -1.24576640 0.11500000
v -0.80826855 -1.24576640 0.11500000
v -0.80826855 -1.24576640 0.11500000
v -0.80826855 -1.24576640 0.01499999
v -0.80826855 -1.24576640 0.01499999
v -0.79999983 -1.24500012 0.01499999
v -0.79999983 -1.24500012 0.01499999
v -0.79999983 -1.24500012 0.01499999
v -0.79999983 -1.24500012 0.11500000
v -0.79999983 -1.24500012 0.11500000
v -0.79999983 -1.24500012 0.11500000
v -0.79999983 -1.24500012 0.11500000
v -0.81043279 -1.35921824 0.00500000
v -0.81043279 -1.35921824 0.00500000
v -0.79999983 -1.36000013 0.01499999
v -0.79999983 -1.36000013 0.01499999
v -0.79999983 -1.36000013 0.01499999
v -0.81043279 -1.35921824 0.01499999
v -0.81043279 -1.35921824 0.01499999
v -0.79999983 -1.36000013 0.00500000
v -0.79999983 -1.36000013 0.00500000
v -0.79999983 -1.36000013 0.00500000
v -0.82063270 -1.35689020 0.00500000
v -0.82063270 -1.35689020 0.00500000
v -0.82063270 -1.35689020 0.01499999
v -0.82063270 -1.35689020 0.01499999
v -0.83037168 -1.35306787 0.00500000
v -0.83037168 -1.35306787 0.00500000
v -0.83037168 -1.35306787 0.01499999
v -0.83037168 -1.35306787 0.01499999
v -0.83943224 -1.34783685 0.01499999
v -0.83943224 -1.34783685 0.01499999
v -0.83943224 -1.34783685 0.01499999
v -0.83943224 -1.34783685 0.00500000
v -0.83943224 -1.34783685 0.00500000
v -0.84761190 -1.34131360 0.01499999
v -0.84761190 -1.34131360 0.01499999
v -0.84761190 -1.34131360 0.00500000
v -0.84761190 -1.34131360 0.00500000
v -0.85472798 -1.33364427 0.00500000
v -0.85472798 -1.33364427 0.00500000
v -0.85472798 -1.33364427 0.01499999
v -0.85472798 -1.33364427 0.01499999
v -0.86062157 -1.32500005 0.00500000
v -0.86062157 -1.32500005 0.00500000
v -0.86062157 -1.32500005 0.01499999
v -0.86062157 -1.32500005 0.01499999
v -0.86516100 -1.31557393 0.00500000
v -0.86516100 -1.31557393 0.00500000
v -0.86516100 -1.31557393 0.01499999
v -0.86516100 -1.31557393 0.01499999
v -0.86824477 -1.30557656 0.00500000
v -0.86824477 -1.30557656 0.00500000
v -0.86824477 -1.30557656 0.01499999
v -0.86824477 -1.30557656 0.01499999
v -0.86980408 -1.29523122 0.00500000
v -0.86980408 -1.29523122 0.00500000
v -0.86980408 -1.29523122 0.01499999
v -0.86980408 -1.29523122 0.01499999
v -0.86980408 -1.28476906 0.01499999
v -0.86980408 -1.28476906 0.01499999
v -0.86980408 -1.28476906 0.00500000
v -0.86980408 -1.28476906 0.00500000
v -0.86824477 -1.27442372 0.00500000
v -0.86824477 -1.27442372 0.00500000
v -0.86824477 -1.27442372 0.01499999
v -0.86824477 -1.27442372 0.01499999
v -0.86516100 -1.26442623 0.01499999
v -0.86516100 -1.26442623 0.01499999
v -0.86516100 -1.26442623 0.01499999
v -0.86516100 -1.26442623 0.00500000
v -0.86516100 -1.26442623 0.00500000
v -0.86062157 -1.25500011 0.01499999
v -0.86062157 -1.25500011 0.01499999
v -0.86062157 -1.25500011 0.01499999
v -0.86062157 -1.25500011 0.01499999
v -0.86062157 -1.25500011 0.00500000
v -0.86062157 -1.25500011 0.00500000
v -0.85472798 -1.24635589 0.00500000
v -0.85472798 -1.24635589 0.00500000
v -0.85472798 -1.24635589 0.01499999
v -0.85472798 -1.24635589 0.01499999
v -0.85472798 -1.24635589 0.01499999
v -0.84761190 -1.23868656 0.01499999
v -0.84761190 -1.23868656 0.01499999
v -0.84761190 -1.23868656 0.00500000
v -0.84761190 -1.23868656 0.00500000
v -0.83943224 -1.23216343 0.00500000
v -0.83943224 -1.23216343 0.00500000
v -0.83943224 -1.23216343 0.01499999
v -0.83943224 -1.23216343 0.01499999
v -0.83037168 -1.22693229 0.00500000
v -0.83037168 -1.22693229 0.00500000
v -0.83037168 -1.22693229 0.01499999
v -0.83037168 -1.22693229 0.01499999
v -0.82063270 -1.22310996 0.01499999
v -0.82063270 -1.22310996 0.01499999
v -0.82063270 -1.22310996 0.00500000
v -0.82063270 -1.22310996 0.00500000
v -0.81043279 -1.22078192 0.01499999
v -0.81043279 -1.22078192 0.01499999
v -0.81043279 -1.22078192 0.00500000
v -0.81043279 -1.22078192 0.00500000
v -0.79999983 -1.22000003 0.00500000
v -0.79999983 -1.22000003 0.00500000
v -0.79999983 -1.22000003 0.00500000
v -0.79999983 -1.22000003 0.01499999
v -0.79999983 -1.22000003 0.01499999
v -0.79999983 -1.22000003 0.01499999
v -0.78956688 -1.22078192 0.00500000
v -0.78956688 -1.22078192 0.00500000
v -0.78956688 -1.22078192 0.01499999
v -0.78956688 -1.22078192 0.01499999
v -0.77936697 -1.22310996 0.01499999
v -0.77936697 -1.22310996 0.01499999
v -0.77936697 -1.22310996 0.00500000
v -0.77936697 -1.22310996 0.00500000
v -0.76962799 -1.22693229 0.00500000
v -0.76962799 -1.22693229 0.00500000
v -0.76962799 -1.22693229 0.01499999
v -0.76962799 -1.22693229 0.01499999
v -0.76056743 -1.23216331 0.01499999
v -0.76056743 -1.23216331 0.01499999
v -0.76056743 -1.23216331 0.00500000
v -0.76056743 -1.23216331 0.00500000
v -0.75238776 -1.23868656 0.00500000
v -0.75238776 -1.23868656 0.00500000
v -0.75238776 -1.23868656 0.01499999
v -0.75238776 -1.23868656 0.01499999
v -0.74527168 -1.24635589 0.00500000
v -0.74527168 -1.24635589 0.00500000
v -0.74527168 -1.24635589 0.01499999
v -0.74527168 -1.24635589 0.01499999
v -0.73937809 -1.25500011 0.00500000
v -0.73937809 -1.25500011 0.00500000
v -0.73937809 -1.25500011 0.01499999
v -0.73937809 -1.25500011 0.01499999
v -0.73937809 -1.25500011 0.01499999
v -0.73483866 -1.26442623 0.00500000
v -0.73483866 -1.26442623 0.00500000
v -0.73483866 -1.26442623 0.01499999
v -0.73483866 -1.26442623 0.01499999
v -0.73483866 -1.26442623 0.01499999
v -0.73483866 -1.26442623 0.01499999
v -0.73175490 -1.27442360 0.00500000
v -0.73175490 -1.27442360 0.00500000
v -0.73175490 -1.27442360 0.01499999
v -0.73175490 -1.27442360 0.01499999
v -0.73019558 -1.28476894 0.01499999
v -0.73019558 -1.28476894 0.01499999
v -0.73019558 -1.28476894 0.00500000
v -0.73019558 -1.28476894 0.00500000
v -0.73019558 -1.29523110 0.01499999
v -0.73019558 -1.29523110 0.01499999
v -0.73019558 -1.29523110 0.00500000
v -0.73019558 -1.29523110 0.00500000
v -0.73175490 -1.30557644 0.01499999
v -0.73175490 -1.30557644 0.01499999
v -0.73175490 -1.30557644 0.00500000
v -0.73175490 -1.30557644 0.00500000
v -0.73483866 -1.31557393 0.01499999
v -0.73483866 -1.31557393 0.01499999
v -0.73483866 -1.31557393 0.01499999
v -0.73483866 -1.31557393 0.00500000
v -0.73483866 -1.31557393 0.00500000
v -0.73937809 -1.32500005 0.00500000
v -0.73937809 -1.32500005 0.00500000
v -0.73937809 -1.32500005 0.01499999
v -0.73937809 -1.32500005 0.01499999
v -0.73937809 -1.32500005 0.01499999
v -0.74527168 -1.33364427 0.00500000
v -0.74527168 -1.33364427 0.00500000
v -0.74527168 -1.33364427 0.01499999
v -0.74527168 -1.33364427 0.01499999
v -0.75238776 -1.34131360 0.01499999
v -0.75238776 -1.34131360 0.01499999
v -0.75238776 -1.34131360 0.00500000
v -0.75238776 -1.34131360 0.00500000
v -0.76056743 -1.34783673 0.00500000
v -0.76056743 -1.34783673 0.00500000
v -0.76056743 -1.34783673 0.01499999
v -0.76056743 -1.34783673 0.01499999
v -0.76962799 -1.35306787 0.00500000
v -0.76962799 -1.35306787 0.00500000
v -0.76962799 -1.35306787 0.01499999
v -0.76962799 -1.35306787 0.01499999
v -0.77936697 -1.35689020 0.01499999
v -0.77936697 -1.35689020 0.01499999
v -0.77936697 -1.35689020 0.00500000
v -0.77936697 -1.35689020 0.00500000
v -0.78956688 -1.35921824 0.00500000
v -0.78956688 -1.35921824 0.00500000
v -0.78956688 -1.35921824 0.01499999
v -0.78956688 -1.35921824 0.01499999
v -0.76968354 -1.32325542 0.01499999
v -0.76968354 -1.32325542 0.01499999
v -0.76408911 -1.31711864 0.01499999
v -0.76408911 -1.31711864 0.01499999
v -0.77631038 -1.32825983 0.01499999
v -0.77631038 -1.32825983 0.01499999
v -0.75971752 -1.31005824 0.01499999
v -0.75971752 -1.31005824 0.01499999
v -0.75971752 -1.31005824 0.01499999
v -0.78374398 -1.33196127 0.01499999
v -0.78374398 -1.33196127 0.01499999
v -0.75671768 -1.30231488 0.01499999
v -0.75671768 -1.30231488 0.01499999
v -0.79173112 -1.33423376 0.01499999
v -0.79173112 -1.33423376 0.01499999
v -0.75519180 -1.29415214 0.01499999
v -0.75519180 -1.29415214 0.01499999
v -0.75519180 -1.28584802 0.01499999
v -0.75519180 -1.28584802 0.01499999
v -0.75671768 -1.27768528 0.01499999
v -0.75671768 -1.27768528 0.01499999
v -0.75671768 -1.27768528 0.01499999
v -0.75971752 -1.26994181 0.01499999
v -0.75971752 -1.26994181 0.01499999
v -0.75971752 -1.26994181 0.01499999
v -0.75971752 -1.26994181 0.01499999
v -0.76408911 -1.26288152 0.01499999
v -0.76408911 -1.26288152 0.01499999
v -0.76968354 -1.25674474 0.01499999
v -0.76968354 -1.25674474 0.01499999
v -0.77631038 -1.25174034 0.01499999
v -0.77631038 -1.25174034 0.01499999
v -0.78374398 -1.24803877 0.01499999
v -0.78374398 -1.24803877 0.01499999
v -0.79173112 -1.24576640 0.01499999
v -0.79173112 -1.24576640 0.01499999
v -0.79173112 -1.24576640 0.11500000
v -0.79173112 -1.24576640 0.11500000
v -0.79173112 -1.24576640 0.11500000
v -0.78374398 -1.24803877 0.11500000
v -0.78374398 -1.24803877 0.11500000
v -0.77631038 -1.25174034 0.11500000
v -0.77631038 -1.25174034 0.11500000
v -0.76968354 -1.25674474 0.11500000
v -0.76968354 -1.25674474 0.11500000
v -0.76408911 -1.26288152 0.11500000
v -0.76408911 -1.26288152 0.11500000
v -0.75971752 -1.26994181 0.11500000
v -0.75971752 -1.26994181 0.11500000
v -0.75671768 -1.27768528 0.11500000
v -0.75671768 -1.27768528 0.11500000
v -0.75519180 -1.28584802 0.11500000
v -0.75519180 -1.28584802 0.11500000
v -0.75519180 -1.29415214 0.11500000
v -0.75519180 -1.29415214 0.11500000
v -0.75519180 -1.29415214 0.11500000
v -0.75671768 -1.30231488 0.11500000
v -0.75671768 -1.30231488 0.11500000
v -0.75971752 -1.31005824 0.11500000
v -0.75971752 -1.31005824 0.11500000
v -0.75971752 -1.31005824 0.11500000
v -0.76408911 -1.31711864 0.11500000
v -0.76408911 -1.31711864 0.11500000
v -0.76968354 -1.32325542 0.11500000
v -0.76968354 -1.32325542 0.11500000
v -0.77631038 -1.32825983 0.11500000
v -0.77631038 -1.32825983 0.11500000
v -0.78374398 -1.33196127 0.11500000
v -0.78374398 -1.33196127 0.11500000
v -0.79173112 -1.33423376 0.11500000
v -0.79173112 -1.33423376 0.11500000
v -0.79173112 -1.33423376 0.11500000
v -0.79131746 -1.24075973 0.34549999
v -0.79131746 -1.24075973 0.34549999
v -0.79131746 -1.24075973 0.34549999
v -0.79131746 -1.24075973 0.34549999
v -0.79131746 -1.24075973 0.11500000
v -0.79131746 -1.24075973 0.11500000
v -0.79131746 -1.24075973 0.11500000
v -0.78289884 -1.24301553 0.11500000
v -0.78289884 -1.24301553 0.11500000
v -0.78289884 -1.24301553 0.34549999
v -0.78289884 -1.24301553 0.34549999
v -0.78289884 -1.24301553 0.34549999
v -0.78289884 -1.24301553 0.34549999
v -0.78289884 -1.24301553 0.34549999
v -0.77499986 -1.24669886 0.34549999
v -0.77499986 -1.24669886 0.34549999
v -0.77499986 -1.24669886 0.34549999
v -0.77499986 -1.24669886 0.34549999
v -0.77499986 -1.24669886 0.11500000
v -0.77499986 -1.24669886 0.11500000
v -0.76786047 -1.25169790 0.11500000
v -0.76786047 -1.25169790 0.11500000
v -0.76786047 -1.25169790 0.34549999
v -0.76786047 -1.25169790 0.34549999
v -0.76169765 -1.25786066 0.11500000
v -0.76169765 -1.25786066 0.11500000
v -0.76169765 -1.25786066 0.34549999
v -0.76169765 -1.25786066 0.34549999
v -0.76169765 -1.25786066 0.34549999
v -0.75669861 -1.26500010 0.11500000
v -0.75669861 -1.26500010 0.11500000
v -0.75669861 -1.26500010 0.34549999
v -0.75669861 -1.26500010 0.34549999
v -0.75669861 -1.26500010 0.34549999
v -0.75669861 -1.26500010 0.34549999
v -0.75669861 -1.26500010 0.34549999
v -0.75669861 -1.26500010 0.34549999
v -0.75301522 -1.27289915 0.11500000
v -0.75301522 -1.27289915 0.11500000
v -0.75301522 -1.27289915 0.34549999
v -0.75301522 -1.27289915 0.34549999
v -0.75301522 -1.27289915 0.34549999
v -0.75301522 -1.27289915 0.34549999
v -0.75075948 -1.28131771 0.11500000
v -0.75075948 -1.28131771 0.11500000
v -0.75075948 -1.28131771 0.34549999
v -0.75075948 -1.28131771 0.34549999
v -0.74999988 -1.29000008 0.11500000
v -0.74999988 -1.29000008 0.11500000
v -0.74999988 -1.29000008 0.11500000
v -0.74999988 -1.29000008 0.34549999
v -0.74999988 -1.29000008 0.34549999
v -0.74999988 -1.29000008 0.34549999
v -0.75075948 -1.29868245 0.34549999
v -0.75075948 -1.29868245 0.34549999
v -0.75075948 -1.29868245 0.34549999
v -0.75075948 -1.29868245 0.34549999
v -0.75075948 -1.29868245 0.11500000
v -0.75075948 -1.29868245 0.11500000
v -0.75075948 -1.29868245 0.11500000
v -0.75301522 -1.30710101 0.11500000
v -0.75301522 -1.30710101 0.11500000
v -0.75301522 -1.30710101 0.11500000
v -0.75301522 -1.30710101 0.34549999
v -0.75301522 -1.30710101 0.34549999
v -0.75301522 -1.30710101 0.34549999
v -0.75669861 -1.31500006 0.11500000
v -0.75669861 -1.31500006 0.11500000
v -0.75669861 -1.31500006 0.11500000
v -0.75669861 -1.31500006 0.34549999
v -0.75669861 -1.31500006 0.34549999
v -0.75669861 -1.31500006 0.34549999
v -0.75669861 -1.31500006 0.34549999
v -0.75669861 -1.31500006 0.34549999
v -0.75669861 -1.31500006 0.34549999
v -0.75669861 -1.31500006 0.34549999
v -0.76169765 -1.32213938 0.11500000
v -0.76169765 -1.32213938 0.11500000
v -0.76169765 -1.32213938 0.34549999
v -0.76169765 -1.32213938 0.34549999
v -0.76786047 -1.32830226 0.11500000
v -0.76786047 -1.32830226 0.11500000
v -0.76786047 -1.32830226 0.34549999
v -0.76786047 -1.32830226 0.34549999
v -0.76786047 -1.32830226 0.34549999
v -0.77499986 -1.33330131 0.11500000
v -0.77499986 -1.33330131 0.11500000
v -0.77499986 -1.33330131 0.34549999
v -0.77499986 -1.33330131 0.34549999
v -0.78289884 -1.33698463 0.34549999
v -0.78289884 -1.33698463 0.34549999
v -0.78289884 -1.33698463 0.34549999
v -0.78289884 -1.33698463 0.34549999
v -0.78289884 -1.33698463 0.34549999
v -0.78289884 -1.33698463 0.34549999
v -0.78289884 -1.33698463 0.34549999
v -0.78289884 -1.33698463 0.11500000
v -0.78289884 -1.33698463 0.11500000
v -0.79131746 -1.33924043 0.11500000
v -0.79131746 -1.33924043 0.11500000
v -0.79131746 -1.33924043 0.11500000
v -0.79131746 -1.33924043 0.34549999
v -0.79131746 -1.33924043 0.34549999
v -0.79131746 -1.33924043 0.34549999
v -0.79131746 -1.33924043 0.34549999
v -0.80868244 0.38075954 0.11500000
v -0.80868244 0.38075954 0.11500000
v -0.80868244 0.38075954 0.11500000
v -0.80000007 0.37999994 0.34549999
v -0.80000007 0.37999994 0.34549999
v -0.80000007 0.37999994 0.34549999
v -0.80868244 0.38075954 0.34549999
v -0.80868244 0.38075954 0.34549999
v -0.80868244 0.38075954 0.34549999
v -0.80000007 0.37999994 0.11500000
v -0.80000007 0.37999994 0.11500000
v -0.80000007 0.37999994 0.11500000
v -0.81710106 0.38301527 0.11500000
v -0.81710106 0.38301527 0.11500000
v -0.81710106 0.38301527 0.11500000
v -0.81710106 0.38301527 0.34549999
v -0.81710106 0.38301527 0.34549999
v -0.81710106 0.38301527 0.34549999
v -0.81710106 0.38301527 0.34549999
v -0.81710106 0.38301527 0.34549999
v -0.82500005 0.38669866 0.11500000
v -0.82500005 0.38669866 0.11500000
v -0.82500005 0.38669866 0.34549999
v -0.82500005 0.38669866 0.34549999
v -0.83213943 0.39169771 0.11500000
v -0.83213943 0.39169771 0.11500000
v -0.83213943 0.39169771 0.34549999
v -0.83213943 0.39169771 0.34549999
v -0.83213943 0.39169771 0.34549999
v -0.83213943 0.39169771 0.34549999
v -0.83830225 0.39786053 0.11500000
v -0.83830225 0.39786053 0.11500000
v -0.83830225 0.39786053 0.34549999
v -0.83830225 0.39786053 0.34549999
v -0.84330130 0.40499991 0.11500000
v -0.84330130 0.40499991 0.11500000
v -0.84330130 0.40499991 0.11500000
v -0.84330130 0.40499991 0.34549999
v -0.84330130 0.40499991 0.34549999
v -0.84698468 0.41289890 0.34549999
v -0.84698468 0.41289890 0.34549999
v -0.84698468 0.41289890 0.11500000
v -0.84698468 0.41289890 0.11500000
v -0.84698468 0.41289890 0.11500000
v -0.84924042 0.42131752 0.11500000
v -0.84924042 0.42131752 0.11500000
v -0.84924042 0.42131752 0.34549999
v -0.84924042 0.42131752 0.34549999
v -0.84924042 0.42131752 0.34549999
v -0.85000002 0.42999989 0.11500000
v -0.85000002 0.42999989 0.11500000
v -0.85000002 0.42999989 0.34549999
v -0.85000002 0.42999989 0.34549999
v -0.85000002 0.42999989 0.34549999
v -0.84924042 0.43868226 0.11500000
v -0.84924042 0.43868226 0.11500000
v -0.84924042 0.43868226 0.34549999
v -0.84924042 0.43868226 0.34549999
v -0.84698468 0.44710088 0.11500000
v -0.84698468 0.44710088 0.11500000
v -0.84698468 0.44710088 0.34549999
v -0.84698468 0.44710088 0.34549999
v -0.84698468 0.44710088 0.34549999
v -0.84698468 0.44710088 0.34549999
v -0.84698468 0.44710088 0.34549999
v -0.84698468 0.44710088 0.34549999
v -0.84698468 0.44710088 0.34549999
v -0.84698468 0.44710088 0.34549999
v -0.84330130 0.45499986 0.11500000
v -0.84330130 0.45499986 0.11500000
v -0.84330130 0.45499986 0.34549999
v -0.84330130 0.45499986 0.34549999
v -0.83830225 0.46213925 0.34549999
v -0.83830225 0.46213925 0.34549999
v -0.83830225 0.46213925 0.34549999
v -0.83830225 0.46213925 0.34549999
v -0.83830225 0.46213925 0.11500000
v -0.83830225 0.46213925 0.11500000
v -0.83213943 0.46830207 0.11500000
v -0.83213943 0.46830207 0.11500000
v -0.83213943 0.46830207 0.34549999
v -0.83213943 0.46830207 0.34549999
v -0.83213943 0.46830207 0.34549999
v -0.83213943 0.46830207 0.34549999
v -0.83213943 0.46830207 0.34549999
v -0.83213943 0.46830207 0.34549999
v -0.83213943 0.46830207 0.34549999
v -0.82500005 0.47330111 0.11500000
v -0.82500005 0.47330111 0.11500000
v -0.82500005 0.47330111 0.34549999
v -0.82500005 0.47330111 0.34549999
v -0.81710106 0.47698450 0.11500000
v -0.81710106 0.47698450 0.11500000
v -0.81710106 0.47698450 0.11500000
v -0.81710106 0.47698450 0.34549999
v -0.81710106 0.47698450 0.34549999
v -0.81710106 0.47698450 0.34549999
v -0.80868244 0.47924024 0.11500000
v -0.80868244 0.47924024 0.11500000
v -0.80868244 0.47924024 0.11500000
v -0.80868244 0.47924024 0.34549999
v -0.80868244 0.47924024 0.34549999
v -0.80868244 0.47924024 0.34549999
v -0.80868244 0.47924024 0.34549999
v -0.80000007 0.47999984 0.34549999
v -0.80000007 0.47999984 0.34549999
v -0.80000007 0.47999984 0.34549999
v -0.80000007 0.47999984 0.11500000
v -0.80000007 0.47999984 0.11500000
v -0.80000007 0.47999984 0.11500000
v -0.80826878 0.38576615 0.01499999
v -0.80826878 0.38576615 0.01499999
v -0.80000007 0.38499993 0.11500000
v -0.80000007 0.38499993 0.11500000
v -0.80000007 0.38499993 0.11500000
v -0.80000007 0.38499993 0.11500000
v -0.80826878 0.38576615 0.11500000
v -0.80826878 0.38576615 0.11500000
v -0.80826878 0.38576615 0.11500000
v -0.80000007 0.38499993 0.01499999
v -0.80000007 0.38499993 0.01499999
v -0.80000007 0.38499993 0.01499999
v -0.81625593 0.38803864 0.01499999
v -0.81625593 0.38803864 0.01499999
v -0.81625593 0.38803864 0.11500000
v -0.81625593 0.38803864 0.11500000
v -0.82368952 0.39174014 0.11500000
v -0.82368952 0.39174014 0.11500000
v -0.82368952 0.39174014 0.01499999
v -0.82368952 0.39174014 0.01499999
v -0.82368952 0.39174014 0.01499999
v -0.83031636 0.39674449 0.01499999
v -0.83031636 0.39674449 0.01499999
v -0.83031636 0.39674449 0.01499999
v -0.83031636 0.39674449 0.11500000
v -0.83031636 0.39674449 0.11500000
v -0.83591080 0.40288132 0.01499999
v -0.83591080 0.40288132 0.01499999
v -0.83591080 0.40288132 0.11500000
v -0.83591080 0.40288132 0.11500000
v -0.84028238 0.40994167 0.01499999
v -0.84028238 0.40994167 0.01499999
v -0.84028238 0.40994167 0.11500000
v -0.84028238 0.40994167 0.11500000
v -0.84028238 0.40994167 0.11500000
v -0.84328222 0.41768509 0.01499999
v -0.84328222 0.41768509 0.01499999
v -0.84328222 0.41768509 0.11500000
v -0.84328222 0.41768509 0.11500000
v -0.84480810 0.42584783 0.01499999
v -0.84480810 0.42584783 0.01499999
v -0.84480810 0.42584783 0.11500000
v -0.84480810 0.42584783 0.11500000
v -0.84480810 0.43415195 0.01499999
v -0.84480810 0.43415195 0.01499999
v -0.84480810 0.43415195 0.11500000
v -0.84480810 0.43415195 0.11500000
v -0.84328222 0.44231468 0.01499999
v -0.84328222 0.44231468 0.01499999
v -0.84328222 0.44231468 0.11500000
v -0.84328222 0.44231468 0.11500000
v -0.84028238 0.45005810 0.11500000
v -0.84028238 0.45005810 0.11500000
v -0.84028238 0.45005810 0.01499999
v -0.84028238 0.45005810 0.01499999
v -0.84028238 0.45005810 0.01499999
v -0.83591080 0.45711845 0.11500000
v -0.83591080 0.45711845 0.11500000
v -0.83591080 0.45711845 0.01499999
v -0.83591080 0.45711845 0.01499999
v -0.83591080 0.45711845 0.01499999
v -0.83031636 0.46325529 0.01499999
v -0.83031636 0.46325529 0.01499999
v -0.83031636 0.46325529 0.11500000
v -0.83031636 0.46325529 0.11500000
v -0.82368952 0.46825963 0.01499999
v -0.82368952 0.46825963 0.01499999
v -0.82368952 0.46825963 0.11500000
v -0.82368952 0.46825963 0.11500000
v -0.81625593 0.47196114 0.01499999
v -0.81625593 0.47196114 0.01499999
v -0.81625593 0.47196114 0.11500000
v -0.81625593 0.47196114 0.11500000
v -0.80826878 0.47423363 0.11500000
v -0.80826878 0.47423363 0.11500000
v -0.80826878 0.47423363 0.11500000
v -0.80826878 0.47423363 0.01499999
v -0.80826878 0.47423363 0.01499999
v -0.80000007 0.47499984 0.01499999
v -0.80000007 0.47499984 0.01499999
v -0.80000007 0.47499984 0.01499999
v -0.80000007 0.47499984 0.11500000
v -0.80000007 0.47499984 0.11500000
v -0.80000007 0.47499984 0.11500000
v -0.80000007 0.47499984 0.11500000
v -0.81043303 0.36078173 0.00500000
v -0.81043303 0.36078173 0.00500000
v -0.80000007 0.35999990 0.01499999
v -0.80000007 0.35999990 0.01499999
v -0.80000007 0.35999990 0.01499999
v -0.81043303 0.36078173 0.01499999
v -0.81043303 0.36078173 0.01499999
v -0.80000007 0.35999990 0.00500000
v -0.80000007 0.35999990 0.00500000
v -0.80000007 0.35999990 0.00500000
v -0.82063294 0.36310983 0.00500000
v -0.82063294 0.36310983 0.00500000
v -0.82063294 0.36310983 0.01499999
v -0.82063294 0.36310983 0.01499999
v -0.83037192 0.36693209 0.00500000
v -0.83037192 0.36693209 0.00500000
v -0.83037192 0.36693209 0.01499999
v -0.83037192 0.36693209 0.01499999
v -0.83943248 0.37216318 0.01499999
v -0.83943248 0.37216318 0.01499999
v -0.83943248 0.37216318 0.01499999
v -0.83943248 0.37216318 0.00500000
v -0.83943248 0.37216318 0.00500000
v -0.84761214 0.37868631 0.01499999
v -0.84761214 0.37868631 0.01499999
v -0.84761214 0.37868631 0.00500000
v -0.84761214 0.37868631 0.00500000
v -0.85472822 0.38635564 0.00500000
v -0.85472822 0.38635564 0.00500000
v -0.85472822 0.38635564 0.01499999
v -0.85472822 0.38635564 0.01499999
v -0.86062181 0.39499992 0.00500000
v -0.86062181 0.39499992 0.00500000
v -0.86062181 0.39499992 0.01499999
v -0.86062181 0.39499992 0.01499999
v -0.86516124 0.40442604 0.00500000
v -0.86516124 0.40442604 0.00500000
v -0.86516124 0.40442604 0.01499999
v -0.86516124 0.40442604 0.01499999
v -0.86824501 0.41442347 0.00500000
v -0.86824501 0.41442347 0.00500000
v -0.86824501 0.41442347 0.01499999
v -0.86824501 0.41442347 0.01499999
v -0.86980432 0.42476881 0.00500000
v -0.86980432 0.42476881 0.00500000
v -0.86980432 0.42476881 0.01499999
v -0.86980432 0.42476881 0.01499999
v -0.86980432 0.43523097 0.01499999
v -0.86980432 0.43523097 0.01499999
v -0.86980432 0.43523097 0.00500000
v -0.86980432 0.43523097 0.00500000
v -0.86824501 0.44557631 0.00500000
v -0.86824501 0.44557631 0.00500000
v -0.86824501 0.44557631 0.01499999
v -0.86824501 0.44557631 0.01499999
v -0.86516124 0.45557371 0.01499999
v -0.86516124 0.45557371 0.01499999
v -0.86516124 0.45557371 0.01499999
v -0.86516124 0.45557371 0.00500000
v -0.86516124 0.45557371 0.00500000
v -0.86062181 0.46499986 0.01499999
v -0.86062181 0.46499986 0.01499999
v -0.86062181 0.46499986 0.01499999
v -0.86062181 0.46499986 0.01499999
v -0.86062181 0.46499986 0.00500000
v -0.86062181 0.46499986 0.00500000
v -0.85472822 0.47364411 0.00500000
v -0.85472822 0.47364411 0.00500000
v -0.85472822 0.47364411 0.01499999
v -0.85472822 0.47364411 0.01499999
v -0.85472822 0.47364411 0.01499999
v -0.84761214 0.48131347 0.01499999
v -0.84761214 0.48131347 0.01499999
v -0.84761214 0.48131347 0.00500000
v -0.84761214 0.48131347 0.00500000
v -0.83943248 0.48783660 0.00500000
v -0.83943248 0.48783660 0.00500000
v -0.83943248 0.48783660 0.01499999
v -0.83943248 0.48783660 0.01499999
v -0.83037192 0.49306768 0.00500000
v -0.83037192 0.49306768 0.00500000
v -0.83037192 0.49306768 0.01499999
v -0.83037192 0.49306768 0.01499999
v -0.82063294 0.49688995 0.01499999
v -0.82063294 0.49688995 0.01499999
v -0.82063294 0.49688995 0.00500000
v -0.82063294 0.49688995 0.00500000
v -0.81043303 0.49921805 0.01499999
v -0.81043303 0.49921805 0.01499999
v -0.81043303 0.49921805 0.00500000
v -0.81043303 0.49921805 0.00500000
v -0.80000007 0.49999988 0.00500000
v -0.80000007 0.49999988 0.00500000
v -0.80000007 0.49999988 0.00500000
v -0.80000007 0.49999988 0.01499999
v -0.80000007 0.49999988 0.01499999
v -0.80000007 0.49999988 0.01499999
v -0.78956711 0.49921805 0.00500000
v -0.78956711 0.49921805 0.00500000
v -0.78956711 0.49921805 0.01499999
v -0.78956711 0.49921805 0.01499999
v -0.77936721 0.49688995 0.01499999
v -0.77936721 0.49688995 0.01499999
v -0.77936721 0.49688995 0.00500000
v -0.77936721 0.49688995 0.00500000
v -0.76962823 0.49306768 0.00500000
v -0.76962823 0.49306768 0.00500000
v -0.76962823 0.49306768 0.01499999
v -0.76962823 0.49306768 0.01499999
v -0.76056766 0.48783660 0.01499999
v -0.76056766 0.48783660 0.01499999
v -0.76056766 0.48783660 0.00500000
v -0.76056766 0.48783660 0.00500000
v -0.75238800 0.48131347 0.00500000
v -0.75238800 0.48131347 0.00500000
v -0.75238800 0.48131347 0.01499999
v -0.75238800 0.48131347 0.01499999
v -0.74527192 0.47364414 0.00500000
v -0.74527192 0.47364414 0.00500000
v -0.74527192 0.47364414 0.01499999
v -0.74527192 0.47364414 0.01499999
v -0.73937833 0.46499986 0.00500000
v -0.73937833 0.46499986 0.00500000
v -0.73937833 0.46499986 0.01499999
v -0.73937833 0.46499986 0.01499999
v -0.73937833 0.46499986 0.01499999
v -0.73483890 0.45557374 0.00500000
v -0.73483890 0.45557374 0.00500000
v -0.73483890 0.45557374 0.01499999
v -0.73483890 0.45557374 0.01499999
v -0.73483890 0.45557374 0.01499999
v -0.73483890 0.45557374 0.01499999
v -0.73175514 0.44557631 0.00500000
v -0.73175514 0.44557631 0.00500000
v -0.73175514 0.44557631 0.01499999
v -0.73175514 0.44557631 0.01499999
v -0.73019582 0.43523097 0.01499999
v -0.73019582 0.43523097 0.01499999
v -0.73019582 0.43523097 0.00500000
v -0.73019582 0.43523097 0.00500000
v -0.73019582 0.42476881 0.01499999
v -0.73019582 0.42476881 0.01499999
v -0.73019582 0.42476881 0.00500000
v -0.73019582 0.42476881 0.00500000
v -0.73175514 0.41442347 0.01499999
v -0.73175514 0.41442347 0.01499999
v -0.73175514 0.41442347 0.00500000
v -0.73175514 0.41442347 0.00500000
v -0.73483890 0.40442607 0.01499999
v -0.73483890 0.40442607 0.01499999
v -0.73483890 0.40442607 0.01499999
v -0.73483890 0.40442607 0.00500000
v -0.73483890 0.40442607 0.00500000
v -0.73937833 0.39499992 0.00500000
v -0.73937833 0.39499992 0.00500000
v -0.73937833 0.39499992 0.01499999
v -0.73937833 0.39499992 0.01499999
v -0.73937833 0.39499992 0.01499999
v -0.74527192 0.38635567 0.00500000
v -0.74527192 0.38635567 0.00500000
v -0.74527192 0.38635567 0.01499999
v -0.74527192 0.38635567 0.01499999
v -0.75238800 0.37868631 0.01499999
v -0.75238800 0.37868631 0.01499999
v -0.75238800 0.37868631 0.00500000
v -0.75238800 0.37868631 0.00500000
v -0.76056766 0.37216318 0.00500000
v -0.76056766 0.37216318 0.00500000
v -0.76056766 0.37216318 0.01499999
v -0.76056766 0.37216318 0.01499999
v -0.76962823 0.36693209 0.00500000
v -0.76962823 0.36693209 0.00500000
v -0.76962823 0.36693209 0.01499999
v -0.76962823 0.36693209 0.01499999
v -0.77936721 0.36310983 0.01499999
v -0.77936721 0.36310983 0.01499999
v -0.77936721 0.36310983 0.00500000
v -0.77936721 0.36310983 0.00500000
v -0.78956711 0.36078173 0.00500000
v -0.78956711 0.36078173 0.00500000
v -0.78956711 0.36078173 0.01499999
v -0.78956711 0.36078173 0.01499999
v -0.76968378 0.39674449 0.01499999
v -0.76968378 0.39674449 0.01499999
v -0.76408935 0.40288132 0.01499999
v -0.76408935 0.40288132 0.01499999
v -0.77631062 0.39174014 0.01499999
v -0.77631062 0.39174014 0.01499999
v -0.75971776 0.40994167 0.01499999
v -0.75971776 0.40994167 0.01499999
v -0.75971776 0.40994167 0.01499999
v -0.78374422 0.38803864 0.01499999
v -0.78374422 0.38803864 0.01499999
v -0.75671792 0.41768509 0.01499999
v -0.75671792 0.41768509 0.01499999
v -0.79173136 0.38576615 0.01499999
v -0.79173136 0.38576615 0.01499999
v -0.75519204 0.42584783 0.01499999
v -0.75519204 0.42584783 0.01499999
v -0.75519204 0.43415195 0.01499999
v -0.75519204 0.43415195 0.01499999
v -0.75671792 0.44231468 0.01499999
v -0.75671792 0.44231468 0.01499999
v -0.75671792 0.44231468 0.01499999
v -0.75971776 0.45005810 0.01499999
v -0.75971776 0.45005810 0.01499999
v -0.75971776 0.45005810 0.01499999
v -0.75971776 0.45005810 0.01499999
v -0.76408935 0.45711845 0.01499999
v -0.76408935 0.45711845 0.01499999
v -0.76968378 0.46325529 0.01499999
v -0.76968378 0.46325529 0.01499999
v -0.77631062 0.46825963 0.01499999
v -0.77631062 0.46825963 0.01499999
v -0.78374422 0.47196114 0.01499999
v -0.78374422 0.47196114 0.01499999
v -0.79173136 0.47423363 0.01499999
v -0.79173136 0.47423363 0.01499999
v -0.79173136 0.47423363 0.11500000
v -0.79173136 0.47423363 0.11500000
v -0.79173136 0.47423363 0.11500000
v -0.78374422 0.47196114 0.11500000
v -0.78374422 0.47196114 0.11500000
v -0.77631062 0.46825963 0.11500000
v -0.77631062 0.46825963 0.11500000
v -0.76968378 0.46325529 0.11500000
v -0.76968378 0.46325529 0.11500000
v -0.76408935 0.45711845 0.11500000
v -0.76408935 0.45711845 0.11500000
v -0.75971776 0.45005810 0.11500000
v -0.75971776 0.45005810 0.11500000
v -0.75671792 0.44231468 0.11500000
v -0.75671792 0.44231468 0.11500000
v -0.75519204 0.43415195 0.11500000
v -0.75519204 0.43415195 0.11500000
v -0.75519204 0.42584783 0.11500000
v -0.75519204 0.42584783 0.11500000
v -0.75519204 0.42584783 0.11500000
v -0.75671792 0.41768509 0.11500000
v -0.75671792 0.41768509 0.11500000
v -0.75971776 0.40994167 0.11500000
v -0.75971776 0.40994167 0.11500000
v -0.75971776 0.40994167 0.11500000
v -0.76408935 0.40288132 0.11500000
v -0.76408935 0.40288132 0.11500000
v -0.76968378 0.39674449 0.11500000
v -0.76968378 0.39674449 0.11500000
v -0.77631062 0.39174014 0.11500000
v -0.77631062 0.39174014 0.11500000
v -0.78374422 0.38803864 0.11500000
v -0.78374422 0.38803864 0.11500000
v -0.79173136 0.38576615 0.11500000
v -0.79173136 0.38576615 0.11500000
v -0.79173136 0.38576615 0.11500000
v -0.79131770 0.47924024 0.34549999
v -0.79131770 0.47924024 0.34549999
v -0.79131770 0.47924024 0.34549999
v -0.79131770 0.47924024 0.34549999
v -0.79131770 0.47924024 0.11500000
v -0.79131770 0.47924024 0.11500000
v -0.79131770 0.47924024 0.11500000
v -0.78289908 0.47698450 0.11500000
v -0.78289908 0.47698450 0.11500000
v -0.78289908 0.47698450 0.34549999
v -0.78289908 0.47698450 0.34549999
v -0.78289908 0.47698450 0.34549999
v -0.78289908 0.47698450 0.34549999
v -0.78289908 0.47698450 0.34549999
v -0.77500009 0.47330111 0.34549999
v -0.77500009 0.47330111 0.34549999
v -0.77500009 0.47330111 0.34549999
v -0.77500009 0.47330111 0.34549999
v -0.77500009 0.47330111 0.11500000
v -0.77500009 0.47330111 0.11500000
v -0.76786071 0.46830207 0.11500000
v -0.76786071 0.46830207 0.11500000
v -0.76786071 0.46830207 0.34549999
v -0.76786071 0.46830207 0.34549999
v -0.76169789 0.46213925 0.11500000
v -0.76169789 0.46213925 0.11500000
v -0.76169789 0.46213925 0.34549999
v -0.76169789 0.46213925 0.34549999
v -0.76169789 0.46213925 0.34549999
v -0.75669885 0.45499986 0.11500000
v -0.75669885 0.45499986 0.11500000
v -0.75669885 0.45499986 0.34549999
v -0.75669885 0.45499986 0.34549999
v -0.75669885 0.45499986 0.34549999
v -0.75669885 0.45499986 0.34549999
v -0.75669885 0.45499986 0.34549999
v -0.75669885 0.45499986 0.34549999
v -0.75301546 0.44710088 0.11500000
v -0.75301546 0.44710088 0.11500000
v -0.75301546 0.44710088 0.34549999
v -0.75301546 0.44710088 0.34549999
v -0.75301546 0.44710088 0.34549999
v -0.75301546 0.44710088 0.34549999
v -0.75075972 0.43868226 0.11500000
v -0.75075972 0.43868226 0.11500000
v -0.75075972 0.43868226 0.34549999
v -0.75075972 0.43868226 0.34549999
v -0.75000012 0.42999989 0.11500000
v -0.75000012 0.42999989 0.11500000
v -0.75000012 0.42999989 0.11500000
v -0.75000012 0.42999989 0.34549999
v -0.75000012 0.42999989 0.34549999
v -0.75000012 0.42999989 0.34549999
v -0.75075972 0.42131752 0.34549999
v -0.75075972 0.42131752 0.34549999
v -0.75075972 0.42131752 0.34549999
v -0.75075972 0.42131752 0.34549999
v -0.75075972 0.42131752 0.11500000
v -0.75075972 0.42131752 0.11500000
v -0.75075972 0.42131752 0.11500000
v -0.75301546 0.41289890 0.11500000
v -0.75301546 0.41289890 0.11500000
v -0.75301546 0.41289890 0.11500000
v -0.75301546 0.41289890 0.34549999
v -0.75301546 0.41289890 0.34549999
v -0.75301546 0.41289890 0.34549999
v -0.75669885 0.40499991 0.11500000
v -0.75669885 0.40499991 0.11500000
v -0.75669885 0.40499991 0.11500000
v -0.75669885 0.40499991 0.34549999
v -0.75669885 0.40499991 0.34549999
v -0.75669885 0.40499991 0.34549999
v -0.75669885 0.40499991 0.34549999
v -0.75669885 0.40499991 0.34549999
v -0.75669885 0.40499991 0.34549999
v -0.75669885 0.40499991 0.34549999
v -0.76169789 0.39786053 0.11500000
v -0.76169789 0.39786053 0.11500000
v -0.76169789 0.39786053 0.34549999
v -0.76169789 0.39786053 0.34549999
v -0.76786071 0.39169771 0.11500000
v -0.76786071 0.39169771 0.11500000
v -0.76786071 0.39169771 0.34549999
v -0.76786071 0.39169771 0.34549999
v -0.76786071 0.39169771 0.34549999
v -0.77500009 0.38669866 0.11500000
v -0.77500009 0.38669866 0.11500000
v -0.77500009 0.38669866 0.34549999
v -0.77500009 0.38669866 0.34549999
v -0.78289908 0.38301527 0.34549999
v -0.78289908 0.38301527 0.34549999
v -0.78289908 0.38301527 0.34549999
v -0.78289908 0.38301527 0.34549999
v -0.78289908 0.38301527 0.34549999
v -0.78289908 0.38301527 0.34549999
v -0.78289908 0.38301527 0.34549999
v -0.78289908 0.38301527 0.11500000
v -0.78289908 0.38301527 0.11500000
v -0.79131770 0.38075954 0.11500000
v -0.79131770 0.38075954 0.11500000
v -0.79131770 0.38075954 0.11500000
v -0.79131770 0.38075954 0.34549999
v -0.79131770 0.38075954 0.34549999
v -0.79131770 0.38075954 0.34549999
v -0.79131770 0.38075954 0.34549999
v -0.80868256 1.24075949 0.11500000
v -0.80868256 1.24075949 0.11500000
v -0.80868256 1.24075949 0.11500000
v -0.80000019 1.23999989 0.34549999
v -0.80000019 1.23999989 0.34549999
v -0.80000019 1.23999989 0.34549999
v -0.80868256 1.24075949 0.34549999
v -0.80868256 1.24075949 0.34549999
v -0.80868256 1.24075949 0.34549999
v -0.80000019 1.23999989 0.11500000
v -0.80000019 1.23999989 0.11500000
v -0.80000019 1.23999989 0.11500000
v -0.81710118 1.24301529 0.11500000
v -0.81710118 1.24301529 0.11500000
v -0.81710118 1.24301529 0.11500000
v -0.81710118 1.24301529 0.34549999
v -0.81710118 1.24301529 0.34549999
v -0.81710118 1.24301529 0.34549999
v -0.81710118 1.24301529 0.34549999
v -0.81710118 1.24301529 0.34549999
v -0.82500017 1.24669862 0.11500000
v -0.82500017 1.24669862 0.11500000
v -0.82500017 1.24669862 0.34549999
v -0.82500017 1.24669862 0.34549999
v -0.83213955 1.25169766 0.11500000
v -0.83213955 1.25169766 0.11500000
v -0.83213955 1.25169766 0.34549999
v -0.83213955 1.25169766 0.34549999
v -0.83213955 1.25169766 0.34549999
v -0.83213955 1.25169766 0.34549999
v -0.83830237 1.25786042 0.11500000
v -0.83830237 1.25786042 0.11500000
v -0.83830237 1.25786042 0.34549999
v -0.83830237 1.25786042 0.34549999
v -0.84330141 1.26499987 0.11500000
v -0.84330141 1.26499987 0.11500000
v -0.84330141 1.26499987 0.11500000
v -0.84330141 1.26499987 0.34549999
v -0.84330141 1.26499987 0.34549999
v -0.84698480 1.27289891 0.34549999
v -0.84698480 1.27289891 0.34549999
v -0.84698480 1.27289891 0.11500000
v -0.84698480 1.27289891 0.11500000
v -0.84698480 1.27289891 0.11500000
v -0.84924054 1.28131747 0.11500000
v -0.84924054 1.28131747 0.11500000
v -0.84924054 1.28131747 0.34549999
v -0.84924054 1.28131747 0.34549999
v -0.84924054 1.28131747 0.34549999
v -0.85000014 1.28999984 0.11500000
v -0.85000014 1.28999984 0.11500000
v -0.85000014 1.28999984 0.34549999
v -0.85000014 1.28999984 0.34549999
v -0.85000014 1.28999984 0.34549999
v -0.84924054 1.29868221 0.11500000
v -0.84924054 1.29868221 0.11500000
v -0.84924054 1.29868221 0.34549999
v -0.84924054 1.29868221 0.34549999
v -0.84698480 1.30710077 0.11500000
v -0.84698480 1.30710077 0.11500000
v -0.84698480 1.30710077 0.34549999
v -0.84698480 1.30710077 0.34549999
v -0.84698480 1.30710077 0.34549999
v -0.84698480 1.30710077 0.34549999
v -0.84698480 1.30710077 0.34549999
v -0.84698480 1.30710077 0.34549999
v -0.84698480 1.30710077 0.34549999
v -0.84698480 1.30710077 0.34549999
v -0.84330141 1.31499982 0.11500000
v -0.84330141 1.31499982 0.11500000
v -0.84330141 1.31499982 0.34549999
v -0.84330141 1.31499982 0.34549999
v -0.83830237 1.32213914 0.34549999
v -0.83830237 1.32213914 0.34549999
v -0.83830237 1.32213914 0.34549999
v -0.83830237 1.32213914 0.34549999
v -0.83830237 1.32213914 0.11500000
v -0.83830237 1.32213914 0.11500000
v -0.83213955 1.32830203 0.11500000
v -0.83213955 1.32830203 0.11500000
v -0.83213955 1.32830203 0.34549999
v -0.83213955 1.32830203 0.34549999
v -0.83213955 1.32830203 0.34549999
v -0.83213955 1.32830203 0.34549999
v -0.83213955 1.32830203 0.34549999
v -0.83213955 1.32830203 0.34549999
v -0.83213955 1.32830203 0.34549999
v -0.82500017 1.33330107 0.11500000
v -0.82500017 1.33330107 0.11500000
v -0.82500017 1.33330107 0.34549999
v -0.82500017 1.33330107 0.34549999
v -0.81710118 1.33698440 0.11500000
v -0.81710118 1.33698440 0.11500000
v -0.81710118 1.33698440 0.11500000
v -0.81710118 1.33698440 0.34549999
v -0.81710118 1.33698440 0.34549999
v -0.81710118 1.33698440 0.34549999
v -0.80868256 1.33924019 0.11500000
v -0.80868256 1.33924019 0.11500000
v -0.80868256 1.33924019 0.11500000
v -0.80868256 1.33924019 0.34549999
v -0.80868256 1.33924019 0.34549999
v -0.80868256 1.33924019 0.34549999
v -0.80868256 1.33924019 0.34549999
v -0.80000019 1.33999979 0.34549999
v -0.80000019 1.33999979 0.34549999
v -0.80000019 1.33999979 0.34549999
v -0.80000019 1.33999979 0.11500000
v -0.80000019 1.33999979 0.11500000
v -0.80000019 1.33999979 0.11500000
v -0.80826891 1.24576616 0.01499999
v -0.80826891 1.24576616 0.01499999
v -0.80000019 1.24499989 0.11500000
v -0.80000019 1.24499989 0.11500000
v -0.80000019 1.24499989 0.11500000
v -0.80000019 1.24499989 0.11500000
v -0.80826891 1.24576616 0.11500000
v -0.80826891 1.24576616 0.11500000
v -0.80826891 1.24576616 0.11500000
v -0.80000019 1.24499989 0.01499999
v -0.80000019 1.24499989 0.01499999
v -0.80000019 1.24499989 0.01499999
v -0.81625605 1.24803853 0.01499999
v -0.81625605 1.24803853 0.01499999
v -0.81625605 1.24803853 0.11500000
v -0.81625605 1.24803853 0.11500000
v -0.82368964 1.25174010 0.11500000
v -0.82368964 1.25174010 0.11500000
v -0.82368964 1.25174010 0.01499999
v -0.82368964 1.25174010 0.01499999
v -0.82368964 1.25174010 0.01499999
v -0.83031648 1.25674450 0.01499999
v -0.83031648 1.25674450 0.01499999
v -0.83031648 1.25674450 0.01499999
v -0.83031648 1.25674450 0.11500000
v -0.83031648 1.25674450 0.11500000
v -0.83591092 1.26288128 0.01499999
v -0.83591092 1.26288128 0.01499999
v -0.83591092 1.26288128 0.11500000
v -0.83591092 1.26288128 0.11500000
v -0.84028250 1.26994157 0.01499999
v -0.84028250 1.26994157 0.01499999
v -0.84028250 1.26994157 0.11500000
v -0.84028250 1.26994157 0.11500000
v -0.84028250 1.26994157 0.11500000
v -0.84328234 1.27768505 0.01499999
v -0.84328234 1.27768505 0.01499999
v -0.84328234 1.27768505 0.11500000
v -0.84328234 1.27768505 0.11500000
v -0.84480822 1.28584778 0.01499999
v -0.84480822 1.28584778 0.01499999
v -0.84480822 1.28584778 0.11500000
v -0.84480822 1.28584778 0.11500000
v -0.84480822 1.29415190 0.01499999
v -0.84480822 1.29415190 0.01499999
v -0.84480822 1.29415190 0.11500000
v -0.84480822 1.29415190 0.11500000
v -0.84328234 1.30231464 0.01499999
v -0.84328234 1.30231464 0.01499999
v -0.84328234 1.30231464 0.11500000
v -0.84328234 1.30231464 0.11500000
v -0.84028250 1.31005800 0.11500000
v -0.84028250 1.31005800 0.11500000
v -0.84028250 1.31005800 0.01499999
v -0.84028250 1.31005800 0.01499999
v -0.84028250 1.31005800 0.01499999
v -0.83591092 1.31711841 0.11500000
v -0.83591092 1.31711841 0.11500000
v -0.83591092 1.31711841 0.01499999
v -0.83591092 1.31711841 0.01499999
v -0.83591092 1.31711841 0.01499999
v -0.83031648 1.32325518 0.01499999
v -0.83031648 1.32325518 0.01499999
v -0.83031648 1.32325518 0.11500000
v -0.83031648 1.32325518 0.11500000
v -0.82368964 1.32825959 0.01499999
v -0.82368964 1.32825959 0.01499999
v -0.82368964 1.32825959 0.11500000
v -0.82368964 1.32825959 0.11500000
v -0.81625605 1.33196104 0.01499999
v -0.81625605 1.33196104 0.01499999
v -0.81625605 1.33196104 0.11500000
v -0.81625605 1.33196104 0.11500000
v -0.80826891 1.33423352 0.11500000
v -0.80826891 1.33423352 0.11500000
v -0.80826891 1.33423352 0.11500000
v -0.80826891 1.33423352 0.01499999
v -0.80826891 1.33423352 0.01499999
v -0.80000019 1.33499980 0.01499999
v -0.80000019 1.33499980 0.01499999
v -0.80000019 1.33499980 0.01499999
v -0.80000019 1.33499980 0.11500000
v -0.80000019 1.33499980 0.11500000
v -0.80000019 1.33499980 0.11500000
v -0.80000019 1.33499980 0.11500000
v -0.81043315 1.22078168 0.00500000
v -0.81043315 1.22078168 0.00500000
v -0.80000019 1.21999979 0.01499999
v -0.80000019 1.21999979 0.01499999
v -0.80000019 1.21999979 0.01499999
v -0.81043315 1.22078168 0.01499999
v -0.81043315 1.22078168 0.01499999
v -0.80000019 1.21999979 0.00500000
v -0.80000019 1.21999979 0.00500000
v -0.80000019 1.21999979 0.00500000
v -0.82063305 1.22310972 0.00500000
v -0.82063305 1.22310972 0.00500000
v -0.82063305 1.22310972 0.01499999
v -0.82063305 1.22310972 0.01499999
v -0.83037204 1.22693205 0.00500000
v -0.83037204 1.22693205 0.00500000
v -0.83037204 1.22693205 0.01499999
v -0.83037204 1.22693205 0.01499999
v -0.83943260 1.23216307 0.01499999
v -0.83943260 1.23216307 0.01499999
v -0.83943260 1.23216307 0.01499999
v -0.83943260 1.23216307 0.00500000
v -0.83943260 1.23216307 0.00500000
v -0.84761226 1.23868632 0.01499999
v -0.84761226 1.23868632 0.01499999
v -0.84761226 1.23868632 0.00500000
v -0.84761226 1.23868632 0.00500000
v -0.85472834 1.24635565 0.00500000
v -0.85472834 1.24635565 0.00500000
v -0.85472834 1.24635565 0.01499999
v -0.85472834 1.24635565 0.01499999
v -0.86062193 1.25499988 0.00500000
v -0.86062193 1.25499988 0.00500000
v -0.86062193 1.25499988 0.01499999
v -0.86062193 1.25499988 0.01499999
v -0.86516136 1.26442599 0.00500000
v -0.86516136 1.26442599 0.00500000
v -0.86516136 1.26442599 0.01499999
v -0.86516136 1.26442599 0.01499999
v -0.86824512 1.27442336 0.00500000
v -0.86824512 1.27442336 0.00500000
v -0.86824512 1.27442336 0.01499999
v -0.86824512 1.27442336 0.01499999
v -0.86980444 1.28476870 0.00500000
v -0.86980444 1.28476870 0.00500000
v -0.86980444 1.28476870 0.01499999
v -0.86980444 1.28476870 0.01499999
v -0.86980444 1.29523087 0.01499999
v -0.86980444 1.29523087 0.01499999
v -0.86980444 1.29523087 0.00500000
v -0.86980444 1.29523087 0.00500000
v -0.86824512 1.30557621 0.00500000
v -0.86824512 1.30557621 0.00500000
v -0.86824512 1.30557621 0.01499999
v -0.86824512 1.30557621 0.01499999
v -0.86516136 1.31557369 0.01499999
v -0.86516136 1.31557369 0.01499999
v -0.86516136 1.31557369 0.01499999
v -0.86516136 1.31557369 0.00500000
v -0.86516136 1.31557369 0.00500000
v -0.86062193 1.32499981 0.01499999
v -0.86062193 1.32499981 0.01499999
v -0.86062193 1.32499981 0.01499999
v -0.86062193 1.32499981 0.01499999
v -0.86062193 1.32499981 0.00500000
v -0.86062193 1.32499981 0.00500000
v -0.85472834 1.33364403 0.00500000
v -0.85472834 1.33364403 0.00500000
v -0.85472834 1.33364403 0.01499999
v -0.85472834 1.33364403 0.01499999
v -0.85472834 1.33364403 0.01499999
v -0.84761226 1.34131336 0.01499999
v -0.84761226 1.34131336 0.01499999
v -0.84761226 1.34131336 0.00500000
v -0.84761226 1.34131336 0.00500000
v -0.83943260 1.34783649 0.00500000
v -0.83943260 1.34783649 0.00500000
v -0.83943260 1.34783649 0.01499999
v -0.83943260 1.34783649 0.01499999
v -0.83037204 1.35306764 0.00500000
v -0.83037204 1.35306764 0.00500000
v -0.83037204 1.35306764 0.01499999
v -0.83037204 1.35306764 0.01499999
v -0.82063305 1.35688996 0.01499999
v -0.82063305 1.35688996 0.01499999
v -0.82063305 1.35688996 0.00500000
v -0.82063305 1.35688996 0.00500000
v -0.81043315 1.35921800 0.01499999
v -0.81043315 1.35921800 0.01499999
v -0.81043315 1.35921800 0.00500000
v -0.81043315 1.35921800 0.00500000
v -0.80000019 1.35999990 0.00500000
v -0.80000019 1.35999990 0.00500000
v -0.80000019 1.35999990 0.00500000
v -0.80000019 1.35999990 0.01499999
v -0.80000019 1.35999990 0.01499999
v -0.80000019 1.35999990 0.01499999
v -0.78956723 1.35921800 0.00500000
v -0.78956723 1.35921800 0.00500000
v -0.78956723 1.35921800 0.01499999
v -0.78956723 1.35921800 0.01499999
v -0.77936733 1.35688996 0.01499999
v -0.77936733 1.35688996 0.01499999
v -0.77936733 1.35688996 0.00500000
v -0.77936733 1.35688996 0.00500000
v -0.76962835 1.35306764 0.00500000
v -0.76962835 1.35306764 0.00500000
v -0.76962835 1.35306764 0.01499999
v -0.76962835 1.35306764 0.01499999
v -0.76056778 1.34783661 0.01499999
v -0.76056778 1.34783661 0.01499999
v -0.76056778 1.34783661 0.00500000
v -0.76056778 1.34783661 0.00500000
v -0.75238812 1.34131336 0.00500000
v -0.75238812 1.34131336 0.00500000
v -0.75238812 1.34131336 0.01499999
v -0.75238812 1.34131336 0.01499999
v -0.74527204 1.33364403 0.00500000
v -0.74527204 1.33364403 0.00500000
v -0.74527204 1.33364403 0.01499999
v -0.74527204 1.33364403 0.01499999
v -0.73937845 1.32499981 0.00500000
v -0.73937845 1.32499981 0.00500000
v -0.73937845 1.32499981 0.01499999
v -0.73937845 1.32499981 0.01499999
v -0.73937845 1.32499981 0.01499999
v -0.73483902 1.31557369 0.00500000
v -0.73483902 1.31557369 0.00500000
v -0.73483902 1.31557369 0.01499999
v -0.73483902 1.31557369 0.01499999
v -0.73483902 1.31557369 0.01499999
v -0.73483902 1.31557369 0.01499999
v -0.73175526 1.30557632 0.00500000
v -0.73175526 1.30557632 0.00500000
v -0.73175526 1.30557632 0.01499999
v -0.73175526 1.30557632 0.01499999
v -0.73019594 1.29523098 0.01499999
v -0.73019594 1.29523098 0.01499999
v -0.73019594 1.29523098 0.00500000
v -0.73019594 1.29523098 0.00500000
v -0.73019594 1.28476882 0.01499999
v -0.73019594 1.28476882 0.01499999
v -0.73019594 1.28476882 0.00500000
v -0.73019594 1.28476882 0.00500000
v -0.73175526 1.27442348 0.01499999
v -0.73175526 1.27442348 0.01499999
v -0.73175526 1.27442348 0.00500000
v -0.73175526 1.27442348 0.00500000
v -0.73483902 1.26442599 0.01499999
v -0.73483902 1.26442599 0.01499999
v -0.73483902 1.26442599 0.01499999
v -0.73483902 1.26442599 0.00500000
v -0.73483902 1.26442599 0.00500000
v -0.73937845 1.25499988 0.00500000
v -0.73937845 1.25499988 0.00500000
v -0.73937845 1.25499988 0.01499999
v -0.73937845 1.25499988 0.01499999
v -0.73937845 1.25499988 0.01499999
v -0.74527204 1.24635565 0.00500000
v -0.74527204 1.24635565 0.00500000
v -0.74527204 1.24635565 0.01499999
v -0.74527204 1.24635565 0.01499999
v -0.75238812 1.23868632 0.01499999
v -0.75238812 1.23868632 0.01499999
v -0.75238812 1.23868632 0.00500000
v -0.75238812 1.23868632 0.00500000
v -0.76056778 1.23216319 0.00500000
v -0.76056778 1.23216319 0.00500000
v -0.76056778 1.23216319 0.01499999
v -0.76056778 1.23216319 0.01499999
v -0.76962835 1.22693205 0.00500000
v -0.76962835 1.22693205 0.00500000
v -0.76962835 1.22693205 0.01499999
v -0.76962835 1.22693205 0.01499999
v -0.77936733 1.22310972 0.01499999
v -0.77936733 1.22310972 0.01499999
v -0.77936733 1.22310972 0.00500000
v -0.77936733 1.22310972 0.00500000
v -0.78956723 1.22078168 0.00500000
v -0.78956723 1.22078168 0.00500000
v -0.78956723 1.22078168 0.01499999
v -0.78956723 1.22078168 0.01499999
v -0.76968390 1.25674450 0.01499999
v -0.76968390 1.25674450 0.01499999
v -0.76408946 1.26288128 0.01499999
v -0.76408946 1.26288128 0.01499999
v -0.77631074 1.25174010 0.01499999
v -0.77631074 1.25174010 0.01499999
v -0.75971788 1.26994169 0.01499999
v -0.75971788 1.26994169 0.01499999
v -0.75971788 1.26994169 0.01499999
v -0.78374433 1.24803865 0.01499999
v -0.78374433 1.24803865 0.01499999
v -0.75671804 1.27768505 0.01499999
v -0.75671804 1.27768505 0.01499999
v -0.79173148 1.24576616 0.01499999
v -0.79173148 1.24576616 0.01499999
v -0.75519216 1.28584778 0.01499999
v -0.75519216 1.28584778 0.01499999
v -0.75519216 1.29415190 0.01499999
v -0.75519216 1.29415190 0.01499999
v -0.75671804 1.30231464 0.01499999
v -0.75671804 1.30231464 0.01499999
v -0.75671804 1.30231464 0.01499999
v -0.75971788 1.31005812 0.01499999
v -0.75971788 1.31005812 0.01499999
v -0.75971788 1.31005812 0.01499999
v -0.75971788 1.31005812 0.01499999
v -0.76408946 1.31711841 0.01499999
v -0.76408946 1.31711841 0.01499999
v -0.76968390 1.32325518 0.01499999
v -0.76968390 1.32325518 0.01499999
v -0.77631074 1.32825959 0.01499999
v -0.77631074 1.32825959 0.01499999
v -0.78374433 1.33196115 0.01499999
v -0.78374433 1.33196115 0.01499999
v -0.79173148 1.33423352 0.01499999
v -0.79173148 1.33423352 0.01499999
v -0.79173148 1.33423352 0.11500000
v -0.79173148 1.33423352 0.11500000
v -0.79173148 1.33423352 0.11500000
v -0.78374433 1.33196115 0.11500000
v -0.78374433 1.33196115 0.11500000
v -0.77631074 1.32825959 0.11500000
v -0.77631074 1.32825959 0.11500000
v -0.76968390 1.32325518 0.11500000
v -0.76968390 1.32325518 0.11500000
v -0.76408946 1.31711841 0.11500000
v -0.76408946 1.31711841 0.11500000
v -0.75971788 1.31005812 0.11500000
v -0.75971788 1.31005812 0.11500000
v -0.75671804 1.30231464 0.11500000
v -0.75671804 1.30231464 0.11500000
v -0.75519216 1.29415190 0.11500000
v -0.75519216 1.29415190 0.11500000
v -0.75519216 1.28584778 0.11500000
v -0.75519216 1.28584778 0.11500000
v -0.75519216 1.28584778 0.11500000
v -0.75671804 1.27768505 0.11500000
v -0.75671804 1.27768505 0.11500000
v -0.75971788 1.26994169 0.11500000
v -0.75971788 1.26994169 0.11500000
v -0.75971788 1.26994169 0.11500000
v -0.76408946 1.26288128 0.11500000
v -0.76408946 1.26288128 0.11500000
v -0.76968390 1.25674450 0.11500000
v -0.76968390 1.25674450 0.11500000
v -0.77631074 1.25174010 0.11500000
v -0.77631074 1.25174010 0.11500000
v -0.78374433 1.24803865 0.11500000
v -0.78374433 1.24803865 0.11500000
v -0.79173148 1.24576616 0.11500000
v -0.79173148 1.24576616 0.11500000
v -0.79173148 1.24576616 0.11500000
v -0.79131782 1.33924019 0.34549999
v -0.79131782 1.33924019 0.34549999
v -0.79131782 1.33924019 0.34549999
v -0.79131782 1.33924019 0.34549999
v -0.79131782 1.33924019 0.11500000
v -0.79131782 1.33924019 0.11500000
v -0.79131782 1.33924019 0.11500000
v -0.78289920 1.33698440 0.11500000
v -0.78289920 1.33698440 0.11500000
v -0.78289920 1.33698440 0.34549999
v -0.78289920 1.33698440 0.34549999
v -0.78289920 1.33698440 0.34549999
v -0.78289920 1.33698440 0.34549999
v -0.78289920 1.33698440 0.34549999
v -0.77500022 1.33330107 0.34549999
v -0.77500022 1.33330107 0.34549999
v -0.77500022 1.33330107 0.34549999
v -0.77500022 1.33330107 0.34549999
v -0.77500022 1.33330107 0.11500000
v -0.77500022 1.33330107 0.11500000
v -0.76786083 1.32830203 0.11500000
v -0.76786083 1.32830203 0.11500000
v -0.76786083 1.32830203 0.34549999
v -0.76786083 1.32830203 0.34549999
v -0.76169801 1.32213926 0.11500000
v -0.76169801 1.32213926 0.11500000
v -0.76169801 1.32213926 0.34549999
v -0.76169801 1.32213926 0.34549999
v -0.76169801 1.32213926 0.34549999
v -0.75669897 1.31499982 0.11500000
v -0.75669897 1.31499982 0.11500000
v -0.75669897 1.31499982 0.34549999
v -0.75669897 1.31499982 0.34549999
v -0.75669897 1.31499982 0.34549999
v -0.75669897 1.31499982 0.34549999
v -0.75669897 1.31499982 0.34549999
v -0.75669897 1.31499982 0.34549999
v -0.75301558 1.30710077 0.11500000
v -0.75301558 1.30710077 0.11500000
v -0.75301558 1.30710077 0.34549999
v -0.75301558 1.30710077 0.34549999
v -0.75301558 1.30710077 0.34549999
v -0.75301558 1.30710077 0.34549999
v -0.75075984 1.29868221 0.11500000
v -0.75075984 1.29868221 0.11500000
v -0.75075984 1.29868221 0.34549999
v -0.75075984 1.29868221 0.34549999
v -0.75000024 1.28999984 0.11500000
v -0.75000024 1.28999984 0.11500000
v -0.75000024 1.28999984 0.11500000
v -0.75000024 1.28999984 0.34549999
v -0.75000024 1.28999984 0.34549999
v -0.75000024 1.28999984 0.34549999
v -0.75075984 1.28131747 0.34549999
v -0.75075984 1.28131747 0.34549999
v -0.75075984 1.28131747 0.34549999
v -0.75075984 1.28131747 0.34549999
v -0.75075984 1.28131747 0.11500000
v -0.75075984 1.28131747 0.11500000
v -0.75075984 1.28131747 0.11500000
v -0.75301558 1.27289891 0.11500000
v -0.75301558 1.27289891 0.11500000
v -0.75301558 1.27289891 0.11500000
v -0.75301558 1.27289891 0.34549999
v -0.75301558 1.27289891 0.34549999
v -0.75301558 1.27289891 0.34549999
v -0.75669897 1.26499987 0.11500000
v -0.75669897 1.26499987 0.11500000
v -0.75669897 1.26499987 0.11500000
v -0.75669897 1.26499987 0.34549999
v -0.75669897 1.26499987 0.34549999
v -0.75669897 1.26499987 0.34549999
v -0.75669897 1.26499987 0.34549999
v -0.75669897 1.26499987 0.34549999
v -0.75669897 1.26499987 0.34549999
v -0.75669897 1.26499987 0.34549999
v -0.76169801 1.25786054 0.11500000
v -0.76169801 1.25786054 0.11500000
v -0.76169801 1.25786054 0.34549999
v -0.76169801 1.25786054 0.34549999
v -0.76786083 1.25169766 0.11500000
v -0.76786083 1.25169766 0.11500000
v -0.76786083 1.25169766 0.34549999
v -0.76786083 1.25169766 0.34549999
v -0.76786083 1.25169766 0.34549999
v -0.77500022 1.24669862 0.11500000
v -0.77500022 1.24669862 0.11500000
v -0.77500022 1.24669862 0.34549999
v -0.77500022 1.24669862 0.34549999
v -0.78289920 1.24301529 0.34549999
v -0.78289920 1.24301529 0.34549999
v -0.78289920 1.24301529 0.34549999
v -0.78289920 1.24301529 0.34549999
v -0.78289920 1.24301529 0.34549999
v -0.78289920 1.24301529 0.34549999
v -0.78289920 1.24301529 0.34549999
v -0.78289920 1.24301529 0.11500000
v -0.78289920 1.24301529 0.11500000
v -0.79131782 1.24075949 0.11500000
v -0.79131782 1.24075949 0.11500000
v -0.79131782 1.24075949 0.11500000
v -0.79131782 1.24075949 0.34549999
v -0.79131782 1.24075949 0.34549999
v -0.79131782 1.24075949 0.34549999
v -0.79131782 1.24075949 0.34549999
v -0.40868256 1.24075961 0.11500000
v -0.40868256 1.24075961 0.11500000
v -0.40868256 1.24075961 0.11500000
v -0.40000019 1.24000001 0.34549999
v -0.40000019 1.24000001 0.34549999
v -0.40000019 1.24000001 0.34549999
v -0.40868256 1.24075961 0.34549999
v -0.40868256 1.24075961 0.34549999
v -0.40868256 1.24075961 0.34549999
v -0.40000019 1.24000001 0.11500000
v -0.40000019 1.24000001 0.11500000
v -0.40000019 1.24000001 0.11500000
v -0.41710115 1.24301529 0.11500000
v -0.41710115 1.24301529 0.11500000
v -0.41710115 1.24301529 0.11500000
v -0.41710115 1.24301529 0.34549999
v -0.41710115 1.24301529 0.34549999
v -0.41710115 1.24301529 0.34549999
v -0.41710115 1.24301529 0.34549999
v -0.41710115 1.24301529 0.34549999
v -0.42500016 1.24669874 0.11500000
v -0.42500016 1.24669874 0.11500000
v -0.42500016 1.24669874 0.34549999
v -0.42500016 1.24669874 0.34549999
v -0.43213955 1.25169778 0.11500000
v -0.43213955 1.25169778 0.11500000
v -0.43213955 1.25169778 0.34549999
v -0.43213955 1.25169778 0.34549999
v -0.43213955 1.25169778 0.34549999
v -0.43213955 1.25169778 0.34549999
v -0.43830237 1.25786054 0.11500000
v -0.43830237 1.25786054 0.11500000
v -0.43830237 1.25786054 0.34549999
v -0.43830237 1.25786054 0.34549999
v -0.44330141 1.26499999 0.11500000
v -0.44330141 1.26499999 0.11500000
v -0.44330141 1.26499999 0.11500000
v -0.44330141 1.26499999 0.34549999
v -0.44330141 1.26499999 0.34549999
v -0.44698480 1.27289903 0.34549999
v -0.44698480 1.27289903 0.34549999
v -0.44698480 1.27289903 0.11500000
v -0.44698480 1.27289903 0.11500000
v -0.44698480 1.27289903 0.11500000
v -0.44924053 1.28131759 0.11500000
v -0.44924053 1.28131759 0.11500000
v -0.44924053 1.28131759 0.34549999
v -0.44924053 1.28131759 0.34549999
v -0.44924053 1.28131759 0.34549999
v -0.45000014 1.28999996 0.11500000
v -0.45000014 1.28999996 0.11500000
v -0.45000014 1.28999996 0.34549999
v -0.45000014 1.28999996 0.34549999
v -0.45000014 1.28999996 0.34549999
v -0.44924053 1.29868233 0.11500000
v -0.44924053 1.29868233 0.11500000
v -0.44924053 1.29868233 0.34549999
v -0.44924053 1.29868233 0.34549999
v -0.44698480 1.30710089 0.11500000
v -0.44698480 1.30710089 0.11500000
v -0.44698480 1.30710089 0.34549999
v -0.44698480 1.30710089 0.34549999
v -0.44698480 1.30710089 0.34549999
v -0.44698480 1.30710089 0.34549999
v -0.44698480 1.30710089 0.34549999
v -0.44698480 1.30710089 0.34549999
v -0.44698480 1.30710089 0.34549999
v -0.44698480 1.30710089 0.34549999
v -0.44330141 1.31499994 0.11500000
v -0.44330141 1.31499994 0.11500000
v -0.44330141 1.31499994 0.34549999
v -0.44330141 1.31499994 0.34549999
v -0.43830237 1.32213926 0.34549999
v -0.43830237 1.32213926 0.34549999
v -0.43830237 1.32213926 0.34549999
v -0.43830237 1.32213926 0.34549999
v -0.43830237 1.32213926 0.11500000
v -0.43830237 1.32213926 0.11500000
v -0.43213955 1.32830215 0.11500000
v -0.43213955 1.32830215 0.11500000
v -0.43213955 1.32830215 0.34549999
v -0.43213955 1.32830215 0.34549999
v -0.43213955 1.32830215 0.34549999
v -0.43213955 1.32830215 0.34549999
v -0.43213955 1.32830215 0.34549999
v -0.43213955 1.32830215 0.34549999
v -0.43213955 1.32830215 0.34549999
v -0.42500016 1.33330119 0.11500000
v -0.42500016 1.33330119 0.11500000
v -0.42500016 1.33330119 0.34549999
v -0.42500016 1.33330119 0.34549999
v -0.41710117 1.33698452 0.11500000
v -0.41710117 1.33698452 0.11500000
v -0.41710117 1.33698452 0.11500000
v -0.41710117 1.33698452 0.34549999
v -0.41710117 1.33698452 0.34549999
v -0.41710117 1.33698452 0.34549999
v -0.40868256 1.33924031 0.11500000
v -0.40868256 1.33924031 0.11500000
v -0.40868256 1.33924031 0.11500000
v -0.40868256 1.33924031 0.34549999
v -0.40868256 1.33924031 0.34549999
v -0.40868256 1.33924031 0.34549999
v -0.40868256 1.33924031 0.34549999
v -0.40000019 1.33999991 0.34549999
v -0.40000019 1.33999991 0.34549999
v -0.40000019 1.33999991 0.34549999
v -0.40000019 1.33999991 0.11500000
v -0.40000019 1.33999991 0.11500000
v -0.40000019 1.33999991 0.11500000
v -0.40826890 1.24576628 0.01499999
v -0.40826890 1.24576628 0.01499999
v -0.40000019 1.24500000 0.11500000
v -0.40000019 1.24500000 0.11500000
v -0.40000019 1.24500000 0.11500000
v -0.40000019 1.24500000 0.11500000
v -0.40826890 1.24576628 0.11500000
v -0.40826890 1.24576628 0.11500000
v -0.40826890 1.24576628 0.11500000
v -0.40000019 1.24500000 0.01499999
v -0.40000019 1.24500000 0.01499999
v -0.40000019 1.24500000 0.01499999
v -0.41625604 1.24803877 0.01499999
v -0.41625604 1.24803877 0.01499999
v -0.41625604 1.24803877 0.11500000
v -0.41625604 1.24803877 0.11500000
v -0.42368960 1.25174022 0.11500000
v -0.42368960 1.25174022 0.11500000
v -0.42368960 1.25174022 0.01499999
v -0.42368960 1.25174022 0.01499999
v -0.42368960 1.25174022 0.01499999
v -0.43031648 1.25674462 0.01499999
v -0.43031648 1.25674462 0.01499999
v -0.43031648 1.25674462 0.01499999
v -0.43031648 1.25674462 0.11500000
v -0.43031648 1.25674462 0.11500000
v -0.43591091 1.26288140 0.01499999
v -0.43591091 1.26288140 0.01499999
v -0.43591091 1.26288140 0.11500000
v -0.43591091 1.26288140 0.11500000
v -0.44028249 1.26994181 0.01499999
v -0.44028249 1.26994181 0.01499999
v -0.44028249 1.26994181 0.11500000
v -0.44028249 1.26994181 0.11500000
v -0.44028249 1.26994181 0.11500000
v -0.44328234 1.27768517 0.01499999
v -0.44328234 1.27768517 0.01499999
v -0.44328234 1.27768517 0.11500000
v -0.44328234 1.27768517 0.11500000
v -0.44480822 1.28584790 0.01499999
v -0.44480822 1.28584790 0.01499999
v -0.44480822 1.28584790 0.11500000
v -0.44480822 1.28584790 0.11500000
v -0.44480822 1.29415202 0.01499999
v -0.44480822 1.29415202 0.01499999
v -0.44480822 1.29415202 0.11500000
v -0.44480822 1.29415202 0.11500000
v -0.44328234 1.30231476 0.01499999
v -0.44328234 1.30231476 0.01499999
v -0.44328234 1.30231476 0.11500000
v -0.44328234 1.30231476 0.11500000
v -0.44028249 1.31005812 0.11500000
v -0.44028249 1.31005812 0.11500000
v -0.44028249 1.31005812 0.01499999
v -0.44028249 1.31005812 0.01499999
v -0.44028249 1.31005812 0.01499999
v -0.43591091 1.31711853 0.11500000
v -0.43591091 1.31711853 0.11500000
v -0.43591091 1.31711853 0.01499999
v -0.43591091 1.31711853 0.01499999
v -0.43591091 1.31711853 0.01499999
v -0.43031648 1.32325530 0.01499999
v -0.43031648 1.32325530 0.01499999
v -0.43031648 1.32325530 0.11500000
v -0.43031648 1.32325530 0.11500000
v -0.42368963 1.32825971 0.01499999
v -0.42368963 1.32825971 0.01499999
v -0.42368963 1.32825971 0.11500000
v -0.42368963 1.32825971 0.11500000
v -0.41625604 1.33196115 0.01499999
v -0.41625604 1.33196115 0.01499999
v -0.41625604 1.33196115 0.11500000
v -0.41625604 1.33196115 0.11500000
v -0.40826890 1.33423364 0.11500000
v -0.40826890 1.33423364 0.11500000
v -0.40826890 1.33423364 0.11500000
v -0.40826890 1.33423364 0.01499999
v -0.40826890 1.33423364 0.01499999
v -0.40000019 1.33499992 0.01499999
v -0.40000019 1.33499992 0.01499999
v -0.40000019 1.33499992 0.01499999
v -0.40000019 1.33499992 0.11500000
v -0.40000019 1.33499992 0.11500000
v -0.40000019 1.33499992 0.11500000
v -0.40000019 1.33499992 0.11500000
v -0.41043311 1.22078180 0.00500000
v -0.41043311 1.22078180 0.00500000
v -0.40000019 1.22000003 0.01499999
v -0.40000019 1.22000003 0.01499999
v -0.40000019 1.22000003 0.01499999
v -0.41043311 1.22078180 0.01499999
v -0.41043311 1.22078180 0.01499999
v -0.40000019 1.22000003 0.00500000
v -0.40000019 1.22000003 0.00500000
v -0.40000019 1.22000003 0.00500000
v -0.42063305 1.22310996 0.00500000
v -0.42063305 1.22310996 0.00500000
v -0.42063305 1.22310996 0.01499999
v -0.42063305 1.22310996 0.01499999
v -0.43037200 1.22693217 0.00500000
v -0.43037200 1.22693217 0.00500000
v -0.43037200 1.22693217 0.01499999
v -0.43037200 1.22693217 0.01499999
v -0.43943256 1.23216319 0.01499999
v -0.43943256 1.23216319 0.01499999
v -0.43943256 1.23216319 0.01499999
v -0.43943256 1.23216319 0.00500000
v -0.43943256 1.23216319 0.00500000
v -0.44761226 1.23868632 0.01499999
v -0.44761226 1.23868632 0.01499999
v -0.44761226 1.23868632 0.00500000
v -0.44761226 1.23868632 0.00500000
v -0.45472833 1.24635577 0.00500000
v -0.45472833 1.24635577 0.00500000
v -0.45472833 1.24635577 0.01499999
v -0.45472833 1.24635577 0.01499999
v -0.46062192 1.25500000 0.00500000
v -0.46062192 1.25500000 0.00500000
v -0.46062192 1.25500000 0.01499999
v -0.46062192 1.25500000 0.01499999
v -0.46516135 1.26442611 0.00500000
v -0.46516135 1.26442611 0.00500000
v -0.46516135 1.26442611 0.01499999
v -0.46516135 1.26442611 0.01499999
v -0.46824512 1.27442348 0.00500000
v -0.46824512 1.27442348 0.00500000
v -0.46824512 1.27442348 0.01499999
v -0.46824512 1.27442348 0.01499999
v -0.46980444 1.28476882 0.00500000
v -0.46980444 1.28476882 0.00500000
v -0.46980444 1.28476882 0.01499999
v -0.46980444 1.28476882 0.01499999
v -0.46980444 1.29523098 0.01499999
v -0.46980444 1.29523098 0.01499999
v -0.46980444 1.29523098 0.00500000
v -0.46980444 1.29523098 0.00500000
v -0.46824512 1.30557632 0.00500000
v -0.46824512 1.30557632 0.00500000
v -0.46824512 1.30557632 0.01499999
v -0.46824512 1.30557632 0.01499999
v -0.46516135 1.31557381 0.01499999
v -0.46516135 1.31557381 0.01499999
v -0.46516135 1.31557381 0.01499999
v -0.46516135 1.31557381 0.00500000
v -0.46516135 1.31557381 0.00500000
v -0.46062192 1.32499993 0.01499999
v -0.46062192 1.32499993 0.01499999
v -0.46062192 1.32499993 0.01499999
v -0.46062192 1.32499993 0.01499999
v -0.46062192 1.32499993 0.00500000
v -0.46062192 1.32499993 0.00500000
v -0.45472833 1.33364415 0.00500000
v -0.45472833 1.33364415 0.00500000
v -0.45472833 1.33364415 0.01499999
v -0.45472833 1.33364415 0.01499999
v -0.45472833 1.33364415 0.01499999
v -0.44761226 1.34131348 0.01499999
v -0.44761226 1.34131348 0.01499999
v -0.44761226 1.34131348 0.00500000
v -0.44761226 1.34131348 0.00500000
v -0.43943259 1.34783661 0.00500000
v -0.43943259 1.34783661 0.00500000
v -0.43943259 1.34783661 0.01499999
v -0.43943259 1.34783661 0.01499999
v -0.43037203 1.35306776 0.00500000
v -0.43037203 1.35306776 0.00500000
v -0.43037203 1.35306776 0.01499999
v -0.43037203 1.35306776 0.01499999
v -0.42063305 1.35688996 0.01499999
v -0.42063305 1.35688996 0.01499999
v -0.42063305 1.35688996 0.00500000
v -0.42063305 1.35688996 0.00500000
v -0.41043314 1.35921812 0.01499999
v -0.41043314 1.35921812 0.01499999
v -0.41043314 1.35921812 0.00500000
v -0.41043314 1.35921812 0.00500000
v -0.40000019 1.35999990 0.00500000
v -0.40000019 1.35999990 0.00500000
v -0.40000019 1.35999990 0.00500000
v -0.40000019 1.35999990 0.01499999
v -0.40000019 1.35999990 0.01499999
v -0.40000019 1.35999990 0.01499999
v -0.38956726 1.35921812 0.00500000
v -0.38956726 1.35921812 0.00500000
v -0.38956726 1.35921812 0.01499999
v -0.38956726 1.35921812 0.01499999
v -0.37936732 1.35688996 0.01499999
v -0.37936732 1.35688996 0.01499999
v -0.37936732 1.35688996 0.00500000
v -0.37936732 1.35688996 0.00500000
v -0.36962837 1.35306776 0.00500000
v -0.36962837 1.35306776 0.00500000
v -0.36962837 1.35306776 0.01499999
v -0.36962837 1.35306776 0.01499999
v -0.36056781 1.34783673 0.01499999
v -0.36056781 1.34783673 0.01499999
v -0.36056781 1.34783673 0.00500000
v -0.36056781 1.34783673 0.00500000
v -0.35238811 1.34131360 0.00500000
v -0.35238811 1.34131360 0.00500000
v -0.35238811 1.34131360 0.01499999
v -0.35238811 1.34131360 0.01499999
v -0.34527203 1.33364415 0.00500000
v -0.34527203 1.33364415 0.00500000
v -0.34527203 1.33364415 0.01499999
v -0.34527203 1.33364415 0.01499999
v -0.33937845 1.32499993 0.00500000
v -0.33937845 1.32499993 0.00500000
v -0.33937845 1.32499993 0.01499999
v -0.33937845 1.32499993 0.01499999
v -0.33937845 1.32499993 0.01499999
v -0.33483902 1.31557381 0.00500000
v -0.33483902 1.31557381 0.00500000
v -0.33483902 1.31557381 0.01499999
v -0.33483902 1.31557381 0.01499999
v -0.33483902 1.31557381 0.01499999
v -0.33483902 1.31557381 0.01499999
v -0.33175525 1.30557644 0.00500000
v -0.33175525 1.30557644 0.00500000
v -0.33175525 1.30557644 0.01499999
v -0.33175525 1.30557644 0.01499999
v -0.33019593 1.29523110 0.01499999
v -0.33019593 1.29523110 0.01499999
v -0.33019593 1.29523110 0.00500000
v -0.33019593 1.29523110 0.00500000
v -0.33019593 1.28476894 0.01499999
v -0.33019593 1.28476894 0.01499999
v -0.33019593 1.28476894 0.00500000
v -0.33019593 1.28476894 0.00500000
v -0.33175525 1.27442360 0.01499999
v -0.33175525 1.27442360 0.01499999
v -0.33175525 1.27442360 0.00500000
v -0.33175525 1.27442360 0.00500000
v -0.33483902 1.26442611 0.01499999
v -0.33483902 1.26442611 0.01499999
v -0.33483902 1.26442611 0.01499999
v -0.33483902 1.26442611 0.00500000
v -0.33483902 1.26442611 0.00500000
v -0.33937845 1.25500000 0.00500000
v -0.33937845 1.25500000 0.00500000
v -0.33937845 1.25500000 0.01499999
v -0.33937845 1.25500000 0.01499999
v -0.33937845 1.25500000 0.01499999
v -0.34527203 1.24635577 0.00500000
v -0.34527203 1.24635577 0.00500000
v -0.34527203 1.24635577 0.01499999
v -0.34527203 1.24635577 0.01499999
v -0.35238811 1.23868644 0.01499999
v -0.35238811 1.23868644 0.01499999
v -0.35238811 1.23868644 0.00500000
v -0.35238811 1.23868644 0.00500000
v -0.36056778 1.23216331 0.00500000
v -0.36056778 1.23216331 0.00500000
v -0.36056778 1.23216331 0.01499999
v -0.36056778 1.23216331 0.01499999
v -0.36962834 1.22693217 0.00500000
v -0.36962834 1.22693217 0.00500000
v -0.36962834 1.22693217 0.01499999
v -0.36962834 1.22693217 0.01499999
v -0.37936732 1.22310996 0.01499999
v -0.37936732 1.22310996 0.01499999
v -0.37936732 1.22310996 0.00500000
v -0.37936732 1.22310996 0.00500000
v -0.38956723 1.22078180 0.00500000
v -0.38956723 1.22078180 0.00500000
v -0.38956723 1.22078180 0.01499999
v -0.38956723 1.22078180 0.01499999
v -0.36968389 1.25674462 0.01499999
v -0.36968389 1.25674462 0.01499999
v -0.36408946 1.26288140 0.01499999
v -0.36408946 1.26288140 0.01499999
v -0.37631074 1.25174022 0.01499999
v -0.37631074 1.25174022 0.01499999
v -0.35971788 1.26994181 0.01499999
v -0.35971788 1.26994181 0.01499999
v -0.35971788 1.26994181 0.01499999
v -0.38374433 1.24803877 0.01499999
v -0.38374433 1.24803877 0.01499999
v -0.35671803 1.27768517 0.01499999
v -0.35671803 1.27768517 0.01499999
v -0.39173147 1.24576628 0.01499999
v -0.39173147 1.24576628 0.01499999
v -0.35519216 1.28584790 0.01499999
v -0.35519216 1.28584790 0.01499999
v -0.35519216 1.29415202 0.01499999
v -0.35519216 1.29415202 0.01499999
v -0.35671803 1.30231476 0.01499999
v -0.35671803 1.30231476 0.01499999
v -0.35671803 1.30231476 0.01499999
v -0.35971788 1.31005812 0.01499999
v -0.35971788 1.31005812 0.01499999
v -0.35971788 1.31005812 0.01499999
v -0.35971788 1.31005812 0.01499999
v -0.36408946 1.31711853 0.01499999
v -0.36408946 1.31711853 0.01499999
v -0.36968389 1.32325530 0.01499999
v -0.36968389 1.32325530 0.01499999
v -0.37631077 1.32825971 0.01499999
v -0.37631077 1.32825971 0.01499999
v -0.38374433 1.33196115 0.01499999
v -0.38374433 1.33196115 0.01499999
v -0.39173147 1.33423364 0.01499999
v -0.39173147 1.33423364 0.01499999
v -0.39173147 1.33423364 0.11500000
v -0.39173147 1.33423364 0.11500000
v -0.39173147 1.33423364 0.11500000
v -0.38374433 1.33196115 0.11500000
v -0.38374433 1.33196115 0.11500000
v -0.37631077 1.32825971 0.11500000
v -0.37631077 1.32825971 0.11500000
v -0.36968389 1.32325530 0.11500000
v -0.36968389 1.32325530 0.11500000
v -0.36408946 1.31711853 0.11500000
v -0.36408946 1.31711853 0.11500000
v -0.35971788 1.31005812 0.11500000
v -0.35971788 1.31005812 0.11500000
v -0.35671803 1.30231476 0.11500000
v -0.35671803 1.30231476 0.11500000
v -0.35519216 1.29415202 0.11500000
v -0.35519216 1.29415202 0.11500000
v -0.35519216 1.28584790 0.11500000
v -0.35519216 1.28584790 0.11500000
v -0.35519216 1.28584790 0.11500000
v -0.35671803 1.27768517 0.11500000
v -0.35671803 1.27768517 0.11500000
v -0.35971788 1.26994181 0.11500000
v -0.35971788 1.26994181 0.11500000
v -0.35971788 1.26994181 0.11500000
v -0.36408946 1.26288140 0.11500000
v -0.36408946 1.26288140 0.11500000
v -0.36968389 1.25674462 0.11500000
v -0.36968389 1.25674462 0.11500000
v -0.37631074 1.25174022 0.11500000
v -0.37631074 1.25174022 0.11500000
v -0.38374433 1.24803877 0.11500000
v -0.38374433 1.24803877 0.11500000
v -0.39173147 1.24576628 0.11500000
v -0.39173147 1.24576628 0.11500000
v -0.39173147 1.24576628 0.11500000
v -0.39131782 1.33924031 0.34549999
v -0.39131782 1.33924031 0.34549999
v -0.39131782 1.33924031 0.34549999
v -0.39131782 1.33924031 0.34549999
v -0.39131782 1.33924031 0.11500000
v -0.39131782 1.33924031 0.11500000
v -0.39131782 1.33924031 0.11500000
v -0.38289923 1.33698463 0.11500000
v -0.38289923 1.33698463 0.11500000
v -0.38289923 1.33698463 0.34549999
v -0.38289923 1.33698463 0.34549999
v -0.38289923 1.33698463 0.34549999
v -0.38289923 1.33698463 0.34549999
v -0.38289923 1.33698463 0.34549999
v -0.37500021 1.33330119 0.34549999
v -0.37500021 1.33330119 0.34549999
v -0.37500021 1.33330119 0.34549999
v -0.37500021 1.33330119 0.34549999
v -0.37500021 1.33330119 0.11500000
v -0.37500021 1.33330119 0.11500000
v -0.36786082 1.32830215 0.11500000
v -0.36786082 1.32830215 0.11500000
v -0.36786082 1.32830215 0.34549999
v -0.36786082 1.32830215 0.34549999
v -0.36169800 1.32213938 0.11500000
v -0.36169800 1.32213938 0.11500000
v -0.36169800 1.32213938 0.34549999
v -0.36169800 1.32213938 0.34549999
v -0.36169800 1.32213938 0.34549999
v -0.35669896 1.31499994 0.11500000
v -0.35669896 1.31499994 0.11500000
v -0.35669896 1.31499994 0.34549999
v -0.35669896 1.31499994 0.34549999
v -0.35669896 1.31499994 0.34549999
v -0.35669896 1.31499994 0.34549999
v -0.35669896 1.31499994 0.34549999
v -0.35669896 1.31499994 0.34549999
v -0.35301557 1.30710089 0.11500000
v -0.35301557 1.30710089 0.11500000
v -0.35301557 1.30710089 0.34549999
v -0.35301557 1.30710089 0.34549999
v -0.35301557 1.30710089 0.34549999
v -0.35301557 1.30710089 0.34549999
v -0.35075983 1.29868233 0.11500000
v -0.35075983 1.29868233 0.11500000
v -0.35075983 1.29868233 0.34549999
v -0.35075983 1.29868233 0.34549999
v -0.35000023 1.28999996 0.11500000
v -0.35000023 1.28999996 0.11500000
v -0.35000023 1.28999996 0.11500000
v -0.35000023 1.28999996 0.34549999
v -0.35000023 1.28999996 0.34549999
v -0.35000023 1.28999996 0.34549999
v -0.35075983 1.28131759 0.34549999
v -0.35075983 1.28131759 0.34549999
v -0.35075983 1.28131759 0.34549999
v -0.35075983 1.28131759 0.34549999
v -0.35075983 1.28131759 0.11500000
v -0.35075983 1.28131759 0.11500000
v -0.35075983 1.28131759 0.11500000
v -0.35301557 1.27289903 0.11500000
v -0.35301557 1.27289903 0.11500000
v -0.35301557 1.27289903 0.11500000
v -0.35301557 1.27289903 0.34549999
v -0.35301557 1.27289903 0.34549999
v -0.35301557 1.27289903 0.34549999
v -0.35669896 1.26499999 0.11500000
v -0.35669896 1.26499999 0.11500000
v -0.35669896 1.26499999 0.11500000
v -0.35669896 1.26499999 0.34549999
v -0.35669896 1.26499999 0.34549999
v -0.35669896 1.26499999 0.34549999
v -0.35669896 1.26499999 0.34549999
v -0.35669896 1.26499999 0.34549999
v -0.35669896 1.26499999 0.34549999
v -0.35669896 1.26499999 0.34549999
v -0.36169800 1.25786066 0.11500000
v -0.36169800 1.25786066 0.11500000
v -0.36169800 1.25786066 0.34549999
v -0.36169800 1.25786066 0.34549999
v -0.36786082 1.25169778 0.11500000
v -0.36786082 1.25169778 0.11500000
v -0.36786082 1.25169778 0.34549999
v -0.36786082 1.25169778 0.34549999
v -0.36786082 1.25169778 0.34549999
v -0.37500021 1.24669874 0.11500000
v -0.37500021 1.24669874 0.11500000
v -0.37500021 1.24669874 0.34549999
v -0.37500021 1.24669874 0.34549999
v -0.38289920 1.24301541 0.34549999
v -0.38289920 1.24301541 0.34549999
v -0.38289920 1.24301541 0.34549999
v -0.38289920 1.24301541 0.34549999
v -0.38289920 1.24301541 0.34549999
v -0.38289920 1.24301541 0.34549999
v -0.38289920 1.24301541 0.34549999
v -0.38289920 1.24301541 0.11500000
v -0.38289920 1.24301541 0.11500000
v -0.39131782 1.24075961 0.11500000
v -0.39131782 1.24075961 0.11500000
v -0.39131782 1.24075961 0.11500000
v -0.39131782 1.24075961 0.34549999
v -0.39131782 1.24075961 0.34549999
v -0.39131782 1.24075961 0.34549999
v -0.39131782 1.24075961 0.34549999
v 0.40868256 -1.24075961 0.11500000
v 0.40868256 -1.24075961 0.11500000
v 0.40868256 -1.24075961 0.11500000
v 0.40000019 -1.24000001 0.34549999
v 0.40000019 -1.24000001 0.34549999
v 0.40000019 -1.24000001 0.34549999
v 0.40868256 -1.24075961 0.34549999
v 0.40868256 -1.24075961 0.34549999
v 0.40868256 -1.24075961 0.34549999
v 0.40000019 -1.24000001 0.11500000
v 0.40000019 -1.24000001 0.11500000
v 0.40000019 -1.24000001 0.11500000
v 0.41710115 -1.24301529 0.11500000
v 0.41710115 -1.24301529 0.11500000
v 0.41710115 -1.24301529 0.11500000
v 0.41710115 -1.24301529 0.34549999
v 0.41710115 -1.24301529 0.34549999
v 0.41710115 -1.24301529 0.34549999
v 0.41710115 -1.24301529 0.34549999
v 0.41710115 -1.24301529 0.34549999
v 0.42500016 -1.24669874 0.11500000
v 0.42500016 -1.24669874 0.11500000
v 0.42500016 -1.24669874 0.34549999
v 0.42500016 -1.24669874 0.34549999
v 0.43213955 -1.25169778 0.11500000
v 0.43213955 -1.25169778 0.11500000
v 0.43213955 -1.25169778 0.34549999
v 0.43213955 -1.25169778 0.34549999
v 0.43213955 -1.25169778 0.34549999
v 0.43213955 -1.25169778 0.34549999
v 0.43830237 -1.25786054 0.11500000
v 0.43830237 -1.25786054 0.11500000
v 0.43830237 -1.25786054 0.34549999
v 0.43830237 -1.25786054 0.34549999
v 0.44330141 -1.26499999 0.11500000
v 0.44330141 -1.26499999 0.11500000
v 0.44330141 -1.26499999 0.11500000
v 0.44330141 -1.26499999 0.34549999
v 0.44330141 -1.26499999 0.34549999
v 0.44698480 -1.27289903 0.34549999
v 0.44698480 -1.27289903 0.34549999
v 0.44698480 -1.27289903 0.11500000
v 0.44698480 -1.27289903 0.11500000
v 0.44698480 -1.27289903 0.11500000
v 0.44924053 -1.28131759 0.11500000
v 0.44924053 -1.28131759 0.11500000
v 0.44924053 -1.28131759 0.34549999
v 0.44924053 -1.28131759 0.34549999
v 0.44924053 -1.28131759 0.34549999
v 0.45000014 -1.28999996 0.11500000
v 0.45000014 -1.28999996 0.11500000
v 0.45000014 -1.28999996 0.34549999
v 0.45000014 -1.28999996 0.34549999
v 0.45000014 -1.28999996 0.34549999
v 0.44924053 -1.29868233 0.11500000
v 0.44924053 -1.29868233 0.11500000
v 0.44924053 -1.29868233 0.34549999
v 0.44924053 -1.29868233 0.34549999
v 0.44698480 -1.30710089 0.11500000
v 0.44698480 -1.30710089 0.11500000
v 0.44698480 -1.30710089 0.34549999
v 0.44698480 -1.30710089 0.34549999
v 0.44698480 -1.30710089 0.34549999
v 0.44698480 -1.30710089 0.34549999
v 0.44698480 -1.30710089 0.34549999
v 0.44698480 -1.30710089 0.34549999
v 0.44698480 -1.30710089 0.34549999
v 0.44698480 -1.30710089 0.34549999
v 0.44330141 -1.31499994 0.11500000
v 0.44330141 -1.31499994 0.11500000
v 0.44330141 -1.31499994 0.34549999
v 0.44330141 -1.31499994 0.34549999
v 0.43830237 -1.32213926 0.34549999
v 0.43830237 -1.32213926 0.34549999
v 0.43830237 -1.32213926 0.34549999
v 0.43830237 -1.32213926 0.34549999
v 0.43830237 -1.32213926 0.11500000
v 0.43830237 -1.32213926 0.11500000
v 0.43213955 -1.32830215 0.11500000
v 0.43213955 -1.32830215 0.11500000
v 0.43213955 -1.32830215 0.34549999
v 0.43213955 -1.32830215 0.34549999
v 0.43213955 -1.32830215 0.34549999
v 0.43213955 -1.32830215 0.34549999
v 0.43213955 -1.32830215 0.34549999
v 0.43213955 -1.32830215 0.34549999
v 0.43213955 -1.32830215 0.34549999
v 0.42500016 -1.33330119 0.11500000
v 0.42500016 -1.33330119 0.11500000
v 0.42500016 -1.33330119 0.34549999
v 0.42500016 -1.33330119 0.34549999
v 0.41710117 -1.33698452 0.11500000
v 0.41710117 -1.33698452 0.11500000
v 0.41710117 -1.33698452 0.11500000
v 0.41710117 -1.33698452 0.34549999
v 0.41710117 -1.33698452 0.34549999
v 0.41710117 -1.33698452 0.34549999
v 0.40868256 -1.33924031 0.11500000
v 0.40868256 -1.33924031 0.11500000
v 0.40868256 -1.33924031 0.11500000
v 0.40868256 -1.33924031 0.34549999
v 0.40868256 -1.33924031 0.34549999
v 0.40868256 -1.33924031 0.34549999
v 0.40868256 -1.33924031 0.34549999
v 0.40000019 -1.33999991 0.34549999
v 0.40000019 -1.33999991 0.34549999
v 0.40000019 -1.33999991 0.34549999
v 0.40000019 -1.33999991 0.11500000
v 0.40000019 -1.33999991 0.11500000
v 0.40000019 -1.33999991 0.11500000
v 0.40826890 -1.24576628 0.01499999
v 0.40826890 -1.24576628 0.01499999
v 0.40000019 -1.24500000 0.11500000
v 0.40000019 -1.24500000 0.11500000
v 0.40000019 -1.24500000 0.11500000
v 0.40000019 -1.24500000 0.11500000
v 0.40826890 -1.24576628 0.11500000
v 0.40826890 -1.24576628 0.11500000
v 0.40826890 -1.24576628 0.11500000
v 0.40000019 -1.24500000 0.01499999
v 0.40000019 -1.24500000 0.01499999
v 0.40000019 -1.24500000 0.01499999
v 0.41625604 -1.24803877 0.01499999
v 0.41625604 -1.24803877 0.01499999
v 0.41625604 -1.24803877 0.11500000
v 0.41625604 -1.24803877 0.11500000
v 0.42368960 -1.25174022 0.11500000
v 0.42368960 -1.25174022 0.11500000
v 0.42368960 -1.25174022 0.01499999
v 0.42368960 -1.25174022 0.01499999
v 0.42368960 -1.25174022 0.01499999
v 0.43031648 -1.25674462 0.01499999
v 0.43031648 -1.25674462 0.01499999
v 0.43031648 -1.25674462 0.01499999
v 0.43031648 -1.25674462 0.11500000
v 0.43031648 -1.25674462 0.11500000
v 0.43591091 -1.26288140 0.01499999
v 0.43591091 -1.26288140 0.01499999
v 0.43591091 -1.26288140 0.11500000
v 0.43591091 -1.26288140 0.11500000
v 0.44028249 -1.26994181 0.01499999
v 0.44028249 -1.26994181 0.01499999
v 0.44028249 -1.26994181 0.11500000
v 0.44028249 -1.26994181 0.11500000
v 0.44028249 -1.26994181 0.11500000
v 0.44328234 -1.27768517 0.01499999
v 0.44328234 -1.27768517 0.01499999
v 0.44328234 -1.27768517 0.11500000
v 0.44328234 -1.27768517 0.11500000
v 0.44480822 -1.28584790 0.01499999
v 0.44480822 -1.28584790 0.01499999
v 0.44480822 -1.28584790 0.11500000
v 0.44480822 -1.28584790 0.11500000
v 0.44480822 -1.29415202 0.01499999
v 0.44480822 -1.29415202 0.01499999
v 0.44480822 -1.29415202 0.11500000
v 0.44480822 -1.29415202 0.11500000
v 0.44328234 -1.30231476 0.01499999
v 0.44328234 -1.30231476 0.01499999
v 0.44328234 -1.30231476 0.11500000
v 0.44328234 -1.30231476 0.11500000
v 0.44028249 -1.31005812 0.11500000
v 0.44028249 -1.31005812 0.11500000
v 0.44028249 -1.31005812 0.01499999
v 0.44028249 -1.31005812 0.01499999
v 0.44028249 -1.31005812 0.01499999
v 0.43591091 -1.31711853 0.11500000
v 0.43591091 -1.31711853 0.11500000
v 0.43591091 -1.31711853 0.01499999
v 0.43591091 -1.31711853 0.01499999
v 0.43591091 -1.31711853 0.01499999
v 0.43031648 -1.32325530 0.01499999
v 0.43031648 -1.32325530 0.01499999
v 0.43031648 -1.32325530 0.11500000
v 0.43031648 -1.32325530 0.11500000
v 0.42368963 -1.32825971 0.01499999
v 0.42368963 -1.32825971 0.01499999
v 0.42368963 -1.32825971 0.11500000
v 0.42368963 -1.32825971 0.11500000
v 0.41625604 -1.33196115 0.01499999
v 0.41625604 -1.33196115 0.01499999
v 0.41625604 -1.33196115 0.11500000
v 0.41625604 -1.33196115 0.11500000
v 0.40826890 -1.33423364 0.11500000
v 0.40826890 -1.33423364 0.11500000
v 0.40826890 -1.33423364 0.11500000
v 0.40826890 -1.33423364 0.01499999
v 0.40826890 -1.33423364 0.01499999
v 0.40000019 -1.33499992 0.01499999
v 0.40000019 -1.33499992 0.01499999
v 0.40000019 -1.33499992 0.01499999
v 0.40000019 -1.33499992 0.11500000
v 0.40000019 -1.33499992 0.11500000
v 0.40000019 -1.33499992 0.11500000
v 0.40000019 -1.33499992 0.11500000
v 0.41043311 -1.22078180 0.00500000
v 0.41043311 -1.22078180 0.00500000
v 0.40000019 -1.22000003 0.01499999
v 0.40000019 -1.22000003 0.01499999
v 0.40000019 -1.22000003 0.01499999
v 0.41043311 -1.22078180 0.01499999
v 0.41043311 -1.22078180 0.01499999
v 0.40000019 -1.22000003 0.00500000
v 0.40000019 -1.22000003 0.00500000
v 0.40000019 -1.22000003 0.00500000
v 0.42063305 -1.22310996 0.00500000
v 0.42063305 -1.22310996 0.00500000
v 0.42063305 -1.22310996 0.01499999
v 0.42063305 -1.22310996 0.01499999
v 0.43037200 -1.22693217 0.00500000
v 0.43037200 -1.22693217 0.00500000
v 0.43037200 -1.22693217 0.01499999
v 0.43037200 -1.22693217 0.01499999
v 0.43943256 -1.23216319 0.01499999
v 0.43943256 -1.23216319 0.01499999
v 0.43943256 -1.23216319 0.01499999
v 0.43943256 -1.23216319 0.00500000
v 0.43943256 -1.23216319 0.00500000
v 0.44761226 -1.23868632 0.01499999
v 0.44761226 -1.23868632 0.01499999
v 0.44761226 -1.23868632 0.00500000
v 0.44761226 -1.23868632 0.00500000
v 0.45472833 -1.24635577 0.00500000
v 0.45472833 -1.24635577 0.00500000
v 0.45472833 -1.24635577 0.01499999
v 0.45472833 -1.24635577 0.01499999
v 0.46062192 -1.25500000 0.00500000
v 0.46062192 -1.25500000 0.00500000
v 0.46062192 -1.25500000 0.01499999
v 0.46062192 -1.25500000 0.01499999
v 0.46516135 -1.26442611 0.00500000
v 0.46516135 -1.26442611 0.00500000
v 0.46516135 -1.26442611 0.01499999
v 0.46516135 -1.26442611 0.01499999
v 0.46824512 -1.27442348 0.00500000
v 0.46824512 -1.27442348 0.00500000
v 0.46824512 -1.27442348 0.01499999
v 0.46824512 -1.27442348 0.01499999
v 0.46980444 -1.28476882 0.00500000
v 0.46980444 -1.28476882 0.00500000
v 0.46980444 -1.28476882 0.01499999
v 0.46980444 -1.28476882 0.01499999
v 0.46980444 -1.29523098 0.01499999
v 0.46980444 -1.29523098 0.01499999
v 0.46980444 -1.29523098 0.00500000
v 0.46980444 -1.29523098 0.00500000
v 0.46824512 -1.30557632 0.00500000
v 0.46824512 -1.30557632 0.00500000
v 0.46824512 -1.30557632 0.01499999
v 0.46824512 -1.30557632 0.01499999
v 0.46516135 -1.31557381 0.01499999
v 0.46516135 -1.31557381 0.01499999
v 0.46516135 -1.31557381 0.01499999
v 0.46516135 -1.31557381 0.00500000
v 0.46516135 -1.31557381 0.00500000
v 0.46062192 -1.32499993 0.01499999
v 0.46062192 -1.32499993 0.01499999
v 0.46062192 -1.32499993 0.01499999
v 0.46062192 -1.32499993 0.01499999
v 0.46062192 -1.32499993 0.00500000
v 0.46062192 -1.32499993 0.00500000
v 0.45472833 -1.33364415 0.00500000
v 0.45472833 -1.33364415 0.00500000
v 0.45472833 -1.33364415 0.01499999
v 0.45472833 -1.33364415 0.01499999
v 0.45472833 -1.33364415 0.01499999
v 0.44761226 -1.34131348 0.01499999
v 0.44761226 -1.34131348 0.01499999
v 0.44761226 -1.34131348 0.00500000
v 0.44761226 -1.34131348 0.00500000
v 0.43943259 -1.34783661 0.00500000
v 0.43943259 -1.34783661 0.00500000
v 0.43943259 -1.34783661 0.01499999
v 0.43943259 -1.34783661 0.01499999
v 0.43037203 -1.35306776 0.00500000
v 0.43037203 -1.35306776 0.00500000
v 0.43037203 -1.35306776 0.01499999
v 0.43037203 -1.35306776 0.01499999
v 0.42063305 -1.35688996 0.01499999
v 0.42063305 -1.35688996 0.01499999
v 0.42063305 -1.35688996 0.00500000
v 0.42063305 -1.35688996 0.00500000
v 0.41043314 -1.35921812 0.01499999
v 0.41043314 -1.35921812 0.01499999
v 0.41043314 -1.35921812 0.00500000
v 0.41043314 -1.35921812 0.00500000
v 0.40000019 -1.35999990 0.00500000
v 0.40000019 -1.35999990 0.00500000
v 0.40000019 -1.35999990 0.00500000
v 0.40000019 -1.35999990 0.01499999
v 0.40000019 -1.35999990 0.01499999
v 0.40000019 -1.35999990 0.01499999
v 0.38956726 -1.35921812 0.00500000
v 0.38956726 -1.35921812 0.00500000
v 0.38956726 -1.35921812 0.01499999
v 0.38956726 -1.35921812 0.01499999
v 0.37936732 -1.35688996 0.01499999
v 0.37936732 -1.35688996 0.01499999
v 0.37936732 -1.35688996 0.00500000
v 0.37936732 -1.35688996 0.00500000
v 0.36962837 -1.35306776 0.00500000
v 0.36962837 -1.35306776 0.00500000
v 0.36962837 -1.35306776 0.01499999
v 0.36962837 -1.35306776 0.01499999
v 0.36056781 -1.34783673 0.01499999
v 0.36056781 -1.34783673 0.01499999
v 0.36056781 -1.34783673 0.00500000
v 0.36056781 -1.34783673 0.00500000
v 0.35238811 -1.34131360 0.00500000
v 0.35238811 -1.34131360 0.00500000
v 0.35238811 -1.34131360 0.01499999
v 0.35238811 -1.34131360 0.01499999
v 0.34527203 -1.33364415 0.00500000
v 0.34527203 -1.33364415 0.00500000
v 0.34527203 -1.33364415 0.01499999
v 0.34527203 -1.33364415 0.01499999
v 0.33937845 -1.32499993 0.00500000
v 0.33937845 -1.32499993 0.00500000
v 0.33937845 -1.32499993 0.01499999
v 0.33937845 -1.32499993 0.01499999
v 0.33937845 -1.32499993 0.01499999
v 0.33483902 -1.31557381 0.00500000
v 0.33483902 -1.31557381 0.00500000
v 0.33483902 -1.31557381 0.01499999
v 0.33483902 -1.31557381 0.01499999
v 0.33483902 -1.31557381 0.01499999
v 0.33483902 -1.31557381 0.01499999
v 0.33175525 -1.30557644 0.00500000
v 0.33175525 -1.30557644 0.00500000
v 0.33175525 -1.30557644 0.01499999
v 0.33175525 -1.30557644 0.01499999
v 0.33019593 -1.29523110 0.01499999
v 0.33019593 -1.29523110 0.01499999
v 0.33019593 -1.29523110 0.00500000
v 0.33019593 -1.29523110 0.00500000
v 0.33019593 -1.28476894 0.01499999
v 0.33019593 -1.28476894 0.01499999
v 0.33019593 -1.28476894 0.00500000
v 0.33019593 -1.28476894 0.00500000
v 0.33175525 -1.27442360 0.01499999
v 0.33175525 -1.27442360 0.01499999
v 0.33175525 -1.27442360 0.00500000
v 0.33175525 -1.27442360 0.00500000
v 0.33483902 -1.26442611 0.01499999
v 0.33483902 -1.26442611 0.01499999
v 0.33483902 -1.26442611 0.01499999
v 0.33483902 -1.26442611 0.00500000
v 0.33483902 -1.26442611 0.00500000
v 0.33937845 -1.25500000 0.00500000
v 0.33937845 -1.25500000 0.00500000
v 0.33937845 -1.25500000 0.01499999
v 0.33937845 -1.25500000 0.01499999
v 0.33937845 -1.25500000 0.01499999
v 0.34527203 -1.24635577 0.00500000
v 0.34527203 -1.24635577 0.00500000
v 0.34527203 -1.24635577 0.01499999
v 0.34527203 -1.24635577 0.01499999
v 0.35238811 -1.23868644 0.01499999
v 0.35238811 -1.23868644 0.01499999
v 0.35238811 -1.23868644 0.00500000
v 0.35238811 -1.23868644 0.00500000
v 0.36056778 -1.23216331 0.00500000
v 0.36056778 -1.23216331 0.00500000
v 0.36056778 -1.23216331 0.01499999
v 0.36056778 -1.23216331 0.01499999
v 0.36962834 -1.22693217 0.00500000
v 0.36962834 -1.22693217 0.00500000
v 0.36962834 -1.22693217 0.01499999
v 0.36962834 -1.22693217 0.01499999
v 0.37936732 -1.22310996 0.01499999
v 0.37936732 -1.22310996 0.01499999
v 0.37936732 -1.22310996 0.00500000
v 0.37936732 -1.22310996 0.00500000
v 0.38956723 -1.22078180 0.00500000
v 0.38956723 -1.22078180 0.00500000
v 0.38956723 -1.22078180 0.01499999
v 0.38956723 -1.22078180 0.01499999
v 0.36968389 -1.25674462 0.01499999
v 0.36968389 -1.25674462 0.01499999
v 0.36408946 -1.26288140 0.01499999
v 0.36408946 -1.26288140 0.01499999
v 0.37631074 -1.25174022 0.01499999
v 0.37631074 -1.25174022 0.01499999
v 0.35971788 -1.26994181 0.01499999
v 0.35971788 -1.26994181 0.01499999
v 0.35971788 -1.26994181 0.01499999
v 0.38374433 -1.24803877 0.01499999
v 0.38374433 -1.24803877 0.01499999
v 0.35671803 -1.27768517 0.01499999
v 0.35671803 -1.27768517 0.01499999
v 0.39173147 -1.24576628 0.01499999
v 0.39173147 -1.24576628 0.01499999
v 0.35519216 -1.28584790 0.01499999
v 0.35519216 -1.28584790 0.01499999
v 0.35519216 -1.29415202 0.01499999
v 0.35519216 -1.29415202 0.01499999
v 0.35671803 -1.30231476 0.01499999
v 0.35671803 -1.30231476 0.01499999
v 0.35671803 -1.30231476 0.01499999
v 0.35971788 -1.31005812 0.01499999
v 0.35971788 -1.31005812 0.01499999
v 0.35971788 -1.31005812 0.01499999
v 0.35971788 -1.31005812 0.01499999
v 0.36408946 -1.31711853 0.01499999
v 0.36408946 -1.31711853 0.01499999
v 0.36968389 -1.32325530 0.01499999
v 0.36968389 -1.32325530 0.01499999
v 0.37631077 -1.32825971 0.01499999
v 0.37631077 -1.32825971 0.01499999
v 0.38374433 -1.33196115 0.01499999
v 0.38374433 -1.33196115 0.01499999
v 0.39173147 -1.33423364 0.01499999
v 0.39173147 -1.33423364 0.01499999
v 0.39173147 -1.33423364 0.11500000
v 0.39173147 -1.33423364 0.11500000
v 0.39173147 -1.33423364 0.11500000
v 0.38374433 -1.33196115 0.11500000
v 0.38374433 -1.33196115 0.11500000
v 0.37631077 -1.32825971 0.11500000
v 0.37631077 -1.32825971 0.11500000
v 0.36968389 -1.32325530 0.11500000
v 0.36968389 -1.32325530 0.11500000
v 0.36408946 -1.31711853 0.11500000
v 0.36408946 -1.31711853 0.11500000
v 0.35971788 -1.31005812 0.11500000
v 0.35971788 -1.31005812 0.11500000
v 0.35671803 -1.30231476 0.11500000
v 0.35671803 -1.30231476 0.11500000
v 0.35519216 -1.29415202 0.11500000
v 0.35519216 -1.29415202 0.11500000
v 0.35519216 -1.28584790 0.11500000
v 0.35519216 -1.28584790 0.11500000
v 0.35519216 -1.28584790 0.11500000
v 0.35671803 -1.27768517 0.11500000
v 0.35671803 -1.27768517 0.11500000
v 0.35971788 -1.26994181 0.11500000
v 0.35971788 -1.26994181 0.11500000
v 0.35971788 -1.26994181 0.11500000
v 0.36408946 -1.26288140 0.11500000
v 0.36408946 -1.26288140 0.11500000
v 0.36968389 -1.25674462 0.11500000
v 0.36968389 -1.25674462 0.11500000
v 0.37631074 -1.25174022 0.11500000
v 0.37631074 -1.25174022 0.11500000
v 0.38374433 -1.24803877 0.11500000
v 0.38374433 -1.24803877 0.11500000
v 0.39173147 -1.24576628 0.11500000
v 0.39173147 -1.24576628 0.11500000
v 0.39173147 -1.24576628 0.11500000
v 0.39131782 -1.33924031 0.34549999
v 0.39131782 -1.33924031 0.34549999
v 0.39131782 -1.33924031 0.34549999
v 0.39131782 -1.33924031 0.34549999
v 0.39131782 -1.33924031 0.11500000
v 0.39131782 -1.33924031 0.11500000
v 0.39131782 -1.33924031 0.11500000
v 0.38289923 -1.33698463 0.11500000
v 0.38289923 -1.33698463 0.11500000
v 0.38289923 -1.33698463 0.34549999
v 0.38289923 -1.33698463 0.34549999
v 0.38289923 -1.33698463 0.34549999
v 0.38289923 -1.33698463 0.34549999
v 0.38289923 -1.33698463 0.34549999
v 0.37500021 -1.33330119 0.34549999
v 0.37500021 -1.33330119 0.34549999
v 0.37500021 -1.33330119 0.34549999
v 0.37500021 -1.33330119 0.34549999
v 0.37500021 -1.33330119 0.11500000
v 0.37500021 -1.33330119 0.11500000
v 0.36786082 -1.32830215 0.11500000
v 0.36786082 -1.32830215 0.11500000
v 0.36786082 -1.32830215 0.34549999
v 0.36786082 -1.32830215 0.34549999
v 0.36169800 -1.32213938 0.11500000
v 0.36169800 -1.32213938 0.11500000
v 0.36169800 -1.32213938 0.34549999
v 0.36169800 -1.32213938 0.34549999
v 0.36169800 -1.32213938 0.34549999
v 0.35669896 -1.31499994 0.11500000
v 0.35669896 -1.31499994 0.11500000
v 0.35669896 -1.31499994 0.34549999
v 0.35669896 -1.31499994 0.34549999
v 0.35669896 -1.31499994 0.34549999
v 0.35669896 -1.31499994 0.34549999
v 0.35669896 -1.31499994 0.34549999
v 0.35669896 -1.31499994 0.34549999
v 0.35301557 -1.30710089 0.11500000
v 0.35301557 -1.30710089 0.11500000
v 0.35301557 -1.30710089 0.34549999
v 0.35301557 -1.30710089 0.34549999
v 0.35301557 -1.30710089 0.34549999
v 0.35301557 -1.30710089 0.34549999
v 0.35075983 -1.29868233 0.11500000
v 0.35075983 -1.29868233 0.11500000
v 0.35075983 -1.29868233 0.34549999
v 0.35075983 -1.29868233 0.34549999
v 0.35000023 -1.28999996 0.11500000
v 0.35000023 -1.28999996 0.11500000
v 0.35000023 -1.28999996 0.11500000
v 0.35000023 -1.28999996 0.34549999
v 0.35000023 -1.28999996 0.34549999
v 0.35000023 -1.28999996 0.34549999
v 0.35075983 -1.28131759 0.34549999
v 0.35075983 -1.28131759 0.34549999
v 0.35075983 -1.28131759 0.34549999
v 0.35075983 -1.28131759 0.34549999
v 0.35075983 -1.28131759 0.11500000
v 0.35075983 -1.28131759 0.11500000
v 0.35075983 -1.28131759 0.11500000
v 0.35301557 -1.27289903 0.11500000
v 0.35301557 -1.27289903 0.11500000
v 0.35301557 -1.27289903 0.11500000
v 0.35301557 -1.27289903 0.34549999
v 0.35301557 -1.27289903 0.34549999
v 0.35301557 -1.27289903 0.34549999
v 0.35669896 -1.26499999 0.11500000
v 0.35669896 -1.26499999 0.11500000
v 0.35669896 -1.26499999 0.11500000
v 0.35669896 -1.26499999 0.34549999
v 0.35669896 -1.26499999 0.34549999
v 0.35669896 -1.26499999 0.34549999
v 0.35669896 -1.26499999 0.34549999
v 0.35669896 -1.26499999 0.34549999
v 0.35669896 -1.26499999 0.34549999
v 0.35669896 -1.26499999 0.34549999
v 0.36169800 -1.25786066 0.11500000
v 0.36169800 -1.25786066 0.11500000
v 0.36169800 -1.25786066 0.34549999
v 0.36169800 -1.25786066 0.34549999
v 0.36786082 -1.25169778 0.11500000
v 0.36786082 -1.25169778 0.11500000
v 0.36786082 -1.25169778 0.34549999
v 0.36786082 -1.25169778 0.34549999
v 0.36786082 -1.25169778 0.34549999
v 0.37500021 -1.24669874 0.11500000
v 0.37500021 -1.24669874 0.11500000
v 0.37500021 -1.24669874 0.34549999
v 0.37500021 -1.24669874 0.34549999
v 0.38289920 -1.24301541 0.34549999
v 0.38289920 -1.24301541 0.34549999
v 0.38289920 -1.24301541 0.34549999
v 0.38289920 -1.24301541 0.34549999
v 0.38289920 -1.24301541 0.34549999
v 0.38289920 -1.24301541 0.34549999
v 0.38289920 -1.24301541 0.34549999
v 0.38289920 -1.24301541 0.11500000
v 0.38289920 -1.24301541 0.11500000
v 0.39131782 -1.24075961 0.11500000
v 0.39131782 -1.24075961 0.11500000
v 0.39131782 -1.24075961 0.11500000
v 0.39131782 -1.24075961 0.34549999
v 0.39131782 -1.24075961 0.34549999
v 0.39131782 -1.24075961 0.34549999
v 0.39131782 -1.24075961 0.34549999
v 0.80868256 -1.24075949 0.11500000
v 0.80868256 -1.24075949 0.11500000
v 0.80868256 -1.24075949 0.11500000
v 0.80000019 -1.23999989 0.34549999
v 0.80000019 -1.23999989 0.34549999
v 0.80000019 -1.23999989 0.34549999
v 0.80868256 -1.24075949 0.34549999
v 0.80868256 -1.24075949 0.34549999
v 0.80868256 -1.24075949 0.34549999
v 0.80000019 -1.23999989 0.11500000
v 0.80000019 -1.23999989 0.11500000
v 0.80000019 -1.23999989 0.11500000
v 0.81710118 -1.24301529 0.11500000
v 0.81710118 -1.24301529 0.11500000
v 0.81710118 -1.24301529 0.11500000
v 0.81710118 -1.24301529 0.34549999
v 0.81710118 -1.24301529 0.34549999
v 0.81710118 -1.24301529 0.34549999
v 0.81710118 -1.24301529 0.34549999
v 0.81710118 -1.24301529 0.34549999
v 0.82500017 -1.24669862 0.11500000
v 0.82500017 -1.24669862 0.11500000
v 0.82500017 -1.24669862 0.34549999
v 0.82500017 -1.24669862 0.34549999
v 0.83213955 -1.25169766 0.11500000
v 0.83213955 -1.25169766 0.11500000
v 0.83213955 -1.25169766 0.34549999
v 0.83213955 -1.25169766 0.34549999
v 0.83213955 -1.25169766 0.34549999
v 0.83213955 -1.25169766 0.34549999
v 0.83830237 -1.25786042 0.11500000
v 0.83830237 -1.25786042 0.11500000
v 0.83830237 -1.25786042 0.34549999
v 0.83830237 -1.25786042 0.34549999
v 0.84330141 -1.26499987 0.11500000
v 0.84330141 -1.26499987 0.11500000
v 0.84330141 -1.26499987 0.11500000
v 0.84330141 -1.26499987 0.34549999
v 0.84330141 -1.26499987 0.34549999
v 0.84698480 -1.27289891 0.34549999
v 0.84698480 -1.27289891 0.34549999
v 0.84698480 -1.27289891 0.11500000
v 0.84698480 -1.27289891 0.11500000
v 0.84698480 -1.27289891 0.11500000
v 0.84924054 -1.28131747 0.11500000
v 0.84924054 -1.28131747 0.11500000
v 0.84924054 -1.28131747 0.34549999
v 0.84924054 -1.28131747 0.34549999
v 0.84924054 -1.28131747 0.34549999
v 0.85000014 -1.28999984 0.11500000
v 0.85000014 -1.28999984 0.11500000
v 0.85000014 -1.28999984 0.34549999
v 0.85000014 -1.28999984 0.34549999
v 0.85000014 -1.28999984 0.34549999
v 0.84924054 -1.29868221 0.11500000
v 0.84924054 -1.29868221 0.11500000
v 0.84924054 -1.29868221 0.34549999
v 0.84924054 -1.29868221 0.34549999
v 0.84698480 -1.30710077 0.11500000
v 0.84698480 -1.30710077 0.11500000
v 0.84698480 -1.30710077 0.34549999
v 0.84698480 -1.30710077 0.34549999
v 0.84698480 -1.30710077 0.34549999
v 0.84698480 -1.30710077 0.34549999
v 0.84698480 -1.30710077 0.34549999
v 0.84698480 -1.30710077 0.34549999
v 0.84698480 -1.30710077 0.34549999
v 0.84698480 -1.30710077 0.34549999
v 0.84330141 -1.31499982 0.11500000
v 0.84330141 -1.31499982 0.11500000
v 0.84330141 -1.31499982 0.34549999
v 0.84330141 -1.31499982 0.34549999
v 0.83830237 -1.32213914 0.34549999
v 0.83830237 -1.32213914 0.34549999
v 0.83830237 -1.32213914 0.34549999
v 0.83830237 -1.32213914 0.34549999
v 0.83830237 -1.32213914 0.11500000
v 0.83830237 -1.32213914 0.11500000
v 0.83213955 -1.32830203 0.11500000
v 0.83213955 -1.32830203 0.11500000
v 0.83213955 -1.32830203 0.34549999
v 0.83213955 -1.32830203 0.34549999
v 0.83213955 -1.32830203 0.34549999
v 0.83213955 -1.32830203 0.34549999
v 0.83213955 -1.32830203 0.34549999
v 0.83213955 -1.32830203 0.34549999
v 0.83213955 -1.32830203 0.34549999
v 0.82500017 -1.33330107 0.11500000
v 0.82500017 -1.33330107 0.11500000
v 0.82500017 -1.33330107 0.34549999
v 0.82500017 -1.33330107 0.34549999
v 0.81710118 -1.33698440 0.11500000
v 0.81710118 -1.33698440 0.11500000
v 0.81710118 -1.33698440 0.11500000
v 0.81710118 -1.33698440 0.34549999
v 0.81710118 -1.33698440 0.34549999
v 0.81710118 -1.33698440 0.34549999
v 0.80868256 -1.33924019 0.11500000
v 0.80868256 -1.33924019 0.11500000
v 0.80868256 -1.33924019 0.11500000
v 0.80868256 -1.33924019 0.34549999
v 0.80868256 -1.33924019 0.34549999
v 0.80868256 -1.33924019 0.34549999
v 0.80868256 -1.33924019 0.34549999
v 0.80000019 -1.33999979 0.34549999
v 0.80000019 -1.33999979 0.34549999
v 0.80000019 -1.33999979 0.34549999
v 0.80000019 -1.33999979 0.11500000
v 0.80000019 -1.33999979 0.11500000
v 0.80000019 -1.33999979 0.11500000
v 0.80826891 -1.24576616 0.01499999
v 0.80826891 -1.24576616 0.01499999
v 0.80000019 -1.24499989 0.11500000
v 0.80000019 -1.24499989 0.11500000
v 0.80000019 -1.24499989 0.11500000
v 0.80000019 -1.24499989 0.11500000
v 0.80826891 -1.24576616 0.11500000
v 0.80826891 -1.24576616 0.11500000
v 0.80826891 -1.24576616 0.11500000
v 0.80000019 -1.24499989 0.01499999
v 0.80000019 -1.24499989 0.01499999
v 0.80000019 -1.24499989 0.01499999
v 0.81625605 -1.24803853 0.01499999
v 0.81625605 -1.24803853 0.01499999
v 0.81625605 -1.24803853 0.11500000
v 0.81625605 -1.24803853 0.11500000
v 0.82368964 -1.25174010 0.11500000
v 0.82368964 -1.25174010 0.11500000
v 0.82368964 -1.25174010 0.01499999
v 0.82368964 -1.25174010 0.01499999
v 0.82368964 -1.25174010 0.01499999
v 0.83031648 -1.25674450 0.01499999
v 0.83031648 -1.25674450 0.01499999
v 0.83031648 -1.25674450 0.01499999
v 0.83031648 -1.25674450 0.11500000
v 0.83031648 -1.25674450 0.11500000
v 0.83591092 -1.26288128 0.01499999
v 0.83591092 -1.26288128 0.01499999
v 0.83591092 -1.26288128 0.11500000
v 0.83591092 -1.26288128 0.11500000
v 0.84028250 -1.26994157 0.01499999
v 0.84028250 -1.26994157 0.01499999
v 0.84028250 -1.26994157 0.11500000
v 0.84028250 -1.26994157 0.11500000
v 0.84028250 -1.26994157 0.11500000
v 0.84328234 -1.27768505 0.01499999
v 0.84328234 -1.27768505 0.01499999
v 0.84328234 -1.27768505 0.11500000
v 0.84328234 -1.27768505 0.11500000
v 0.84480822 -1.28584778 0.01499999
v 0.84480822 -1.28584778 0.01499999
v 0.84480822 -1.28584778 0.11500000
v 0.84480822 -1.28584778 0.11500000
v 0.84480822 -1.29415190 0.01499999
v 0.84480822 -1.29415190 0.01499999
v 0.84480822 -1.29415190 0.11500000
v 0.84480822 -1.29415190 0.11500000
v 0.84328234 -1.30231464 0.01499999
v 0.84328234 -1.30231464 0.01499999
v 0.84328234 -1.30231464 0.11500000
v 0.84328234 -1.30231464 0.11500000
v 0.84028250 -1.31005800 0.11500000
v 0.84028250 -1.31005800 0.11500000
v 0.84028250 -1.31005800 0.01499999
v 0.84028250 -1.31005800 0.01499999
v 0.84028250 -1.31005800 0.01499999
v 0.83591092 -1.31711841 0.11500000
v 0.83591092 -1.31711841 0.11500000
v 0.83591092 -1.31711841 0.01499999
v 0.83591092 -1.31711841 0.01499999
v 0.83591092 -1.31711841 0.01499999
v 0.83031648 -1.32325518 0.01499999
v 0.83031648 -1.32325518 0.01499999
v 0.83031648 -1.32325518 0.11500000
v 0.83031648 -1.32325518 0.11500000
v 0.82368964 -1.32825959 0.01499999
v 0.82368964 -1.32825959 0.01499999
v 0.82368964 -1.32825959 0.11500000
v 0.82368964 -1.32825959 0.11500000
v 0.81625605 -1.33196104 0.01499999
v 0.81625605 -1.33196104 0.01499999
v 0.81625605 -1.33196104 0.11500000
v 0.81625605 -1.33196104 0.11500000
v 0.80826891 -1.33423352 0.11500000
v 0.80826891 -1.33423352 0.11500000
v 0.80826891 -1.33423352 0.11500000
v 0.80826891 -1.33423352 0.01499999
v 0.80826891 -1.33423352 0.01499999
v 0.80000019 -1.33499980 0.01499999
v 0.80000019 -1.33499980 0.01499999
v 0.80000019 -1.33499980 0.01499999
v 0.80000019 -1.33499980 0.11500000
v 0.80000019 -1.33499980 0.11500000
v 0.80000019 -1.33499980 0.11500000
v 0.80000019 -1.33499980 0.11500000
v 0.81043315 -1.22078168 0.00500000
v 0.81043315 -1.22078168 0.00500000
v 0.80000019 -1.21999979 0.01499999
v 0.80000019 -1.21999979 0.01499999
v 0.80000019 -1.21999979 0.01499999
v 0.81043315 -1.22078168 0.01499999
v 0.81043315 -1.22078168 0.01499999
v 0.80000019 -1.21999979 0.00500000
v 0.80000019 -1.21999979 0.00500000
v 0.80000019 -1.21999979 0.00500000
v 0.82063305 -1.22310972 0.00500000
v 0.82063305 -1.22310972 0.00500000
v 0.82063305 -1.22310972 0.01499999
v 0.82063305 -1.22310972 0.01499999
v 0.83037204 -1.22693205 0.00500000
v 0.83037204 -1.22693205 0.00500000
v 0.83037204 -1.22693205 0.01499999
v 0.83037204 -1.22693205 0.01499999
v 0.83943260 -1.23216307 0.01499999
v 0.83943260 -1.23216307 0.01499999
v 0.83943260 -1.23216307 0.01499999
v 0.83943260 -1.23216307 0.00500000
v 0.83943260 -1.23216307 0.00500000
v 0.84761226 -1.23868632 0.01499999
v 0.84761226 -1.23868632 0.01499999
v 0.84761226 -1.23868632 0.00500000
v 0.84761226 -1.23868632 0.00500000
v 0.85472834 -1.24635565 0.00500000
v 0.85472834 -1.24635565 0.00500000
v 0.85472834 -1.24635565 0.01499999
v 0.85472834 -1.24635565 0.01499999
v 0.86062193 -1.25499988 0.00500000
v 0.86062193 -1.25499988 0.00500000
v 0.86062193 -1.25499988 0.01499999
v 0.86062193 -1.25499988 0.01499999
v 0.86516136 -1.26442599 0.00500000
v 0.86516136 -1.26442599 0.00500000
v 0.86516136 -1.26442599 0.01499999
v 0.86516136 -1.26442599 0.01499999
v 0.86824512 -1.27442336 0.00500000
v 0.86824512 -1.27442336 0.00500000
v 0.86824512 -1.27442336 0.01499999
v 0.86824512 -1.27442336 0.01499999
v 0.86980444 -1.28476870 0.00500000
v 0.86980444 -1.28476870 0.00500000
v 0.86980444 -1.28476870 0.01499999
v 0.86980444 -1.28476870 0.01499999
v 0.86980444 -1.29523087 0.01499999
v 0.86980444 -1.29523087 0.01499999
v 0.86980444 -1.29523087 0.00500000
v 0.86980444 -1.29523087 0.00500000
v 0.86824512 -1.30557621 0.00500000
v 0.86824512 -1.30557621 0.00500000
v 0.86824512 -1.30557621 0.01499999
v 0.86824512 -1.30557621 0.01499999
v 0.86516136 -1.31557369 0.01499999
v 0.86516136 -1.31557369 0.01499999
v 0.86516136 -1.31557369 0.01499999
v 0.86516136 -1.31557369 0.00500000
v 0.86516136 -1.31557369 0.00500000
v 0.86062193 -1.32499981 0.01499999
v 0.86062193 -1.32499981 0.01499999
v 0.86062193 -1.32499981 0.01499999
v 0.86062193 -1.32499981 0.01499999
v 0.86062193 -1.32499981 0.00500000
v 0.86062193 -1.32499981 0.00500000
v 0.85472834 -1.33364403 0.00500000
v 0.85472834 -1.33364403 0.00500000
v 0.85472834 -1.33364403 0.01499999
v 0.85472834 -1.33364403 0.01499999
v 0.85472834 -1.33364403 0.01499999
v 0.84761226 -1.34131336 0.01499999
v 0.84761226 -1.34131336 0.01499999
v 0.84761226 -1.34131336 0.00500000
v 0.84761226 -1.34131336 0.00500000
v 0.83943260 -1.34783649 0.00500000
v 0.83943260 -1.34783649 0.00500000
v 0.83943260 -1.34783649 0.01499999
v 0.83943260 -1.34783649 0.01499999
v 0.83037204 -1.35306764 0.00500000
v 0.83037204 -1.35306764 0.00500000
v 0.83037204 -1.35306764 0.01499999
v 0.83037204 -1.35306764 0.01499999
v 0.82063305 -1.35688996 0.01499999
v 0.82063305 -1.35688996 0.01499999
v 0.82063305 -1.35688996 0.00500000
v 0.82063305 -1.35688996 0.00500000
v 0.81043315 -1.35921800 0.01499999
v 0.81043315 -1.35921800 0.01499999
v 0.81043315 -1.35921800 0.00500000
v 0.81043315 -1.35921800 0.00500000
v 0.80000019 -1.35999990 0.00500000
v 0.80000019 -1.35999990 0.00500000
v 0.80000019 -1.35999990 0.00500000
v 0.80000019 -1.35999990 0.01499999
v 0.80000019 -1.35999990 0.01499999
v 0.80000019 -1.35999990 0.01499999
v 0.78956723 -1.35921800 0.00500000
v 0.78956723 -1.35921800 0.00500000
v 0.78956723 -1.35921800 0.01499999
v 0.78956723 -1.35921800 0.01499999
v 0.77936733 -1.35688996 0.01499999
v 0.77936733 -1.35688996 0.01499999
v 0.77936733 -1.35688996 0.00500000
v 0.77936733 -1.35688996 0.00500000
v 0.76962835 -1.35306764 0.00500000
v 0.76962835 -1.35306764 0.00500000
v 0.76962835 -1.35306764 0.01499999
v 0.76962835 -1.35306764 0.01499999
v 0.76056778 -1.34783661 0.01499999
v 0.76056778 -1.34783661 0.01499999
v 0.76056778 -1.34783661 0.00500000
v 0.76056778 -1.34783661 0.00500000
v 0.75238812 -1.34131336 0.00500000
v 0.75238812 -1.34131336 0.00500000
v 0.75238812 -1.34131336 0.01499999
v 0.75238812 -1.34131336 0.01499999
v 0.74527204 -1.33364403 0.00500000
v 0.74527204 -1.33364403 0.00500000
v 0.74527204 -1.33364403 0.01499999
v 0.74527204 -1.33364403 0.01499999
v 0.73937845 -1.32499981 0.00500000
v 0.73937845 -1.32499981 0.00500000
v 0.73937845 -1.32499981 0.01499999
v 0.73937845 -1.32499981 0.01499999
v 0.73937845 -1.32499981 0.01499999
v 0.73483902 -1.31557369 0.00500000
v 0.73483902 -1.31557369 0.00500000
v 0.73483902 -1.31557369 0.01499999
v 0.73483902 -1.31557369 0.01499999
v 0.73483902 -1.31557369 0.01499999
v 0.73483902 -1.31557369 0.01499999
v 0.73175526 -1.30557632 0.00500000
v 0.73175526 -1.30557632 0.00500000
v 0.73175526 -1.30557632 0.01499999
v 0.73175526 -1.30557632 0.01499999
v 0.73019594 -1.29523098 0.01499999
v 0.73019594 -1.29523098 0.01499999
v 0.73019594 -1.29523098 0.00500000
v 0.73019594 -1.29523098 0.00500000
v 0.73019594 -1.28476882 0.01499999
v 0.73019594 -1.28476882 0.01499999
v 0.73019594 -1.28476882 0.00500000
v 0.73019594 -1.28476882 0.00500000
v 0.73175526 -1.27442348 0.01499999
v 0.73175526 -1.27442348 0.01499999
v 0.73175526 -1.27442348 0.00500000
v 0.73175526 -1.27442348 0.00500000
v 0.73483902 -1.26442599 0.01499999
v 0.73483902 -1.26442599 0.01499999
v 0.73483902 -1.26442599 0.01499999
v 0.73483902 -1.26442599 0.00500000
v 0.73483902 -1.26442599 0.00500000
v 0.73937845 -1.25499988 0.00500000
v 0.73937845 -1.25499988 0.00500000
v 0.73937845 -1.25499988 0.01499999
v 0.73937845 -1.25499988 0.01499999
v 0.73937845 -1.25499988 0.01499999
v 0.74527204 -1.24635565 0.00500000
v 0.74527204 -1.24635565 0.00500000
v 0.74527204 -1.24635565 0.01499999
v 0.74527204 -1.24635565 0.01499999
v 0.75238812 -1.23868632 0.01499999
v 0.75238812 -1.23868632 0.01499999
v 0.75238812 -1.23868632 0.00500000
v 0.75238812 -1.23868632 0.00500000
v 0.76056778 -1.23216319 0.00500000
v 0.76056778 -1.23216319 0.00500000
v 0.76056778 -1.23216319 0.01499999
v 0.76056778 -1.23216319 0.01499999
v 0.76962835 -1.22693205 0.00500000
v 0.76962835 -1.22693205 0.00500000
v 0.76962835 -1.22693205 0.01499999
v 0.76962835 -1.22693205 0.01499999
v 0.77936733 -1.22310972 0.01499999
v 0.77936733 -1.22310972 0.01499999
v 0.77936733 -1.22310972 0.00500000
v 0.77936733 -1.22310972 0.00500000
v 0.78956723 -1.22078168 0.00500000
v 0.78956723 -1.22078168 0.00500000
v 0.78956723 -1.22078168 0.01499999
v 0.78956723 -1.22078168 0.01499999
v 0.76968390 -1.25674450 0.01499999
v 0.76968390 -1.25674450 0.01499999
v 0.76408946 -1.26288128 0.01499999
v 0.76408946 -1.26288128 0.01499999
v 0.77631074 -1.25174010 0.01499999
v 0.77631074 -1.25174010 0.01499999
v 0.75971788 -1.26994169 0.01499999
v 0.75971788 -1.26994169 0.01499999
v 0.75971788 -1.26994169 0.01499999
v 0.78374433 -1.24803865 0.01499999
v 0.78374433 -1.24803865 0.01499999
v 0.75671804 -1.27768505 0.01499999
v 0.75671804 -1.27768505 0.01499999
v 0.79173148 -1.24576616 0.01499999
v 0.79173148 -1.24576616 0.01499999
v 0.75519216 -1.28584778 0.01499999
v 0.75519216 -1.28584778 0.01499999
v 0.75519216 -1.29415190 0.01499999
v 0.75519216 -1.29415190 0.01499999
v 0.75671804 -1.30231464 0.01499999
v 0.75671804 -1.30231464 0.01499999
v 0.75671804 -1.30231464 0.01499999
v 0.75971788 -1.31005812 0.01499999
v 0.75971788 -1.31005812 0.01499999
v 0.75971788 -1.31005812 0.01499999
v 0.75971788 -1.31005812 0.01499999
v 0.76408946 -1.31711841 0.01499999
v 0.76408946 -1.31711841 0.01499999
v 0.76968390 -1.32325518 0.01499999
v 0.76968390 -1.32325518 0.01499999
v 0.77631074 -1.32825959 0.01499999
v 0.77631074 -1.32825959 0.01499999
v 0.78374433 -1.33196115 0.01499999
v 0.78374433 -1.33196115 0.01499999
v 0.79173148 -1.33423352 0.01499999
v 0.79173148 -1.33423352 0.01499999
v 0.79173148 -1.33423352 0.11500000
v 0.79173148 -1.33423352 0.11500000
v 0.79173148 -1.33423352 0.11500000
v 0.78374433 -1.33196115 0.11500000
v 0.78374433 -1.33196115 0.11500000
v 0.77631074 -1.32825959 0.11500000
v 0.77631074 -1.32825959 0.11500000
v 0.76968390 -1.32325518 0.11500000
v 0.76968390 -1.32325518 0.11500000
v 0.76408946 -1.31711841 0.11500000
v 0.76408946 -1.31711841 0.11500000
v 0.75971788 -1.31005812 0.11500000
v 0.75971788 -1.31005812 0.11500000
v 0.75671804 -1.30231464 0.11500000
v 0.75671804 -1.30231464 0.11500000
v 0.75519216 -1.29415190 0.11500000
v 0.75519216 -1.29415190 0.11500000
v 0.75519216 -1.28584778 0.11500000
v 0.75519216 -1.28584778 0.11500000
v 0.75519216 -1.28584778 0.11500000
v 0.75671804 -1.27768505 0.11500000
v 0.75671804 -1.27768505 0.11500000
v 0.75971788 -1.26994169 0.11500000
v 0.75971788 -1.26994169 0.11500000
v 0.75971788 -1.26994169 0.11500000
v 0.76408946 -1.26288128 0.11500000
v 0.76408946 -1.26288128 0.11500000
v 0.76968390 -1.25674450 0.11500000
v 0.76968390 -1.25674450 0.11500000
v 0.77631074 -1.25174010 0.11500000
v 0.77631074 -1.25174010 0.11500000
v 0.78374433 -1.24803865 0.11500000
v 0.78374433 -1.24803865 0.11500000
v 0.79173148 -1.24576616 0.11500000
v 0.79173148 -1.24576616 0.11500000
v 0.79173148 -1.24576616 0.11500000
v 0.79131782 -1.33924019 0.34549999
v 0.79131782 -1.33924019 0.34549999
v 0.79131782 -1.33924019 0.34549999
v 0.79131782 -1.33924019 0.34549999
v 0.79131782 -1.33924019 0.11500000
v 0.79131782 -1.33924019 0.11500000
v 0.79131782 -1.33924019 0.11500000
v 0.78289920 -1.33698440 0.11500000
v 0.78289920 -1.33698440 0.11500000
v 0.78289920 -1.33698440 0.34549999
v 0.78289920 -1.33698440 0.34549999
v 0.78289920 -1.33698440 0.34549999
v 0.78289920 -1.33698440 0.34549999
v 0.78289920 -1.33698440 0.34549999
v 0.77500022 -1.33330107 0.34549999
v 0.77500022 -1.33330107 0.34549999
v 0.77500022 -1.33330107 0.34549999
v 0.77500022 -1.33330107 0.34549999
v 0.77500022 -1.33330107 0.11500000
v 0.77500022 -1.33330107 0.11500000
v 0.76786083 -1.32830203 0.11500000
v 0.76786083 -1.32830203 0.11500000
v 0.76786083 -1.32830203 0.34549999
v 0.76786083 -1.32830203 0.34549999
v 0.76169801 -1.32213926 0.11500000
v 0.76169801 -1.32213926 0.11500000
v 0.76169801 -1.32213926 0.34549999
v 0.76169801 -1.32213926 0.34549999
v 0.76169801 -1.32213926 0.34549999
v 0.75669897 -1.31499982 0.11500000
v 0.75669897 -1.31499982 0.11500000
v 0.75669897 -1.31499982 0.34549999
v 0.75669897 -1.31499982 0.34549999
v 0.75669897 -1.31499982 0.34549999
v 0.75669897 -1.31499982 0.34549999
v 0.75669897 -1.31499982 0.34549999
v 0.75669897 -1.31499982 0.34549999
v 0.75301558 -1.30710077 0.11500000
v 0.75301558 -1.30710077 0.11500000
v 0.75301558 -1.30710077 0.34549999
v 0.75301558 -1.30710077 0.34549999
v 0.75301558 -1.30710077 0.34549999
v 0.75301558 -1.30710077 0.34549999
v 0.75075984 -1.29868221 0.11500000
v 0.75075984 -1.29868221 0.11500000
v 0.75075984 -1.29868221 0.34549999
v 0.75075984 -1.29868221 0.34549999
v 0.75000024 -1.28999984 0.11500000
v 0.75000024 -1.28999984 0.11500000
v 0.75000024 -1.28999984 0.11500000
v 0.75000024 -1.28999984 0.34549999
v 0.75000024 -1.28999984 0.34549999
v 0.75000024 -1.28999984 0.34549999
v 0.75075984 -1.28131747 0.34549999
v 0.75075984 -1.28131747 0.34549999
v 0.75075984 -1.28131747 0.34549999
v 0.75075984 -1.28131747 0.34549999
v 0.75075984 -1.28131747 0.11500000
v 0.75075984 -1.28131747 0.11500000
v 0.75075984 -1.28131747 0.11500000
v 0.75301558 -1.27289891 0.11500000
v 0.75301558 -1.27289891 0.11500000
v 0.75301558 -1.27289891 0.11500000
v 0.75301558 -1.27289891 0.34549999
v 0.75301558 -1.27289891 0.34549999
v 0.75301558 -1.27289891 0.34549999
v 0.75669897 -1.26499987 0.11500000
v 0.75669897 -1.26499987 0.11500000
v 0.75669897 -1.26499987 0.11500000
v 0.75669897 -1.26499987 0.34549999
v 0.75669897 -1.26499987 0.34549999
v 0.75669897 -1.26499987 0.34549999
v 0.75669897 -1.26499987 0.34549999
v 0.75669897 -1.26499987 0.34549999
v 0.75669897 -1.26499987 0.34549999
v 0.75669897 -1.26499987 0.34549999
v 0.76169801 -1.25786054 0.11500000
v 0.76169801 -1.25786054 0.11500000
v 0.76169801 -1.25786054 0.34549999
v 0.76169801 -1.25786054 0.34549999
v 0.76786083 -1.25169766 0.11500000
v 0.76786083 -1.25169766 0.11500000
v 0.76786083 -1.25169766 0.34549999
v 0.76786083 -1.25169766 0.34549999
v 0.76786083 -1.25169766 0.34549999
v 0.77500022 -1.24669862 0.11500000
v 0.77500022 -1.24669862 0.11500000
v 0.77500022 -1.24669862 0.34549999
v 0.77500022 -1.24669862 0.34549999
v 0.78289920 -1.24301529 0.34549999
v 0.78289920 -1.24301529 0.34549999
v 0.78289920 -1.24301529 0.34549999
v 0.78289920 -1.24301529 0.34549999
v 0.78289920 -1.24301529 0.34549999
v 0.78289920 -1.24301529 0.34549999
v 0.78289920 -1.24301529 0.34549999
v 0.78289920 -1.24301529 0.11500000
v 0.78289920 -1.24301529 0.11500000
v 0.79131782 -1.24075949 0.11500000
v 0.79131782 -1.24075949 0.11500000
v 0.79131782 -1.24075949 0.11500000
v 0.79131782 -1.24075949 0.34549999
v 0.79131782 -1.24075949 0.34549999
v 0.79131782 -1.24075949 0.34549999
v 0.79131782 -1.24075949 0.34549999
v 0.80868244 -0.38075954 0.11500000
v 0.80868244 -0.38075954 0.11500000
v 0.80868244 -0.38075954 0.11500000
v 0.80000007 -0.37999994 0.34549999
v 0.80000007 -0.37999994 0.34549999
v 0.80000007 -0.37999994 0.34549999
v 0.80868244 -0.38075954 0.34549999
v 0.80868244 -0.38075954 0.34549999
v 0.80868244 -0.38075954 0.34549999
v 0.80000007 -0.37999994 0.11500000
v 0.80000007 -0.37999994 0.11500000
v 0.80000007 -0.37999994 0.11500000
v 0.81710106 -0.38301527 0.11500000
v 0.81710106 -0.38301527 0.11500000
v 0.81710106 -0.38301527 0.11500000
v 0.81710106 -0.38301527 0.34549999
v 0.81710106 -0.38301527 0.34549999
v 0.81710106 -0.38301527 0.34549999
v 0.81710106 -0.38301527 0.34549999
v 0.81710106 -0.38301527 0.34549999
v 0.82500005 -0.38669866 0.11500000
v 0.82500005 -0.38669866 0.11500000
v 0.82500005 -0.38669866 0.34549999
v 0.82500005 -0.38669866 0.34549999
v 0.83213943 -0.39169771 0.11500000
v 0.83213943 -0.39169771 0.11500000
v 0.83213943 -0.39169771 0.34549999
v 0.83213943 -0.39169771 0.34549999
v 0.83213943 -0.39169771 0.34549999
v 0.83213943 -0.39169771 0.34549999
v 0.83830225 -0.39786053 0.11500000
v 0.83830225 -0.39786053 0.11500000
v 0.83830225 -0.39786053 0.34549999
v 0.83830225 -0.39786053 0.34549999
v 0.84330130 -0.40499991 0.11500000
v 0.84330130 -0.40499991 0.11500000
v 0.84330130 -0.40499991 0.11500000
v 0.84330130 -0.40499991 0.34549999
v 0.84330130 -0.40499991 0.34549999
v 0.84698468 -0.41289890 0.34549999
v 0.84698468 -0.41289890 0.34549999
v 0.84698468 -0.41289890 0.11500000
v 0.84698468 -0.41289890 0.11500000
v 0.84698468 -0.41289890 0.11500000
v 0.84924042 -0.42131752 0.11500000
v 0.84924042 -0.42131752 0.11500000
v 0.84924042 -0.42131752 0.34549999
v 0.84924042 -0.42131752 0.34549999
v 0.84924042 -0.42131752 0.34549999
v 0.85000002 -0.42999989 0.11500000
v 0.85000002 -0.42999989 0.11500000
v 0.85000002 -0.42999989 0.34549999
v 0.85000002 -0.42999989 0.34549999
v 0.85000002 -0.42999989 0.34549999
v 0.84924042 -0.43868226 0.11500000
v 0.84924042 -0.43868226 0.11500000
v 0.84924042 -0.43868226 0.34549999
v 0.84924042 -0.43868226 0.34549999
v 0.84698468 -0.44710088 0.11500000
v 0.84698468 -0.44710088 0.11500000
v 0.84698468 -0.44710088 0.34549999
v 0.84698468 -0.44710088 0.34549999
v 0.84698468 -0.44710088 0.34549999
v 0.84698468 -0.44710088 0.34549999
v 0.84698468 -0.44710088 0.34549999
v 0.84698468 -0.44710088 0.34549999
v 0.84698468 -0.44710088 0.34549999
v 0.84698468 -0.44710088 0.34549999
v 0.84330130 -0.45499986 0.11500000
v 0.84330130 -0.45499986 0.11500000
v 0.84330130 -0.45499986 0.34549999
v 0.84330130 -0.45499986 0.34549999
v 0.83830225 -0.46213925 0.34549999
v 0.83830225 -0.46213925 0.34549999
v 0.83830225 -0.46213925 0.34549999
v 0.83830225 -0.46213925 0.34549999
v 0.83830225 -0.46213925 0.11500000
v 0.83830225 -0.46213925 0.11500000
v 0.83213943 -0.46830207 0.11500000
v 0.83213943 -0.46830207 0.11500000
v 0.83213943 -0.46830207 0.34549999
v 0.83213943 -0.46830207 0.34549999
v 0.83213943 -0.46830207 0.34549999
v 0.83213943 -0.46830207 0.34549999
v 0.83213943 -0.46830207 0.34549999
v 0.83213943 -0.46830207 0.34549999
v 0.83213943 -0.46830207 0.34549999
v 0.82500005 -0.47330111 0.11500000
v 0.82500005 -0.47330111 0.11500000
v 0.82500005 -0.47330111 0.34549999
v 0.82500005 -0.47330111 0.34549999
v 0.81710106 -0.47698450 0.11500000
v 0.81710106 -0.47698450 0.11500000
v 0.81710106 -0.47698450 0.11500000
v 0.81710106 -0.47698450 0.34549999
v 0.81710106 -0.47698450 0.34549999
v 0.81710106 -0.47698450 0.34549999
v 0.80868244 -0.47924024 0.11500000
v 0.80868244 -0.47924024 0.11500000
v 0.80868244 -0.47924024 0.11500000
v 0.80868244 -0.47924024 0.34549999
v 0.80868244 -0.47924024 0.34549999
v 0.80868244 -0.47924024 0.34549999
v 0.80868244 -0.47924024 0.34549999
v 0.80000007 -0.47999984 0.34549999
v 0.80000007 -0.47999984 0.34549999
v 0.80000007 -0.47999984 0.34549999
v 0.80000007 -0.47999984 0.11500000
v 0.80000007 -0.47999984 0.11500000
v 0.80000007 -0.47999984 0.11500000
v 0.80826878 -0.38576615 0.01499999
v 0.80826878 -0.38576615 0.01499999
v 0.80000007 -0.38499993 0.11500000
v 0.80000007 -0.38499993 0.11500000
v 0.80000007 -0.38499993 0.11500000
v 0.80000007 -0.38499993 0.11500000
v 0.80826878 -0.38576615 0.11500000
v 0.80826878 -0.38576615 0.11500000
v 0.80826878 -0.38576615 0.11500000
v 0.80000007 -0.38499993 0.01499999
v 0.80000007 -0.38499993 0.01499999
v 0.80000007 -0.38499993 0.01499999
v 0.81625593 -0.38803864 0.01499999
v 0.81625593 -0.38803864 0.01499999
v 0.81625593 -0.38803864 0.11500000
v 0.81625593 -0.38803864 0.11500000
v 0.82368952 -0.39174014 0.11500000
v 0.82368952 -0.39174014 0.11500000
v 0.82368952 -0.39174014 0.01499999
v 0.82368952 -0.39174014 0.01499999
v 0.82368952 -0.39174014 0.01499999
v 0.83031636 -0.39674449 0.01499999
v 0.83031636 -0.39674449 0.01499999
v 0.83031636 -0.39674449 0.01499999
v 0.83031636 -0.39674449 0.11500000
v 0.83031636 -0.39674449 0.11500000
v 0.83591080 -0.40288132 0.01499999
v 0.83591080 -0.40288132 0.01499999
v 0.83591080 -0.40288132 0.11500000
v 0.83591080 -0.40288132 0.11500000
v 0.84028238 -0.40994167 0.01499999
v 0.84028238 -0.40994167 0.01499999
v 0.84028238 -0.40994167 0.11500000
v 0.84028238 -0.40994167 0.11500000
v 0.84028238 -0.40994167 0.11500000
v 0.84328222 -0.41768509 0.01499999
v 0.84328222 -0.41768509 0.01499999
v 0.84328222 -0.41768509 0.11500000
v 0.84328222 -0.41768509 0.11500000
v 0.84480810 -0.42584783 0.01499999
v 0.84480810 -0.42584783 0.01499999
v 0.84480810 -0.42584783 0.11500000
v 0.84480810 -0.42584783 0.11500000
v 0.84480810 -0.43415195 0.01499999
v 0.84480810 -0.43415195 0.01499999
v 0.84480810 -0.43415195 0.11500000
v 0.84480810 -0.43415195 0.11500000
v 0.84328222 -0.44231468 0.01499999
v 0.84328222 -0.44231468 0.01499999
v 0.84328222 -0.44231468 0.11500000
v 0.84328222 -0.44231468 0.11500000
v 0.84028238 -0.45005810 0.11500000
v 0.84028238 -0.45005810 0.11500000
v 0.84028238 -0.45005810 0.01499999
v 0.84028238 -0.45005810 0.01499999
v 0.84028238 -0.45005810 0.01499999
v 0.83591080 -0.45711845 0.11500000
v 0.83591080 -0.45711845 0.11500000
v 0.83591080 -0.45711845 0.01499999
v 0.83591080 -0.45711845 0.01499999
v 0.83591080 -0.45711845 0.01499999
v 0.83031636 -0.46325529 0.01499999
v 0.83031636 -0.46325529 0.01499999
v 0.83031636 -0.46325529 0.11500000
v 0.83031636 -0.46325529 0.11500000
v 0.82368952 -0.46825963 0.01499999
v 0.82368952 -0.46825963 0.01499999
v 0.82368952 -0.46825963 0.11500000
v 0.82368952 -0.46825963 0.11500000
v 0.81625593 -0.47196114 0.01499999
v 0.81625593 -0.47196114 0.01499999
v 0.81625593 -0.47196114 0.11500000
v 0.81625593 -0.47196114 0.11500000
v 0.80826878 -0.47423363 0.11500000
v 0.80826878 -0.47423363 0.11500000
v 0.80826878 -0.47423363 0.11500000
v 0.80826878 -0.47423363 0.01499999
v 0.80826878 -0.47423363 0.01499999
v 0.80000007 -0.47499984 0.01499999
v 0.80000007 -0.47499984 0.01499999
v 0.80000007 -0.47499984 0.01499999
v 0.80000007 -0.47499984 0.11500000
v 0.80000007 -0.47499984 0.11500000
v 0.80000007 -0.47499984 0.11500000
v 0.80000007 -0.47499984 0.11500000
v 0.81043303 -0.36078173 0.00500000
v 0.81043303 -0.36078173 0.00500000
v 0.80000007 -0.35999990 0.01499999
v 0.80000007 -0.35999990 0.01499999
v 0.80000007 -0.35999990 0.01499999
v 0.81043303 -0.36078173 0.01499999
v 0.81043303 -0.36078173 0.01499999
v 0.80000007 -0.35999990 0.00500000
v 0.80000007 -0.35999990 0.00500000
v 0.80000007 -0.35999990 0.00500000
v 0.82063294 -0.36310983 0.00500000
v 0.82063294 -0.36310983 0.00500000
v 0.82063294 -0.36310983 0.01499999
v 0.82063294 -0.36310983 0.01499999
v 0.83037192 -0.36693209 0.00500000
v 0.83037192 -0.36693209 0.00500000
v 0.83037192 -0.36693209 0.01499999
v 0.83037192 -0.36693209 0.01499999
v 0.83943248 -0.37216318 0.01499999
v 0.83943248 -0.37216318 0.01499999
v 0.83943248 -0.37216318 0.01499999
v 0.83943248 -0.37216318 0.00500000
v 0.83943248 -0.37216318 0.00500000
v 0.84761214 -0.37868631 0.01499999
v 0.84761214 -0.37868631 0.01499999
v 0.84761214 -0.37868631 0.00500000
v 0.84761214 -0.37868631 0.00500000
v 0.85472822 -0.38635564 0.00500000
v 0.85472822 -0.38635564 0.00500000
v 0.85472822 -0.38635564 0.01499999
v 0.85472822 -0.38635564 0.01499999
v 0.86062181 -0.39499992 0.00500000
v 0.86062181 -0.39499992 0.00500000
v 0.86062181 -0.39499992 0.01499999
v 0.86062181 -0.39499992 0.01499999
v 0.86516124 -0.40442604 0.00500000
v 0.86516124 -0.40442604 0.00500000
v 0.86516124 -0.40442604 0.01499999
v 0.86516124 -0.40442604 0.01499999
v 0.86824501 -0.41442347 0.00500000
v 0.86824501 -0.41442347 0.00500000
v 0.86824501 -0.41442347 0.01499999
v 0.86824501 -0.41442347 0.01499999
v 0.86980432 -0.42476881 0.00500000
v 0.86980432 -0.42476881 0.00500000
v 0.86980432 -0.42476881 0.01499999
v 0.86980432 -0.42476881 0.01499999
v 0.86980432 -0.43523097 0.01499999
v 0.86980432 -0.43523097 0.01499999
v 0.86980432 -0.43523097 0.00500000
v 0.86980432 -0.43523097 0.00500000
v 0.86824501 -0.44557631 0.00500000
v 0.86824501 -0.44557631 0.00500000
v 0.86824501 -0.44557631 0.01499999
v 0.86824501 -0.44557631 0.01499999
v 0.86516124 -0.45557371 0.01499999
v 0.86516124 -0.45557371 0.01499999
v 0.86516124 -0.45557371 0.01499999
v 0.86516124 -0.45557371 0.00500000
v 0.86516124 -0.45557371 0.00500000
v 0.86062181 -0.46499986 0.01499999
v 0.86062181 -0.46499986 0.01499999
v 0.86062181 -0.46499986 0.01499999
v 0.86062181 -0.46499986 0.01499999
v 0.86062181 -0.46499986 0.00500000
v 0.86062181 -0.46499986 0.00500000
v 0.85472822 -0.47364411 0.00500000
v 0.85472822 -0.47364411 0.00500000
v 0.85472822 -0.47364411 0.01499999
v 0.85472822 -0.47364411 0.01499999
v 0.85472822 -0.47364411 0.01499999
v 0.84761214 -0.48131347 0.01499999
v 0.84761214 -0.48131347 0.01499999
v 0.84761214 -0.48131347 0.00500000
v 0.84761214 -0.48131347 0.00500000
v 0.83943248 -0.48783660 0.00500000
v 0.83943248 -0.48783660 0.00500000
v 0.83943248 -0.48783660 0.01499999
v 0.83943248 -0.48783660 0.01499999
v 0.83037192 -0.49306768 0.00500000
v 0.83037192 -0.49306768 0.00500000
v 0.83037192 -0.49306768 0.01499999
v 0.83037192 -0.49306768 0.01499999
v 0.82063294 -0.49688995 0.01499999
v 0.82063294 -0.49688995 0.01499999
v 0.82063294 -0.49688995 0.00500000
v 0.82063294 -0.49688995 0.00500000
v 0.81043303 -0.49921805 0.01499999
v 0.81043303 -0.49921805 0.01499999
v 0.81043303 -0.49921805 0.00500000
v 0.81043303 -0.49921805 0.00500000
v 0.80000007 -0.49999988 0.00500000
v 0.80000007 -0.49999988 0.00500000
v 0.80000007 -0.49999988 0.00500000
v 0.80000007 -0.49999988 0.01499999
v 0.80000007 -0.49999988 0.01499999
v 0.80000007 -0.49999988 0.01499999
v 0.78956711 -0.49921805 0.00500000
v 0.78956711 -0.49921805 0.00500000
v 0.78956711 -0.49921805 0.01499999
v 0.78956711 -0.49921805 0.01499999
v 0.77936721 -0.49688995 0.01499999
v 0.77936721 -0.49688995 0.01499999
v 0.77936721 -0.49688995 0.00500000
v 0.77936721 -0.49688995 0.00500000
v 0.76962823 -0.49306768 0.00500000
v 0.76962823 -0.49306768 0.00500000
v 0.76962823 -0.49306768 0.01499999
v 0.76962823 -0.49306768 0.01499999
v 0.76056766 -0.48783660 0.01499999
v 0.76056766 -0.48783660 0.01499999
v 0.76056766 -0.48783660 0.00500000
v 0.76056766 -0.48783660 0.00500000
v 0.75238800 -0.48131347 0.00500000
v 0.75238800 -0.48131347 0.00500000
v 0.75238800 -0.48131347 0.01499999
v 0.75238800 -0.48131347 0.01499999
v 0.74527192 -0.47364414 0.00500000
v 0.74527192 -0.47364414 0.00500000
v 0.74527192 -0.47364414 0.01499999
v 0.74527192 -0.47364414 0.01499999
v 0.73937833 -0.46499986 0.00500000
v 0.73937833 -0.46499986 0.00500000
v 0.73937833 -0.46499986 0.01499999
v 0.73937833 -0.46499986 0.01499999
v 0.73937833 -0.46499986 0.01499999
v 0.73483890 -0.45557374 0.00500000
v 0.73483890 -0.45557374 0.00500000
v 0.73483890 -0.45557374 0.01499999
v 0.73483890 -0.45557374 0.01499999
v 0.73483890 -0.45557374 0.01499999
v 0.73483890 -0.45557374 0.01499999
v 0.73175514 -0.44557631 0.00500000
v 0.73175514 -0.44557631 0.00500000
v 0.73175514 -0.44557631 0.01499999
v 0.73175514 -0.44557631 0.01499999
v 0.73019582 -0.43523097 0.01499999
v 0.73019582 -0.43523097 0.01499999
v 0.73019582 -0.43523097 0.00500000
v 0.73019582 -0.43523097 0.00500000
v 0.73019582 -0.42476881 0.01499999
v 0.73019582 -0.42476881 0.01499999
v 0.73019582 -0.42476881 0.00500000
v 0.73019582 -0.42476881 0.00500000
v 0.73175514 -0.41442347 0.01499999
v 0.73175514 -0.41442347 0.01499999
v 0.73175514 -0.41442347 0.00500000
v 0.73175514 -0.41442347 0.00500000
v 0.73483890 -0.40442607 0.01499999
v 0.73483890 -0.40442607 0.01499999
v 0.73483890 -0.40442607 0.01499999
v 0.73483890 -0.40442607 0.00500000
v 0.73483890 -0.40442607 0.00500000
v 0.73937833 -0.39499992 0.00500000
v 0.73937833 -0.39499992 0.00500000
v 0.73937833 -0.39499992 0.01499999
v 0.73937833 -0.39499992 0.01499999
v 0.73937833 -0.39499992 0.01499999
v 0.74527192 -0.38635567 0.00500000
v 0.74527192 -0.38635567 0.00500000
v 0.74527192 -0.38635567 0.01499999
v 0.74527192 -0.38635567 0.01499999
v 0.75238800 -0.37868631 0.01499999
v 0.75238800 -0.37868631 0.01499999
v 0.75238800 -0.37868631 0.00500000
v 0.75238800 -0.37868631 0.00500000
v 0.76056766 -0.37216318 0.00500000
v 0.76056766 -0.37216318 0.00500000
v 0.76056766 -0.37216318 0.01499999
v 0.76056766 -0.37216318 0.01499999
v 0.76962823 -0.36693209 0.00500000
v 0.76962823 -0.36693209 0.00500000
v 0.76962823 -0.36693209 0.01499999
v 0.76962823 -0.36693209 0.01499999
v 0.77936721 -0.36310983 0.01499999
v 0.77936721 -0.36310983 0.01499999
v 0.77936721 -0.36310983 0.00500000
v 0.77936721 -0.36310983 0.00500000
v 0.78956711 -0.36078173 0.00500000
v 0.78956711 -0.36078173 0.00500000
v 0.78956711 -0.36078173 0.01499999
v 0.78956711 -0.36078173 0.01499999
v 0.76968378 -0.39674449 0.01499999
v 0.76968378 -0.39674449 0.01499999
v 0.76408935 -0.40288132 0.01499999
v 0.76408935 -0.40288132 0.01499999
v 0.77631062 -0.39174014 0.01499999
v 0.77631062 -0.39174014 0.01499999
v 0.75971776 -0.40994167 0.01499999
v 0.75971776 -0.40994167 0.01499999
v 0.75971776 -0.40994167 0.01499999
v 0.78374422 -0.38803864 0.01499999
v 0.78374422 -0.38803864 0.01499999
v 0.75671792 -0.41768509 0.01499999
v 0.75671792 -0.41768509 0.01499999
v 0.79173136 -0.38576615 0.01499999
v 0.79173136 -0.38576615 0.01499999
v 0.75519204 -0.42584783 0.01499999
v 0.75519204 -0.42584783 0.01499999
v 0.75519204 -0.43415195 0.01499999
v 0.75519204 -0.43415195 0.01499999
v 0.75671792 -0.44231468 0.01499999
v 0.75671792 -0.44231468 0.01499999
v 0.75671792 -0.44231468 0.01499999
v 0.75971776 -0.45005810 0.01499999
v 0.75971776 -0.45005810 0.01499999
v 0.75971776 -0.45005810 0.01499999
v 0.75971776 -0.45005810 0.01499999
v 0.76408935 -0.45711845 0.01499999
v 0.76408935 -0.45711845 0.01499999
v 0.76968378 -0.46325529 0.01499999
v 0.76968378 -0.46325529 0.01499999
v 0.77631062 -0.46825963 0.01499999
v 0.77631062 -0.46825963 0.01499999
v 0.78374422 -0.47196114 0.01499999
v 0.78374422 -0.47196114 0.01499999
v 0.79173136 -0.47423363 0.01499999
v 0.79173136 -0.47423363 0.01499999
v 0.79173136 -0.47423363 0.11500000
v 0.79173136 -0.47423363 0.11500000
v 0.79173136 -0.47423363 0.11500000
v 0.78374422 -0.47196114 0.11500000
v 0.78374422 -0.47196114 0.11500000
v 0.77631062 -0.46825963 0.11500000
v 0.77631062 -0.46825963 0.11500000
v 0.76968378 -0.46325529 0.11500000
v 0.76968378 -0.46325529 0.11500000
v 0.76408935 -0.45711845 0.11500000
v 0.76408935 -0.45711845 0.11500000
v 0.75971776 -0.45005810 0.11500000
v 0.75971776 -0.45005810 0.11500000
v 0.75671792 -0.44231468 0.11500000
v 0.75671792 -0.44231468 0.11500000
v 0.75519204 -0.43415195 0.11500000
v 0.75519204 -0.43415195 0.11500000
v 0.75519204 -0.42584783 0.11500000
v 0.75519204 -0.42584783 0.11500000
v 0.75519204 -0.42584783 0.11500000
v 0.75671792 -0.41768509 0.11500000
v 0.75671792 -0.41768509 0.11500000
v 0.75971776 -0.40994167 0.11500000
v 0.75971776 -0.40994167 0.11500000
v 0.75971776 -0.40994167 0.11500000
v 0.76408935 -0.40288132 0.11500000
v 0.76408935 -0.40288132 0.11500000
v 0.76968378 -0.39674449 0.11500000
v 0.76968378 -0.39674449 0.11500000
v 0.77631062 -0.39174014 0.11500000
v 0.77631062 -0.39174014 0.11500000
v 0.78374422 -0.38803864 0.11500000
v 0.78374422 -0.38803864 0.11500000
v 0.79173136 -0.38576615 0.11500000
v 0.79173136 -0.38576615 0.11500000
v 0.79173136 -0.38576615 0.11500000
v 0.79131770 -0.47924024 0.34549999
v 0.79131770 -0.47924024 0.34549999
v 0.79131770 -0.47924024 0.34549999
v 0.79131770 -0.47924024 0.34549999
v 0.79131770 -0.47924024 0.11500000
v 0.79131770 -0.47924024 0.11500000
v 0.79131770 -0.47924024 0.11500000
v 0.78289908 -0.47698450 0.11500000
v 0.78289908 -0.47698450 0.11500000
v 0.78289908 -0.47698450 0.34549999
v 0.78289908 -0.47698450 0.34549999
v 0.78289908 -0.47698450 0.34549999
v 0.78289908 -0.47698450 0.34549999
v 0.78289908 -0.47698450 0.34549999
v 0.77500009 -0.47330111 0.34549999
v 0.77500009 -0.47330111 0.34549999
v 0.77500009 -0.47330111 0.34549999
v 0.77500009 -0.47330111 0.34549999
v 0.77500009 -0.47330111 0.11500000
v 0.77500009 -0.47330111 0.11500000
v 0.76786071 -0.46830207 0.11500000
v 0.76786071 -0.46830207 0.11500000
v 0.76786071 -0.46830207 0.34549999
v 0.76786071 -0.46830207 0.34549999
v 0.76169789 -0.46213925 0.11500000
v 0.76169789 -0.46213925 0.11500000
v 0.76169789 -0.46213925 0.34549999
v 0.76169789 -0.46213925 0.34549999
v 0.76169789 -0.46213925 0.34549999
v 0.75669885 -0.45499986 0.11500000
v 0.75669885 -0.45499986 0.11500000
v 0.75669885 -0.45499986 0.34549999
v 0.75669885 -0.45499986 0.34549999
v 0.75669885 -0.45499986 0.34549999
v 0.75669885 -0.45499986 0.34549999
v 0.75669885 -0.45499986 0.34549999
v 0.75669885 -0.45499986 0.34549999
v 0.75301546 -0.44710088 0.11500000
v 0.75301546 -0.44710088 0.11500000
v 0.75301546 -0.44710088 0.34549999
v 0.75301546 -0.44710088 0.34549999
v 0.75301546 -0.44710088 0.34549999
v 0.75301546 -0.44710088 0.34549999
v 0.75075972 -0.43868226 0.11500000
v 0.75075972 -0.43868226 0.11500000
v 0.75075972 -0.43868226 0.34549999
v 0.75075972 -0.43868226 0.34549999
v 0.75000012 -0.42999989 0.11500000
v 0.75000012 -0.42999989 0.11500000
v 0.75000012 -0.42999989 0.11500000
v 0.75000012 -0.42999989 0.34549999
v 0.75000012 -0.42999989 0.34549999
v 0.75000012 -0.42999989 0.34549999
v 0.75075972 -0.42131752 0.34549999
v 0.75075972 -0.42131752 0.34549999
v 0.75075972 -0.42131752 0.34549999
v 0.75075972 -0.42131752 0.34549999
v 0.75075972 -0.42131752 0.11500000
v 0.75075972 -0.42131752 0.11500000
v 0.75075972 -0.42131752 0.11500000
v 0.75301546 -0.41289890 0.11500000
v 0.75301546 -0.41289890 0.11500000
v 0.75301546 -0.41289890 0.11500000
v 0.75301546 -0.41289890 0.34549999
v 0.75301546 -0.41289890 0.34549999
v 0.75301546 -0.41289890 0.34549999
v 0.75669885 -0.40499991 0.11500000
v 0.75669885 -0.40499991 0.11500000
v 0.75669885 -0.40499991 0.11500000
v 0.75669885 -0.40499991 0.34549999
v 0.75669885 -0.40499991 0.34549999
v 0.75669885 -0.40499991 0.34549999
v 0.75669885 -0.40499991 0.34549999
v 0.75669885 -0.40499991 0.34549999
v 0.75669885 -0.40499991 0.34549999
v 0.75669885 -0.40499991 0.34549999
v 0.76169789 -0.39786053 0.11500000
v 0.76169789 -0.39786053 0.11500000
v 0.76169789 -0.39786053 0.34549999
v 0.76169789 -0.39786053 0.34549999
v 0.76786071 -0.39169771 0.11500000
v 0.76786071 -0.39169771 0.11500000
v 0.76786071 -0.39169771 0.34549999
v 0.76786071 -0.39169771 0.34549999
v 0.76786071 -0.39169771 0.34549999
v 0.77500009 -0.38669866 0.11500000
v 0.77500009 -0.38669866 0.11500000
v 0.77500009 -0.38669866 0.34549999
v 0.77500009 -0.38669866 0.34549999
v 0.78289908 -0.38301527 0.34549999
v 0.78289908 -0.38301527 0.34549999
v 0.78289908 -0.38301527 0.34549999
v 0.78289908 -0.38301527 0.34549999
v 0.78289908 -0.38301527 0.34549999
v 0.78289908 -0.38301527 0.34549999
v 0.78289908 -0.38301527 0.34549999
v 0.78289908 -0.38301527 0.11500000
v 0.78289908 -0.38301527 0.11500000
v 0.79131770 -0.38075954 0.11500000
v 0.79131770 -0.38075954 0.11500000
v 0.79131770 -0.38075954 0.11500000
v 0.79131770 -0.38075954 0.34549999
v 0.79131770 -0.38075954 0.34549999
v 0.79131770 -0.38075954 0.34549999
v 0.79131770 -0.38075954 0.34549999
v 0.80868232 0.47924048 0.11500000
v 0.80868232 0.47924048 0.11500000
v 0.80868232 0.47924048 0.11500000
v 0.79999995 0.48000008 0.34549999
v 0.79999995 0.48000008 0.34549999
v 0.79999995 0.48000008 0.34549999
v 0.80868232 0.47924048 0.34549999
v 0.80868232 0.47924048 0.34549999
v 0.80868232 0.47924048 0.34549999
v 0.79999995 0.48000008 0.11500000
v 0.79999995 0.48000008 0.11500000
v 0.79999995 0.48000008 0.11500000
v 0.81710094 0.47698474 0.11500000
v 0.81710094 0.47698474 0.11500000
v 0.81710094 0.47698474 0.11500000
v 0.81710094 0.47698474 0.34549999
v 0.81710094 0.47698474 0.34549999
v 0.81710094 0.47698474 0.34549999
v 0.81710094 0.47698474 0.34549999
v 0.81710094 0.47698474 0.34549999
v 0.82499993 0.47330135 0.11500000
v 0.82499993 0.47330135 0.11500000
v 0.82499993 0.47330135 0.34549999
v 0.82499993 0.47330135 0.34549999
v 0.83213931 0.46830231 0.11500000
v 0.83213931 0.46830231 0.11500000
v 0.83213931 0.46830231 0.34549999
v 0.83213931 0.46830231 0.34549999
v 0.83213931 0.46830231 0.34549999
v 0.83213931 0.46830231 0.34549999
v 0.83830213 0.46213949 0.11500000
v 0.83830213 0.46213949 0.11500000
v 0.83830213 0.46213949 0.34549999
v 0.83830213 0.46213949 0.34549999
v 0.84330118 0.45500010 0.11500000
v 0.84330118 0.45500010 0.11500000
v 0.84330118 0.45500010 0.11500000
v 0.84330118 0.45500010 0.34549999
v 0.84330118 0.45500010 0.34549999
v 0.84698456 0.44710112 0.34549999
v 0.84698456 0.44710112 0.34549999
v 0.84698456 0.44710112 0.11500000
v 0.84698456 0.44710112 0.11500000
v 0.84698456 0.44710112 0.11500000
v 0.84924030 0.43868250 0.11500000
v 0.84924030 0.43868250 0.11500000
v 0.84924030 0.43868250 0.34549999
v 0.84924030 0.43868250 0.34549999
v 0.84924030 0.43868250 0.34549999
v 0.84999991 0.43000013 0.11500000
v 0.84999991 0.43000013 0.11500000
v 0.84999991 0.43000013 0.34549999
v 0.84999991 0.43000013 0.34549999
v 0.84999991 0.43000013 0.34549999
v 0.84924030 0.42131776 0.11500000
v 0.84924030 0.42131776 0.11500000
v 0.84924030 0.42131776 0.34549999
v 0.84924030 0.42131776 0.34549999
v 0.84698456 0.41289914 0.11500000
v 0.84698456 0.41289914 0.11500000
v 0.84698456 0.41289914 0.34549999
v 0.84698456 0.41289914 0.34549999
v 0.84698456 0.41289914 0.34549999
v 0.84698456 0.41289914 0.34549999
v 0.84698456 0.41289914 0.34549999
v 0.84698456 0.41289914 0.34549999
v 0.84698456 0.41289914 0.34549999
v 0.84698456 0.41289914 0.34549999
v 0.84330118 0.40500015 0.11500000
v 0.84330118 0.40500015 0.11500000
v 0.84330118 0.40500015 0.34549999
v 0.84330118 0.40500015 0.34549999
v 0.83830213 0.39786077 0.34549999
v 0.83830213 0.39786077 0.34549999
v 0.83830213 0.39786077 0.34549999
v 0.83830213 0.39786077 0.34549999
v 0.83830213 0.39786077 0.11500000
v 0.83830213 0.39786077 0.11500000
v 0.83213931 0.39169794 0.11500000
v 0.83213931 0.39169794 0.11500000
v 0.83213931 0.39169794 0.34549999
v 0.83213931 0.39169794 0.34549999
v 0.83213931 0.39169794 0.34549999
v 0.83213931 0.39169794 0.34549999
v 0.83213931 0.39169794 0.34549999
v 0.83213931 0.39169794 0.34549999
v 0.83213931 0.39169794 0.34549999
v 0.82499993 0.38669890 0.11500000
v 0.82499993 0.38669890 0.11500000
v 0.82499993 0.38669890 0.34549999
v 0.82499993 0.38669890 0.34549999
v 0.81710094 0.38301551 0.11500000
v 0.81710094 0.38301551 0.11500000
v 0.81710094 0.38301551 0.11500000
v 0.81710094 0.38301551 0.34549999
v 0.81710094 0.38301551 0.34549999
v 0.81710094 0.38301551 0.34549999
v 0.80868232 0.38075978 0.11500000
v 0.80868232 0.38075978 0.11500000
v 0.80868232 0.38075978 0.11500000
v 0.80868232 0.38075978 0.34549999
v 0.80868232 0.38075978 0.34549999
v 0.80868232 0.38075978 0.34549999
v 0.80868232 0.38075978 0.34549999
v 0.79999995 0.38000017 0.34549999
v 0.79999995 0.38000017 0.34549999
v 0.79999995 0.38000017 0.34549999
v 0.79999995 0.38000017 0.11500000
v 0.79999995 0.38000017 0.11500000
v 0.79999995 0.38000017 0.11500000
v 0.80826867 0.47423387 0.01499999
v 0.80826867 0.47423387 0.01499999
v 0.79999995 0.47500008 0.11500000
v 0.79999995 0.47500008 0.11500000
v 0.79999995 0.47500008 0.11500000
v 0.79999995 0.47500008 0.11500000
v 0.80826867 0.47423387 0.11500000
v 0.80826867 0.47423387 0.11500000
v 0.80826867 0.47423387 0.11500000
v 0.79999995 0.47500008 0.01499999
v 0.79999995 0.47500008 0.01499999
v 0.79999995 0.47500008 0.01499999
v 0.81625581 0.47196138 0.01499999
v 0.81625581 0.47196138 0.01499999
v 0.81625581 0.47196138 0.11500000
v 0.81625581 0.47196138 0.11500000
v 0.82368940 0.46825987 0.11500000
v 0.82368940 0.46825987 0.11500000
v 0.82368940 0.46825987 0.01499999
v 0.82368940 0.46825987 0.01499999
v 0.82368940 0.46825987 0.01499999
v 0.83031625 0.46325553 0.01499999
v 0.83031625 0.46325553 0.01499999
v 0.83031625 0.46325553 0.01499999
v 0.83031625 0.46325553 0.11500000
v 0.83031625 0.46325553 0.11500000
v 0.83591068 0.45711869 0.01499999
v 0.83591068 0.45711869 0.01499999
v 0.83591068 0.45711869 0.11500000
v 0.83591068 0.45711869 0.11500000
v 0.84028226 0.45005834 0.01499999
v 0.84028226 0.45005834 0.01499999
v 0.84028226 0.45005834 0.11500000
v 0.84028226 0.45005834 0.11500000
v 0.84028226 0.45005834 0.11500000
v 0.84328210 0.44231492 0.01499999
v 0.84328210 0.44231492 0.01499999
v 0.84328210 0.44231492 0.11500000
v 0.84328210 0.44231492 0.11500000
v 0.84480798 0.43415219 0.01499999
v 0.84480798 0.43415219 0.01499999
v 0.84480798 0.43415219 0.11500000
v 0.84480798 0.43415219 0.11500000
v 0.84480798 0.42584807 0.01499999
v 0.84480798 0.42584807 0.01499999
v 0.84480798 0.42584807 0.11500000
v 0.84480798 0.42584807 0.11500000
v 0.84328210 0.41768533 0.01499999
v 0.84328210 0.41768533 0.01499999
v 0.84328210 0.41768533 0.11500000
v 0.84328210 0.41768533 0.11500000
v 0.84028226 0.40994191 0.11500000
v 0.84028226 0.40994191 0.11500000
v 0.84028226 0.40994191 0.01499999
v 0.84028226 0.40994191 0.01499999
v 0.84028226 0.40994191 0.01499999
v 0.83591068 0.40288156 0.11500000
v 0.83591068 0.40288156 0.11500000
v 0.83591068 0.40288156 0.01499999
v 0.83591068 0.40288156 0.01499999
v 0.83591068 0.40288156 0.01499999
v 0.83031625 0.39674473 0.01499999
v 0.83031625 0.39674473 0.01499999
v 0.83031625 0.39674473 0.11500000
v 0.83031625 0.39674473 0.11500000
v 0.82368940 0.39174038 0.01499999
v 0.82368940 0.39174038 0.01499999
v 0.82368940 0.39174038 0.11500000
v 0.82368940 0.39174038 0.11500000
v 0.81625581 0.38803887 0.01499999
v 0.81625581 0.38803887 0.01499999
v 0.81625581 0.38803887 0.11500000
v 0.81625581 0.38803887 0.11500000
v 0.80826867 0.38576639 0.11500000
v 0.80826867 0.38576639 0.11500000
v 0.80826867 0.38576639 0.11500000
v 0.80826867 0.38576639 0.01499999
v 0.80826867 0.38576639 0.01499999
v 0.79999995 0.38500017 0.01499999
v 0.79999995 0.38500017 0.01499999
v 0.79999995 0.38500017 0.01499999
v 0.79999995 0.38500017 0.11500000
v 0.79999995 0.38500017 0.11500000
v 0.79999995 0.38500017 0.11500000
v 0.79999995 0.38500017 0.11500000
v 0.81043291 0.49921828 0.00500000
v 0.81043291 0.49921828 0.00500000
v 0.79999995 0.50000012 0.01499999
v 0.79999995 0.50000012 0.01499999
v 0.79999995 0.50000012 0.01499999
v 0.81043291 0.49921828 0.01499999
v 0.81043291 0.49921828 0.01499999
v 0.79999995 0.50000012 0.00500000
v 0.79999995 0.50000012 0.00500000
v 0.79999995 0.50000012 0.00500000
v 0.82063281 0.49689019 0.00500000
v 0.82063281 0.49689019 0.00500000
v 0.82063281 0.49689019 0.01499999
v 0.82063281 0.49689019 0.01499999
v 0.83037180 0.49306792 0.00500000
v 0.83037180 0.49306792 0.00500000
v 0.83037180 0.49306792 0.01499999
v 0.83037180 0.49306792 0.01499999
v 0.83943236 0.48783684 0.01499999
v 0.83943236 0.48783684 0.01499999
v 0.83943236 0.48783684 0.01499999
v 0.83943236 0.48783684 0.00500000
v 0.83943236 0.48783684 0.00500000
v 0.84761202 0.48131370 0.01499999
v 0.84761202 0.48131370 0.01499999
v 0.84761202 0.48131370 0.00500000
v 0.84761202 0.48131370 0.00500000
v 0.85472810 0.47364438 0.00500000
v 0.85472810 0.47364438 0.00500000
v 0.85472810 0.47364438 0.01499999
v 0.85472810 0.47364438 0.01499999
v 0.86062169 0.46500009 0.00500000
v 0.86062169 0.46500009 0.00500000
v 0.86062169 0.46500009 0.01499999
v 0.86062169 0.46500009 0.01499999
v 0.86516112 0.45557398 0.00500000
v 0.86516112 0.45557398 0.00500000
v 0.86516112 0.45557398 0.01499999
v 0.86516112 0.45557398 0.01499999
v 0.86824489 0.44557655 0.00500000
v 0.86824489 0.44557655 0.00500000
v 0.86824489 0.44557655 0.01499999
v 0.86824489 0.44557655 0.01499999
v 0.86980420 0.43523121 0.00500000
v 0.86980420 0.43523121 0.00500000
v 0.86980420 0.43523121 0.01499999
v 0.86980420 0.43523121 0.01499999
v 0.86980420 0.42476904 0.01499999
v 0.86980420 0.42476904 0.01499999
v 0.86980420 0.42476904 0.00500000
v 0.86980420 0.42476904 0.00500000
v 0.86824489 0.41442370 0.00500000
v 0.86824489 0.41442370 0.00500000
v 0.86824489 0.41442370 0.01499999
v 0.86824489 0.41442370 0.01499999
v 0.86516112 0.40442631 0.01499999
v 0.86516112 0.40442631 0.01499999
v 0.86516112 0.40442631 0.01499999
v 0.86516112 0.40442631 0.00500000
v 0.86516112 0.40442631 0.00500000
v 0.86062169 0.39500016 0.01499999
v 0.86062169 0.39500016 0.01499999
v 0.86062169 0.39500016 0.01499999
v 0.86062169 0.39500016 0.01499999
v 0.86062169 0.39500016 0.00500000
v 0.86062169 0.39500016 0.00500000
v 0.85472810 0.38635591 0.00500000
v 0.85472810 0.38635591 0.00500000
v 0.85472810 0.38635591 0.01499999
v 0.85472810 0.38635591 0.01499999
v 0.85472810 0.38635591 0.01499999
v 0.84761202 0.37868655 0.01499999
v 0.84761202 0.37868655 0.01499999
v 0.84761202 0.37868655 0.00500000
v 0.84761202 0.37868655 0.00500000
v 0.83943236 0.37216341 0.00500000
v 0.83943236 0.37216341 0.00500000
v 0.83943236 0.37216341 0.01499999
v 0.83943236 0.37216341 0.01499999
v 0.83037180 0.36693233 0.00500000
v 0.83037180 0.36693233 0.00500000
v 0.83037180 0.36693233 0.01499999
v 0.83037180 0.36693233 0.01499999
v 0.82063281 0.36311006 0.01499999
v 0.82063281 0.36311006 0.01499999
v 0.82063281 0.36311006 0.00500000
v 0.82063281 0.36311006 0.00500000
v 0.81043291 0.36078197 0.01499999
v 0.81043291 0.36078197 0.01499999
v 0.81043291 0.36078197 0.00500000
v 0.81043291 0.36078197 0.00500000
v 0.79999995 0.36000013 0.00500000
v 0.79999995 0.36000013 0.00500000
v 0.79999995 0.36000013 0.00500000
v 0.79999995 0.36000013 0.01499999
v 0.79999995 0.36000013 0.01499999
v 0.79999995 0.36000013 0.01499999
v 0.78956699 0.36078197 0.00500000
v 0.78956699 0.36078197 0.00500000
v 0.78956699 0.36078197 0.01499999
v 0.78956699 0.36078197 0.01499999
v 0.77936709 0.36311006 0.01499999
v 0.77936709 0.36311006 0.01499999
v 0.77936709 0.36311006 0.00500000
v 0.77936709 0.36311006 0.00500000
v 0.76962811 0.36693233 0.00500000
v 0.76962811 0.36693233 0.00500000
v 0.76962811 0.36693233 0.01499999
v 0.76962811 0.36693233 0.01499999
v 0.76056755 0.37216341 0.01499999
v 0.76056755 0.37216341 0.01499999
v 0.76056755 0.37216341 0.00500000
v 0.76056755 0.37216341 0.00500000
v 0.75238788 0.37868655 0.00500000
v 0.75238788 0.37868655 0.00500000
v 0.75238788 0.37868655 0.01499999
v 0.75238788 0.37868655 0.01499999
v 0.74527180 0.38635588 0.00500000
v 0.74527180 0.38635588 0.00500000
v 0.74527180 0.38635588 0.01499999
v 0.74527180 0.38635588 0.01499999
v 0.73937821 0.39500016 0.00500000
v 0.73937821 0.39500016 0.00500000
v 0.73937821 0.39500016 0.01499999
v 0.73937821 0.39500016 0.01499999
v 0.73937821 0.39500016 0.01499999
v 0.73483878 0.40442628 0.00500000
v 0.73483878 0.40442628 0.00500000
v 0.73483878 0.40442628 0.01499999
v 0.73483878 0.40442628 0.01499999
v 0.73483878 0.40442628 0.01499999
v 0.73483878 0.40442628 0.01499999
v 0.73175502 0.41442370 0.00500000
v 0.73175502 0.41442370 0.00500000
v 0.73175502 0.41442370 0.01499999
v 0.73175502 0.41442370 0.01499999
v 0.73019570 0.42476904 0.01499999
v 0.73019570 0.42476904 0.01499999
v 0.73019570 0.42476904 0.00500000
v 0.73019570 0.42476904 0.00500000
v 0.73019570 0.43523121 0.01499999
v 0.73019570 0.43523121 0.01499999
v 0.73019570 0.43523121 0.00500000
v 0.73019570 0.43523121 0.00500000
v 0.73175502 0.44557655 0.01499999
v 0.73175502 0.44557655 0.01499999
v 0.73175502 0.44557655 0.00500000
v 0.73175502 0.44557655 0.00500000
v 0.73483878 0.45557395 0.01499999
v 0.73483878 0.45557395 0.01499999
v 0.73483878 0.45557395 0.01499999
v 0.73483878 0.45557395 0.00500000
v 0.73483878 0.45557395 0.00500000
v 0.73937821 0.46500009 0.00500000
v 0.73937821 0.46500009 0.00500000
v 0.73937821 0.46500009 0.01499999
v 0.73937821 0.46500009 0.01499999
v 0.73937821 0.46500009 0.01499999
v 0.74527180 0.47364435 0.00500000
v 0.74527180 0.47364435 0.00500000
v 0.74527180 0.47364435 0.01499999
v 0.74527180 0.47364435 0.01499999
v 0.75238788 0.48131370 0.01499999
v 0.75238788 0.48131370 0.01499999
v 0.75238788 0.48131370 0.00500000
v 0.75238788 0.48131370 0.00500000
v 0.76056755 0.48783684 0.00500000
v 0.76056755 0.48783684 0.00500000
v 0.76056755 0.48783684 0.01499999
v 0.76056755 0.48783684 0.01499999
v 0.76962811 0.49306792 0.00500000
v 0.76962811 0.49306792 0.00500000
v 0.76962811 0.49306792 0.01499999
v 0.76962811 0.49306792 0.01499999
v 0.77936709 0.49689019 0.01499999
v 0.77936709 0.49689019 0.01499999
v 0.77936709 0.49689019 0.00500000
v 0.77936709 0.49689019 0.00500000
v 0.78956699 0.49921828 0.00500000
v 0.78956699 0.49921828 0.00500000
v 0.78956699 0.49921828 0.01499999
v 0.78956699 0.49921828 0.01499999
v 0.76968366 0.46325553 0.01499999
v 0.76968366 0.46325553 0.01499999
v 0.76408923 0.45711869 0.01499999
v 0.76408923 0.45711869 0.01499999
v 0.77631050 0.46825987 0.01499999
v 0.77631050 0.46825987 0.01499999
v 0.75971764 0.45005834 0.01499999
v 0.75971764 0.45005834 0.01499999
v 0.75971764 0.45005834 0.01499999
v 0.78374410 0.47196138 0.01499999
v 0.78374410 0.47196138 0.01499999
v 0.75671780 0.44231492 0.01499999
v 0.75671780 0.44231492 0.01499999
v 0.79173124 0.47423387 0.01499999
v 0.79173124 0.47423387 0.01499999
v 0.75519192 0.43415219 0.01499999
v 0.75519192 0.43415219 0.01499999
v 0.75519192 0.42584807 0.01499999
v 0.75519192 0.42584807 0.01499999
v 0.75671780 0.41768533 0.01499999
v 0.75671780 0.41768533 0.01499999
v 0.75671780 0.41768533 0.01499999
v 0.75971764 0.40994191 0.01499999
v 0.75971764 0.40994191 0.01499999
v 0.75971764 0.40994191 0.01499999
v 0.75971764 0.40994191 0.01499999
v 0.76408923 0.40288156 0.01499999
v 0.76408923 0.40288156 0.01499999
v 0.76968366 0.39674473 0.01499999
v 0.76968366 0.39674473 0.01499999
v 0.77631050 0.39174038 0.01499999
v 0.77631050 0.39174038 0.01499999
v 0.78374410 0.38803887 0.01499999
v 0.78374410 0.38803887 0.01499999
v 0.79173124 0.38576639 0.01499999
v 0.79173124 0.38576639 0.01499999
v 0.79173124 0.38576639 0.11500000
v 0.79173124 0.38576639 0.11500000
v 0.79173124 0.38576639 0.11500000
v 0.78374410 0.38803887 0.11500000
v 0.78374410 0.38803887 0.11500000
v 0.77631050 0.39174038 0.11500000
v 0.77631050 0.39174038 0.11500000
v 0.76968366 0.39674473 0.11500000
v 0.76968366 0.39674473 0.11500000
v 0.76408923 0.40288156 0.11500000
v 0.76408923 0.40288156 0.11500000
v 0.75971764 0.40994191 0.11500000
v 0.75971764 0.40994191 0.11500000
v 0.75671780 0.41768533 0.11500000
v 0.75671780 0.41768533 0.11500000
v 0.75519192 0.42584807 0.11500000
v 0.75519192 0.42584807 0.11500000
v 0.75519192 0.43415219 0.11500000
v 0.75519192 0.43415219 0.11500000
v 0.75519192 0.43415219 0.11500000
v 0.75671780 0.44231492 0.11500000
v 0.75671780 0.44231492 0.11500000
v 0.75971764 0.45005834 0.11500000
v 0.75971764 0.45005834 0.11500000
v 0.75971764 0.45005834 0.11500000
v 0.76408923 0.45711869 0.11500000
v 0.76408923 0.45711869 0.11500000
v 0.76968366 0.46325553 0.11500000
v 0.76968366 0.46325553 0.11500000
v 0.77631050 0.46825987 0.11500000
v 0.77631050 0.46825987 0.11500000
v 0.78374410 0.47196138 0.11500000
v 0.78374410 0.47196138 0.11500000
v 0.79173124 0.47423387 0.11500000
v 0.79173124 0.47423387 0.11500000
v 0.79173124 0.47423387 0.11500000
v 0.79131758 0.38075978 0.34549999
v 0.79131758 0.38075978 0.34549999
v 0.79131758 0.38075978 0.34549999
v 0.79131758 0.38075978 0.34549999
v 0.79131758 0.38075978 0.11500000
v 0.79131758 0.38075978 0.11500000
v 0.79131758 0.38075978 0.11500000
v 0.78289896 0.38301551 0.11500000
v 0.78289896 0.38301551 0.11500000
v 0.78289896 0.38301551 0.34549999
v 0.78289896 0.38301551 0.34549999
v 0.78289896 0.38301551 0.34549999
v 0.78289896 0.38301551 0.34549999
v 0.78289896 0.38301551 0.34549999
v 0.77499998 0.38669890 0.34549999
v 0.77499998 0.38669890 0.34549999
v 0.77499998 0.38669890 0.34549999
v 0.77499998 0.38669890 0.34549999
v 0.77499998 0.38669890 0.11500000
v 0.77499998 0.38669890 0.11500000
v 0.76786059 0.39169794 0.11500000
v 0.76786059 0.39169794 0.11500000
v 0.76786059 0.39169794 0.34549999
v 0.76786059 0.39169794 0.34549999
v 0.76169777 0.39786077 0.11500000
v 0.76169777 0.39786077 0.11500000
v 0.76169777 0.39786077 0.34549999
v 0.76169777 0.39786077 0.34549999
v 0.76169777 0.39786077 0.34549999
v 0.75669873 0.40500015 0.11500000
v 0.75669873 0.40500015 0.11500000
v 0.75669873 0.40500015 0.34549999
v 0.75669873 0.40500015 0.34549999
v 0.75669873 0.40500015 0.34549999
v 0.75669873 0.40500015 0.34549999
v 0.75669873 0.40500015 0.34549999
v 0.75669873 0.40500015 0.34549999
v 0.75301534 0.41289914 0.11500000
v 0.75301534 0.41289914 0.11500000
v 0.75301534 0.41289914 0.34549999
v 0.75301534 0.41289914 0.34549999
v 0.75301534 0.41289914 0.34549999
v 0.75301534 0.41289914 0.34549999
v 0.75075960 0.42131776 0.11500000
v 0.75075960 0.42131776 0.11500000
v 0.75075960 0.42131776 0.34549999
v 0.75075960 0.42131776 0.34549999
v 0.75000000 0.43000013 0.11500000
v 0.75000000 0.43000013 0.11500000
v 0.75000000 0.43000013 0.11500000
v 0.75000000 0.43000013 0.34549999
v 0.75000000 0.43000013 0.34549999
v 0.75000000 0.43000013 0.34549999
v 0.75075960 0.43868250 0.34549999
v 0.75075960 0.43868250 0.34549999
v 0.75075960 0.43868250 0.34549999
v 0.75075960 0.43868250 0.34549999
v 0.75075960 0.43868250 0.11500000
v 0.75075960 0.43868250 0.11500000
v 0.75075960 0.43868250 0.11500000
v 0.75301534 0.44710112 0.11500000
v 0.75301534 0.44710112 0.11500000
v 0.75301534 0.44710112 0.11500000
v 0.75301534 0.44710112 0.34549999
v 0.75301534 0.44710112 0.34549999
v 0.75301534 0.44710112 0.34549999
v 0.75669873 0.45500010 0.11500000
v 0.75669873 0.45500010 0.11500000
v 0.75669873 0.45500010 0.11500000
v 0.75669873 0.45500010 0.34549999
v 0.75669873 0.45500010 0.34549999
v 0.75669873 0.45500010 0.34549999
v 0.75669873 0.45500010 0.34549999
v 0.75669873 0.45500010 0.34549999
v 0.75669873 0.45500010 0.34549999
v 0.75669873 0.45500010 0.34549999
v 0.76169777 0.46213949 0.11500000
v 0.76169777 0.46213949 0.11500000
v 0.76169777 0.46213949 0.34549999
v 0.76169777 0.46213949 0.34549999
v 0.76786059 0.46830231 0.11500000
v 0.76786059 0.46830231 0.11500000
v 0.76786059 0.46830231 0.34549999
v 0.76786059 0.46830231 0.34549999
v 0.76786059 0.46830231 0.34549999
v 0.77499998 0.47330135 0.11500000
v 0.77499998 0.47330135 0.11500000
v 0.77499998 0.47330135 0.34549999
v 0.77499998 0.47330135 0.34549999
v 0.78289896 0.47698474 0.34549999
v 0.78289896 0.47698474 0.34549999
v 0.78289896 0.47698474 0.34549999
v 0.78289896 0.47698474 0.34549999
v 0.78289896 0.47698474 0.34549999
v 0.78289896 0.47698474 0.34549999
v 0.78289896 0.47698474 0.34549999
v 0.78289896 0.47698474 0.11500000
v 0.78289896 0.47698474 0.11500000
v 0.79131758 0.47924048 0.11500000
v 0.79131758 0.47924048 0.11500000
v 0.79131758 0.47924048 0.11500000
v 0.79131758 0.47924048 0.34549999
v 0.79131758 0.47924048 0.34549999
v 0.79131758 0.47924048 0.34549999
v 0.79131758 0.47924048 0.34549999
v 0.40868220 1.33924031 0.11500000
v 0.40868220 1.33924031 0.11500000
v 0.40868220 1.33924031 0.11500000
v 0.39999983 1.33999991 0.34549999
v 0.39999983 1.33999991 0.34549999
v 0.39999983 1.33999991 0.34549999
v 0.40868220 1.33924031 0.34549999
v 0.40868220 1.33924031 0.34549999
v 0.40868220 1.33924031 0.34549999
v 0.39999983 1.33999991 0.11500000
v 0.39999983 1.33999991 0.11500000
v 0.39999983 1.33999991 0.11500000
v 0.41710079 1.33698463 0.11500000
v 0.41710079 1.33698463 0.11500000
v 0.41710079 1.33698463 0.11500000
v 0.41710079 1.33698463 0.34549999
v 0.41710079 1.33698463 0.34549999
v 0.41710079 1.33698463 0.34549999
v 0.41710079 1.33698463 0.34549999
v 0.41710079 1.33698463 0.34549999
v 0.42499980 1.33330119 0.11500000
v 0.42499980 1.33330119 0.11500000
v 0.42499980 1.33330119 0.34549999
v 0.42499980 1.33330119 0.34549999
v 0.43213919 1.32830215 0.11500000
v 0.43213919 1.32830215 0.11500000
v 0.43213919 1.32830215 0.34549999
v 0.43213919 1.32830215 0.34549999
v 0.43213919 1.32830215 0.34549999
v 0.43213919 1.32830215 0.34549999
v 0.43830201 1.32213938 0.11500000
v 0.43830201 1.32213938 0.11500000
v 0.43830201 1.32213938 0.34549999
v 0.43830201 1.32213938 0.34549999
v 0.44330105 1.31499994 0.11500000
v 0.44330105 1.31499994 0.11500000
v 0.44330105 1.31499994 0.11500000
v 0.44330105 1.31499994 0.34549999
v 0.44330105 1.31499994 0.34549999
v 0.44698444 1.30710089 0.34549999
v 0.44698444 1.30710089 0.34549999
v 0.44698444 1.30710089 0.11500000
v 0.44698444 1.30710089 0.11500000
v 0.44698444 1.30710089 0.11500000
v 0.44924018 1.29868233 0.11500000
v 0.44924018 1.29868233 0.11500000
v 0.44924018 1.29868233 0.34549999
v 0.44924018 1.29868233 0.34549999
v 0.44924018 1.29868233 0.34549999
v 0.44999978 1.28999996 0.11500000
v 0.44999978 1.28999996 0.11500000
v 0.44999978 1.28999996 0.34549999
v 0.44999978 1.28999996 0.34549999
v 0.44999978 1.28999996 0.34549999
v 0.44924018 1.28131759 0.11500000
v 0.44924018 1.28131759 0.11500000
v 0.44924018 1.28131759 0.34549999
v 0.44924018 1.28131759 0.34549999
v 0.44698444 1.27289903 0.11500000
v 0.44698444 1.27289903 0.11500000
v 0.44698444 1.27289903 0.34549999
v 0.44698444 1.27289903 0.34549999
v 0.44698444 1.27289903 0.34549999
v 0.44698444 1.27289903 0.34549999
v 0.44698444 1.27289903 0.34549999
v 0.44698444 1.27289903 0.34549999
v 0.44698444 1.27289903 0.34549999
v 0.44698444 1.27289903 0.34549999
v 0.44330105 1.26499999 0.11500000
v 0.44330105 1.26499999 0.11500000
v 0.44330105 1.26499999 0.34549999
v 0.44330105 1.26499999 0.34549999
v 0.43830201 1.25786066 0.34549999
v 0.43830201 1.25786066 0.34549999
v 0.43830201 1.25786066 0.34549999
v 0.43830201 1.25786066 0.34549999
v 0.43830201 1.25786066 0.11500000
v 0.43830201 1.25786066 0.11500000
v 0.43213919 1.25169778 0.11500000
v 0.43213919 1.25169778 0.11500000
v 0.43213919 1.25169778 0.34549999
v 0.43213919 1.25169778 0.34549999
v 0.43213919 1.25169778 0.34549999
v 0.43213919 1.25169778 0.34549999
v 0.43213919 1.25169778 0.34549999
v 0.43213919 1.25169778 0.34549999
v 0.43213919 1.25169778 0.34549999
v 0.42499980 1.24669874 0.11500000
v 0.42499980 1.24669874 0.11500000
v 0.42499980 1.24669874 0.34549999
v 0.42499980 1.24669874 0.34549999
v 0.41710082 1.24301541 0.11500000
v 0.41710082 1.24301541 0.11500000
v 0.41710082 1.24301541 0.11500000
v 0.41710082 1.24301541 0.34549999
v 0.41710082 1.24301541 0.34549999
v 0.41710082 1.24301541 0.34549999
v 0.40868220 1.24075961 0.11500000
v 0.40868220 1.24075961 0.11500000
v 0.40868220 1.24075961 0.11500000
v 0.40868220 1.24075961 0.34549999
v 0.40868220 1.24075961 0.34549999
v 0.40868220 1.24075961 0.34549999
v 0.40868220 1.24075961 0.34549999
v 0.39999983 1.24000001 0.34549999
v 0.39999983 1.24000001 0.34549999
v 0.39999983 1.24000001 0.34549999
v 0.39999983 1.24000001 0.11500000
v 0.39999983 1.24000001 0.11500000
v 0.39999983 1.24000001 0.11500000
v 0.40826854 1.33423364 0.01499999
v 0.40826854 1.33423364 0.01499999
v 0.39999983 1.33499992 0.11500000
v 0.39999983 1.33499992 0.11500000
v 0.39999983 1.33499992 0.11500000
v 0.39999983 1.33499992 0.11500000
v 0.40826854 1.33423364 0.11500000
v 0.40826854 1.33423364 0.11500000
v 0.40826854 1.33423364 0.11500000
v 0.39999983 1.33499992 0.01499999
v 0.39999983 1.33499992 0.01499999
v 0.39999983 1.33499992 0.01499999
v 0.41625568 1.33196115 0.01499999
v 0.41625568 1.33196115 0.01499999
v 0.41625568 1.33196115 0.11500000
v 0.41625568 1.33196115 0.11500000
v 0.42368925 1.32825971 0.11500000
v 0.42368925 1.32825971 0.11500000
v 0.42368925 1.32825971 0.01499999
v 0.42368925 1.32825971 0.01499999
v 0.42368925 1.32825971 0.01499999
v 0.43031612 1.32325530 0.01499999
v 0.43031612 1.32325530 0.01499999
v 0.43031612 1.32325530 0.01499999
v 0.43031612 1.32325530 0.11500000
v 0.43031612 1.32325530 0.11500000
v 0.43591055 1.31711853 0.01499999
v 0.43591055 1.31711853 0.01499999
v 0.43591055 1.31711853 0.11500000
v 0.43591055 1.31711853 0.11500000
v 0.44028214 1.31005812 0.01499999
v 0.44028214 1.31005812 0.01499999
v 0.44028214 1.31005812 0.11500000
v 0.44028214 1.31005812 0.11500000
v 0.44028214 1.31005812 0.11500000
v 0.44328198 1.30231476 0.01499999
v 0.44328198 1.30231476 0.01499999
v 0.44328198 1.30231476 0.11500000
v 0.44328198 1.30231476 0.11500000
v 0.44480786 1.29415202 0.01499999
v 0.44480786 1.29415202 0.01499999
v 0.44480786 1.29415202 0.11500000
v 0.44480786 1.29415202 0.11500000
v 0.44480786 1.28584790 0.01499999
v 0.44480786 1.28584790 0.01499999
v 0.44480786 1.28584790 0.11500000
v 0.44480786 1.28584790 0.11500000
v 0.44328198 1.27768517 0.01499999
v 0.44328198 1.27768517 0.01499999
v 0.44328198 1.27768517 0.11500000
v 0.44328198 1.27768517 0.11500000
v 0.44028214 1.26994181 0.11500000
v 0.44028214 1.26994181 0.11500000
v 0.44028214 1.26994181 0.01499999
v 0.44028214 1.26994181 0.01499999
v 0.44028214 1.26994181 0.01499999
v 0.43591055 1.26288140 0.11500000
v 0.43591055 1.26288140 0.11500000
v 0.43591055 1.26288140 0.01499999
v 0.43591055 1.26288140 0.01499999
v 0.43591055 1.26288140 0.01499999
v 0.43031612 1.25674462 0.01499999
v 0.43031612 1.25674462 0.01499999
v 0.43031612 1.25674462 0.11500000
v 0.43031612 1.25674462 0.11500000
v 0.42368928 1.25174022 0.01499999
v 0.42368928 1.25174022 0.01499999
v 0.42368928 1.25174022 0.11500000
v 0.42368928 1.25174022 0.11500000
v 0.41625568 1.24803877 0.01499999
v 0.41625568 1.24803877 0.01499999
v 0.41625568 1.24803877 0.11500000
v 0.41625568 1.24803877 0.11500000
v 0.40826854 1.24576628 0.11500000
v 0.40826854 1.24576628 0.11500000
v 0.40826854 1.24576628 0.11500000
v 0.40826854 1.24576628 0.01499999
v 0.40826854 1.24576628 0.01499999
v 0.39999983 1.24500000 0.01499999
v 0.39999983 1.24500000 0.01499999
v 0.39999983 1.24500000 0.01499999
v 0.39999983 1.24500000 0.11500000
v 0.39999983 1.24500000 0.11500000
v 0.39999983 1.24500000 0.11500000
v 0.39999983 1.24500000 0.11500000
v 0.41043276 1.35921812 0.00500000
v 0.41043276 1.35921812 0.00500000
v 0.39999983 1.35999990 0.01499999
v 0.39999983 1.35999990 0.01499999
v 0.39999983 1.35999990 0.01499999
v 0.41043276 1.35921812 0.01499999
v 0.41043276 1.35921812 0.01499999
v 0.39999983 1.35999990 0.00500000
v 0.39999983 1.35999990 0.00500000
v 0.39999983 1.35999990 0.00500000
v 0.42063269 1.35688996 0.00500000
v 0.42063269 1.35688996 0.00500000
v 0.42063269 1.35688996 0.01499999
v 0.42063269 1.35688996 0.01499999
v 0.43037164 1.35306776 0.00500000
v 0.43037164 1.35306776 0.00500000
v 0.43037164 1.35306776 0.01499999
v 0.43037164 1.35306776 0.01499999
v 0.43943220 1.34783673 0.01499999
v 0.43943220 1.34783673 0.01499999
v 0.43943220 1.34783673 0.01499999
v 0.43943220 1.34783673 0.00500000
v 0.43943220 1.34783673 0.00500000
v 0.44761190 1.34131360 0.01499999
v 0.44761190 1.34131360 0.01499999
v 0.44761190 1.34131360 0.00500000
v 0.44761190 1.34131360 0.00500000
v 0.45472798 1.33364415 0.00500000
v 0.45472798 1.33364415 0.00500000
v 0.45472798 1.33364415 0.01499999
v 0.45472798 1.33364415 0.01499999
v 0.46062157 1.32499993 0.00500000
v 0.46062157 1.32499993 0.00500000
v 0.46062157 1.32499993 0.01499999
v 0.46062157 1.32499993 0.01499999
v 0.46516100 1.31557381 0.00500000
v 0.46516100 1.31557381 0.00500000
v 0.46516100 1.31557381 0.01499999
v 0.46516100 1.31557381 0.01499999
v 0.46824476 1.30557644 0.00500000
v 0.46824476 1.30557644 0.00500000
v 0.46824476 1.30557644 0.01499999
v 0.46824476 1.30557644 0.01499999
v 0.46980408 1.29523110 0.00500000
v 0.46980408 1.29523110 0.00500000
v 0.46980408 1.29523110 0.01499999
v 0.46980408 1.29523110 0.01499999
v 0.46980408 1.28476894 0.01499999
v 0.46980408 1.28476894 0.01499999
v 0.46980408 1.28476894 0.00500000
v 0.46980408 1.28476894 0.00500000
v 0.46824476 1.27442360 0.00500000
v 0.46824476 1.27442360 0.00500000
v 0.46824476 1.27442360 0.01499999
v 0.46824476 1.27442360 0.01499999
v 0.46516100 1.26442611 0.01499999
v 0.46516100 1.26442611 0.01499999
v 0.46516100 1.26442611 0.01499999
v 0.46516100 1.26442611 0.00500000
v 0.46516100 1.26442611 0.00500000
v 0.46062157 1.25500000 0.01499999
v 0.46062157 1.25500000 0.01499999
v 0.46062157 1.25500000 0.01499999
v 0.46062157 1.25500000 0.01499999
v 0.46062157 1.25500000 0.00500000
v 0.46062157 1.25500000 0.00500000
v 0.45472798 1.24635577 0.00500000
v 0.45472798 1.24635577 0.00500000
v 0.45472798 1.24635577 0.01499999
v 0.45472798 1.24635577 0.01499999
v 0.45472798 1.24635577 0.01499999
v 0.44761190 1.23868644 0.01499999
v 0.44761190 1.23868644 0.01499999
v 0.44761190 1.23868644 0.00500000
v 0.44761190 1.23868644 0.00500000
v 0.43943223 1.23216331 0.00500000
v 0.43943223 1.23216331 0.00500000
v 0.43943223 1.23216331 0.01499999
v 0.43943223 1.23216331 0.01499999
v 0.43037167 1.22693217 0.00500000
v 0.43037167 1.22693217 0.00500000
v 0.43037167 1.22693217 0.01499999
v 0.43037167 1.22693217 0.01499999
v 0.42063269 1.22310996 0.01499999
v 0.42063269 1.22310996 0.01499999
v 0.42063269 1.22310996 0.00500000
v 0.42063269 1.22310996 0.00500000
v 0.41043279 1.22078180 0.01499999
v 0.41043279 1.22078180 0.01499999
v 0.41043279 1.22078180 0.00500000
v 0.41043279 1.22078180 0.00500000
v 0.39999983 1.22000003 0.00500000
v 0.39999983 1.22000003 0.00500000
v 0.39999983 1.22000003 0.00500000
v 0.39999983 1.22000003 0.01499999
v 0.39999983 1.22000003 0.01499999
v 0.39999983 1.22000003 0.01499999
v 0.38956690 1.22078180 0.00500000
v 0.38956690 1.22078180 0.00500000
v 0.38956690 1.22078180 0.01499999
v 0.38956690 1.22078180 0.01499999
v 0.37936696 1.22310996 0.01499999
v 0.37936696 1.22310996 0.01499999
v 0.37936696 1.22310996 0.00500000
v 0.37936696 1.22310996 0.00500000
v 0.36962801 1.22693217 0.00500000
v 0.36962801 1.22693217 0.00500000
v 0.36962801 1.22693217 0.01499999
v 0.36962801 1.22693217 0.01499999
v 0.36056745 1.23216319 0.01499999
v 0.36056745 1.23216319 0.01499999
v 0.36056745 1.23216319 0.00500000
v 0.36056745 1.23216319 0.00500000
v 0.35238776 1.23868632 0.00500000
v 0.35238776 1.23868632 0.00500000
v 0.35238776 1.23868632 0.01499999
v 0.35238776 1.23868632 0.01499999
v 0.34527168 1.24635577 0.00500000
v 0.34527168 1.24635577 0.00500000
v 0.34527168 1.24635577 0.01499999
v 0.34527168 1.24635577 0.01499999
v 0.33937809 1.25500000 0.00500000
v 0.33937809 1.25500000 0.00500000
v 0.33937809 1.25500000 0.01499999
v 0.33937809 1.25500000 0.01499999
v 0.33937809 1.25500000 0.01499999
v 0.33483866 1.26442611 0.00500000
v 0.33483866 1.26442611 0.00500000
v 0.33483866 1.26442611 0.01499999
v 0.33483866 1.26442611 0.01499999
v 0.33483866 1.26442611 0.01499999
v 0.33483866 1.26442611 0.01499999
v 0.33175489 1.27442348 0.00500000
v 0.33175489 1.27442348 0.00500000
v 0.33175489 1.27442348 0.01499999
v 0.33175489 1.27442348 0.01499999
v 0.33019558 1.28476882 0.01499999
v 0.33019558 1.28476882 0.01499999
v 0.33019558 1.28476882 0.00500000
v 0.33019558 1.28476882 0.00500000
v 0.33019558 1.29523098 0.01499999
v 0.33019558 1.29523098 0.01499999
v 0.33019558 1.29523098 0.00500000
v 0.33019558 1.29523098 0.00500000
v 0.33175489 1.30557632 0.01499999
v 0.33175489 1.30557632 0.01499999
v 0.33175489 1.30557632 0.00500000
v 0.33175489 1.30557632 0.00500000
v 0.33483866 1.31557381 0.01499999
v 0.33483866 1.31557381 0.01499999
v 0.33483866 1.31557381 0.01499999
v 0.33483866 1.31557381 0.00500000
v 0.33483866 1.31557381 0.00500000
v 0.33937809 1.32499993 0.00500000
v 0.33937809 1.32499993 0.00500000
v 0.33937809 1.32499993 0.01499999
v 0.33937809 1.32499993 0.01499999
v 0.33937809 1.32499993 0.01499999
v 0.34527168 1.33364415 0.00500000
v 0.34527168 1.33364415 0.00500000
v 0.34527168 1.33364415 0.01499999
v 0.34527168 1.33364415 0.01499999
v 0.35238776 1.34131348 0.01499999
v 0.35238776 1.34131348 0.01499999
v 0.35238776 1.34131348 0.00500000
v 0.35238776 1.34131348 0.00500000
v 0.36056742 1.34783661 0.00500000
v 0.36056742 1.34783661 0.00500000
v 0.36056742 1.34783661 0.01499999
v 0.36056742 1.34783661 0.01499999
v 0.36962798 1.35306776 0.00500000
v 0.36962798 1.35306776 0.00500000
v 0.36962798 1.35306776 0.01499999
v 0.36962798 1.35306776 0.01499999
v 0.37936696 1.35688996 0.01499999
v 0.37936696 1.35688996 0.01499999
v 0.37936696 1.35688996 0.00500000
v 0.37936696 1.35688996 0.00500000
v 0.38956687 1.35921812 0.00500000
v 0.38956687 1.35921812 0.00500000
v 0.38956687 1.35921812 0.01499999
v 0.38956687 1.35921812 0.01499999
v 0.36968353 1.32325530 0.01499999
v 0.36968353 1.32325530 0.01499999
v 0.36408910 1.31711853 0.01499999
v 0.36408910 1.31711853 0.01499999
v 0.37631038 1.32825971 0.01499999
v 0.37631038 1.32825971 0.01499999
v 0.35971752 1.31005812 0.01499999
v 0.35971752 1.31005812 0.01499999
v 0.35971752 1.31005812 0.01499999
v 0.38374397 1.33196115 0.01499999
v 0.38374397 1.33196115 0.01499999
v 0.35671768 1.30231476 0.01499999
v 0.35671768 1.30231476 0.01499999
v 0.39173111 1.33423364 0.01499999
v 0.39173111 1.33423364 0.01499999
v 0.35519180 1.29415202 0.01499999
v 0.35519180 1.29415202 0.01499999
v 0.35519180 1.28584790 0.01499999
v 0.35519180 1.28584790 0.01499999
v 0.35671768 1.27768517 0.01499999
v 0.35671768 1.27768517 0.01499999
v 0.35671768 1.27768517 0.01499999
v 0.35971752 1.26994181 0.01499999
v 0.35971752 1.26994181 0.01499999
v 0.35971752 1.26994181 0.01499999
v 0.35971752 1.26994181 0.01499999
v 0.36408910 1.26288140 0.01499999
v 0.36408910 1.26288140 0.01499999
v 0.36968353 1.25674462 0.01499999
v 0.36968353 1.25674462 0.01499999
v 0.37631041 1.25174022 0.01499999
v 0.37631041 1.25174022 0.01499999
v 0.38374397 1.24803877 0.01499999
v 0.38374397 1.24803877 0.01499999
v 0.39173111 1.24576628 0.01499999
v 0.39173111 1.24576628 0.01499999
v 0.39173111 1.24576628 0.11500000
v 0.39173111 1.24576628 0.11500000
v 0.39173111 1.24576628 0.11500000
v 0.38374397 1.24803877 0.11500000
v 0.38374397 1.24803877 0.11500000
v 0.37631041 1.25174022 0.11500000
v 0.37631041 1.25174022 0.11500000
v 0.36968353 1.25674462 0.11500000
v 0.36968353 1.25674462 0.11500000
v 0.36408910 1.26288140 0.11500000
v 0.36408910 1.26288140 0.11500000
v 0.35971752 1.26994181 0.11500000
v 0.35971752 1.26994181 0.11500000
v 0.35671768 1.27768517 0.11500000
v 0.35671768 1.27768517 0.11500000
v 0.35519180 1.28584790 0.11500000
v 0.35519180 1.28584790 0.11500000
v 0.35519180 1.29415202 0.11500000
v 0.35519180 1.29415202 0.11500000
v 0.35519180 1.29415202 0.11500000
v 0.35671768 1.30231476 0.11500000
v 0.35671768 1.30231476 0.11500000
v 0.35971752 1.31005812 0.11500000
v 0.35971752 1.31005812 0.11500000
v 0.35971752 1.31005812 0.11500000
v 0.36408910 1.31711853 0.11500000
v 0.36408910 1.31711853 0.11500000
v 0.36968353 1.32325530 0.11500000
v 0.36968353 1.32325530 0.11500000
v 0.37631038 1.32825971 0.11500000
v 0.37631038 1.32825971 0.11500000
v 0.38374397 1.33196115 0.11500000
v 0.38374397 1.33196115 0.11500000
v 0.39173111 1.33423364 0.11500000
v 0.39173111 1.33423364 0.11500000
v 0.39173111 1.33423364 0.11500000
v 0.39131746 1.24075961 0.34549999
v 0.39131746 1.24075961 0.34549999
v 0.39131746 1.24075961 0.34549999
v 0.39131746 1.24075961 0.34549999
v 0.39131746 1.24075961 0.11500000
v 0.39131746 1.24075961 0.11500000
v 0.39131746 1.24075961 0.11500000
v 0.38289887 1.24301529 0.11500000
v 0.38289887 1.24301529 0.11500000
v 0.38289887 1.24301529 0.34549999
v 0.38289887 1.24301529 0.34549999
v 0.38289887 1.24301529 0.34549999
v 0.38289887 1.24301529 0.34549999
v 0.38289887 1.24301529 0.34549999
v 0.37499985 1.24669874 0.34549999
v 0.37499985 1.24669874 0.34549999
v 0.37499985 1.24669874 0.34549999
v 0.37499985 1.24669874 0.34549999
v 0.37499985 1.24669874 0.11500000
v 0.37499985 1.24669874 0.11500000
v 0.36786047 1.25169778 0.11500000
v 0.36786047 1.25169778 0.11500000
v 0.36786047 1.25169778 0.34549999
v 0.36786047 1.25169778 0.34549999
v 0.36169764 1.25786054 0.11500000
v 0.36169764 1.25786054 0.11500000
v 0.36169764 1.25786054 0.34549999
v 0.36169764 1.25786054 0.34549999
v 0.36169764 1.25786054 0.34549999
v 0.35669860 1.26499999 0.11500000
v 0.35669860 1.26499999 0.11500000
v 0.35669860 1.26499999 0.34549999
v 0.35669860 1.26499999 0.34549999
v 0.35669860 1.26499999 0.34549999
v 0.35669860 1.26499999 0.34549999
v 0.35669860 1.26499999 0.34549999
v 0.35669860 1.26499999 0.34549999
v 0.35301521 1.27289903 0.11500000
v 0.35301521 1.27289903 0.11500000
v 0.35301521 1.27289903 0.34549999
v 0.35301521 1.27289903 0.34549999
v 0.35301521 1.27289903 0.34549999
v 0.35301521 1.27289903 0.34549999
v 0.35075948 1.28131759 0.11500000
v 0.35075948 1.28131759 0.11500000
v 0.35075948 1.28131759 0.34549999
v 0.35075948 1.28131759 0.34549999
v 0.34999988 1.28999996 0.11500000
v 0.34999988 1.28999996 0.11500000
v 0.34999988 1.28999996 0.11500000
v 0.34999988 1.28999996 0.34549999
v 0.34999988 1.28999996 0.34549999
v 0.34999988 1.28999996 0.34549999
v 0.35075948 1.29868233 0.34549999
v 0.35075948 1.29868233 0.34549999
v 0.35075948 1.29868233 0.34549999
v 0.35075948 1.29868233 0.34549999
v 0.35075948 1.29868233 0.11500000
v 0.35075948 1.29868233 0.11500000
v 0.35075948 1.29868233 0.11500000
v 0.35301521 1.30710089 0.11500000
v 0.35301521 1.30710089 0.11500000
v 0.35301521 1.30710089 0.11500000
v 0.35301521 1.30710089 0.34549999
v 0.35301521 1.30710089 0.34549999
v 0.35301521 1.30710089 0.34549999
v 0.35669860 1.31499994 0.11500000
v 0.35669860 1.31499994 0.11500000
v 0.35669860 1.31499994 0.11500000
v 0.35669860 1.31499994 0.34549999
v 0.35669860 1.31499994 0.34549999
v 0.35669860 1.31499994 0.34549999
v 0.35669860 1.31499994 0.34549999
v 0.35669860 1.31499994 0.34549999
v 0.35669860 1.31499994 0.34549999
v 0.35669860 1.31499994 0.34549999
v 0.36169764 1.32213926 0.11500000
v 0.36169764 1.32213926 0.11500000
v 0.36169764 1.32213926 0.34549999
v 0.36169764 1.32213926 0.34549999
v 0.36786047 1.32830215 0.11500000
v 0.36786047 1.32830215 0.11500000
v 0.36786047 1.32830215 0.34549999
v 0.36786047 1.32830215 0.34549999
v 0.36786047 1.32830215 0.34549999
v 0.37499985 1.33330119 0.11500000
v 0.37499985 1.33330119 0.11500000
v 0.37499985 1.33330119 0.34549999
v 0.37499985 1.33330119 0.34549999
v 0.38289884 1.33698452 0.34549999
v 0.38289884 1.33698452 0.34549999
v 0.38289884 1.33698452 0.34549999
v 0.38289884 1.33698452 0.34549999
v 0.38289884 1.33698452 0.34549999
v 0.38289884 1.33698452 0.34549999
v 0.38289884 1.33698452 0.34549999
v 0.38289884 1.33698452 0.11500000
v 0.38289884 1.33698452 0.11500000
v 0.39131746 1.33924031 0.11500000
v 0.39131746 1.33924031 0.11500000
v 0.39131746 1.33924031 0.11500000
v 0.39131746 1.33924031 0.34549999
v 0.39131746 1.33924031 0.34549999
v 0.39131746 1.33924031 0.34549999
v 0.39131746 1.33924031 0.34549999
v 0.80868220 1.33924043 0.11500000
v 0.80868220 1.33924043 0.11500000
v 0.80868220 1.33924043 0.11500000
v 0.79999983 1.34000003 0.34549999
v 0.79999983 1.34000003 0.34549999
v 0.79999983 1.34000003 0.34549999
v 0.80868220 1.33924043 0.34549999
v 0.80868220 1.33924043 0.34549999
v 0.80868220 1.33924043 0.34549999
v 0.79999983 1.34000003 0.11500000
v 0.79999983 1.34000003 0.11500000
v 0.79999983 1.34000003 0.11500000
v 0.81710082 1.33698463 0.11500000
v 0.81710082 1.33698463 0.11500000
v 0.81710082 1.33698463 0.11500000
v 0.81710082 1.33698463 0.34549999
v 0.81710082 1.33698463 0.34549999
v 0.81710082 1.33698463 0.34549999
v 0.81710082 1.33698463 0.34549999
v 0.81710082 1.33698463 0.34549999
v 0.82499981 1.33330131 0.11500000
v 0.82499981 1.33330131 0.11500000
v 0.82499981 1.33330131 0.34549999
v 0.82499981 1.33330131 0.34549999
v 0.83213919 1.32830226 0.11500000
v 0.83213919 1.32830226 0.11500000
v 0.83213919 1.32830226 0.34549999
v 0.83213919 1.32830226 0.34549999
v 0.83213919 1.32830226 0.34549999
v 0.83213919 1.32830226 0.34549999
v 0.83830202 1.32213950 0.11500000
v 0.83830202 1.32213950 0.11500000
v 0.83830202 1.32213950 0.34549999
v 0.83830202 1.32213950 0.34549999
v 0.84330106 1.31500006 0.11500000
v 0.84330106 1.31500006 0.11500000
v 0.84330106 1.31500006 0.11500000
v 0.84330106 1.31500006 0.34549999
v 0.84330106 1.31500006 0.34549999
v 0.84698445 1.30710101 0.34549999
v 0.84698445 1.30710101 0.34549999
v 0.84698445 1.30710101 0.11500000
v 0.84698445 1.30710101 0.11500000
v 0.84698445 1.30710101 0.11500000
v 0.84924018 1.29868245 0.11500000
v 0.84924018 1.29868245 0.11500000
v 0.84924018 1.29868245 0.34549999
v 0.84924018 1.29868245 0.34549999
v 0.84924018 1.29868245 0.34549999
v 0.84999978 1.29000008 0.11500000
v 0.84999978 1.29000008 0.11500000
v 0.84999978 1.29000008 0.34549999
v 0.84999978 1.29000008 0.34549999
v 0.84999978 1.29000008 0.34549999
v 0.84924018 1.28131771 0.11500000
v 0.84924018 1.28131771 0.11500000
v 0.84924018 1.28131771 0.34549999
v 0.84924018 1.28131771 0.34549999
v 0.84698445 1.27289915 0.11500000
v 0.84698445 1.27289915 0.11500000
v 0.84698445 1.27289915 0.34549999
v 0.84698445 1.27289915 0.34549999
v 0.84698445 1.27289915 0.34549999
v 0.84698445 1.27289915 0.34549999
v 0.84698445 1.27289915 0.34549999
v 0.84698445 1.27289915 0.34549999
v 0.84698445 1.27289915 0.34549999
v 0.84698445 1.27289915 0.34549999
v 0.84330106 1.26500010 0.11500000
v 0.84330106 1.26500010 0.11500000
v 0.84330106 1.26500010 0.34549999
v 0.84330106 1.26500010 0.34549999
v 0.83830202 1.25786078 0.34549999
v 0.83830202 1.25786078 0.34549999
v 0.83830202 1.25786078 0.34549999
v 0.83830202 1.25786078 0.34549999
v 0.83830202 1.25786078 0.11500000
v 0.83830202 1.25786078 0.11500000
v 0.83213919 1.25169790 0.11500000
v 0.83213919 1.25169790 0.11500000
v 0.83213919 1.25169790 0.34549999
v 0.83213919 1.25169790 0.34549999
v 0.83213919 1.25169790 0.34549999
v 0.83213919 1.25169790 0.34549999
v 0.83213919 1.25169790 0.34549999
v 0.83213919 1.25169790 0.34549999
v 0.83213919 1.25169790 0.34549999
v 0.82499981 1.24669886 0.11500000
v 0.82499981 1.24669886 0.11500000
v 0.82499981 1.24669886 0.34549999
v 0.82499981 1.24669886 0.34549999
v 0.81710082 1.24301553 0.11500000
v 0.81710082 1.24301553 0.11500000
v 0.81710082 1.24301553 0.11500000
v 0.81710082 1.24301553 0.34549999
v 0.81710082 1.24301553 0.34549999
v 0.81710082 1.24301553 0.34549999
v 0.80868220 1.24075973 0.11500000
v 0.80868220 1.24075973 0.11500000
v 0.80868220 1.24075973 0.11500000
v 0.80868220 1.24075973 0.34549999
v 0.80868220 1.24075973 0.34549999
v 0.80868220 1.24075973 0.34549999
v 0.80868220 1.24075973 0.34549999
v 0.79999983 1.24000013 0.34549999
v 0.79999983 1.24000013 0.34549999
v 0.79999983 1.24000013 0.34549999
v 0.79999983 1.24000013 0.11500000
v 0.79999983 1.24000013 0.11500000
v 0.79999983 1.24000013 0.11500000
v 0.80826855 1.33423376 0.01499999
v 0.80826855 1.33423376 0.01499999
v 0.79999983 1.33500004 0.11500000
v 0.79999983 1.33500004 0.11500000
v 0.79999983 1.33500004 0.11500000
v 0.79999983 1.33500004 0.11500000
v 0.80826855 1.33423376 0.11500000
v 0.80826855 1.33423376 0.11500000
v 0.80826855 1.33423376 0.11500000
v 0.79999983 1.33500004 0.01499999
v 0.79999983 1.33500004 0.01499999
v 0.79999983 1.33500004 0.01499999
v 0.81625569 1.33196139 0.01499999
v 0.81625569 1.33196139 0.01499999
v 0.81625569 1.33196139 0.11500000
v 0.81625569 1.33196139 0.11500000
v 0.82368928 1.32825983 0.11500000
v 0.82368928 1.32825983 0.11500000
v 0.82368928 1.32825983 0.01499999
v 0.82368928 1.32825983 0.01499999
v 0.82368928 1.32825983 0.01499999
v 0.83031613 1.32325542 0.01499999
v 0.83031613 1.32325542 0.01499999
v 0.83031613 1.32325542 0.01499999
v 0.83031613 1.32325542 0.11500000
v 0.83031613 1.32325542 0.11500000
v 0.83591056 1.31711864 0.01499999
v 0.83591056 1.31711864 0.01499999
v 0.83591056 1.31711864 0.11500000
v 0.83591056 1.31711864 0.11500000
v 0.84028214 1.31005836 0.01499999
v 0.84028214 1.31005836 0.01499999
v 0.84028214 1.31005836 0.11500000
v 0.84028214 1.31005836 0.11500000
v 0.84028214 1.31005836 0.11500000
v 0.84328198 1.30231488 0.01499999
v 0.84328198 1.30231488 0.01499999
v 0.84328198 1.30231488 0.11500000
v 0.84328198 1.30231488 0.11500000
v 0.84480786 1.29415214 0.01499999
v 0.84480786 1.29415214 0.01499999
v 0.84480786 1.29415214 0.11500000
v 0.84480786 1.29415214 0.11500000
v 0.84480786 1.28584802 0.01499999
v 0.84480786 1.28584802 0.01499999
v 0.84480786 1.28584802 0.11500000
v 0.84480786 1.28584802 0.11500000
v 0.84328198 1.27768528 0.01499999
v 0.84328198 1.27768528 0.01499999
v 0.84328198 1.27768528 0.11500000
v 0.84328198 1.27768528 0.11500000
v 0.84028214 1.26994193 0.11500000
v 0.84028214 1.26994193 0.11500000
v 0.84028214 1.26994193 0.01499999
v 0.84028214 1.26994193 0.01499999
v 0.84028214 1.26994193 0.01499999
v 0.83591056 1.26288152 0.11500000
v 0.83591056 1.26288152 0.11500000
v 0.83591056 1.26288152 0.01499999
v 0.83591056 1.26288152 0.01499999
v 0.83591056 1.26288152 0.01499999
v 0.83031613 1.25674474 0.01499999
v 0.83031613 1.25674474 0.01499999
v 0.83031613 1.25674474 0.11500000
v 0.83031613 1.25674474 0.11500000
v 0.82368928 1.25174034 0.01499999
v 0.82368928 1.25174034 0.01499999
v 0.82368928 1.25174034 0.11500000
v 0.82368928 1.25174034 0.11500000
v 0.81625569 1.24803889 0.01499999
v 0.81625569 1.24803889 0.01499999
v 0.81625569 1.24803889 0.11500000
v 0.81625569 1.24803889 0.11500000
v 0.80826855 1.24576640 0.11500000
v 0.80826855 1.24576640 0.11500000
v 0.80826855 1.24576640 0.11500000
v 0.80826855 1.24576640 0.01499999
v 0.80826855 1.24576640 0.01499999
v 0.79999983 1.24500012 0.01499999
v 0.79999983 1.24500012 0.01499999
v 0.79999983 1.24500012 0.01499999
v 0.79999983 1.24500012 0.11500000
v 0.79999983 1.24500012 0.11500000
v 0.79999983 1.24500012 0.11500000
v 0.79999983 1.24500012 0.11500000
v 0.81043279 1.35921824 0.00500000
v 0.81043279 1.35921824 0.00500000
v 0.79999983 1.36000013 0.01499999
v 0.79999983 1.36000013 0.01499999
v 0.79999983 1.36000013 0.01499999
v 0.81043279 1.35921824 0.01499999
v 0.81043279 1.35921824 0.01499999
v 0.79999983 1.36000013 0.00500000
v 0.79999983 1.36000013 0.00500000
v 0.79999983 1.36000013 0.00500000
v 0.82063270 1.35689020 0.00500000
v 0.82063270 1.35689020 0.00500000
v 0.82063270 1.35689020 0.01499999
v 0.82063270 1.35689020 0.01499999
v 0.83037168 1.35306787 0.00500000
v 0.83037168 1.35306787 0.00500000
v 0.83037168 1.35306787 0.01499999
v 0.83037168 1.35306787 0.01499999
v 0.83943224 1.34783685 0.01499999
v 0.83943224 1.34783685 0.01499999
v 0.83943224 1.34783685 0.01499999
v 0.83943224 1.34783685 0.00500000
v 0.83943224 1.34783685 0.00500000
v 0.84761190 1.34131360 0.01499999
v 0.84761190 1.34131360 0.01499999
v 0.84761190 1.34131360 0.00500000
v 0.84761190 1.34131360 0.00500000
v 0.85472798 1.33364427 0.00500000
v 0.85472798 1.33364427 0.00500000
v 0.85472798 1.33364427 0.01499999
v 0.85472798 1.33364427 0.01499999
v 0.86062157 1.32500005 0.00500000
v 0.86062157 1.32500005 0.00500000
v 0.86062157 1.32500005 0.01499999
v 0.86062157 1.32500005 0.01499999
v 0.86516100 1.31557393 0.00500000
v 0.86516100 1.31557393 0.00500000
v 0.86516100 1.31557393 0.01499999
v 0.86516100 1.31557393 0.01499999
v 0.86824477 1.30557656 0.00500000
v 0.86824477 1.30557656 0.00500000
v 0.86824477 1.30557656 0.01499999
v 0.86824477 1.30557656 0.01499999
v 0.86980408 1.29523122 0.00500000
v 0.86980408 1.29523122 0.00500000
v 0.86980408 1.29523122 0.01499999
v 0.86980408 1.29523122 0.01499999
v 0.86980408 1.28476906 0.01499999
v 0.86980408 1.28476906 0.01499999
v 0.86980408 1.28476906 0.00500000
v 0.86980408 1.28476906 0.00500000
v 0.86824477 1.27442372 0.00500000
v 0.86824477 1.27442372 0.00500000
v 0.86824477 1.27442372 0.01499999
v 0.86824477 1.27442372 0.01499999
v 0.86516100 1.26442623 0.01499999
v 0.86516100 1.26442623 0.01499999
v 0.86516100 1.26442623 0.01499999
v 0.86516100 1.26442623 0.00500000
v 0.86516100 1.26442623 0.00500000
v 0.86062157 1.25500011 0.01499999
v 0.86062157 1.25500011 0.01499999
v 0.86062157 1.25500011 0.01499999
v 0.86062157 1.25500011 0.01499999
v 0.86062157 1.25500011 0.00500000
v 0.86062157 1.25500011 0.00500000
v 0.85472798 1.24635589 0.00500000
v 0.85472798 1.24635589 0.00500000
v 0.85472798 1.24635589 0.01499999
v 0.85472798 1.24635589 0.01499999
v 0.85472798 1.24635589 0.01499999
v 0.84761190 1.23868656 0.01499999
v 0.84761190 1.23868656 0.01499999
v 0.84761190 1.23868656 0.00500000
v 0.84761190 1.23868656 0.00500000
v 0.83943224 1.23216343 0.00500000
v 0.83943224 1.23216343 0.00500000
v 0.83943224 1.23216343 0.01499999
v 0.83943224 1.23216343 0.01499999
v 0.83037168 1.22693229 0.00500000
v 0.83037168 1.22693229 0.00500000
v 0.83037168 1.22693229 0.01499999
v 0.83037168 1.22693229 0.01499999
v 0.82063270 1.22310996 0.01499999
v 0.82063270 1.22310996 0.01499999
v 0.82063270 1.22310996 0.00500000
v 0.82063270 1.22310996 0.00500000
v 0.81043279 1.22078192 0.01499999
v 0.81043279 1.22078192 0.01499999
v 0.81043279 1.22078192 0.00500000
v 0.81043279 1.22078192 0.00500000
v 0.79999983 1.22000003 0.00500000
v 0.79999983 1.22000003 0.00500000
v 0.79999983 1.22000003 0.00500000
v 0.79999983 1.22000003 0.01499999
v 0.79999983 1.22000003 0.01499999
v 0.79999983 1.22000003 0.01499999
v 0.78956688 1.22078192 0.00500000
v 0.78956688 1.22078192 0.00500000
v 0.78956688 1.22078192 0.01499999
v 0.78956688 1.22078192 0.01499999
v 0.77936697 1.22310996 0.01499999
v 0.77936697 1.22310996 0.01499999
v 0.77936697 1.22310996 0.00500000
v 0.77936697 1.22310996 0.00500000
v 0.76962799 1.22693229 0.00500000
v 0.76962799 1.22693229 0.00500000
v 0.76962799 1.22693229 0.01499999
v 0.76962799 1.22693229 0.01499999
v 0.76056743 1.23216331 0.01499999
v 0.76056743 1.23216331 0.01499999
v 0.76056743 1.23216331 0.00500000
v 0.76056743 1.23216331 0.00500000
v 0.75238776 1.23868656 0.00500000
v 0.75238776 1.23868656 0.00500000
v 0.75238776 1.23868656 0.01499999
v 0.75238776 1.23868656 0.01499999
v 0.74527168 1.24635589 0.00500000
v 0.74527168 1.24635589 0.00500000
v 0.74527168 1.24635589 0.01499999
v 0.74527168 1.24635589 0.01499999
v 0.73937809 1.25500011 0.00500000
v 0.73937809 1.25500011 0.00500000
v 0.73937809 1.25500011 0.01499999
v 0.73937809 1.25500011 0.01499999
v 0.73937809 1.25500011 0.01499999
v 0.73483866 1.26442623 0.00500000
v 0.73483866 1.26442623 0.00500000
v 0.73483866 1.26442623 0.01499999
v 0.73483866 1.26442623 0.01499999
v 0.73483866 1.26442623 0.01499999
v 0.73483866 1.26442623 0.01499999
v 0.73175490 1.27442360 0.00500000
v 0.73175490 1.27442360 0.00500000
v 0.73175490 1.27442360 0.01499999
v 0.73175490 1.27442360 0.01499999
v 0.73019558 1.28476894 0.01499999
v 0.73019558 1.28476894 0.01499999
v 0.73019558 1.28476894 0.00500000
v 0.73019558 1.28476894 0.00500000
v 0.73019558 1.29523110 0.01499999
v 0.73019558 1.29523110 0.01499999
v 0.73019558 1.29523110 0.00500000
v 0.73019558 1.29523110 0.00500000
v 0.73175490 1.30557644 0.01499999
v 0.73175490 1.30557644 0.01499999
v 0.73175490 1.30557644 0.00500000
v 0.73175490 1.30557644 0.00500000
v 0.73483866 1.31557393 0.01499999
v 0.73483866 1.31557393 0.01499999
v 0.73483866 1.31557393 0.01499999
v 0.73483866 1.31557393 0.00500000
v 0.73483866 1.31557393 0.00500000
v 0.73937809 1.32500005 0.00500000
v 0.73937809 1.32500005 0.00500000
v 0.73937809 1.32500005 0.01499999
v 0.73937809 1.32500005 0.01499999
v 0.73937809 1.32500005 0.01499999
v 0.74527168 1.33364427 0.00500000
v 0.74527168 1.33364427 0.00500000
v 0.74527168 1.33364427 0.01499999
v 0.74527168 1.33364427 0.01499999
v 0.75238776 1.34131360 0.01499999
v 0.75238776 1.34131360 0.01499999
v 0.75238776 1.34131360 0.00500000
v 0.75238776 1.34131360 0.00500000
v 0.76056743 1.34783673 0.00500000
v 0.76056743 1.34783673 0.00500000
v 0.76056743 1.34783673 0.01499999
v 0.76056743 1.34783673 0.01499999
v 0.76962799 1.35306787 0.00500000
v 0.76962799 1.35306787 0.00500000
v 0.76962799 1.35306787 0.01499999
v 0.76962799 1.35306787 0.01499999
v 0.77936697 1.35689020 0.01499999
v 0.77936697 1.35689020 0.01499999
v 0.77936697 1.35689020 0.00500000
v 0.77936697 1.35689020 0.00500000
v 0.78956688 1.35921824 0.00500000
v 0.78956688 1.35921824 0.00500000
v 0.78956688 1.35921824 0.01499999
v 0.78956688 1.35921824 0.01499999
v 0.76968354 1.32325542 0.01499999
v 0.76968354 1.32325542 0.01499999
v 0.76408911 1.31711864 0.01499999
v 0.76408911 1.31711864 0.01499999
v 0.77631038 1.32825983 0.01499999
v 0.77631038 1.32825983 0.01499999
v 0.75971752 1.31005824 0.01499999
v 0.75971752 1.31005824 0.01499999
v 0.75971752 1.31005824 0.01499999
v 0.78374398 1.33196127 0.01499999
v 0.78374398 1.33196127 0.01499999
v 0.75671768 1.30231488 0.01499999
v 0.75671768 1.30231488 0.01499999
v 0.79173112 1.33423376 0.01499999
v 0.79173112 1.33423376 0.01499999
v 0.75519180 1.29415214 0.01499999
v 0.75519180 1.29415214 0.01499999
v 0.75519180 1.28584802 0.01499999
v 0.75519180 1.28584802 0.01499999
v 0.75671768 1.27768528 0.01499999
v 0.75671768 1.27768528 0.01499999
v 0.75671768 1.27768528 0.01499999
v 0.75971752 1.26994181 0.01499999
v 0.75971752 1.26994181 0.01499999
v 0.75971752 1.26994181 0.01499999
v 0.75971752 1.26994181 0.01499999
v 0.76408911 1.26288152 0.01499999
v 0.76408911 1.26288152 0.01499999
v 0.76968354 1.25674474 0.01499999
v 0.76968354 1.25674474 0.01499999
v 0.77631038 1.25174034 0.01499999
v 0.77631038 1.25174034 0.01499999
v 0.78374398 1.24803877 0.01499999
v 0.78374398 1.24803877 0.01499999
v 0.79173112 1.24576640 0.01499999
v 0.79173112 1.24576640 0.01499999
v 0.79173112 1.24576640 0.11500000
v 0.79173112 1.24576640 0.11500000
v 0.79173112 1.24576640 0.11500000
v 0.78374398 1.24803877 0.11500000
v 0.78374398 1.24803877 0.11500000
v 0.77631038 1.25174034 0.11500000
v 0.77631038 1.25174034 0.11500000
v 0.76968354 1.25674474 0.11500000
v 0.76968354 1.25674474 0.11500000
v 0.76408911 1.26288152 0.11500000
v 0.76408911 1.26288152 0.11500000
v 0.75971752 1.26994181 0.11500000
v 0.75971752 1.26994181 0.11500000
v 0.75671768 1.27768528 0.11500000
v 0.75671768 1.27768528 0.11500000
v 0.75519180 1.28584802 0.11500000
v 0.75519180 1.28584802 0.11500000
v 0.75519180 1.29415214 0.11500000
v 0.75519180 1.29415214 0.11500000
v 0.75519180 1.29415214 0.11500000
v 0.75671768 1.30231488 0.11500000
v 0.75671768 1.30231488 0.11500000
v 0.75971752 1.31005824 0.11500000
v 0.75971752 1.31005824 0.11500000
v 0.75971752 1.31005824 0.11500000
v 0.76408911 1.31711864 0.11500000
v 0.76408911 1.31711864 0.11500000
v 0.76968354 1.32325542 0.11500000
v 0.76968354 1.32325542 0.11500000
v 0.77631038 1.32825983 0.11500000
v 0.77631038 1.32825983 0.11500000
v 0.78374398 1.33196127 0.11500000
v 0.78374398 1.33196127 0.11500000
v 0.79173112 1.33423376 0.11500000
v 0.79173112 1.33423376 0.11500000
v 0.79173112 1.33423376 0.11500000
v 0.79131746 1.24075973 0.34549999
v 0.79131746 1.24075973 0.34549999
v 0.79131746 1.24075973 0.34549999
v 0.79131746 1.24075973 0.34549999
v 0.79131746 1.24075973 0.11500000
v 0.79131746 1.24075973 0.11500000
v 0.79131746 1.24075973 0.11500000
v 0.78289884 1.24301553 0.11500000
v 0.78289884 1.24301553 0.11500000
v 0.78289884 1.24301553 0.34549999
v 0.78289884 1.24301553 0.34549999
v 0.78289884 1.24301553 0.34549999
v 0.78289884 1.24301553 0.34549999
v 0.78289884 1.24301553 0.34549999
v 0.77499986 1.24669886 0.34549999
v 0.77499986 1.24669886 0.34549999
v 0.77499986 1.24669886 0.34549999
v 0.77499986 1.24669886 0.34549999
v 0.77499986 1.24669886 0.11500000
v 0.77499986 1.24669886 0.11500000
v 0.76786047 1.25169790 0.11500000
v 0.76786047 1.25169790 0.11500000
v 0.76786047 1.25169790 0.34549999
v 0.76786047 1.25169790 0.34549999
v 0.76169765 1.25786066 0.11500000
v 0.76169765 1.25786066 0.11500000
v 0.76169765 1.25786066 0.34549999
v 0.76169765 1.25786066 0.34549999
v 0.76169765 1.25786066 0.34549999
v 0.75669861 1.26500010 0.11500000
v 0.75669861 1.26500010 0.11500000
v 0.75669861 1.26500010 0.34549999
v 0.75669861 1.26500010 0.34549999
v 0.75669861 1.26500010 0.34549999
v 0.75669861 1.26500010 0.34549999
v 0.75669861 1.26500010 0.34549999
v 0.75669861 1.26500010 0.34549999
v 0.75301522 1.27289915 0.11500000
v 0.75301522 1.27289915 0.11500000
v 0.75301522 1.27289915 0.34549999
v 0.75301522 1.27289915 0.34549999
v 0.75301522 1.27289915 0.34549999
v 0.75301522 1.27289915 0.34549999
v 0.75075948 1.28131771 0.11500000
v 0.75075948 1.28131771 0.11500000
v 0.75075948 1.28131771 0.34549999
v 0.75075948 1.28131771 0.34549999
v 0.74999988 1.29000008 0.11500000
v 0.74999988 1.29000008 0.11500000
v 0.74999988 1.29000008 0.11500000
v 0.74999988 1.29000008 0.34549999
v 0.74999988 1.29000008 0.34549999
v 0.74999988 1.29000008 0.34549999
v 0.75075948 1.29868245 0.34549999
v 0.75075948 1.29868245 0.34549999
v 0.75075948 1.29868245 0.34549999
v 0.75075948 1.29868245 0.34549999
v 0.75075948 1.29868245 0.11500000
v 0.75075948 1.29868245 0.11500000
v 0.75075948 1.29868245 0.11500000
v 0.75301522 1.30710101 0.11500000
v 0.75301522 1.30710101 0.11500000
v 0.75301522 1.30710101 0.11500000
v 0.75301522 1.30710101 0.34549999
v 0.75301522 1.30710101 0.34549999
v 0.75301522 1.30710101 0.34549999
v 0.75669861 1.31500006 0.11500000
v 0.75669861 1.31500006 0.11500000
v 0.75669861 1.31500006 0.11500000
v 0.75669861 1.31500006 0.34549999
v 0.75669861 1.31500006 0.34549999
v 0.75669861 1.31500006 0.34549999
v 0.75669861 1.31500006 0.34549999
v 0.75669861 1.31500006 0.34549999
v 0.75669861 1.31500006 0.34549999
v 0.75669861 1.31500006 0.34549999
v 0.76169765 1.32213938 0.11500000
v 0.76169765 1.32213938 0.11500000
v 0.76169765 1.32213938 0.34549999
v 0.76169765 1.32213938 0.34549999
v 0.76786047 1.32830226 0.11500000
v 0.76786047 1.32830226 0.11500000
v 0.76786047 1.32830226 0.34549999
v 0.76786047 1.32830226 0.34549999
v 0.76786047 1.32830226 0.34549999
v 0.77499986 1.33330131 0.11500000
v 0.77499986 1.33330131 0.11500000
v 0.77499986 1.33330131 0.34549999
v 0.77499986 1.33330131 0.34549999
v 0.78289884 1.33698463 0.34549999
v 0.78289884 1.33698463 0.34549999
v 0.78289884 1.33698463 0.34549999
v 0.78289884 1.33698463 0.34549999
v 0.78289884 1.33698463 0.34549999
v 0.78289884 1.33698463 0.34549999
v 0.78289884 1.33698463 0.34549999
v 0.78289884 1.33698463 0.11500000
v 0.78289884 1.33698463 0.11500000
v 0.79131746 1.33924043 0.11500000
v 0.79131746 1.33924043 0.11500000
v 0.79131746 1.33924043 0.11500000
v 0.79131746 1.33924043 0.34549999
v 0.79131746 1.33924043 0.34549999
v 0.79131746 1.33924043 0.34549999
v 0.79131746 1.33924043 0.34549999
vn -0.17364687 -0.98480803 0.00000000
vn 0.00000000 -0.00000034 -1.00000000
vn -0.00000000 -0.00000000 -1.00000000
vn 0.00001961 -1.00000000 -0.00000418
vn 0.00000000 -0.00000000 1.00000000
vn -0.00001934 -1.00000000 -0.00000416
vn -0.00000000 0.00002378 1.00000000
vn -0.17364956 -0.98480761 0.00000000
vn 0.00000000 -0.00000000 1.00000000
vn 0.00001869 -1.00000000 0.00000416
vn -0.00001842 -1.00000000 0.00000418
vn -0.00000000 -0.00000000 -1.00000000
vn 0.00000000 -0.00000034 -1.00000000
vn -0.00000000 -0.00000000 -1.00000000
vn -0.34201917 -0.93969303 0.00000000
vn 0.00000000 -0.00000627 1.00000000
vn 0.00000000 -0.00000000 1.00000000
vn -0.00000000 0.00002378 1.00000000
vn -0.34202099 -0.93969244 0.00000000
vn 0.00000000 -0.00000604 1.00000000
vn -0.49999958 -0.86602569 0.00000000
vn -0.00000000 -0.00000000 -1.00000000
vn 0.00000000 -0.00000000 1.00000000
vn -0.50000036 -0.86602515 0.00000000
vn -0.00000000 -0.00000000 -1.00000000
vn -0.64278680 -0.76604503 0.00000000
vn -0.00000000 0.00000143 1.00000000
vn 0.00000000 -0.00000000 1.00000000
vn 0.00000000 -0.00000627 1.00000000
vn -0.64278829 -0.76604408 0.00000000
vn -0.00000000 -0.00000000 -1.00000000
vn -0.76604366 -0.64278865 0.00000000
vn 0.00000000 -0.00000000 1.00000000
vn -0.76604485 -0.64278710 0.00000000
vn -0.86602527 -0.50000030 0.00000000
vn 0.00000000 -0.00000138 -1.00000000
vn -0.00000000 -0.00000000 -1.00000000
vn 0.00000000 -0.00000000 1.00000000
vn -0.86602533 -0.50000024 0.00000000
vn 0.00000000 -0.00000000 1.00000000
vn -0.93969262 -0.34202021 0.00000000
vn 0.00000000 -0.00000138 -1.00000000
vn -0.00000000 -0.00000000 -1.00000000
vn -0.93969256 -0.34202033 0.00000000
vn -0.98480773 -0.17364903 0.00000000
vn -0.00000000 -0.00000000 -1.00000000
vn -0.00000000 0.00000149 1.00000000
vn 0.00000000 -0.00000000 1.00000000
vn -0.98480803 -0.17364763 0.00000000
vn -1.00000000 -0.00000082 0.00000000
vn -0.00000000 -0.00000000 -1.00000000
vn -0.00000000 0.00000149 1.00000000
vn 0.00000000 -0.00000441 1.00000000
vn -1.00000000 0.00000056 0.00000000
vn -0.00000000 -0.00000000 -1.00000000
vn -0.98480803 0.17364736 0.00000000
vn 0.00000000 -0.00000441 1.00000000
vn -0.98480773 0.17364876 0.00000000
vn -0.00000000 -0.00000000 -1.00000000
vn -0.93969297 0.34201947 0.00000000
vn -0.00000000 0.00000149 1.00000000
vn 0.00000000 -0.00000441 1.00000000
vn -0.00000000 0.00000121 1.00000000
vn -0.00000000 0.00000143 1.00000000
vn 0.00000000 -0.00000000 1.00000000
vn -0.93969244 0.34202057 0.00000000
vn 0.00000000 -0.00000216 1.00000000
vn -0.00000000 0.00001765 1.00000000
vn -0.00000000 -0.00000000 -1.00000000
vn -0.86602539 0.50000006 0.00000000
vn -0.00000000 0.00001765 1.00000000
vn -0.86602545 0.50000000 0.00000000
vn -0.00000000 0.00001765 1.00000000
vn 0.00000000 -0.00000216 1.00000000
vn -0.76604426 0.64278775 0.00000000
vn -0.00000000 0.00000436 1.00000000
vn -0.00000000 -0.00000000 -1.00000000
vn -0.76604456 0.64278746 0.00000000
vn -0.64278853 0.76604396 0.00000000
vn -0.00000000 -0.00000000 -1.00000000
vn 0.00000000 -0.00000000 1.00000000
vn 0.00000000 -0.00003566 1.00000000
vn -0.00000000 0.00000253 1.00000000
vn 0.00000000 -0.00000099 1.00000000
vn -0.00000000 0.00000436 1.00000000
vn -0.64278704 0.76604492 0.00000000
vn -0.00000000 0.00001471 1.00000000
vn -0.00000000 -0.00000000 -1.00000000
vn -0.50000060 0.86602503 0.00000000
vn -0.49999982 0.86602563 0.00000000
vn 0.00000000 -0.00000000 1.00000000
vn -0.00000000 -0.00000000 -1.00000000
vn -0.00000000 0.00000034 -1.00000000
vn -0.34202123 0.93969232 0.00000000
vn 0.00000000 -0.00000000 1.00000000
vn 0.00000000 -0.00003566 1.00000000
vn -0.34201941 0.93969291 0.00000000
vn -0.00000000 -0.00000000 -1.00000000
vn -0.17364864 0.98480773 0.00000000
vn -0.00000000 0.00000034 -1.00000000
vn 0.00000000 -0.00000000 1.00000000
vn 0.00000000 -0.00003566 1.00000000
vn -0.00000000 0.00001471 1.00000000
vn -0.17364824 0.98480791 0.00000000
vn 0.00000000 -0.00000000 1.00000000
vn -0.00001961 1.00000000 -0.00000418
vn 0.00001842 1.00000000 -0.00000416
vn -0.00001869 1.00000000 0.00000416
vn 0.00001934 1.00000000 0.00000418
vn -0.00000000 -0.00000000 -1.00000000
vn -0.18374906 -0.98297322 0.00000000
vn 0.00000000 -0.00000000 1.00000000
vn -0.00000000 0.00000035 -1.00000000
vn -0.00000000 -0.00000000 -1.00000000
vn -0.00002222 -1.00000000 -0.00000441
vn 0.00002357 -1.00000000 -0.00000443
vn -0.18374987 -0.98297310 0.00000000
vn 0.00000000 -0.00000034 -1.00000000
vn -0.00000000 -0.00000000 -1.00000000
vn 0.00000000 -0.00000000 1.00000000
vn 0.00002248 -1.00000000 0.00000441
vn -0.00002331 -1.00000000 0.00000443
vn -0.36124158 -0.93247235 0.00000000
vn 0.00000000 -0.00000000 1.00000000
vn -0.36124137 -0.93247235 0.00000000
vn -0.00000000 -0.00000000 -1.00000000
vn -0.00000000 -0.00000000 -1.00000000
vn -0.52643186 -0.85021734 0.00000000
vn -0.00000000 0.00000014 1.00000000
vn 0.00000000 -0.00000000 1.00000000
vn -0.52643210 -0.85021728 0.00000000
vn 0.00000000 -0.00000000 1.00000000
vn -0.67369509 -0.73900950 0.00000000
vn -0.00000000 0.00000014 1.00000000
vn -0.67369616 -0.73900855 0.00000000
vn -0.00000000 -0.00000000 -1.00000000
vn 0.00000000 -0.00000000 1.00000000
vn -0.79801685 -0.60263532 0.00000000
vn -0.79801774 -0.60263401 0.00000000
vn -0.00000000 -0.00000000 -1.00000000
vn 0.00000000 -0.00000000 1.00000000
vn -0.89516282 -0.44573921 0.00000000
vn -0.89516342 -0.44573793 0.00000000
vn -0.00000000 -0.00000000 -1.00000000
vn 0.00000000 -0.00000138 -1.00000000
vn 0.00000000 -0.00000000 1.00000000
vn -0.96182555 -0.27366382 0.00000000
vn -0.96182573 -0.27366251 0.00000000
vn -0.00000000 -0.00000000 -1.00000000
vn -0.99573422 -0.09226907 0.00000000
vn 0.00000000 -0.00000000 1.00000000
vn -0.99573427 -0.09226771 0.00000000
vn -0.00000000 -0.00000000 -1.00000000
vn 0.00000000 -0.00000000 1.00000000
vn -0.99573427 0.09226744 0.00000000
vn -0.99573422 0.09226880 0.00000000
vn -0.00000000 -0.00000000 -1.00000000
vn 0.00000000 -0.00000000 1.00000000
vn -0.96182579 0.27366290 0.00000000
vn -0.00000000 -0.00000000 -1.00000000
vn -0.96182579 0.27366298 0.00000000
vn -0.89516354 0.44573769 0.00000000
vn -0.00000000 -0.00000000 -1.00000000
vn 0.00000000 -0.00000022 1.00000000
vn -0.89516294 0.44573897 0.00000000
vn 0.00000000 -0.00000000 1.00000000
vn -0.79801738 0.60263449 0.00000000
vn -0.00000000 -0.00000000 -1.00000000
vn 0.00000000 -0.00000000 1.00000000
vn -0.00000000 0.00000022 1.00000000
vn -0.79801744 0.60263437 0.00000000
vn 0.00000000 -0.00000000 1.00000000
vn -0.67369640 0.73900819 0.00000000
vn -0.00000000 -0.00000000 -1.00000000
vn -0.67369521 0.73900926 0.00000000
vn -0.52643293 0.85021675 0.00000000
vn 0.00000000 -0.00000000 1.00000000
vn -0.52643150 0.85021764 0.00000000
vn -0.00000000 -0.00000000 -1.00000000
vn -0.36124191 0.93247223 0.00000000
vn 0.00000000 -0.00000000 1.00000000
vn -0.36124161 0.93247223 0.00000000
vn -0.00000000 -0.00000000 -1.00000000
vn -0.18375003 0.98297298 0.00000000
vn -0.00000000 -0.00000000 -1.00000000
vn -0.00000000 0.00000034 -1.00000000
vn -0.18374953 0.98297322 0.00000000
vn 0.00000000 -0.00000000 1.00000000
vn 0.00000000 -0.00000000 1.00000000
vn 0.00002331 1.00000000 0.00000443
vn -0.00002248 1.00000000 0.00000441
vn 0.00002222 1.00000000 -0.00000441
vn -0.00002357 1.00000000 -0.00000443
vn 0.00000000 -0.00000035 -1.00000000
vn -0.00000000 -0.00000000 -1.00000000
vn -0.00000000 -0.00000000 -1.00000000
vn -0.14904046 -0.98883110 0.00000000
vn 0.00001643 -1.00000000 -0.00000359
vn 0.00000000 -0.00000000 1.00000000
vn -0.00001559 -1.00000000 -0.00000357
vn 0.00000000 -0.00000000 1.00000000
vn -0.14904377 -0.98883063 0.00000000
vn -0.00000000 -0.00000000 -1.00000000
vn 0.00001586 -1.00000000 0.00000357
vn -0.00001616 -1.00000000 0.00000359
vn -0.00000000 -0.00000000 -1.00000000
vn -0.29475307 -0.95557344 0.00000000
vn 0.00000000 -0.00000000 1.00000000
vn -0.29475659 -0.95557249 0.00000000
vn -0.43388367 -0.90096897 0.00000000
vn -0.00000000 -0.00000000 -1.00000000
vn -0.43388388 -0.90096885 0.00000000
vn 0.00000000 -0.00000000 1.00000000
vn 0.00000000 -0.00000000 1.00000000
vn -0.56331825 -0.82624006 0.00000000
vn -0.00000000 0.00000014 1.00000000
vn -0.56332135 -0.82623798 0.00000000
vn -0.00000000 -0.00000000 -1.00000000
vn -0.68017268 -0.73305190 0.00000000
vn 0.00000000 -0.00000000 1.00000000
vn -0.68017256 -0.73305213 0.00000000
vn -0.00000000 -0.00000000 -1.00000000
vn -0.00000000 -0.00000000 -1.00000000
vn -0.78183013 -0.62349164 0.00000000
vn 0.00000000 -0.00000000 1.00000000
vn -0.78183281 -0.62348825 0.00000000
vn -0.00000000 -0.00000000 -1.00000000
vn -0.86602431 -0.50000203 0.00000000
vn -0.86602646 -0.49999812 0.00000000
vn 0.00000000 -0.00000000 1.00000000
vn -0.00000000 -0.00000000 -1.00000000
vn -0.93087292 -0.36534312 0.00000000
vn 0.00000000 -0.00000000 1.00000000
vn -0.93087447 -0.36533922 0.00000000
vn -0.97492742 -0.22252314 0.00000000
vn -0.00000000 -0.00000000 -1.00000000
vn 0.00000000 -0.00000000 1.00000000
vn -0.97492832 -0.22251904 0.00000000
vn -0.00000000 -0.00000000 -1.00000000
vn -0.99720383 -0.07473011 0.00000000
vn -0.99720389 -0.07473011 0.00000000
vn 0.00000000 -0.00000000 1.00000000
vn -0.99720383 0.07472984 0.00000000
vn 0.00000000 -0.00000000 1.00000000
vn -0.99720389 0.07472984 0.00000000
vn -0.00000000 -0.00000000 -1.00000000
vn -0.00000000 -0.00000000 -1.00000000
vn -0.97492808 0.22252087 0.00000000
vn 0.00000000 -0.00000000 1.00000000
vn -0.97492796 0.22252087 0.00000000
vn 0.00000000 -0.00000000 1.00000000
vn 0.00000000 -0.00000022 1.00000000
vn -0.93087459 0.36533898 0.00000000
vn -0.93087304 0.36534289 0.00000000
vn -0.00000000 -0.00000000 -1.00000000
vn -0.86602545 0.49999988 0.00000000
vn -0.00000000 0.00000022 1.00000000
vn 0.00000000 -0.00000022 1.00000000
vn 0.00000000 -0.00000000 1.00000000
vn -0.86602569 0.49999988 0.00000000
vn -0.00000000 -0.00000000 -1.00000000
vn -0.78183168 0.62348956 0.00000000
vn -0.00000000 -0.00000000 -1.00000000
vn 0.00000000 -0.00000000 1.00000000
vn -0.00000000 0.00000022 1.00000000
vn -0.78183168 0.62348980 0.00000000
vn -0.68017292 0.73305178 0.00000000
vn 0.00000000 -0.00000000 1.00000000
vn -0.68017280 0.73305190 0.00000000
vn -0.00000000 -0.00000000 -1.00000000
vn -0.56332159 0.82623786 0.00000000
vn -0.00000000 -0.00000000 -1.00000000
vn 0.00000000 -0.00000000 1.00000000
vn -0.56331849 0.82623994 0.00000000
vn -0.43388391 0.90096885 0.00000000
vn -0.00000000 -0.00000000 -1.00000000
vn -0.43388411 0.90096873 0.00000000
vn 0.00000000 -0.00000000 1.00000000
vn 0.00000000 -0.00000000 1.00000000
vn -0.29475683 0.95557237 0.00000000
vn -0.29475331 0.95557332 0.00000000
vn -0.00000000 -0.00000000 -1.00000000
vn -0.14904223 0.98883092 0.00000000
vn 0.00000000 -0.00000000 1.00000000
vn -0.00000000 -0.00000000 -1.00000000
vn -0.14904253 0.98883080 0.00000000
vn -0.00000000 -0.00000000 -1.00000000
vn 0.00001616 1.00000000 0.00000359
vn -0.00001586 1.00000000 0.00000357
vn 0.00001559 1.00000000 -0.00000357
vn 0.00000000 -0.00000000 1.00000000
vn -0.00001643 1.00000000 -0.00000359
vn -0.00000000 -0.00000000 -1.00000000
vn 0.14904197 0.98883092 0.00000000
vn 0.00000000 -0.00000000 1.00000000
vn 0.14904226 0.98883080 0.00000000
vn 0.29475507 0.95557296 0.00000000
vn 0.00000000 -0.00000000 1.00000000
vn 0.29475460 0.95557308 0.00000000
vn -0.00000000 -0.00000000 -1.00000000
vn 0.43388367 0.90096897 0.00000000
vn -0.00000000 -0.00000000 -1.00000000
vn 0.43388388 0.90096885 0.00000000
vn 0.00000000 -0.00000000 1.00000000
vn 0.00000000 -0.00000000 1.00000000
vn 0.56331986 0.82623893 0.00000000
vn 0.56331986 0.82623893 0.00000000
vn -0.00000000 -0.00000000 -1.00000000
vn 0.68017119 0.73305345 0.00000000
vn -0.00000000 -0.00000000 -1.00000000
vn 0.68017405 0.73305064 0.00000000
vn 0.00000000 -0.00000000 1.00000000
vn -0.00000000 -0.00000000 -1.00000000
vn 0.78183013 0.62349164 0.00000000
vn 0.78183281 0.62348825 0.00000000
vn 0.00000000 -0.00000000 1.00000000
vn 0.86602431 0.50000203 0.00000000
vn -0.00000000 -0.00000000 -1.00000000
vn 0.86602646 0.49999812 0.00000000
vn 0.00000000 -0.00000014 1.00000000
vn 0.00000000 -0.00000000 1.00000000
vn 0.93087292 0.36534312 0.00000000
vn -0.00000000 -0.00000000 -1.00000000
vn -0.00000000 0.00000014 1.00000000
vn 0.00000000 -0.00000014 1.00000000
vn 0.93087447 0.36533922 0.00000000
vn 0.00000000 -0.00000000 1.00000000
vn -0.00000000 -0.00000000 -1.00000000
vn 0.97492796 0.22252114 0.00000000
vn 0.00000000 -0.00000000 1.00000000
vn 0.97492784 0.22252114 0.00000000
vn 0.00000000 -0.00000000 1.00000000
vn 0.99720371 0.07473219 0.00000000
vn 0.99720401 0.07472803 0.00000000
vn -0.00000000 -0.00000000 -1.00000000
vn 0.99720401 -0.07472776 0.00000000
vn 0.00000000 -0.00000000 1.00000000
vn -0.00000000 -0.00000000 -1.00000000
vn 0.99720371 -0.07473192 0.00000000
vn 0.00000000 -0.00000000 1.00000000
vn 0.97492844 -0.22251877 0.00000000
vn -0.00000000 -0.00000000 -1.00000000
vn 0.97492755 -0.22252287 0.00000000
vn 0.00000000 -0.00000000 1.00000000
vn 0.93087387 -0.36534098 0.00000000
vn -0.00000000 0.00000014 1.00000000
vn 0.93087387 -0.36534098 0.00000000
vn -0.00000000 -0.00000000 -1.00000000
vn -0.00000000 -0.00000000 -1.00000000
vn 0.86602658 -0.49999788 0.00000000
vn -0.00000000 0.00000014 1.00000000
vn 0.00000000 -0.00000000 1.00000000
vn 0.86602444 -0.50000179 0.00000000
vn 0.78183168 -0.62348956 0.00000000
vn -0.00000000 -0.00000000 -1.00000000
vn 0.78183168 -0.62348980 0.00000000
vn 0.00000000 -0.00000000 1.00000000
vn 0.00000000 -0.00000000 1.00000000
vn 0.68017292 -0.73305178 0.00000000
vn -0.00000000 -0.00000000 -1.00000000
vn 0.68017280 -0.73305190 0.00000000
vn -0.00000000 -0.00000000 -1.00000000
vn 0.56332159 -0.82623786 0.00000000
vn 0.56331849 -0.82623994 0.00000000
vn 0.00000000 -0.00000000 1.00000000
vn 0.43388391 -0.90096885 0.00000000
vn -0.00000000 -0.00000000 -1.00000000
vn 0.43388411 -0.90096873 0.00000000
vn 0.00000000 -0.00000000 1.00000000
vn 0.29475531 -0.95557284 0.00000000
vn 0.00000000 -0.00000000 1.00000000
vn -0.00000000 -0.00000000 -1.00000000
vn 0.29475483 -0.95557296 0.00000000
vn -0.00000000 -0.00000000 -1.00000000
vn 0.14904404 -0.98883063 0.00000000
vn 0.14904073 -0.98883110 0.00000000
vn 0.00000000 -0.00000000 1.00000000
vn 0.00000000 -0.00000000 1.00000000
vn 0.67369592 -0.73900866 0.00000000
vn 0.79801798 -0.60263365 0.00000000
vn 0.00000000 -0.00000000 1.00000000
vn 0.52643233 -0.85021716 0.00000000
vn 0.00000000 -0.00000000 1.00000000
vn 0.89516354 -0.44573778 0.00000000
vn 0.00000000 -0.00000000 1.00000000
vn -0.00000000 0.00000014 1.00000000
vn 0.36124191 -0.93247223 0.00000000
vn 0.00000000 -0.00000000 1.00000000
vn 0.96182585 -0.27366227 0.00000000
vn 0.00000000 -0.00000000 1.00000000
vn 0.18374953 -0.98297322 0.00000000
vn 0.00000000 -0.00000000 1.00000000
vn 0.00000000 -0.00000000 1.00000000
vn 0.99573427 -0.09226809 0.00000000
vn 0.99573427 0.09226841 0.00000000
vn 0.00000000 -0.00000000 1.00000000
vn 0.00000000 -0.00000000 1.00000000
vn 0.96182567 0.27366322 0.00000000
vn -0.00000000 0.00000014 1.00000000
vn 0.00000000 -0.00000000 1.00000000
vn 0.00000000 -0.00000014 1.00000000
vn -0.00000000 0.00000014 1.00000000
vn 0.89516312 0.44573873 0.00000000
vn 0.00000000 -0.00000000 1.00000000
vn 0.79801685 0.60263532 0.00000000
vn 0.00000000 -0.00000000 1.00000000
vn 0.67369509 0.73900950 0.00000000
vn 0.00000000 -0.00000000 1.00000000
vn 0.52643126 0.85021776 0.00000000
vn 0.00000000 -0.00000000 1.00000000
vn 0.36124077 0.93247265 0.00000000
vn 0.18374906 0.98297322 0.00000000
vn 0.00000000 -0.00000000 1.00000000
vn 0.18374987 0.98297310 0.00000000
vn 0.00000000 -0.00000035 -1.00000000
vn -0.00000000 -0.00000000 -1.00000000
vn -0.00000000 -0.00000000 -1.00000000
vn 0.36124229 0.93247193 0.00000000
vn -0.00000000 -0.00000000 -1.00000000
vn 0.52643269 0.85021687 0.00000000
vn -0.00000000 -0.00000000 -1.00000000
vn 0.67369616 0.73900855 0.00000000
vn 0.79801774 0.60263401 0.00000000
vn -0.00000000 -0.00000000 -1.00000000
vn 0.89516324 0.44573852 0.00000000
vn -0.00000000 -0.00000000 -1.00000000
vn 0.96182567 0.27366313 0.00000000
vn -0.00000000 -0.00000000 -1.00000000
vn 0.99573427 0.09226836 0.00000000
vn -0.00000000 -0.00000000 -1.00000000
vn 0.99573427 -0.09226815 0.00000000
vn -0.00000000 -0.00000000 -1.00000000
vn 0.00000000 -0.00000069 -1.00000000
vn -0.00000000 -0.00000000 -1.00000000
vn 0.96182567 -0.27366349 0.00000000
vn -0.00000000 -0.00000000 -1.00000000
vn 0.89516294 -0.44573897 0.00000000
vn 0.00000000 -0.00000138 -1.00000000
vn -0.00000000 -0.00000000 -1.00000000
vn 0.79801696 -0.60263509 0.00000000
vn -0.00000000 -0.00000000 -1.00000000
vn 0.67369574 -0.73900890 0.00000000
vn -0.00000000 -0.00000000 -1.00000000
vn 0.52643210 -0.85021722 0.00000000
vn 0.36124161 -0.93247223 0.00000000
vn -0.00000000 -0.00000000 -1.00000000
vn -0.00000000 -0.00000000 -1.00000000
vn -0.00000000 0.00000035 -1.00000000
vn 0.18375003 -0.98297298 0.00000000
vn 0.00000000 -0.00000000 1.00000000
vn -0.00000000 0.00001471 1.00000000
vn 0.17364837 0.98480773 0.00000000
vn -0.00000000 0.00000253 1.00000000
vn 0.17364797 0.98480791 0.00000000
vn 0.00000000 -0.00000035 -1.00000000
vn -0.00000000 -0.00000000 -1.00000000
vn -0.00000000 -0.00000000 -1.00000000
vn 0.34201947 0.93969297 0.00000000
vn -0.00000000 0.00000253 1.00000000
vn 0.00000000 -0.00000000 1.00000000
vn 0.00000000 -0.00000099 1.00000000
vn 0.34202069 0.93969244 0.00000000
vn 0.00000000 -0.00001207 1.00000000
vn -0.00000000 0.00001189 1.00000000
vn 0.50000018 0.86602539 0.00000000
vn 0.00000000 -0.00001207 1.00000000
vn 0.00000000 -0.00003530 1.00000000
vn 0.49999988 0.86602557 0.00000000
vn -0.00000000 -0.00000000 -1.00000000
vn -0.00000000 -0.00000000 -1.00000000
vn 0.64278680 0.76604503 0.00000000
vn 0.64278829 0.76604408 0.00000000
vn 0.00000000 -0.00003530 1.00000000
vn -0.00000000 -0.00000000 -1.00000000
vn 0.76604366 0.64278865 0.00000000
vn 0.76604485 0.64278710 0.00000000
vn 0.00000000 -0.00003530 1.00000000
vn -0.00000000 0.00001189 1.00000000
vn 0.86602491 0.50000083 0.00000000
vn -0.00000000 -0.00000000 -1.00000000
vn 0.86602575 0.49999973 0.00000000
vn -0.00000000 0.00000151 1.00000000
vn -0.00000000 0.00001189 1.00000000
vn 0.00000000 -0.00000000 1.00000000
vn 0.00000000 -0.00001207 1.00000000
vn 0.00000000 -0.00000092 1.00000000
vn -0.00000000 -0.00000000 -1.00000000
vn 0.93969232 0.34202093 0.00000000
vn -0.00000000 0.00000149 1.00000000
vn -0.00000000 0.00000151 1.00000000
vn 0.93969285 0.34201962 0.00000000
vn 0.00000000 -0.00000441 1.00000000
vn 0.98480773 0.17364903 0.00000000
vn -0.00000000 -0.00000000 -1.00000000
vn 0.98480803 0.17364763 0.00000000
vn 0.00000000 -0.00000441 1.00000000
vn 0.00000000 -0.00000069 -1.00000000
vn 1.00000000 0.00000013 0.00000000
vn -0.00000000 -0.00000000 -1.00000000
vn 1.00000000 0.00000013 0.00000000
vn -0.00000000 0.00000149 1.00000000
vn 0.00000000 -0.00000441 1.00000000
vn 0.00000000 -0.00000092 1.00000000
vn -0.00000000 0.00000149 1.00000000
vn 0.98480791 -0.17364806 0.00000000
vn -0.00000000 0.00000151 1.00000000
vn 0.98480779 -0.17364806 0.00000000
vn -0.00000000 -0.00000000 -1.00000000
vn 0.00000000 -0.00000069 -1.00000000
vn 0.93969297 -0.34201947 0.00000000
vn 0.00000000 -0.00000138 -1.00000000
vn -0.00000000 -0.00000000 -1.00000000
vn 0.93969244 -0.34202057 0.00000000
vn 0.00000000 -0.00000000 1.00000000
vn 0.00000000 -0.00000092 1.00000000
vn 0.86602587 -0.49999958 0.00000000
vn -0.00000000 -0.00000000 -1.00000000
vn 0.00000000 -0.00000138 -1.00000000
vn -0.00000000 0.00000436 1.00000000
vn -0.00000000 0.00000121 1.00000000
vn 0.00000000 -0.00000216 1.00000000
vn -0.00000000 0.00000903 1.00000000
vn 0.86602503 -0.50000060 0.00000000
vn 0.00000000 -0.00000000 1.00000000
vn 0.00000000 -0.00000099 1.00000000
vn -0.00000000 -0.00000000 -1.00000000
vn 0.76604497 -0.64278686 0.00000000
vn 0.76604396 -0.64278841 0.00000000
vn 0.00000000 -0.00000000 1.00000000
vn -0.00000000 -0.00000000 -1.00000000
vn 0.64278853 -0.76604396 0.00000000
vn -0.00000000 0.00000903 1.00000000
vn 0.00000000 -0.00000000 1.00000000
vn 0.64278704 -0.76604492 0.00000000
vn -0.00000000 -0.00000000 -1.00000000
vn 0.50000030 -0.86602527 0.00000000
vn 0.00000000 -0.00000000 1.00000000
vn 0.50000000 -0.86602545 0.00000000
vn 0.00000000 -0.00000000 1.00000000
vn 0.00000000 -0.00000604 1.00000000
vn -0.00000000 0.00000121 1.00000000
vn -0.00000000 0.00000903 1.00000000
vn 0.00000000 -0.00000627 1.00000000
vn -0.00000000 0.00000143 1.00000000
vn 0.34201971 -0.93969285 0.00000000
vn 0.34202093 -0.93969232 0.00000000
vn -0.00000000 -0.00000000 -1.00000000
vn 0.17364864 -0.98480773 0.00000000
vn -0.00000000 0.00000035 -1.00000000
vn -0.00000000 -0.00000000 -1.00000000
vn 0.00000000 -0.00000000 1.00000000
vn 0.00000000 -0.00000604 1.00000000
vn -0.00000000 0.00002378 1.00000000
vn 0.17364824 -0.98480791 0.00000000
vn -0.00000000 -0.00000000 -1.00000000
vn -0.17364687 -0.98480803 0.00000000
vn 0.00000000 -0.00000034 -1.00000000
vn -0.00001934 -1.00000000 -0.00000416
vn 0.00000000 -0.00000000 1.00000000
vn 0.00001961 -1.00000000 -0.00000418
vn -0.00000000 0.00002378 1.00000000
vn -0.17364956 -0.98480761 0.00000000
vn 0.00000000 -0.00000000 1.00000000
vn 0.00001869 -1.00000000 0.00000416
vn -0.00001842 -1.00000000 0.00000418
vn -0.00000000 -0.00000000 -1.00000000
vn -0.34201917 -0.93969303 0.00000000
vn 0.00000000 -0.00000034 -1.00000000
vn -0.00000000 -0.00000000 -1.00000000
vn -0.34202099 -0.93969244 0.00000000
vn 0.00000000 -0.00000627 1.00000000
vn 0.00000000 -0.00000000 1.00000000
vn -0.00000000 0.00002378 1.00000000
vn 0.00000000 -0.00000604 1.00000000
vn -0.00000000 -0.00000000 -1.00000000
vn -0.49999958 -0.86602569 0.00000000
vn -0.50000036 -0.86602515 0.00000000
vn 0.00000000 -0.00000000 1.00000000
vn -0.64278680 -0.76604503 0.00000000
vn -0.00000000 -0.00000000 -1.00000000
vn 0.00000000 -0.00000627 1.00000000
vn -0.00000000 0.00000143 1.00000000
vn 0.00000000 -0.00000000 1.00000000
vn -0.64278829 -0.76604408 0.00000000
vn -0.76604366 -0.64278865 0.00000000
vn -0.00000000 -0.00000000 -1.00000000
vn -0.76604485 -0.64278710 0.00000000
vn 0.00000000 -0.00000000 1.00000000
vn -0.86602527 -0.50000030 0.00000000
vn -0.00000000 -0.00000000 -1.00000000
vn 0.00000000 -0.00000138 -1.00000000
vn 0.00000000 -0.00000000 1.00000000
vn -0.86602533 -0.50000024 0.00000000
vn 0.00000000 -0.00000000 1.00000000
vn -0.93969262 -0.34202021 0.00000000
vn 0.00000000 -0.00000138 -1.00000000
vn -0.93969256 -0.34202033 0.00000000
vn -0.00000000 -0.00000000 -1.00000000
vn -0.98480773 -0.17364903 0.00000000
vn -0.00000000 -0.00000000 -1.00000000
vn -0.98480803 -0.17364763 0.00000000
vn -0.00000000 0.00000149 1.00000000
vn 0.00000000 -0.00000000 1.00000000
vn -0.00000000 -0.00000000 -1.00000000
vn -1.00000000 -0.00000082 0.00000000
vn 0.00000000 -0.00000441 1.00000000
vn -0.00000000 0.00000149 1.00000000
vn -1.00000000 0.00000056 0.00000000
vn -0.00000000 -0.00000000 -1.00000000
vn -0.98480803 0.17364736 0.00000000
vn -0.98480773 0.17364876 0.00000000
vn 0.00000000 -0.00000441 1.00000000
vn -0.00000000 -0.00000000 -1.00000000
vn -0.93969297 0.34201947 0.00000000
vn 0.00000000 -0.00000000 1.00000000
vn -0.00000000 0.00000149 1.00000000
vn -0.00000000 0.00000121 1.00000000
vn 0.00000000 -0.00000216 1.00000000
vn -0.00000000 0.00001765 1.00000000
vn 0.00000000 -0.00000441 1.00000000
vn -0.00000000 0.00000143 1.00000000
vn -0.93969244 0.34202057 0.00000000
vn -0.86602539 0.50000006 0.00000000
vn -0.00000000 -0.00000000 -1.00000000
vn -0.86602545 0.50000000 0.00000000
vn -0.00000000 0.00001765 1.00000000
vn -0.76604426 0.64278775 0.00000000
vn -0.00000000 0.00001765 1.00000000
vn -0.00000000 0.00000436 1.00000000
vn 0.00000000 -0.00000216 1.00000000
vn -0.76604456 0.64278746 0.00000000
vn -0.00000000 -0.00000000 -1.00000000
vn -0.00000000 -0.00000000 -1.00000000
vn -0.64278853 0.76604396 0.00000000
vn -0.64278704 0.76604492 0.00000000
vn 0.00000000 -0.00000000 1.00000000
vn -0.00000000 0.00001471 1.00000000
vn 0.00000000 -0.00000099 1.00000000
vn -0.00000000 0.00000253 1.00000000
vn 0.00000000 -0.00003566 1.00000000
vn -0.00000000 0.00000436 1.00000000
vn -0.50000060 0.86602503 0.00000000
vn -0.00000000 -0.00000000 -1.00000000
vn -0.49999982 0.86602563 0.00000000
vn 0.00000000 -0.00000000 1.00000000
vn -0.00000000 -0.00000000 -1.00000000
vn -0.00000000 0.00000034 -1.00000000
vn -0.34202123 0.93969232 0.00000000
vn 0.00000000 -0.00000000 1.00000000
vn -0.34201941 0.93969291 0.00000000
vn 0.00000000 -0.00003566 1.00000000
vn -0.17364864 0.98480773 0.00000000
vn -0.00000000 -0.00000000 -1.00000000
vn -0.00000000 0.00000034 -1.00000000
vn 0.00000000 -0.00000000 1.00000000
vn -0.00000000 0.00001471 1.00000000
vn 0.00000000 -0.00003566 1.00000000
vn -0.17364824 0.98480791 0.00000000
vn -0.00001961 1.00000000 -0.00000418
vn 0.00000000 -0.00000000 1.00000000
vn 0.00001842 1.00000000 -0.00000416
vn 0.00001934 1.00000000 0.00000418
vn -0.00000000 -0.00000000 -1.00000000
vn -0.00001869 1.00000000 0.00000416
vn -0.18374906 -0.98297322 0.00000000
vn 0.00000000 -0.00000000 1.00000000
vn 0.00002357 -1.00000000 -0.00000443
vn -0.00000000 0.00000035 -1.00000000
vn -0.00002222 -1.00000000 -0.00000441
vn -0.00000000 -0.00000000 -1.00000000
vn 0.00000000 -0.00000034 -1.00000000
vn -0.00000000 -0.00000000 -1.00000000
vn -0.18374987 -0.98297310 0.00000000
vn 0.00002248 -1.00000000 0.00000441
vn 0.00000000 -0.00000000 1.00000000
vn -0.00002331 -1.00000000 0.00000443
vn 0.00000000 -0.00000000 1.00000000
vn -0.36124158 -0.93247235 0.00000000
vn -0.00000000 -0.00000000 -1.00000000
vn -0.36124137 -0.93247235 0.00000000
vn -0.52643186 -0.85021734 0.00000000
vn -0.00000000 -0.00000000 -1.00000000
vn -0.00000000 0.00000014 1.00000000
vn -0.52643210 -0.85021728 0.00000000
vn 0.00000000 -0.00000000 1.00000000
vn -0.67369509 -0.73900950 0.00000000
vn -0.00000000 0.00000014 1.00000000
vn 0.00000000 -0.00000000 1.00000000
vn -0.00000000 -0.00000000 -1.00000000
vn -0.67369616 -0.73900855 0.00000000
vn -0.79801685 -0.60263532 0.00000000
vn 0.00000000 -0.00000000 1.00000000
vn -0.00000000 -0.00000000 -1.00000000
vn -0.79801774 -0.60263401 0.00000000
vn -0.89516282 -0.44573921 0.00000000
vn 0.00000000 -0.00000000 1.00000000
vn 0.00000000 -0.00000138 -1.00000000
vn -0.89516342 -0.44573793 0.00000000
vn -0.00000000 -0.00000000 -1.00000000
vn 0.00000000 -0.00000000 1.00000000
vn -0.96182555 -0.27366382 0.00000000
vn -0.00000000 -0.00000000 -1.00000000
vn -0.96182573 -0.27366251 0.00000000
vn 0.00000000 -0.00000000 1.00000000
vn -0.99573422 -0.09226907 0.00000000
vn -0.99573427 -0.09226771 0.00000000
vn -0.00000000 -0.00000000 -1.00000000
vn -0.99573427 0.09226744 0.00000000
vn 0.00000000 -0.00000000 1.00000000
vn -0.00000000 -0.00000000 -1.00000000
vn -0.99573422 0.09226880 0.00000000
vn 0.00000000 -0.00000000 1.00000000
vn -0.96182579 0.27366290 0.00000000
vn -0.96182579 0.27366298 0.00000000
vn -0.00000000 -0.00000000 -1.00000000
vn -0.89516354 0.44573769 0.00000000
vn -0.00000000 -0.00000000 -1.00000000
vn -0.89516294 0.44573897 0.00000000
vn 0.00000000 -0.00000022 1.00000000
vn 0.00000000 -0.00000000 1.00000000
vn -0.79801738 0.60263449 0.00000000
vn -0.00000000 -0.00000000 -1.00000000
vn 0.00000000 -0.00000000 1.00000000
vn -0.79801744 0.60263437 0.00000000
vn -0.00000000 0.00000022 1.00000000
vn -0.67369640 0.73900819 0.00000000
vn 0.00000000 -0.00000000 1.00000000
vn -0.67369521 0.73900926 0.00000000
vn -0.00000000 -0.00000000 -1.00000000
vn 0.00000000 -0.00000000 1.00000000
vn -0.52643293 0.85021675 0.00000000
vn -0.00000000 -0.00000000 -1.00000000
vn -0.52643150 0.85021764 0.00000000
vn 0.00000000 -0.00000000 1.00000000
vn -0.36124191 0.93247223 0.00000000
vn -0.00000000 -0.00000000 -1.00000000
vn -0.36124161 0.93247223 0.00000000
vn -0.00000000 -0.00000000 -1.00000000
vn -0.00000000 0.00000034 -1.00000000
vn -0.18375003 0.98297298 0.00000000
vn 0.00000000 -0.00000000 1.00000000
vn -0.18374953 0.98297322 0.00000000
vn -0.00002248 1.00000000 0.00000441
vn 0.00002331 1.00000000 0.00000443
vn 0.00000000 -0.00000000 1.00000000
vn -0.00000000 -0.00000000 -1.00000000
vn 0.00002222 1.00000000 -0.00000441
vn -0.00002357 1.00000000 -0.00000443
vn 0.00000000 -0.00000035 -1.00000000
vn -0.14904046 -0.98883110 0.00000000
vn -0.00000000 -0.00000000 -1.00000000
vn -0.00001559 -1.00000000 -0.00000357
vn 0.00000000 -0.00000000 1.00000000
vn 0.00001643 -1.00000000 -0.00000359
vn -0.14904377 -0.98883063 0.00000000
vn 0.00000000 -0.00000000 1.00000000
vn 0.00001586 -1.00000000 0.00000357
vn -0.00000000 -0.00000000 -1.00000000
vn -0.00001616 -1.00000000 0.00000359
vn -0.00000000 -0.00000000 -1.00000000
vn -0.29475307 -0.95557344 0.00000000
vn -0.29475659 -0.95557249 0.00000000
vn 0.00000000 -0.00000000 1.00000000
vn -0.00000000 -0.00000000 -1.00000000
vn -0.43388367 -0.90096897 0.00000000
vn -0.43388388 -0.90096885 0.00000000
vn 0.00000000 -0.00000000 1.00000000
vn -0.00000000 0.00000014 1.00000000
vn 0.00000000 -0.00000000 1.00000000
vn -0.56331825 -0.82624006 0.00000000
vn -0.56332135 -0.82623798 0.00000000
vn -0.00000000 -0.00000000 -1.00000000
vn 0.00000000 -0.00000000 1.00000000
vn -0.68017268 -0.73305190 0.00000000
vn -0.68017256 -0.73305213 0.00000000
vn -0.00000000 -0.00000000 -1.00000000
vn -0.00000000 -0.00000000 -1.00000000
vn -0.78183013 -0.62349164 0.00000000
vn 0.00000000 -0.00000000 1.00000000
vn -0.78183281 -0.62348825 0.00000000
vn -0.00000000 -0.00000000 -1.00000000
vn -0.86602431 -0.50000203 0.00000000
vn -0.86602646 -0.49999812 0.00000000
vn 0.00000000 -0.00000000 1.00000000
vn -0.00000000 -0.00000000 -1.00000000
vn -0.93087292 -0.36534312 0.00000000
vn 0.00000000 -0.00000000 1.00000000
vn -0.93087447 -0.36533922 0.00000000
vn -0.00000000 -0.00000000 -1.00000000
vn -0.97492742 -0.22252314 0.00000000
vn 0.00000000 -0.00000000 1.00000000
vn -0.97492832 -0.22251904 0.00000000
vn -0.99720383 -0.07473011 0.00000000
vn -0.00000000 -0.00000000 -1.00000000
vn -0.99720389 -0.07473011 0.00000000
vn 0.00000000 -0.00000000 1.00000000
vn 0.00000000 -0.00000000 1.00000000
vn -0.99720383 0.07472984 0.00000000
vn -0.00000000 -0.00000000 -1.00000000
vn -0.99720389 0.07472984 0.00000000
vn -0.97492808 0.22252087 0.00000000
vn -0.00000000 -0.00000000 -1.00000000
vn -0.97492796 0.22252087 0.00000000
vn 0.00000000 -0.00000000 1.00000000
vn 0.00000000 -0.00000000 1.00000000
vn 0.00000000 -0.00000022 1.00000000
vn -0.93087459 0.36533898 0.00000000
vn -0.00000000 -0.00000000 -1.00000000
vn -0.93087304 0.36534289 0.00000000
vn -0.00000000 0.00000022 1.00000000
vn 0.00000000 -0.00000022 1.00000000
vn -0.86602545 0.49999988 0.00000000
vn 0.00000000 -0.00000000 1.00000000
vn -0.86602569 0.49999988 0.00000000
vn -0.00000000 -0.00000000 -1.00000000
vn -0.78183168 0.62348956 0.00000000
vn -0.00000000 -0.00000000 -1.00000000
vn -0.00000000 0.00000022 1.00000000
vn -0.78183168 0.62348980 0.00000000
vn 0.00000000 -0.00000000 1.00000000
vn 0.00000000 -0.00000000 1.00000000
vn -0.68017292 0.73305178 0.00000000
vn -0.00000000 -0.00000000 -1.00000000
vn -0.68017280 0.73305190 0.00000000
vn -0.56332159 0.82623786 0.00000000
vn -0.00000000 -0.00000000 -1.00000000
vn 0.00000000 -0.00000000 1.00000000
vn -0.56331849 0.82623994 0.00000000
vn -0.43388391 0.90096885 0.00000000
vn -0.00000000 -0.00000000 -1.00000000
vn 0.00000000 -0.00000000 1.00000000
vn -0.43388411 0.90096873 0.00000000
vn 0.00000000 -0.00000000 1.00000000
vn -0.29475683 0.95557237 0.00000000
vn -0.29475331 0.95557332 0.00000000
vn -0.00000000 -0.00000000 -1.00000000
vn 0.00000000 -0.00000000 1.00000000
vn -0.14904223 0.98883092 0.00000000
vn -0.00000000 -0.00000000 -1.00000000
vn -0.14904253 0.98883080 0.00000000
vn -0.00001586 1.00000000 0.00000357
vn -0.00000000 -0.00000000 -1.00000000
vn 0.00001616 1.00000000 0.00000359
vn 0.00001559 1.00000000 -0.00000357
vn -0.00001643 1.00000000 -0.00000359
vn 0.00000000 -0.00000000 1.00000000
vn 0.14904197 0.98883092 0.00000000
vn -0.00000000 -0.00000000 -1.00000000
vn 0.00000000 -0.00000000 1.00000000
vn 0.14904226 0.98883080 0.00000000
vn 0.29475507 0.95557296 0.00000000
vn 0.00000000 -0.00000000 1.00000000
vn 0.29475460 0.95557308 0.00000000
vn -0.00000000 -0.00000000 -1.00000000
vn 0.43388367 0.90096897 0.00000000
vn -0.00000000 -0.00000000 -1.00000000
vn 0.00000000 -0.00000000 1.00000000
vn 0.43388388 0.90096885 0.00000000
vn 0.00000000 -0.00000000 1.00000000
vn 0.56331986 0.82623893 0.00000000
vn -0.00000000 -0.00000000 -1.00000000
vn 0.56331986 0.82623893 0.00000000
vn 0.68017119 0.73305345 0.00000000
vn -0.00000000 -0.00000000 -1.00000000
vn 0.00000000 -0.00000000 1.00000000
vn 0.68017405 0.73305064 0.00000000
vn -0.00000000 -0.00000000 -1.00000000
vn 0.78183013 0.62349164 0.00000000
vn 0.00000000 -0.00000000 1.00000000
vn 0.78183281 0.62348825 0.00000000
vn -0.00000000 -0.00000000 -1.00000000
vn 0.86602431 0.50000203 0.00000000
vn 0.00000000 -0.00000000 1.00000000
vn 0.00000000 -0.00000014 1.00000000
vn 0.86602646 0.49999812 0.00000000
vn -0.00000000 -0.00000000 -1.00000000
vn 0.93087292 0.36534312 0.00000000
vn 0.93087447 0.36533922 0.00000000
vn 0.00000000 -0.00000000 1.00000000
vn 0.00000000 -0.00000014 1.00000000
vn -0.00000000 0.00000014 1.00000000
vn -0.00000000 -0.00000000 -1.00000000
vn 0.97492796 0.22252114 0.00000000
vn 0.97492784 0.22252114 0.00000000
vn 0.00000000 -0.00000000 1.00000000
vn 0.00000000 -0.00000000 1.00000000
vn 0.99720371 0.07473219 0.00000000
vn -0.00000000 -0.00000000 -1.00000000
vn 0.99720401 0.07472803 0.00000000
vn 0.00000000 -0.00000000 1.00000000
vn 0.99720401 -0.07472776 0.00000000
vn -0.00000000 -0.00000000 -1.00000000
vn 0.99720371 -0.07473192 0.00000000
vn 0.97492844 -0.22251877 0.00000000
vn 0.00000000 -0.00000000 1.00000000
vn -0.00000000 -0.00000000 -1.00000000
vn 0.97492755 -0.22252287 0.00000000
vn -0.00000000 0.00000014 1.00000000
vn 0.00000000 -0.00000000 1.00000000
vn 0.93087387 -0.36534098 0.00000000
vn 0.93087387 -0.36534098 0.00000000
vn -0.00000000 -0.00000000 -1.00000000
vn -0.00000000 -0.00000000 -1.00000000
vn 0.86602658 -0.49999788 0.00000000
vn -0.00000000 0.00000014 1.00000000
vn 0.00000000 -0.00000000 1.00000000
vn 0.86602444 -0.50000179 0.00000000
vn 0.78183168 -0.62348956 0.00000000
vn -0.00000000 -0.00000000 -1.00000000
vn 0.78183168 -0.62348980 0.00000000
vn 0.00000000 -0.00000000 1.00000000
vn 0.68017292 -0.73305178 0.00000000
vn 0.00000000 -0.00000000 1.00000000
vn -0.00000000 -0.00000000 -1.00000000
vn 0.68017280 -0.73305190 0.00000000
vn 0.56332159 -0.82623786 0.00000000
vn -0.00000000 -0.00000000 -1.00000000
vn 0.00000000 -0.00000000 1.00000000
vn 0.56331849 -0.82623994 0.00000000
vn -0.00000000 -0.00000000 -1.00000000
vn 0.43388391 -0.90096885 0.00000000
vn 0.43388411 -0.90096873 0.00000000
vn 0.00000000 -0.00000000 1.00000000
vn 0.00000000 -0.00000000 1.00000000
vn 0.29475531 -0.95557284 0.00000000
vn -0.00000000 -0.00000000 -1.00000000
vn 0.29475483 -0.95557296 0.00000000
vn 0.14904404 -0.98883063 0.00000000
vn -0.00000000 -0.00000000 -1.00000000
vn 0.14904073 -0.98883110 0.00000000
vn 0.00000000 -0.00000000 1.00000000
vn 0.00000000 -0.00000000 1.00000000
vn 0.67369592 -0.73900866 0.00000000
vn 0.00000000 -0.00000000 1.00000000
vn 0.79801798 -0.60263365 0.00000000
vn 0.00000000 -0.00000000 1.00000000
vn 0.52643233 -0.85021716 0.00000000
vn 0.00000000 -0.00000000 1.00000000
vn 0.89516354 -0.44573778 0.00000000
vn -0.00000000 0.00000014 1.00000000
vn 0.00000000 -0.00000000 1.00000000
vn 0.36124191 -0.93247223 0.00000000
vn 0.96182585 -0.27366227 0.00000000
vn 0.00000000 -0.00000000 1.00000000
vn 0.18374953 -0.98297322 0.00000000
vn 0.00000000 -0.00000000 1.00000000
vn 0.99573427 -0.09226809 0.00000000
vn 0.00000000 -0.00000000 1.00000000
vn 0.00000000 -0.00000000 1.00000000
vn 0.99573427 0.09226841 0.00000000
vn 0.96182567 0.27366322 0.00000000
vn -0.00000000 0.00000014 1.00000000
vn 0.00000000 -0.00000000 1.00000000
vn 0.89516312 0.44573873 0.00000000
vn 0.00000000 -0.00000014 1.00000000
vn 0.00000000 -0.00000000 1.00000000
vn -0.00000000 0.00000014 1.00000000
vn 0.79801685 0.60263532 0.00000000
vn 0.00000000 -0.00000000 1.00000000
vn 0.67369509 0.73900950 0.00000000
vn 0.00000000 -0.00000000 1.00000000
vn 0.00000000 -0.00000000 1.00000000
vn 0.52643126 0.85021776 0.00000000
vn 0.00000000 -0.00000000 1.00000000
vn 0.36124077 0.93247265 0.00000000
vn 0.00000000 -0.00000000 1.00000000
vn 0.18374906 0.98297322 0.00000000
vn 0.00000000 -0.00000035 -1.00000000
vn -0.00000000 -0.00000000 -1.00000000
vn 0.18374987 0.98297310 0.00000000
vn -0.00000000 -0.00000000 -1.00000000
vn 0.36124229 0.93247193 0.00000000
vn 0.52643269 0.85021687 0.00000000
vn -0.00000000 -0.00000000 -1.00000000
vn -0.00000000 -0.00000000 -1.00000000
vn 0.67369616 0.73900855 0.00000000
vn 0.79801774 0.60263401 0.00000000
vn -0.00000000 -0.00000000 -1.00000000
vn 0.89516324 0.44573852 0.00000000
vn -0.00000000 -0.00000000 -1.00000000
vn 0.96182567 0.27366313 0.00000000
vn -0.00000000 -0.00000000 -1.00000000
vn 0.99573427 0.09226836 0.00000000
vn -0.00000000 -0.00000000 -1.00000000
vn 0.00000000 -0.00000069 -1.00000000
vn 0.99573427 -0.09226815 0.00000000
vn -0.00000000 -0.00000000 -1.00000000
vn -0.00000000 -0.00000000 -1.00000000
vn 0.96182567 -0.27366349 0.00000000
vn -0.00000000 -0.00000000 -1.00000000
vn 0.89516294 -0.44573897 0.00000000
vn 0.00000000 -0.00000138 -1.00000000
vn -0.00000000 -0.00000000 -1.00000000
vn 0.79801696 -0.60263509 0.00000000
vn -0.00000000 -0.00000000 -1.00000000
vn 0.67369574 -0.73900890 0.00000000
vn 0.52643210 -0.85021722 0.00000000
vn -0.00000000 -0.00000000 -1.00000000
vn -0.00000000 -0.00000000 -1.00000000
vn 0.36124161 -0.93247223 0.00000000
vn -0.00000000 -0.00000000 -1.00000000
vn 0.18375003 -0.98297298 0.00000000
vn -0.00000000 0.00000035 -1.00000000
vn -0.00000000 0.00001471 1.00000000
vn 0.00000000 -0.00000000 1.00000000
vn 0.17364837 0.98480773 0.00000000
vn -0.00000000 0.00000253 1.00000000
vn 0.00000000 -0.00000035 -1.00000000
vn 0.17364797 0.98480791 0.00000000
vn -0.00000000 -0.00000000 -1.00000000
vn -0.00000000 -0.00000000 -1.00000000
vn 0.34201947 0.93969297 0.00000000
vn 0.00000000 -0.00001207 1.00000000
vn -0.00000000 0.00000253 1.00000000
vn 0.34202069 0.93969244 0.00000000
vn 0.00000000 -0.00000099 1.00000000
vn 0.00000000 -0.00000000 1.00000000
vn 0.50000018 0.86602539 0.00000000
vn 0.00000000 -0.00003530 1.00000000
vn 0.00000000 -0.00001207 1.00000000
vn -0.00000000 0.00001189 1.00000000
vn -0.00000000 -0.00000000 -1.00000000
vn 0.49999988 0.86602557 0.00000000
vn 0.64278680 0.76604503 0.00000000
vn -0.00000000 -0.00000000 -1.00000000
vn 0.64278829 0.76604408 0.00000000
vn 0.00000000 -0.00003530 1.00000000
vn 0.76604366 0.64278865 0.00000000
vn -0.00000000 -0.00000000 -1.00000000
vn 0.00000000 -0.00003530 1.00000000
vn -0.00000000 0.00001189 1.00000000
vn 0.76604485 0.64278710 0.00000000
vn 0.86602491 0.50000083 0.00000000
vn -0.00000000 -0.00000000 -1.00000000
vn 0.00000000 -0.00000000 1.00000000
vn 0.00000000 -0.00000092 1.00000000
vn 0.00000000 -0.00001207 1.00000000
vn -0.00000000 0.00001189 1.00000000
vn -0.00000000 0.00000151 1.00000000
vn 0.86602575 0.49999973 0.00000000
vn -0.00000000 -0.00000000 -1.00000000
vn 0.93969232 0.34202093 0.00000000
vn 0.93969285 0.34201962 0.00000000
vn 0.00000000 -0.00000441 1.00000000
vn -0.00000000 0.00000151 1.00000000
vn -0.00000000 0.00000149 1.00000000
vn -0.00000000 -0.00000000 -1.00000000
vn 0.98480773 0.17364903 0.00000000
vn 0.98480803 0.17364763 0.00000000
vn 0.00000000 -0.00000441 1.00000000
vn 0.00000000 -0.00000069 -1.00000000
vn -0.00000000 -0.00000000 -1.00000000
vn 1.00000000 0.00000013 0.00000000
vn 0.00000000 -0.00000441 1.00000000
vn -0.00000000 0.00000149 1.00000000
vn 1.00000000 0.00000013 0.00000000
vn 0.98480791 -0.17364806 0.00000000
vn -0.00000000 0.00000149 1.00000000
vn -0.00000000 0.00000151 1.00000000
vn 0.00000000 -0.00000092 1.00000000
vn 0.00000000 -0.00000069 -1.00000000
vn -0.00000000 -0.00000000 -1.00000000
vn 0.98480779 -0.17364806 0.00000000
vn -0.00000000 -0.00000000 -1.00000000
vn 0.00000000 -0.00000138 -1.00000000
vn 0.93969297 -0.34201947 0.00000000
vn 0.00000000 -0.00000000 1.00000000
vn 0.00000000 -0.00000092 1.00000000
vn 0.93969244 -0.34202057 0.00000000
vn 0.86602587 -0.49999958 0.00000000
vn 0.00000000 -0.00000138 -1.00000000
vn -0.00000000 -0.00000000 -1.00000000
vn 0.86602503 -0.50000060 0.00000000
vn -0.00000000 0.00000121 1.00000000
vn -0.00000000 0.00000436 1.00000000
vn -0.00000000 0.00000903 1.00000000
vn 0.00000000 -0.00000099 1.00000000
vn 0.00000000 -0.00000000 1.00000000
vn 0.00000000 -0.00000216 1.00000000
vn 0.76604497 -0.64278686 0.00000000
vn -0.00000000 -0.00000000 -1.00000000
vn 0.76604396 -0.64278841 0.00000000
vn 0.00000000 -0.00000000 1.00000000
vn -0.00000000 -0.00000000 -1.00000000
vn 0.64278853 -0.76604396 0.00000000
vn 0.00000000 -0.00000000 1.00000000
vn -0.00000000 0.00000903 1.00000000
vn 0.64278704 -0.76604492 0.00000000
vn 0.50000030 -0.86602527 0.00000000
vn -0.00000000 -0.00000000 -1.00000000
vn 0.00000000 -0.00000000 1.00000000
vn 0.50000000 -0.86602545 0.00000000
vn 0.00000000 -0.00000604 1.00000000
vn 0.00000000 -0.00000000 1.00000000
vn -0.00000000 0.00000121 1.00000000
vn -0.00000000 0.00000903 1.00000000
vn 0.00000000 -0.00000627 1.00000000
vn 0.34201971 -0.93969285 0.00000000
vn -0.00000000 0.00000143 1.00000000
vn 0.34202093 -0.93969232 0.00000000
vn -0.00000000 -0.00000000 -1.00000000
vn -0.00000000 0.00000035 -1.00000000
vn -0.00000000 -0.00000000 -1.00000000
vn 0.17364864 -0.98480773 0.00000000
vn 0.00000000 -0.00000000 1.00000000
vn -0.00000000 0.00002378 1.00000000
vn 0.00000000 -0.00000604 1.00000000
vn 0.17364824 -0.98480791 0.00000000
vn -0.00000000 0.00000034 -1.00000000
vn 0.17364687 0.98480803 0.00000000
vn -0.00000000 -0.00000000 -1.00000000
vn 0.00001934 1.00000000 -0.00000416
vn 0.00000000 -0.00000000 1.00000000
vn -0.00001961 1.00000000 -0.00000418
vn 0.17364956 0.98480761 0.00000000
vn 0.00000000 -0.00002378 1.00000000
vn 0.00000000 -0.00000000 1.00000000
vn -0.00001869 1.00000000 0.00000416
vn 0.00001842 1.00000000 0.00000418
vn -0.00000000 -0.00000000 -1.00000000
vn 0.34201917 0.93969303 0.00000000
vn -0.00000000 -0.00000000 -1.00000000
vn -0.00000000 0.00000034 -1.00000000
vn 0.00000000 -0.00000000 1.00000000
vn -0.00000000 0.00000604 1.00000000
vn -0.00000000 0.00000627 1.00000000
vn 0.34202099 0.93969244 0.00000000
vn 0.00000000 -0.00002378 1.00000000
vn -0.00000000 -0.00000000 -1.00000000
vn 0.49999958 0.86602569 0.00000000
vn 0.00000000 -0.00000000 1.00000000
vn 0.50000036 0.86602515 0.00000000
vn -0.00000000 -0.00000000 -1.00000000
vn 0.64278680 0.76604503 0.00000000
vn 0.00000000 -0.00000143 1.00000000
vn -0.00000000 0.00000627 1.00000000
vn 0.00000000 -0.00000000 1.00000000
vn 0.64278829 0.76604408 0.00000000
vn -0.00000000 -0.00000000 -1.00000000
vn 0.76604366 0.64278865 0.00000000
vn 0.00000000 -0.00000000 1.00000000
vn 0.76604485 0.64278710 0.00000000
vn -0.00000000 -0.00000000 -1.00000000
vn 0.86602527 0.50000030 0.00000000
vn -0.00000000 0.00000138 -1.00000000
vn 0.86602533 0.50000024 0.00000000
vn 0.00000000 -0.00000000 1.00000000
vn 0.00000000 -0.00000000 1.00000000
vn 0.93969262 0.34202021 0.00000000
vn -0.00000000 -0.00000000 -1.00000000
vn 0.93969256 0.34202033 0.00000000
vn -0.00000000 0.00000138 -1.00000000
vn -0.00000000 -0.00000000 -1.00000000
vn 0.98480773 0.17364903 0.00000000
vn 0.00000000 -0.00000000 1.00000000
vn 0.98480803 0.17364763 0.00000000
vn 0.00000000 -0.00000149 1.00000000
vn 1.00000000 0.00000082 0.00000000
vn -0.00000000 -0.00000000 -1.00000000
vn 0.00000000 -0.00000149 1.00000000
vn 1.00000000 -0.00000056 0.00000000
vn -0.00000000 0.00000441 1.00000000
vn 0.98480803 -0.17364736 0.00000000
vn -0.00000000 -0.00000000 -1.00000000
vn 0.98480773 -0.17364876 0.00000000
vn -0.00000000 0.00000441 1.00000000
vn 0.93969297 -0.34201947 0.00000000
vn -0.00000000 -0.00000000 -1.00000000
vn 0.00000000 -0.00000000 1.00000000
vn -0.00000000 0.00000216 1.00000000
vn 0.93969244 -0.34202057 0.00000000
vn 0.00000000 -0.00000149 1.00000000
vn -0.00000000 0.00000441 1.00000000
vn 0.00000000 -0.00000121 1.00000000
vn 0.00000000 -0.00000143 1.00000000
vn 0.00000000 -0.00001765 1.00000000
vn -0.00000000 -0.00000000 -1.00000000
vn 0.86602539 -0.50000006 0.00000000
vn 0.00000000 -0.00001765 1.00000000
vn 0.86602545 -0.50000000 0.00000000
vn 0.00000000 -0.00001765 1.00000000
vn 0.00000000 -0.00000436 1.00000000
vn -0.00000000 0.00000216 1.00000000
vn 0.76604426 -0.64278775 0.00000000
vn -0.00000000 -0.00000000 -1.00000000
vn 0.76604456 -0.64278746 0.00000000
vn 0.64278853 -0.76604396 0.00000000
vn -0.00000000 -0.00000000 -1.00000000
vn 0.00000000 -0.00000000 1.00000000
vn 0.00000000 -0.00001471 1.00000000
vn 0.00000000 -0.00000436 1.00000000
vn 0.00000000 -0.00000253 1.00000000
vn -0.00000000 0.00003566 1.00000000
vn 0.64278704 -0.76604492 0.00000000
vn -0.00000000 0.00000099 1.00000000
vn -0.00000000 -0.00000000 -1.00000000
vn 0.50000060 -0.86602503 0.00000000
vn 0.00000000 -0.00000000 1.00000000
vn 0.49999982 -0.86602563 0.00000000
vn 0.00000000 -0.00000034 -1.00000000
vn 0.34202123 -0.93969232 0.00000000
vn -0.00000000 -0.00000000 -1.00000000
vn -0.00000000 0.00003566 1.00000000
vn 0.00000000 -0.00000000 1.00000000
vn 0.34201941 -0.93969291 0.00000000
vn 0.00000000 -0.00000034 -1.00000000
vn 0.17364864 -0.98480773 0.00000000
vn -0.00000000 -0.00000000 -1.00000000
vn 0.00000000 -0.00001471 1.00000000
vn -0.00000000 0.00003566 1.00000000
vn 0.17364824 -0.98480791 0.00000000
vn 0.00000000 -0.00000000 1.00000000
vn 0.00000000 -0.00000000 1.00000000
vn 0.00001961 -1.00000000 -0.00000418
vn -0.00001842 -1.00000000 -0.00000416
vn 0.00001869 -1.00000000 0.00000416
vn -0.00000000 -0.00000000 -1.00000000
vn -0.00001934 -1.00000000 0.00000418
vn 0.00000000 -0.00000000 1.00000000
vn 0.18374906 0.98297322 0.00000000
vn 0.00000000 -0.00000035 -1.00000000
vn 0.00002222 1.00000000 -0.00000441
vn -0.00002357 1.00000000 -0.00000443
vn -0.00000000 -0.00000000 -1.00000000
vn 0.18374987 0.98297310 0.00000000
vn -0.00000000 -0.00000000 -1.00000000
vn -0.00000000 0.00000034 -1.00000000
vn 0.00000000 -0.00000000 1.00000000
vn 0.00002331 1.00000000 0.00000443
vn -0.00002248 1.00000000 0.00000441
vn 0.36124158 0.93247235 0.00000000
vn 0.00000000 -0.00000000 1.00000000
vn 0.36124137 0.93247235 0.00000000
vn -0.00000000 -0.00000000 -1.00000000
vn -0.00000000 -0.00000000 -1.00000000
vn 0.52643186 0.85021734 0.00000000
vn 0.52643210 0.85021728 0.00000000
vn 0.00000000 -0.00000000 1.00000000
vn 0.00000000 -0.00000014 1.00000000
vn 0.00000000 -0.00000000 1.00000000
vn 0.00000000 -0.00000014 1.00000000
vn 0.67369509 0.73900950 0.00000000
vn 0.67369616 0.73900855 0.00000000
vn -0.00000000 -0.00000000 -1.00000000
vn 0.79801685 0.60263532 0.00000000
vn 0.00000000 -0.00000000 1.00000000
vn -0.00000000 -0.00000000 -1.00000000
vn 0.79801774 0.60263401 0.00000000
vn 0.00000000 -0.00000000 1.00000000
vn 0.89516282 0.44573921 0.00000000
vn -0.00000000 -0.00000000 -1.00000000
vn -0.00000000 0.00000138 -1.00000000
vn 0.89516342 0.44573793 0.00000000
vn 0.96182555 0.27366382 0.00000000
vn 0.00000000 -0.00000000 1.00000000
vn 0.96182573 0.27366251 0.00000000
vn -0.00000000 -0.00000000 -1.00000000
vn 0.99573422 0.09226907 0.00000000
vn 0.00000000 -0.00000000 1.00000000
vn 0.99573427 0.09226771 0.00000000
vn -0.00000000 -0.00000000 -1.00000000
vn 0.99573427 -0.09226744 0.00000000
vn 0.00000000 -0.00000000 1.00000000
vn 0.99573422 -0.09226880 0.00000000
vn -0.00000000 -0.00000000 -1.00000000
vn 0.96182579 -0.27366290 0.00000000
vn 0.00000000 -0.00000000 1.00000000
vn 0.96182579 -0.27366298 0.00000000
vn -0.00000000 -0.00000000 -1.00000000
vn -0.00000000 -0.00000000 -1.00000000
vn 0.89516354 -0.44573769 0.00000000
vn -0.00000000 0.00000022 1.00000000
vn 0.89516294 -0.44573897 0.00000000
vn 0.00000000 -0.00000000 1.00000000
vn -0.00000000 -0.00000000 -1.00000000
vn 0.79801738 -0.60263449 0.00000000
vn 0.00000000 -0.00000000 1.00000000
vn 0.00000000 -0.00000022 1.00000000
vn 0.79801744 -0.60263437 0.00000000
vn 0.00000000 -0.00000000 1.00000000
vn 0.67369640 -0.73900819 0.00000000
vn 0.67369521 -0.73900926 0.00000000
vn -0.00000000 -0.00000000 -1.00000000
vn 0.52643293 -0.85021675 0.00000000
vn 0.00000000 -0.00000000 1.00000000
vn 0.52643150 -0.85021764 0.00000000
vn -0.00000000 -0.00000000 -1.00000000
vn 0.00000000 -0.00000000 1.00000000
vn 0.36124191 -0.93247223 0.00000000
vn 0.36124161 -0.93247223 0.00000000
vn -0.00000000 -0.00000000 -1.00000000
vn 0.00000000 -0.00000034 -1.00000000
vn 0.18375003 -0.98297298 0.00000000
vn -0.00000000 -0.00000000 -1.00000000
vn 0.00000000 -0.00000000 1.00000000
vn 0.18374953 -0.98297322 0.00000000
vn 0.00002248 -1.00000000 0.00000441
vn 0.00000000 -0.00000000 1.00000000
vn -0.00002331 -1.00000000 0.00000443
vn -0.00002222 -1.00000000 -0.00000441
vn -0.00000000 0.00000035 -1.00000000
vn 0.00002357 -1.00000000 -0.00000443
vn -0.00000000 -0.00000000 -1.00000000
vn 0.14904046 0.98883110 0.00000000
vn -0.00000000 -0.00000000 -1.00000000
vn 0.00000000 -0.00000000 1.00000000
vn -0.00001643 1.00000000 -0.00000359
vn 0.00001559 1.00000000 -0.00000357
vn 0.00000000 -0.00000000 1.00000000
vn 0.14904377 0.98883063 0.00000000
vn 0.00001616 1.00000000 0.00000359
vn -0.00001586 1.00000000 0.00000357
vn -0.00000000 -0.00000000 -1.00000000
vn 0.29475307 0.95557344 0.00000000
vn -0.00000000 -0.00000000 -1.00000000
vn 0.29475659 0.95557249 0.00000000
vn 0.00000000 -0.00000000 1.00000000
vn 0.43388367 0.90096897 0.00000000
vn -0.00000000 -0.00000000 -1.00000000
vn 0.43388388 0.90096885 0.00000000
vn 0.00000000 -0.00000000 1.00000000
vn 0.00000000 -0.00000014 1.00000000
vn 0.00000000 -0.00000000 1.00000000
vn 0.56331825 0.82624006 0.00000000
vn -0.00000000 -0.00000000 -1.00000000
vn 0.56332135 0.82623798 0.00000000
vn 0.68017268 0.73305190 0.00000000
vn 0.00000000 -0.00000000 1.00000000
vn -0.00000000 -0.00000000 -1.00000000
vn 0.68017256 0.73305213 0.00000000
vn -0.00000000 -0.00000000 -1.00000000
vn 0.78183013 0.62349164 0.00000000
vn 0.78183281 0.62348825 0.00000000
vn 0.00000000 -0.00000000 1.00000000
vn -0.00000000 -0.00000000 -1.00000000
vn 0.86602431 0.50000203 0.00000000
vn 0.00000000 -0.00000000 1.00000000
vn 0.86602646 0.49999812 0.00000000
vn -0.00000000 -0.00000000 -1.00000000
vn 0.93087292 0.36534312 0.00000000
vn 0.93087447 0.36533922 0.00000000
vn 0.00000000 -0.00000000 1.00000000
vn 0.97492742 0.22252314 0.00000000
vn -0.00000000 -0.00000000 -1.00000000
vn 0.97492832 0.22251904 0.00000000
vn 0.00000000 -0.00000000 1.00000000
vn 0.99720383 0.07473011 0.00000000
vn -0.00000000 -0.00000000 -1.00000000
vn 0.99720389 0.07473011 0.00000000
vn 0.00000000 -0.00000000 1.00000000
vn 0.99720383 -0.07472984 0.00000000
vn 0.00000000 -0.00000000 1.00000000
vn -0.00000000 -0.00000000 -1.00000000
vn 0.99720389 -0.07472984 0.00000000
vn -0.00000000 -0.00000000 -1.00000000
vn 0.97492808 -0.22252087 0.00000000
vn 0.00000000 -0.00000000 1.00000000
vn 0.97492796 -0.22252087 0.00000000
vn 0.93087459 -0.36533898 0.00000000
vn 0.00000000 -0.00000000 1.00000000
vn -0.00000000 0.00000022 1.00000000
vn -0.00000000 -0.00000000 -1.00000000
vn 0.93087304 -0.36534289 0.00000000
vn -0.00000000 0.00000022 1.00000000
vn 0.00000000 -0.00000022 1.00000000
vn 0.00000000 -0.00000000 1.00000000
vn 0.86602545 -0.49999988 0.00000000
vn -0.00000000 -0.00000000 -1.00000000
vn 0.86602569 -0.49999988 0.00000000
vn 0.78183168 -0.62348956 0.00000000
vn -0.00000000 -0.00000000 -1.00000000
vn 0.78183168 -0.62348980 0.00000000
vn 0.00000000 -0.00000022 1.00000000
vn 0.00000000 -0.00000000 1.00000000
vn 0.68017292 -0.73305178 0.00000000
vn 0.00000000 -0.00000000 1.00000000
vn -0.00000000 -0.00000000 -1.00000000
vn 0.68017280 -0.73305190 0.00000000
vn 0.56332159 -0.82623786 0.00000000
vn -0.00000000 -0.00000000 -1.00000000
vn 0.00000000 -0.00000000 1.00000000
vn 0.56331849 -0.82623994 0.00000000
vn 0.43388391 -0.90096885 0.00000000
vn -0.00000000 -0.00000000 -1.00000000
vn 0.00000000 -0.00000000 1.00000000
vn 0.43388411 -0.90096873 0.00000000
vn 0.29475683 -0.95557237 0.00000000
vn 0.00000000 -0.00000000 1.00000000
vn 0.29475331 -0.95557332 0.00000000
vn -0.00000000 -0.00000000 -1.00000000
vn 0.00000000 -0.00000000 1.00000000
vn 0.14904223 -0.98883092 0.00000000
vn 0.14904253 -0.98883080 0.00000000
vn -0.00000000 -0.00000000 -1.00000000
vn -0.00001616 -1.00000000 0.00000359
vn 0.00001586 -1.00000000 0.00000357
vn -0.00000000 -0.00000000 -1.00000000
vn 0.00000000 -0.00000000 1.00000000
vn 0.00001643 -1.00000000 -0.00000359
vn -0.00001559 -1.00000000 -0.00000357
vn -0.14904197 -0.98883092 0.00000000
vn -0.00000000 -0.00000000 -1.00000000
vn 0.00000000 -0.00000000 1.00000000
vn -0.14904226 -0.98883080 0.00000000
vn 0.00000000 -0.00000000 1.00000000
vn -0.29475507 -0.95557296 0.00000000
vn -0.00000000 -0.00000000 -1.00000000
vn -0.29475460 -0.95557308 0.00000000
vn -0.43388367 -0.90096897 0.00000000
vn -0.00000000 -0.00000000 -1.00000000
vn 0.00000000 -0.00000000 1.00000000
vn -0.43388388 -0.90096885 0.00000000
vn -0.56331986 -0.82623893 0.00000000
vn 0.00000000 -0.00000000 1.00000000
vn -0.00000000 -0.00000000 -1.00000000
vn -0.56331986 -0.82623893 0.00000000
vn -0.00000000 -0.00000000 -1.00000000
vn -0.68017119 -0.73305345 0.00000000
vn -0.68017405 -0.73305064 0.00000000
vn 0.00000000 -0.00000000 1.00000000
vn -0.00000000 -0.00000000 -1.00000000
vn -0.78183013 -0.62349164 0.00000000
vn -0.78183281 -0.62348825 0.00000000
vn 0.00000000 -0.00000000 1.00000000
vn -0.00000000 -0.00000000 -1.00000000
vn -0.86602431 -0.50000203 0.00000000
vn -0.86602646 -0.49999812 0.00000000
vn 0.00000000 -0.00000000 1.00000000
vn -0.00000000 0.00000014 1.00000000
vn -0.00000000 -0.00000000 -1.00000000
vn -0.93087292 -0.36534312 0.00000000
vn -0.00000000 0.00000014 1.00000000
vn -0.93087447 -0.36533922 0.00000000
vn 0.00000000 -0.00000014 1.00000000
vn 0.00000000 -0.00000000 1.00000000
vn -0.00000000 -0.00000000 -1.00000000
vn -0.97492796 -0.22252114 0.00000000
vn 0.00000000 -0.00000000 1.00000000
vn -0.97492784 -0.22252114 0.00000000
vn -0.99720371 -0.07473219 0.00000000
vn 0.00000000 -0.00000000 1.00000000
vn -0.00000000 -0.00000000 -1.00000000
vn -0.99720401 -0.07472803 0.00000000
vn 0.00000000 -0.00000000 1.00000000
vn -0.99720401 0.07472776 0.00000000
vn -0.00000000 -0.00000000 -1.00000000
vn -0.99720371 0.07473192 0.00000000
vn -0.97492844 0.22251877 0.00000000
vn 0.00000000 -0.00000000 1.00000000
vn -0.97492755 0.22252287 0.00000000
vn -0.00000000 -0.00000000 -1.00000000
vn -0.93087387 0.36534098 0.00000000
vn 0.00000000 -0.00000000 1.00000000
vn 0.00000000 -0.00000014 1.00000000
vn -0.00000000 -0.00000000 -1.00000000
vn -0.93087387 0.36534098 0.00000000
vn -0.00000000 -0.00000000 -1.00000000
vn -0.86602658 0.49999788 0.00000000
vn 0.00000000 -0.00000014 1.00000000
vn 0.00000000 -0.00000000 1.00000000
vn -0.86602444 0.50000179 0.00000000
vn -0.78183168 0.62348956 0.00000000
vn -0.00000000 -0.00000000 -1.00000000
vn 0.00000000 -0.00000000 1.00000000
vn -0.78183168 0.62348980 0.00000000
vn -0.68017292 0.73305178 0.00000000
vn 0.00000000 -0.00000000 1.00000000
vn -0.00000000 -0.00000000 -1.00000000
vn -0.68017280 0.73305190 0.00000000
vn -0.56332159 0.82623786 0.00000000
vn -0.00000000 -0.00000000 -1.00000000
vn -0.56331849 0.82623994 0.00000000
vn 0.00000000 -0.00000000 1.00000000
vn -0.43388391 0.90096885 0.00000000
vn -0.00000000 -0.00000000 -1.00000000
vn -0.43388411 0.90096873 0.00000000
vn 0.00000000 -0.00000000 1.00000000
vn -0.29475531 0.95557284 0.00000000
vn 0.00000000 -0.00000000 1.00000000
vn -0.29475483 0.95557296 0.00000000
vn -0.00000000 -0.00000000 -1.00000000
vn -0.00000000 -0.00000000 -1.00000000
vn -0.14904404 0.98883063 0.00000000
vn -0.14904073 0.98883110 0.00000000
vn 0.00000000 -0.00000000 1.00000000
vn 0.00000000 -0.00000000 1.00000000
vn -0.67369592 0.73900866 0.00000000
vn -0.79801798 0.60263365 0.00000000
vn 0.00000000 -0.00000000 1.00000000
vn 0.00000000 -0.00000000 1.00000000
vn -0.52643233 0.85021716 0.00000000
vn -0.89516354 0.44573778 0.00000000
vn 0.00000000 -0.00000014 1.00000000
vn 0.00000000 -0.00000000 1.00000000
vn 0.00000000 -0.00000000 1.00000000
vn -0.36124191 0.93247223 0.00000000
vn -0.96182585 0.27366227 0.00000000
vn 0.00000000 -0.00000000 1.00000000
vn -0.18374953 0.98297322 0.00000000
vn 0.00000000 -0.00000000 1.00000000
vn -0.99573427 0.09226809 0.00000000
vn 0.00000000 -0.00000000 1.00000000
vn -0.99573427 -0.09226841 0.00000000
vn 0.00000000 -0.00000000 1.00000000
vn 0.00000000 -0.00000014 1.00000000
vn 0.00000000 -0.00000000 1.00000000
vn -0.96182567 -0.27366322 0.00000000
vn 0.00000000 -0.00000014 1.00000000
vn -0.89516312 -0.44573873 0.00000000
vn 0.00000000 -0.00000000 1.00000000
vn -0.00000000 0.00000014 1.00000000
vn 0.00000000 -0.00000000 1.00000000
vn -0.79801685 -0.60263532 0.00000000
vn 0.00000000 -0.00000000 1.00000000
vn -0.67369509 -0.73900950 0.00000000
vn 0.00000000 -0.00000000 1.00000000
vn -0.52643126 -0.85021776 0.00000000
vn -0.36124077 -0.93247265 0.00000000
vn 0.00000000 -0.00000000 1.00000000
vn 0.00000000 -0.00000000 1.00000000
vn -0.18374906 -0.98297322 0.00000000
vn -0.18374987 -0.98297310 0.00000000
vn -0.00000000 0.00000035 -1.00000000
vn -0.00000000 -0.00000000 -1.00000000
vn -0.00000000 -0.00000000 -1.00000000
vn -0.36124229 -0.93247193 0.00000000
vn -0.52643269 -0.85021687 0.00000000
vn -0.00000000 -0.00000000 -1.00000000
vn -0.00000000 -0.00000000 -1.00000000
vn -0.67369616 -0.73900855 0.00000000
vn -0.00000000 -0.00000000 -1.00000000
vn -0.79801774 -0.60263401 0.00000000
vn -0.89516324 -0.44573852 0.00000000
vn -0.00000000 -0.00000000 -1.00000000
vn -0.96182567 -0.27366313 0.00000000
vn -0.00000000 -0.00000000 -1.00000000
vn -0.00000000 -0.00000000 -1.00000000
vn -0.99573427 -0.09226836 0.00000000
vn -0.00000000 -0.00000000 -1.00000000
vn -0.99573427 0.09226815 0.00000000
vn -0.00000000 0.00000069 -1.00000000
vn -0.00000000 -0.00000000 -1.00000000
vn -0.96182567 0.27366349 0.00000000
vn -0.00000000 -0.00000000 -1.00000000
vn -0.89516294 0.44573897 0.00000000
vn -0.00000000 0.00000138 -1.00000000
vn -0.79801696 0.60263509 0.00000000
vn -0.00000000 -0.00000000 -1.00000000
vn -0.00000000 -0.00000000 -1.00000000
vn -0.67369574 0.73900890 0.00000000
vn -0.52643210 0.85021722 0.00000000
vn -0.00000000 -0.00000000 -1.00000000
vn -0.36124161 0.93247223 0.00000000
vn -0.00000000 -0.00000000 -1.00000000
vn 0.00000000 -0.00000035 -1.00000000
vn -0.18375003 0.98297298 0.00000000
vn -0.00000000 -0.00000000 -1.00000000
vn 0.00000000 -0.00000000 1.00000000
vn -0.17364837 -0.98480773 0.00000000
vn 0.00000000 -0.00001471 1.00000000
vn 0.00000000 -0.00000253 1.00000000
vn -0.00000000 -0.00000000 -1.00000000
vn -0.00000000 0.00000035 -1.00000000
vn -0.17364797 -0.98480791 0.00000000
vn -0.00000000 -0.00000000 -1.00000000
vn -0.34201947 -0.93969297 0.00000000
vn -0.00000000 0.00000099 1.00000000
vn -0.00000000 0.00001207 1.00000000
vn -0.34202069 -0.93969244 0.00000000
vn 0.00000000 -0.00000253 1.00000000
vn 0.00000000 -0.00000000 1.00000000
vn -0.00000000 0.00003530 1.00000000
vn 0.00000000 -0.00001189 1.00000000
vn -0.00000000 0.00001207 1.00000000
vn -0.50000018 -0.86602539 0.00000000
vn -0.00000000 -0.00000000 -1.00000000
vn -0.49999988 -0.86602557 0.00000000
vn -0.64278680 -0.76604503 0.00000000
vn -0.00000000 -0.00000000 -1.00000000
vn -0.64278829 -0.76604408 0.00000000
vn -0.00000000 0.00003530 1.00000000
vn -0.76604366 -0.64278865 0.00000000
vn -0.00000000 -0.00000000 -1.00000000
vn -0.00000000 0.00003530 1.00000000
vn 0.00000000 -0.00001189 1.00000000
vn -0.76604485 -0.64278710 0.00000000
vn -0.86602491 -0.50000083 0.00000000
vn -0.00000000 -0.00000000 -1.00000000
vn -0.00000000 0.00001207 1.00000000
vn 0.00000000 -0.00001189 1.00000000
vn -0.86602575 -0.49999973 0.00000000
vn -0.00000000 0.00000092 1.00000000
vn 0.00000000 -0.00000000 1.00000000
vn 0.00000000 -0.00000151 1.00000000
vn -0.00000000 -0.00000000 -1.00000000
vn -0.93969232 -0.34202093 0.00000000
vn 0.00000000 -0.00000151 1.00000000
vn -0.00000000 0.00000441 1.00000000
vn 0.00000000 -0.00000149 1.00000000
vn -0.93969285 -0.34201962 0.00000000
vn -0.98480773 -0.17364903 0.00000000
vn -0.00000000 -0.00000000 -1.00000000
vn -0.00000000 0.00000441 1.00000000
vn -0.98480803 -0.17364763 0.00000000
vn -0.00000000 -0.00000000 -1.00000000
vn -1.00000000 -0.00000013 0.00000000
vn -0.00000000 0.00000069 -1.00000000
vn -1.00000000 -0.00000013 0.00000000
vn -0.00000000 0.00000441 1.00000000
vn 0.00000000 -0.00000149 1.00000000
vn 0.00000000 -0.00000151 1.00000000
vn -0.98480791 0.17364806 0.00000000
vn -0.00000000 0.00000092 1.00000000
vn 0.00000000 -0.00000149 1.00000000
vn -0.98480779 0.17364806 0.00000000
vn -0.00000000 0.00000069 -1.00000000
vn -0.00000000 -0.00000000 -1.00000000
vn -0.93969297 0.34201947 0.00000000
vn -0.00000000 -0.00000000 -1.00000000
vn -0.00000000 0.00000138 -1.00000000
vn -0.93969244 0.34202057 0.00000000
vn 0.00000000 -0.00000000 1.00000000
vn -0.00000000 0.00000092 1.00000000
vn -0.00000000 0.00000138 -1.00000000
vn -0.86602587 0.49999958 0.00000000
vn -0.00000000 -0.00000000 -1.00000000
vn -0.00000000 0.00000099 1.00000000
vn -0.00000000 0.00000216 1.00000000
vn 0.00000000 -0.00000903 1.00000000
vn 0.00000000 -0.00000121 1.00000000
vn -0.86602503 0.50000060 0.00000000
vn 0.00000000 -0.00000436 1.00000000
vn 0.00000000 -0.00000000 1.00000000
vn -0.00000000 -0.00000000 -1.00000000
vn -0.76604497 0.64278686 0.00000000
vn 0.00000000 -0.00000000 1.00000000
vn -0.76604396 0.64278841 0.00000000
vn -0.00000000 -0.00000000 -1.00000000
vn -0.64278853 0.76604396 0.00000000
vn 0.00000000 -0.00000000 1.00000000
vn -0.64278704 0.76604492 0.00000000
vn 0.00000000 -0.00000903 1.00000000
vn -0.50000030 0.86602527 0.00000000
vn -0.00000000 -0.00000000 -1.00000000
vn -0.50000000 0.86602545 0.00000000
vn 0.00000000 -0.00000000 1.00000000
vn -0.00000000 0.00000604 1.00000000
vn 0.00000000 -0.00000903 1.00000000
vn -0.34201971 0.93969285 0.00000000
vn -0.00000000 0.00000627 1.00000000
vn 0.00000000 -0.00000121 1.00000000
vn 0.00000000 -0.00000143 1.00000000
vn 0.00000000 -0.00000000 1.00000000
vn -0.34202093 0.93969232 0.00000000
vn -0.00000000 -0.00000000 -1.00000000
vn -0.00000000 -0.00000000 -1.00000000
vn -0.17364864 0.98480773 0.00000000
vn 0.00000000 -0.00000035 -1.00000000
vn -0.17364824 0.98480791 0.00000000
vn 0.00000000 -0.00002378 1.00000000
vn -0.00000000 0.00000604 1.00000000
vn 0.00000000 -0.00000000 1.00000000
vn -0.00000000 0.00000034 -1.00000000
vn -0.00000000 -0.00000000 -1.00000000
vn 0.17364687 0.98480803 0.00000000
vn 0.00000000 -0.00000000 1.00000000
vn 0.00001934 1.00000000 -0.00000416
vn -0.00001961 1.00000000 -0.00000418
vn 0.17364956 0.98480761 0.00000000
vn 0.00000000 -0.00002378 1.00000000
vn 0.00000000 -0.00000000 1.00000000
vn 0.00001842 1.00000000 0.00000418
vn -0.00001869 1.00000000 0.00000416
vn -0.00000000 -0.00000000 -1.00000000
vn -0.00000000 0.00000034 -1.00000000
vn 0.34201917 0.93969303 0.00000000
vn -0.00000000 -0.00000000 -1.00000000
vn 0.00000000 -0.00002378 1.00000000
vn -0.00000000 0.00000627 1.00000000
vn 0.00000000 -0.00000000 1.00000000
vn 0.34202099 0.93969244 0.00000000
vn -0.00000000 0.00000604 1.00000000
vn 0.49999958 0.86602569 0.00000000
vn -0.00000000 -0.00000000 -1.00000000
vn 0.00000000 -0.00000000 1.00000000
vn 0.50000036 0.86602515 0.00000000
vn 0.64278680 0.76604503 0.00000000
vn -0.00000000 -0.00000000 -1.00000000
vn 0.00000000 -0.00000000 1.00000000
vn 0.00000000 -0.00000143 1.00000000
vn -0.00000000 0.00000627 1.00000000
vn 0.64278829 0.76604408 0.00000000
vn 0.76604366 0.64278865 0.00000000
vn -0.00000000 -0.00000000 -1.00000000
vn 0.76604485 0.64278710 0.00000000
vn 0.00000000 -0.00000000 1.00000000
vn -0.00000000 0.00000138 -1.00000000
vn 0.86602527 0.50000030 0.00000000
vn -0.00000000 -0.00000000 -1.00000000
vn 0.86602533 0.50000024 0.00000000
vn 0.00000000 -0.00000000 1.00000000
vn 0.93969262 0.34202021 0.00000000
vn 0.00000000 -0.00000000 1.00000000
vn -0.00000000 -0.00000000 -1.00000000
vn -0.00000000 0.00000138 -1.00000000
vn 0.93969256 0.34202033 0.00000000
vn -0.00000000 -0.00000000 -1.00000000
vn 0.98480773 0.17364903 0.00000000
vn 0.00000000 -0.00000149 1.00000000
vn 0.00000000 -0.00000000 1.00000000
vn 0.98480803 0.17364763 0.00000000
vn -0.00000000 -0.00000000 -1.00000000
vn 1.00000000 0.00000082 0.00000000
vn 0.00000000 -0.00000149 1.00000000
vn -0.00000000 0.00000441 1.00000000
vn 1.00000000 -0.00000056 0.00000000
vn -0.00000000 -0.00000000 -1.00000000
vn 0.98480803 -0.17364736 0.00000000
vn -0.00000000 0.00000441 1.00000000
vn 0.98480773 -0.17364876 0.00000000
vn 0.93969297 -0.34201947 0.00000000
vn -0.00000000 -0.00000000 -1.00000000
vn 0.93969244 -0.34202057 0.00000000
vn 0.00000000 -0.00000143 1.00000000
vn 0.00000000 -0.00000000 1.00000000
vn -0.00000000 0.00000216 1.00000000
vn 0.00000000 -0.00000121 1.00000000
vn 0.00000000 -0.00000149 1.00000000
vn 0.00000000 -0.00001765 1.00000000
vn -0.00000000 0.00000441 1.00000000
vn 0.86602539 -0.50000006 0.00000000
vn -0.00000000 -0.00000000 -1.00000000
vn 0.86602545 -0.50000000 0.00000000
vn 0.00000000 -0.00001765 1.00000000
vn 0.76604426 -0.64278775 0.00000000
vn 0.00000000 -0.00000436 1.00000000
vn 0.00000000 -0.00001765 1.00000000
vn -0.00000000 0.00000216 1.00000000
vn -0.00000000 -0.00000000 -1.00000000
vn 0.76604456 -0.64278746 0.00000000
vn -0.00000000 -0.00000000 -1.00000000
vn 0.64278853 -0.76604396 0.00000000
vn 0.00000000 -0.00000436 1.00000000
vn 0.00000000 -0.00000000 1.00000000
vn -0.00000000 0.00003566 1.00000000
vn 0.00000000 -0.00000253 1.00000000
vn -0.00000000 0.00000099 1.00000000
vn 0.00000000 -0.00001471 1.00000000
vn 0.64278704 -0.76604492 0.00000000
vn -0.00000000 -0.00000000 -1.00000000
vn 0.50000060 -0.86602503 0.00000000
vn 0.49999982 -0.86602563 0.00000000
vn 0.00000000 -0.00000000 1.00000000
vn 0.00000000 -0.00000034 -1.00000000
vn -0.00000000 -0.00000000 -1.00000000
vn 0.34202123 -0.93969232 0.00000000
vn -0.00000000 0.00003566 1.00000000
vn 0.34201941 -0.93969291 0.00000000
vn 0.00000000 -0.00000000 1.00000000
vn 0.00000000 -0.00000034 -1.00000000
vn -0.00000000 -0.00000000 -1.00000000
vn 0.17364864 -0.98480773 0.00000000
vn 0.17364824 -0.98480791 0.00000000
vn 0.00000000 -0.00000000 1.00000000
vn -0.00000000 0.00003566 1.00000000
vn 0.00000000 -0.00001471 1.00000000
vn 0.00001961 -1.00000000 -0.00000418
vn -0.00001842 -1.00000000 -0.00000416
vn 0.00000000 -0.00000000 1.00000000
vn 0.00001869 -1.00000000 0.00000416
vn -0.00001934 -1.00000000 0.00000418
vn -0.00000000 -0.00000000 -1.00000000
vn 0.18374906 0.98297322 0.00000000
vn 0.00000000 -0.00000000 1.00000000
vn 0.00002222 1.00000000 -0.00000441
vn -0.00000000 -0.00000000 -1.00000000
vn 0.00000000 -0.00000035 -1.00000000
vn -0.00002357 1.00000000 -0.00000443
vn -0.00000000 0.00000034 -1.00000000
vn -0.00000000 -0.00000000 -1.00000000
vn 0.18374987 0.98297310 0.00000000
vn -0.00002248 1.00000000 0.00000441
vn 0.00002331 1.00000000 0.00000443
vn 0.00000000 -0.00000000 1.00000000
vn 0.36124158 0.93247235 0.00000000
vn 0.00000000 -0.00000000 1.00000000
vn -0.00000000 -0.00000000 -1.00000000
vn 0.36124137 0.93247235 0.00000000
vn 0.52643186 0.85021734 0.00000000
vn -0.00000000 -0.00000000 -1.00000000
vn 0.00000000 -0.00000014 1.00000000
vn 0.52643210 0.85021728 0.00000000
vn 0.00000000 -0.00000000 1.00000000
vn 0.00000000 -0.00000000 1.00000000
vn 0.67369509 0.73900950 0.00000000
vn 0.00000000 -0.00000014 1.00000000
vn 0.67369616 0.73900855 0.00000000
vn -0.00000000 -0.00000000 -1.00000000
vn 0.79801685 0.60263532 0.00000000
vn 0.00000000 -0.00000000 1.00000000
vn 0.79801774 0.60263401 0.00000000
vn -0.00000000 -0.00000000 -1.00000000
vn 0.00000000 -0.00000000 1.00000000
vn 0.89516282 0.44573921 0.00000000
vn -0.00000000 0.00000138 -1.00000000
vn -0.00000000 -0.00000000 -1.00000000
vn 0.89516342 0.44573793 0.00000000
vn 0.96182555 0.27366382 0.00000000
vn 0.00000000 -0.00000000 1.00000000
vn -0.00000000 -0.00000000 -1.00000000
vn 0.96182573 0.27366251 0.00000000
vn 0.00000000 -0.00000000 1.00000000
vn 0.99573422 0.09226907 0.00000000
vn 0.99573427 0.09226771 0.00000000
vn -0.00000000 -0.00000000 -1.00000000
vn 0.99573427 -0.09226744 0.00000000
vn 0.00000000 -0.00000000 1.00000000
vn 0.99573422 -0.09226880 0.00000000
vn -0.00000000 -0.00000000 -1.00000000
vn 0.96182579 -0.27366290 0.00000000
vn 0.00000000 -0.00000000 1.00000000
vn -0.00000000 -0.00000000 -1.00000000
vn 0.96182579 -0.27366298 0.00000000
vn -0.00000000 -0.00000000 -1.00000000
vn 0.89516354 -0.44573769 0.00000000
vn 0.89516294 -0.44573897 0.00000000
vn 0.00000000 -0.00000000 1.00000000
vn -0.00000000 0.00000022 1.00000000
vn 0.79801738 -0.60263449 0.00000000
vn -0.00000000 -0.00000000 -1.00000000
vn 0.00000000 -0.00000000 1.00000000
vn 0.79801744 -0.60263437 0.00000000
vn 0.00000000 -0.00000022 1.00000000
vn 0.00000000 -0.00000000 1.00000000
vn 0.67369640 -0.73900819 0.00000000
vn -0.00000000 -0.00000000 -1.00000000
vn 0.67369521 -0.73900926 0.00000000
vn 0.00000000 -0.00000000 1.00000000
vn 0.52643293 -0.85021675 0.00000000
vn 0.52643150 -0.85021764 0.00000000
vn -0.00000000 -0.00000000 -1.00000000
vn 0.36124191 -0.93247223 0.00000000
vn 0.00000000 -0.00000000 1.00000000
vn 0.36124161 -0.93247223 0.00000000
vn -0.00000000 -0.00000000 -1.00000000
vn 0.18375003 -0.98297298 0.00000000
vn 0.00000000 -0.00000034 -1.00000000
vn -0.00000000 -0.00000000 -1.00000000
vn 0.00000000 -0.00000000 1.00000000
vn 0.18374953 -0.98297322 0.00000000
vn -0.00002331 -1.00000000 0.00000443
vn 0.00002248 -1.00000000 0.00000441
vn 0.00000000 -0.00000000 1.00000000
vn -0.00002222 -1.00000000 -0.00000441
vn -0.00000000 -0.00000000 -1.00000000
vn -0.00000000 0.00000035 -1.00000000
vn 0.00002357 -1.00000000 -0.00000443
vn -0.00000000 -0.00000000 -1.00000000
vn 0.14904046 0.98883110 0.00000000
vn 0.00000000 -0.00000000 1.00000000
vn -0.00001643 1.00000000 -0.00000359
vn 0.00001559 1.00000000 -0.00000357
vn 0.14904377 0.98883063 0.00000000
vn 0.00000000 -0.00000000 1.00000000
vn -0.00000000 -0.00000000 -1.00000000
vn -0.00001586 1.00000000 0.00000357
vn 0.00001616 1.00000000 0.00000359
vn 0.29475307 0.95557344 0.00000000
vn -0.00000000 -0.00000000 -1.00000000
vn 0.29475659 0.95557249 0.00000000
vn 0.00000000 -0.00000000 1.00000000
vn 0.43388367 0.90096897 0.00000000
vn -0.00000000 -0.00000000 -1.00000000
vn 0.43388388 0.90096885 0.00000000
vn 0.00000000 -0.00000000 1.00000000
vn 0.00000000 -0.00000014 1.00000000
vn 0.00000000 -0.00000000 1.00000000
vn 0.56331825 0.82624006 0.00000000
vn -0.00000000 -0.00000000 -1.00000000
vn 0.56332135 0.82623798 0.00000000
vn 0.00000000 -0.00000000 1.00000000
vn 0.68017268 0.73305190 0.00000000
vn -0.00000000 -0.00000000 -1.00000000
vn 0.68017256 0.73305213 0.00000000
vn -0.00000000 -0.00000000 -1.00000000
vn 0.78183013 0.62349164 0.00000000
vn 0.78183281 0.62348825 0.00000000
vn 0.00000000 -0.00000000 1.00000000
vn -0.00000000 -0.00000000 -1.00000000
vn 0.86602431 0.50000203 0.00000000
vn 0.00000000 -0.00000000 1.00000000
vn 0.86602646 0.49999812 0.00000000
vn 0.93087292 0.36534312 0.00000000
vn -0.00000000 -0.00000000 -1.00000000
vn 0.00000000 -0.00000000 1.00000000
vn 0.93087447 0.36533922 0.00000000
vn 0.97492742 0.22252314 0.00000000
vn -0.00000000 -0.00000000 -1.00000000
vn 0.97492832 0.22251904 0.00000000
vn 0.00000000 -0.00000000 1.00000000
vn -0.00000000 -0.00000000 -1.00000000
vn 0.99720383 0.07473011 0.00000000
vn 0.00000000 -0.00000000 1.00000000
vn 0.99720389 0.07473011 0.00000000
vn 0.99720383 -0.07472984 0.00000000
vn 0.00000000 -0.00000000 1.00000000
vn -0.00000000 -0.00000000 -1.00000000
vn 0.99720389 -0.07472984 0.00000000
vn 0.97492808 -0.22252087 0.00000000
vn -0.00000000 -0.00000000 -1.00000000
vn 0.00000000 -0.00000000 1.00000000
vn 0.97492796 -0.22252087 0.00000000
vn 0.93087459 -0.36533898 0.00000000
vn 0.00000000 -0.00000000 1.00000000
vn -0.00000000 0.00000022 1.00000000
vn 0.93087304 -0.36534289 0.00000000
vn -0.00000000 -0.00000000 -1.00000000
vn -0.00000000 0.00000022 1.00000000
vn 0.00000000 -0.00000022 1.00000000
vn 0.86602545 -0.49999988 0.00000000
vn 0.00000000 -0.00000000 1.00000000
vn -0.00000000 -0.00000000 -1.00000000
vn 0.86602569 -0.49999988 0.00000000
vn 0.78183168 -0.62348956 0.00000000
vn -0.00000000 -0.00000000 -1.00000000
vn 0.00000000 -0.00000000 1.00000000
vn 0.78183168 -0.62348980 0.00000000
vn 0.00000000 -0.00000022 1.00000000
vn 0.68017292 -0.73305178 0.00000000
vn 0.00000000 -0.00000000 1.00000000
vn -0.00000000 -0.00000000 -1.00000000
vn 0.68017280 -0.73305190 0.00000000
vn 0.56332159 -0.82623786 0.00000000
vn -0.00000000 -0.00000000 -1.00000000
vn 0.56331849 -0.82623994 0.00000000
vn 0.00000000 -0.00000000 1.00000000
vn 0.43388391 -0.90096885 0.00000000
vn -0.00000000 -0.00000000 -1.00000000
vn 0.43388411 -0.90096873 0.00000000
vn 0.00000000 -0.00000000 1.00000000
vn 0.00000000 -0.00000000 1.00000000
vn 0.29475683 -0.95557237 0.00000000
vn 0.29475331 -0.95557332 0.00000000
vn -0.00000000 -0.00000000 -1.00000000
vn 0.00000000 -0.00000000 1.00000000
vn 0.14904223 -0.98883092 0.00000000
vn -0.00000000 -0.00000000 -1.00000000
vn 0.14904253 -0.98883080 0.00000000
vn -0.00000000 -0.00000000 -1.00000000
vn -0.00001616 -1.00000000 0.00000359
vn 0.00001586 -1.00000000 0.00000357
vn 0.00001643 -1.00000000 -0.00000359
vn 0.00000000 -0.00000000 1.00000000
vn -0.00001559 -1.00000000 -0.00000357
vn -0.00000000 -0.00000000 -1.00000000
vn -0.14904197 -0.98883092 0.00000000
vn -0.14904226 -0.98883080 0.00000000
vn 0.00000000 -0.00000000 1.00000000
vn -0.29475507 -0.95557296 0.00000000
vn 0.00000000 -0.00000000 1.00000000
vn -0.29475460 -0.95557308 0.00000000
vn -0.00000000 -0.00000000 -1.00000000
vn -0.00000000 -0.00000000 -1.00000000
vn -0.43388367 -0.90096897 0.00000000
vn 0.00000000 -0.00000000 1.00000000
vn -0.43388388 -0.90096885 0.00000000
vn -0.56331986 -0.82623893 0.00000000
vn 0.00000000 -0.00000000 1.00000000
vn -0.00000000 -0.00000000 -1.00000000
vn -0.56331986 -0.82623893 0.00000000
vn -0.00000000 -0.00000000 -1.00000000
vn -0.68017119 -0.73305345 0.00000000
vn 0.00000000 -0.00000000 1.00000000
vn -0.68017405 -0.73305064 0.00000000
vn -0.00000000 -0.00000000 -1.00000000
vn -0.78183013 -0.62349164 0.00000000
vn 0.00000000 -0.00000000 1.00000000
vn -0.78183281 -0.62348825 0.00000000
vn -0.86602431 -0.50000203 0.00000000
vn -0.00000000 -0.00000000 -1.00000000
vn -0.86602646 -0.49999812 0.00000000
vn 0.00000000 -0.00000000 1.00000000
vn -0.00000000 0.00000014 1.00000000
vn -0.00000000 -0.00000000 -1.00000000
vn -0.93087292 -0.36534312 0.00000000
vn 0.00000000 -0.00000000 1.00000000
vn -0.93087447 -0.36533922 0.00000000
vn 0.00000000 -0.00000014 1.00000000
vn -0.00000000 0.00000014 1.00000000
vn -0.00000000 -0.00000000 -1.00000000
vn -0.97492796 -0.22252114 0.00000000
vn 0.00000000 -0.00000000 1.00000000
vn -0.97492784 -0.22252114 0.00000000
vn 0.00000000 -0.00000000 1.00000000
vn -0.99720371 -0.07473219 0.00000000
vn -0.99720401 -0.07472803 0.00000000
vn -0.00000000 -0.00000000 -1.00000000
vn 0.00000000 -0.00000000 1.00000000
vn -0.99720401 0.07472776 0.00000000
vn -0.99720371 0.07473192 0.00000000
vn -0.00000000 -0.00000000 -1.00000000
vn -0.97492844 0.22251877 0.00000000
vn 0.00000000 -0.00000000 1.00000000
vn -0.97492755 0.22252287 0.00000000
vn -0.00000000 -0.00000000 -1.00000000
vn -0.93087387 0.36534098 0.00000000
vn 0.00000000 -0.00000000 1.00000000
vn 0.00000000 -0.00000014 1.00000000
vn -0.00000000 -0.00000000 -1.00000000
vn -0.93087387 0.36534098 0.00000000
vn -0.86602658 0.49999788 0.00000000
vn -0.00000000 -0.00000000 -1.00000000
vn 0.00000000 -0.00000014 1.00000000
vn -0.86602444 0.50000179 0.00000000
vn 0.00000000 -0.00000000 1.00000000
vn -0.78183168 0.62348956 0.00000000
vn -0.00000000 -0.00000000 -1.00000000
vn -0.78183168 0.62348980 0.00000000
vn 0.00000000 -0.00000000 1.00000000
vn 0.00000000 -0.00000000 1.00000000
vn -0.68017292 0.73305178 0.00000000
vn -0.68017280 0.73305190 0.00000000
vn -0.00000000 -0.00000000 -1.00000000
vn -0.00000000 -0.00000000 -1.00000000
vn -0.56332159 0.82623786 0.00000000
vn 0.00000000 -0.00000000 1.00000000
vn -0.56331849 0.82623994 0.00000000
vn -0.00000000 -0.00000000 -1.00000000
vn -0.43388391 0.90096885 0.00000000
vn 0.00000000 -0.00000000 1.00000000
vn -0.43388411 0.90096873 0.00000000
vn 0.00000000 -0.00000000 1.00000000
vn -0.29475531 0.95557284 0.00000000
vn -0.29475483 0.95557296 0.00000000
vn -0.00000000 -0.00000000 -1.00000000
vn -0.14904404 0.98883063 0.00000000
vn -0.00000000 -0.00000000 -1.00000000
vn -0.14904073 0.98883110 0.00000000
vn 0.00000000 -0.00000000 1.00000000
vn 0.00000000 -0.00000000 1.00000000
vn -0.67369592 0.73900866 0.00000000
vn 0.00000000 -0.00000000 1.00000000
vn -0.79801798 0.60263365 0.00000000
vn 0.00000000 -0.00000000 1.00000000
vn -0.52643233 0.85021716 0.00000000
vn 0.00000000 -0.00000014 1.00000000
vn 0.00000000 -0.00000000 1.00000000
vn -0.89516354 0.44573778 0.00000000
vn -0.36124191 0.93247223 0.00000000
vn 0.00000000 -0.00000000 1.00000000
vn -0.96182585 0.27366227 0.00000000
vn 0.00000000 -0.00000000 1.00000000
vn 0.00000000 -0.00000000 1.00000000
vn -0.18374953 0.98297322 0.00000000
vn 0.00000000 -0.00000000 1.00000000
vn -0.99573427 0.09226809 0.00000000
vn -0.99573427 -0.09226841 0.00000000
vn 0.00000000 -0.00000000 1.00000000
vn 0.00000000 -0.00000014 1.00000000
vn -0.96182567 -0.27366322 0.00000000
vn 0.00000000 -0.00000000 1.00000000
vn 0.00000000 -0.00000014 1.00000000
vn 0.00000000 -0.00000000 1.00000000
vn -0.00000000 0.00000014 1.00000000
vn -0.89516312 -0.44573873 0.00000000
vn -0.79801685 -0.60263532 0.00000000
vn 0.00000000 -0.00000000 1.00000000
vn -0.67369509 -0.73900950 0.00000000
vn 0.00000000 -0.00000000 1.00000000
vn 0.00000000 -0.00000000 1.00000000
vn -0.52643126 -0.85021776 0.00000000
vn 0.00000000 -0.00000000 1.00000000
vn -0.36124077 -0.93247265 0.00000000
vn -0.18374906 -0.98297322 0.00000000
vn 0.00000000 -0.00000000 1.00000000
vn -0.18374987 -0.98297310 0.00000000
vn -0.00000000 -0.00000000 -1.00000000
vn -0.00000000 0.00000035 -1.00000000
vn -0.00000000 -0.00000000 -1.00000000
vn -0.36124229 -0.93247193 0.00000000
vn -0.52643269 -0.85021687 0.00000000
vn -0.00000000 -0.00000000 -1.00000000
vn -0.00000000 -0.00000000 -1.00000000
vn -0.67369616 -0.73900855 0.00000000
vn -0.00000000 -0.00000000 -1.00000000
vn -0.79801774 -0.60263401 0.00000000
vn -0.89516324 -0.44573852 0.00000000
vn -0.00000000 -0.00000000 -1.00000000
vn -0.96182567 -0.27366313 0.00000000
vn -0.00000000 -0.00000000 -1.00000000
vn -0.99573427 -0.09226836 0.00000000
vn -0.00000000 -0.00000000 -1.00000000
vn -0.00000000 0.00000069 -1.00000000
vn -0.99573427 0.09226815 0.00000000
vn -0.00000000 -0.00000000 -1.00000000
vn -0.00000000 -0.00000000 -1.00000000
vn -0.96182567 0.27366349 0.00000000
vn -0.00000000 -0.00000000 -1.00000000
vn -0.89516294 0.44573897 0.00000000
vn -0.00000000 0.00000138 -1.00000000
vn -0.00000000 -0.00000000 -1.00000000
vn -0.79801696 0.60263509 0.00000000
vn -0.67369574 0.73900890 0.00000000
vn -0.00000000 -0.00000000 -1.00000000
vn -0.52643210 0.85021722 0.00000000
vn -0.00000000 -0.00000000 -1.00000000
vn -0.36124161 0.93247223 0.00000000
vn -0.00000000 -0.00000000 -1.00000000
vn -0.18375003 0.98297298 0.00000000
vn 0.00000000 -0.00000035 -1.00000000
vn -0.00000000 -0.00000000 -1.00000000
vn 0.00000000 -0.00001471 1.00000000
vn -0.17364837 -0.98480773 0.00000000
vn 0.00000000 -0.00000000 1.00000000
vn 0.00000000 -0.00000253 1.00000000
vn -0.00000000 -0.00000000 -1.00000000
vn -0.17364797 -0.98480791 0.00000000
vn -0.00000000 0.00000035 -1.00000000
vn -0.34201947 -0.93969297 0.00000000
vn -0.00000000 -0.00000000 -1.00000000
vn 0.00000000 -0.00000253 1.00000000
vn -0.00000000 0.00000099 1.00000000
vn 0.00000000 -0.00000000 1.00000000
vn -0.00000000 0.00001207 1.00000000
vn -0.34202069 -0.93969244 0.00000000
vn 0.00000000 -0.00001189 1.00000000
vn -0.00000000 0.00001207 1.00000000
vn -0.50000018 -0.86602539 0.00000000
vn -0.00000000 0.00003530 1.00000000
vn -0.49999988 -0.86602557 0.00000000
vn -0.00000000 -0.00000000 -1.00000000
vn -0.00000000 -0.00000000 -1.00000000
vn -0.64278680 -0.76604503 0.00000000
vn -0.64278829 -0.76604408 0.00000000
vn -0.00000000 0.00003530 1.00000000
vn -0.00000000 -0.00000000 -1.00000000
vn -0.76604366 -0.64278865 0.00000000
vn -0.00000000 0.00003530 1.00000000
vn -0.76604485 -0.64278710 0.00000000
vn 0.00000000 -0.00001189 1.00000000
vn -0.86602491 -0.50000083 0.00000000
vn -0.00000000 -0.00000000 -1.00000000
vn -0.86602575 -0.49999973 0.00000000
vn -0.00000000 0.00001207 1.00000000
vn 0.00000000 -0.00000151 1.00000000
vn 0.00000000 -0.00000000 1.00000000
vn 0.00000000 -0.00001189 1.00000000
vn -0.00000000 0.00000092 1.00000000
vn -0.93969232 -0.34202093 0.00000000
vn -0.00000000 -0.00000000 -1.00000000
vn -0.93969285 -0.34201962 0.00000000
vn 0.00000000 -0.00000151 1.00000000
vn 0.00000000 -0.00000149 1.00000000
vn -0.00000000 0.00000441 1.00000000
vn -0.98480773 -0.17364903 0.00000000
vn -0.00000000 -0.00000000 -1.00000000
vn -0.98480803 -0.17364763 0.00000000
vn -0.00000000 0.00000441 1.00000000
vn -0.00000000 -0.00000000 -1.00000000
vn -0.00000000 0.00000069 -1.00000000
vn -1.00000000 -0.00000013 0.00000000
vn -1.00000000 -0.00000013 0.00000000
vn 0.00000000 -0.00000149 1.00000000
vn -0.00000000 0.00000441 1.00000000
vn 0.00000000 -0.00000151 1.00000000
vn 0.00000000 -0.00000149 1.00000000
vn -0.00000000 0.00000092 1.00000000
vn -0.98480791 0.17364806 0.00000000
vn -0.98480779 0.17364806 0.00000000
vn -0.00000000 -0.00000000 -1.00000000
vn -0.00000000 0.00000069 -1.00000000
vn -0.93969297 0.34201947 0.00000000
vn -0.00000000 0.00000138 -1.00000000
vn -0.00000000 -0.00000000 -1.00000000
vn 0.00000000 -0.00000000 1.00000000
vn -0.00000000 0.00000092 1.00000000
vn -0.93969244 0.34202057 0.00000000
vn -0.00000000 0.00000138 -1.00000000
vn -0.00000000 -0.00000000 -1.00000000
vn -0.86602587 0.49999958 0.00000000
vn -0.00000000 0.00000099 1.00000000
vn 0.00000000 -0.00000436 1.00000000
vn -0.00000000 0.00000216 1.00000000
vn 0.00000000 -0.00000121 1.00000000
vn 0.00000000 -0.00000000 1.00000000
vn -0.86602503 0.50000060 0.00000000
vn 0.00000000 -0.00000903 1.00000000
vn -0.00000000 -0.00000000 -1.00000000
vn -0.76604497 0.64278686 0.00000000
vn 0.00000000 -0.00000000 1.00000000
vn -0.76604396 0.64278841 0.00000000
vn -0.64278853 0.76604396 0.00000000
vn -0.00000000 -0.00000000 -1.00000000
vn 0.00000000 -0.00000903 1.00000000
vn -0.64278704 0.76604492 0.00000000
vn 0.00000000 -0.00000000 1.00000000
vn -0.00000000 -0.00000000 -1.00000000
vn -0.50000030 0.86602527 0.00000000
vn 0.00000000 -0.00000000 1.00000000
vn -0.50000000 0.86602545 0.00000000
vn -0.00000000 0.00000604 1.00000000
vn 0.00000000 -0.00000903 1.00000000
vn 0.00000000 -0.00000121 1.00000000
vn 0.00000000 -0.00000143 1.00000000
vn 0.00000000 -0.00000000 1.00000000
vn -0.00000000 0.00000627 1.00000000
vn -0.34201971 0.93969285 0.00000000
vn -0.00000000 -0.00000000 -1.00000000
vn -0.34202093 0.93969232 0.00000000
vn -0.17364864 0.98480773 0.00000000
vn 0.00000000 -0.00000035 -1.00000000
vn -0.00000000 -0.00000000 -1.00000000
vn 0.00000000 -0.00002378 1.00000000
vn -0.17364824 0.98480791 0.00000000
vn 0.00000000 -0.00000000 1.00000000
vn -0.00000000 0.00000604 1.00000000
vn 0.00000000 -0.00000034 -1.00000000
vn -0.17364687 -0.98480803 0.00000000
vn -0.00000000 -0.00000000 -1.00000000
vn 0.00000000 -0.00000000 1.00000000
vn 0.00001961 -1.00000000 -0.00000418
vn -0.00001934 -1.00000000 -0.00000416
vn -0.00000000 0.00002378 1.00000000
vn 0.00000000 -0.00000000 1.00000000
vn -0.17364956 -0.98480761 0.00000000
vn 0.00001869 -1.00000000 0.00000416
vn -0.00001842 -1.00000000 0.00000418
vn -0.00000000 -0.00000000 -1.00000000
vn -0.00000000 -0.00000000 -1.00000000
vn 0.00000000 -0.00000034 -1.00000000
vn -0.34201917 -0.93969303 0.00000000
vn -0.34202099 -0.93969244 0.00000000
vn 0.00000000 -0.00000000 1.00000000
vn -0.00000000 0.00002378 1.00000000
vn 0.00000000 -0.00000627 1.00000000
vn 0.00000000 -0.00000604 1.00000000
vn -0.00000000 -0.00000000 -1.00000000
vn -0.49999958 -0.86602569 0.00000000
vn -0.50000036 -0.86602515 0.00000000
vn 0.00000000 -0.00000000 1.00000000
vn -0.64278680 -0.76604503 0.00000000
vn -0.00000000 -0.00000000 -1.00000000
vn -0.64278829 -0.76604408 0.00000000
vn 0.00000000 -0.00000627 1.00000000
vn 0.00000000 -0.00000000 1.00000000
vn -0.00000000 0.00000143 1.00000000
vn -0.76604366 -0.64278865 0.00000000
vn -0.00000000 -0.00000000 -1.00000000
vn -0.76604485 -0.64278710 0.00000000
vn 0.00000000 -0.00000000 1.00000000
vn 0.00000000 -0.00000138 -1.00000000
vn -0.86602527 -0.50000030 0.00000000
vn -0.00000000 -0.00000000 -1.00000000
vn 0.00000000 -0.00000000 1.00000000
vn -0.86602533 -0.50000024 0.00000000
vn -0.93969262 -0.34202021 0.00000000
vn 0.00000000 -0.00000000 1.00000000
vn -0.00000000 -0.00000000 -1.00000000
vn -0.93969256 -0.34202033 0.00000000
vn 0.00000000 -0.00000138 -1.00000000
vn -0.00000000 -0.00000000 -1.00000000
vn -0.98480773 -0.17364903 0.00000000
vn -0.00000000 0.00000149 1.00000000
vn 0.00000000 -0.00000000 1.00000000
vn -0.98480803 -0.17364763 0.00000000
vn -0.00000000 -0.00000000 -1.00000000
vn -1.00000000 -0.00000082 0.00000000
vn -0.00000000 0.00000149 1.00000000
vn 0.00000000 -0.00000441 1.00000000
vn -1.00000000 0.00000056 0.00000000
vn -0.00000000 -0.00000000 -1.00000000
vn -0.98480803 0.17364736 0.00000000
vn -0.98480773 0.17364876 0.00000000
vn 0.00000000 -0.00000441 1.00000000
vn -0.93969297 0.34201947 0.00000000
vn -0.00000000 -0.00000000 -1.00000000
vn 0.00000000 -0.00000000 1.00000000
vn -0.93969244 0.34202057 0.00000000
vn -0.00000000 0.00000121 1.00000000
vn 0.00000000 -0.00000441 1.00000000
vn 0.00000000 -0.00000216 1.00000000
vn -0.00000000 0.00001765 1.00000000
vn -0.00000000 0.00000149 1.00000000
vn -0.00000000 0.00000143 1.00000000
vn -0.86602539 0.50000006 0.00000000
vn -0.00000000 -0.00000000 -1.00000000
vn -0.86602545 0.50000000 0.00000000
vn -0.00000000 0.00001765 1.00000000
vn -0.00000000 0.00001765 1.00000000
vn -0.76604426 0.64278775 0.00000000
vn 0.00000000 -0.00000216 1.00000000
vn -0.00000000 0.00000436 1.00000000
vn -0.00000000 -0.00000000 -1.00000000
vn -0.76604456 0.64278746 0.00000000
vn -0.64278853 0.76604396 0.00000000
vn -0.00000000 -0.00000000 -1.00000000
vn -0.00000000 0.00000253 1.00000000
vn -0.00000000 0.00000436 1.00000000
vn -0.64278704 0.76604492 0.00000000
vn -0.00000000 0.00001471 1.00000000
vn 0.00000000 -0.00003566 1.00000000
vn 0.00000000 -0.00000000 1.00000000
vn 0.00000000 -0.00000099 1.00000000
vn -0.50000060 0.86602503 0.00000000
vn -0.00000000 -0.00000000 -1.00000000
vn -0.49999982 0.86602563 0.00000000
vn 0.00000000 -0.00000000 1.00000000
vn -0.00000000 -0.00000000 -1.00000000
vn -0.34202123 0.93969232 0.00000000
vn -0.00000000 0.00000034 -1.00000000
vn 0.00000000 -0.00000000 1.00000000
vn 0.00000000 -0.00003566 1.00000000
vn -0.34201941 0.93969291 0.00000000
vn -0.00000000 0.00000034 -1.00000000
vn -0.00000000 -0.00000000 -1.00000000
vn -0.17364864 0.98480773 0.00000000
vn 0.00000000 -0.00003566 1.00000000
vn -0.00000000 0.00001471 1.00000000
vn -0.17364824 0.98480791 0.00000000
vn 0.00000000 -0.00000000 1.00000000
vn 0.00001842 1.00000000 -0.00000416
vn -0.00001961 1.00000000 -0.00000418
vn 0.00000000 -0.00000000 1.00000000
vn -0.00001869 1.00000000 0.00000416
vn 0.00001934 1.00000000 0.00000418
vn -0.00000000 -0.00000000 -1.00000000
vn 0.00000000 -0.00000000 1.00000000
vn -0.18374906 -0.98297322 0.00000000
vn -0.00000000 0.00000035 -1.00000000
vn -0.00002222 -1.00000000 -0.00000441
vn -0.00000000 -0.00000000 -1.00000000
vn 0.00002357 -1.00000000 -0.00000443
vn -0.18374987 -0.98297310 0.00000000
vn -0.00000000 -0.00000000 -1.00000000
vn 0.00000000 -0.00000034 -1.00000000
vn 0.00000000 -0.00000000 1.00000000
vn -0.00002331 -1.00000000 0.00000443
vn 0.00002248 -1.00000000 0.00000441
vn 0.00000000 -0.00000000 1.00000000
vn -0.36124158 -0.93247235 0.00000000
vn -0.36124137 -0.93247235 0.00000000
vn -0.00000000 -0.00000000 -1.00000000
vn -0.00000000 -0.00000000 -1.00000000
vn -0.52643186 -0.85021734 0.00000000
vn -0.00000000 0.00000014 1.00000000
vn -0.52643210 -0.85021728 0.00000000
vn 0.00000000 -0.00000000 1.00000000
vn -0.67369509 -0.73900950 0.00000000
vn 0.00000000 -0.00000000 1.00000000
vn -0.00000000 0.00000014 1.00000000
vn -0.67369616 -0.73900855 0.00000000
vn -0.00000000 -0.00000000 -1.00000000
vn -0.79801685 -0.60263532 0.00000000
vn 0.00000000 -0.00000000 1.00000000
vn -0.00000000 -0.00000000 -1.00000000
vn -0.79801774 -0.60263401 0.00000000
vn 0.00000000 -0.00000000 1.00000000
vn -0.89516282 -0.44573921 0.00000000
vn 0.00000000 -0.00000138 -1.00000000
vn -0.00000000 -0.00000000 -1.00000000
vn -0.89516342 -0.44573793 0.00000000
vn -0.96182555 -0.27366382 0.00000000
vn 0.00000000 -0.00000000 1.00000000
vn -0.96182573 -0.27366251 0.00000000
vn -0.00000000 -0.00000000 -1.00000000
vn -0.99573422 -0.09226907 0.00000000
vn 0.00000000 -0.00000000 1.00000000
vn -0.99573427 -0.09226771 0.00000000
vn -0.00000000 -0.00000000 -1.00000000
vn 0.00000000 -0.00000000 1.00000000
vn -0.99573427 0.09226744 0.00000000
vn -0.00000000 -0.00000000 -1.00000000
vn -0.99573422 0.09226880 0.00000000
vn -0.96182579 0.27366290 0.00000000
vn 0.00000000 -0.00000000 1.00000000
vn -0.00000000 -0.00000000 -1.00000000
vn -0.96182579 0.27366298 0.00000000
vn -0.00000000 -0.00000000 -1.00000000
vn -0.89516354 0.44573769 0.00000000
vn 0.00000000 -0.00000022 1.00000000
vn -0.89516294 0.44573897 0.00000000
vn 0.00000000 -0.00000000 1.00000000
vn -0.79801738 0.60263449 0.00000000
vn -0.00000000 -0.00000000 -1.00000000
vn -0.79801744 0.60263437 0.00000000
vn -0.00000000 0.00000022 1.00000000
vn 0.00000000 -0.00000000 1.00000000
vn 0.00000000 -0.00000000 1.00000000
vn -0.67369640 0.73900819 0.00000000
vn -0.00000000 -0.00000000 -1.00000000
vn -0.67369521 0.73900926 0.00000000
vn 0.00000000 -0.00000000 1.00000000
vn -0.52643293 0.85021675 0.00000000
vn -0.00000000 -0.00000000 -1.00000000
vn -0.52643150 0.85021764 0.00000000
vn -0.36124191 0.93247223 0.00000000
vn 0.00000000 -0.00000000 1.00000000
vn -0.00000000 -0.00000000 -1.00000000
vn -0.36124161 0.93247223 0.00000000
vn -0.00000000 0.00000034 -1.00000000
vn -0.18375003 0.98297298 0.00000000
vn -0.00000000 -0.00000000 -1.00000000
vn 0.00000000 -0.00000000 1.00000000
vn -0.18374953 0.98297322 0.00000000
vn 0.00000000 -0.00000000 1.00000000
vn 0.00002331 1.00000000 0.00000443
vn -0.00002248 1.00000000 0.00000441
vn -0.00000000 -0.00000000 -1.00000000
vn 0.00002222 1.00000000 -0.00000441
vn -0.00002357 1.00000000 -0.00000443
vn 0.00000000 -0.00000035 -1.00000000
vn -0.14904046 -0.98883110 0.00000000
vn -0.00000000 -0.00000000 -1.00000000
vn 0.00000000 -0.00000000 1.00000000
vn 0.00001643 -1.00000000 -0.00000359
vn -0.00001559 -1.00000000 -0.00000357
vn -0.14904377 -0.98883063 0.00000000
vn 0.00000000 -0.00000000 1.00000000
vn 0.00001586 -1.00000000 0.00000357
vn -0.00001616 -1.00000000 0.00000359
vn -0.00000000 -0.00000000 -1.00000000
vn -0.00000000 -0.00000000 -1.00000000
vn -0.29475307 -0.95557344 0.00000000
vn -0.29475659 -0.95557249 0.00000000
vn 0.00000000 -0.00000000 1.00000000
vn -0.00000000 -0.00000000 -1.00000000
vn -0.43388367 -0.90096897 0.00000000
vn -0.43388388 -0.90096885 0.00000000
vn 0.00000000 -0.00000000 1.00000000
vn -0.00000000 0.00000014 1.00000000
vn 0.00000000 -0.00000000 1.00000000
vn -0.56331825 -0.82624006 0.00000000
vn -0.56332135 -0.82623798 0.00000000
vn -0.00000000 -0.00000000 -1.00000000
vn 0.00000000 -0.00000000 1.00000000
vn -0.68017268 -0.73305190 0.00000000
vn -0.00000000 -0.00000000 -1.00000000
vn -0.68017256 -0.73305213 0.00000000
vn -0.00000000 -0.00000000 -1.00000000
vn -0.78183013 -0.62349164 0.00000000
vn 0.00000000 -0.00000000 1.00000000
vn -0.78183281 -0.62348825 0.00000000
vn -0.00000000 -0.00000000 -1.00000000
vn -0.86602431 -0.50000203 0.00000000
vn 0.00000000 -0.00000000 1.00000000
vn -0.86602646 -0.49999812 0.00000000
vn -0.00000000 -0.00000000 -1.00000000
vn -0.93087292 -0.36534312 0.00000000
vn -0.93087447 -0.36533922 0.00000000
vn 0.00000000 -0.00000000 1.00000000
vn -0.00000000 -0.00000000 -1.00000000
vn -0.97492742 -0.22252314 0.00000000
vn 0.00000000 -0.00000000 1.00000000
vn -0.97492832 -0.22251904 0.00000000
vn -0.99720383 -0.07473011 0.00000000
vn -0.00000000 -0.00000000 -1.00000000
vn 0.00000000 -0.00000000 1.00000000
vn -0.99720389 -0.07473011 0.00000000
vn 0.00000000 -0.00000000 1.00000000
vn -0.99720383 0.07472984 0.00000000
vn -0.00000000 -0.00000000 -1.00000000
vn -0.99720389 0.07472984 0.00000000
vn -0.97492808 0.22252087 0.00000000
vn -0.00000000 -0.00000000 -1.00000000
vn 0.00000000 -0.00000000 1.00000000
vn -0.97492796 0.22252087 0.00000000
vn 0.00000000 -0.00000022 1.00000000
vn -0.93087459 0.36533898 0.00000000
vn 0.00000000 -0.00000000 1.00000000
vn -0.00000000 -0.00000000 -1.00000000
vn -0.93087304 0.36534289 0.00000000
vn 0.00000000 -0.00000000 1.00000000
vn -0.86602545 0.49999988 0.00000000
vn 0.00000000 -0.00000022 1.00000000
vn -0.00000000 0.00000022 1.00000000
vn -0.86602569 0.49999988 0.00000000
vn -0.00000000 -0.00000000 -1.00000000
vn -0.78183168 0.62348956 0.00000000
vn -0.00000000 -0.00000000 -1.00000000
vn 0.00000000 -0.00000000 1.00000000
vn -0.00000000 0.00000022 1.00000000
vn -0.78183168 0.62348980 0.00000000
vn 0.00000000 -0.00000000 1.00000000
vn -0.68017292 0.73305178 0.00000000
vn -0.00000000 -0.00000000 -1.00000000
vn -0.68017280 0.73305190 0.00000000
vn -0.00000000 -0.00000000 -1.00000000
vn -0.56332159 0.82623786 0.00000000
vn -0.56331849 0.82623994 0.00000000
vn 0.00000000 -0.00000000 1.00000000
vn -0.43388391 0.90096885 0.00000000
vn -0.00000000 -0.00000000 -1.00000000
vn 0.00000000 -0.00000000 1.00000000
vn -0.43388411 0.90096873 0.00000000
vn 0.00000000 -0.00000000 1.00000000
vn -0.29475683 0.95557237 0.00000000
vn -0.29475331 0.95557332 0.00000000
vn -0.00000000 -0.00000000 -1.00000000
vn -0.14904223 0.98883092 0.00000000
vn 0.00000000 -0.00000000 1.00000000
vn -0.14904253 0.98883080 0.00000000
vn -0.00000000 -0.00000000 -1.00000000
vn -0.00000000 -0.00000000 -1.00000000
vn -0.00001586 1.00000000 0.00000357
vn 0.00001616 1.00000000 0.00000359
vn 0.00001559 1.00000000 -0.00000357
vn 0.00000000 -0.00000000 1.00000000
vn -0.00001643 1.00000000 -0.00000359
vn 0.14904197 0.98883092 0.00000000
vn -0.00000000 -0.00000000 -1.00000000
vn 0.14904226 0.98883080 0.00000000
vn 0.00000000 -0.00000000 1.00000000
vn 0.00000000 -0.00000000 1.00000000
vn 0.29475507 0.95557296 0.00000000
vn -0.00000000 -0.00000000 -1.00000000
vn 0.29475460 0.95557308 0.00000000
vn -0.00000000 -0.00000000 -1.00000000
vn 0.43388367 0.90096897 0.00000000
vn 0.00000000 -0.00000000 1.00000000
vn 0.43388388 0.90096885 0.00000000
vn 0.00000000 -0.00000000 1.00000000
vn 0.56331986 0.82623893 0.00000000
vn 0.56331986 0.82623893 0.00000000
vn -0.00000000 -0.00000000 -1.00000000
vn -0.00000000 -0.00000000 -1.00000000
vn 0.68017119 0.73305345 0.00000000
vn 0.00000000 -0.00000000 1.00000000
vn 0.68017405 0.73305064 0.00000000
vn -0.00000000 -0.00000000 -1.00000000
vn 0.78183013 0.62349164 0.00000000
vn 0.00000000 -0.00000000 1.00000000
vn 0.78183281 0.62348825 0.00000000
vn -0.00000000 -0.00000000 -1.00000000
vn 0.86602431 0.50000203 0.00000000
vn 0.86602646 0.49999812 0.00000000
vn 0.00000000 -0.00000000 1.00000000
vn 0.00000000 -0.00000014 1.00000000
vn -0.00000000 -0.00000000 -1.00000000
vn 0.93087292 0.36534312 0.00000000
vn 0.00000000 -0.00000000 1.00000000
vn 0.00000000 -0.00000014 1.00000000
vn -0.00000000 0.00000014 1.00000000
vn 0.93087447 0.36533922 0.00000000
vn 0.97492796 0.22252114 0.00000000
vn -0.00000000 -0.00000000 -1.00000000
vn 0.00000000 -0.00000000 1.00000000
vn 0.97492784 0.22252114 0.00000000
vn 0.00000000 -0.00000000 1.00000000
vn 0.99720371 0.07473219 0.00000000
vn -0.00000000 -0.00000000 -1.00000000
vn 0.99720401 0.07472803 0.00000000
vn 0.00000000 -0.00000000 1.00000000
vn 0.99720401 -0.07472776 0.00000000
vn -0.00000000 -0.00000000 -1.00000000
vn 0.99720371 -0.07473192 0.00000000
vn 0.97492844 -0.22251877 0.00000000
vn 0.00000000 -0.00000000 1.00000000
vn -0.00000000 -0.00000000 -1.00000000
vn 0.97492755 -0.22252287 0.00000000
vn 0.93087387 -0.36534098 0.00000000
vn -0.00000000 0.00000014 1.00000000
vn 0.00000000 -0.00000000 1.00000000
vn 0.93087387 -0.36534098 0.00000000
vn -0.00000000 -0.00000000 -1.00000000
vn 0.86602658 -0.49999788 0.00000000
vn -0.00000000 -0.00000000 -1.00000000
vn -0.00000000 0.00000014 1.00000000
vn 0.86602444 -0.50000179 0.00000000
vn 0.00000000 -0.00000000 1.00000000
vn 0.78183168 -0.62348956 0.00000000
vn -0.00000000 -0.00000000 -1.00000000
vn 0.00000000 -0.00000000 1.00000000
vn 0.78183168 -0.62348980 0.00000000
vn 0.68017292 -0.73305178 0.00000000
vn 0.00000000 -0.00000000 1.00000000
vn 0.68017280 -0.73305190 0.00000000
vn -0.00000000 -0.00000000 -1.00000000
vn -0.00000000 -0.00000000 -1.00000000
vn 0.56332159 -0.82623786 0.00000000
vn 0.00000000 -0.00000000 1.00000000
vn 0.56331849 -0.82623994 0.00000000
vn 0.43388391 -0.90096885 0.00000000
vn -0.00000000 -0.00000000 -1.00000000
vn 0.00000000 -0.00000000 1.00000000
vn 0.43388411 -0.90096873 0.00000000
vn 0.29475531 -0.95557284 0.00000000
vn 0.00000000 -0.00000000 1.00000000
vn -0.00000000 -0.00000000 -1.00000000
vn 0.29475483 -0.95557296 0.00000000
vn 0.14904404 -0.98883063 0.00000000
vn -0.00000000 -0.00000000 -1.00000000
vn 0.00000000 -0.00000000 1.00000000
vn 0.14904073 -0.98883110 0.00000000
vn 0.00000000 -0.00000000 1.00000000
vn 0.67369592 -0.73900866 0.00000000
vn 0.00000000 -0.00000000 1.00000000
vn 0.79801798 -0.60263365 0.00000000
vn 0.52643233 -0.85021716 0.00000000
vn 0.00000000 -0.00000000 1.00000000
vn 0.89516354 -0.44573778 0.00000000
vn 0.00000000 -0.00000000 1.00000000
vn -0.00000000 0.00000014 1.00000000
vn 0.36124191 -0.93247223 0.00000000
vn 0.00000000 -0.00000000 1.00000000
vn 0.00000000 -0.00000000 1.00000000
vn 0.96182585 -0.27366227 0.00000000
vn 0.18374953 -0.98297322 0.00000000
vn 0.00000000 -0.00000000 1.00000000
vn 0.00000000 -0.00000000 1.00000000
vn 0.99573427 -0.09226809 0.00000000
vn 0.00000000 -0.00000000 1.00000000
vn 0.99573427 0.09226841 0.00000000
vn -0.00000000 0.00000014 1.00000000
vn 0.96182567 0.27366322 0.00000000
vn 0.00000000 -0.00000000 1.00000000
vn 0.00000000 -0.00000014 1.00000000
vn 0.89516312 0.44573873 0.00000000
vn 0.00000000 -0.00000000 1.00000000
vn -0.00000000 0.00000014 1.00000000
vn 0.00000000 -0.00000000 1.00000000
vn 0.79801685 0.60263532 0.00000000
vn 0.67369509 0.73900950 0.00000000
vn 0.00000000 -0.00000000 1.00000000
vn 0.52643126 0.85021776 0.00000000
vn 0.00000000 -0.00000000 1.00000000
vn 0.36124077 0.93247265 0.00000000
vn 0.00000000 -0.00000000 1.00000000
vn 0.00000000 -0.00000000 1.00000000
vn 0.18374906 0.98297322 0.00000000
vn -0.00000000 -0.00000000 -1.00000000
vn 0.00000000 -0.00000035 -1.00000000
vn 0.18374987 0.98297310 0.00000000
vn -0.00000000 -0.00000000 -1.00000000
vn 0.36124229 0.93247193 0.00000000
vn -0.00000000 -0.00000000 -1.00000000
vn 0.52643269 0.85021687 0.00000000
vn 0.67369616 0.73900855 0.00000000
vn -0.00000000 -0.00000000 -1.00000000
vn 0.79801774 0.60263401 0.00000000
vn -0.00000000 -0.00000000 -1.00000000
vn 0.89516324 0.44573852 0.00000000
vn -0.00000000 -0.00000000 -1.00000000
vn 0.96182567 0.27366313 0.00000000
vn -0.00000000 -0.00000000 -1.00000000
vn 0.99573427 0.09226836 0.00000000
vn -0.00000000 -0.00000000 -1.00000000
vn -0.00000000 -0.00000000 -1.00000000
vn 0.99573427 -0.09226815 0.00000000
vn 0.00000000 -0.00000069 -1.00000000
vn -0.00000000 -0.00000000 -1.00000000
vn 0.96182567 -0.27366349 0.00000000
vn -0.00000000 -0.00000000 -1.00000000
vn 0.00000000 -0.00000138 -1.00000000
vn 0.89516294 -0.44573897 0.00000000
vn -0.00000000 -0.00000000 -1.00000000
vn 0.79801696 -0.60263509 0.00000000
vn 0.67369574 -0.73900890 0.00000000
vn -0.00000000 -0.00000000 -1.00000000
vn 0.52643210 -0.85021722 0.00000000
vn -0.00000000 -0.00000000 -1.00000000
vn -0.00000000 -0.00000000 -1.00000000
vn 0.36124161 -0.93247223 0.00000000
vn -0.00000000 0.00000035 -1.00000000
vn 0.18375003 -0.98297298 0.00000000
vn -0.00000000 -0.00000000 -1.00000000
vn -0.00000000 0.00000253 1.00000000
vn 0.17364837 0.98480773 0.00000000
vn 0.00000000 -0.00000000 1.00000000
vn -0.00000000 0.00001471 1.00000000
vn 0.00000000 -0.00000035 -1.00000000
vn 0.17364797 0.98480791 0.00000000
vn -0.00000000 -0.00000000 -1.00000000
vn -0.00000000 -0.00000000 -1.00000000
vn 0.34201947 0.93969297 0.00000000
vn 0.34202069 0.93969244 0.00000000
vn 0.00000000 -0.00000099 1.00000000
vn -0.00000000 0.00000253 1.00000000
vn 0.00000000 -0.00000000 1.00000000
vn 0.00000000 -0.00001207 1.00000000
vn 0.00000000 -0.00003530 1.00000000
vn -0.00000000 0.00001189 1.00000000
vn 0.00000000 -0.00001207 1.00000000
vn 0.50000018 0.86602539 0.00000000
vn 0.49999988 0.86602557 0.00000000
vn -0.00000000 -0.00000000 -1.00000000
vn 0.64278680 0.76604503 0.00000000
vn -0.00000000 -0.00000000 -1.00000000
vn 0.00000000 -0.00003530 1.00000000
vn 0.64278829 0.76604408 0.00000000
vn 0.76604366 0.64278865 0.00000000
vn -0.00000000 -0.00000000 -1.00000000
vn 0.76604485 0.64278710 0.00000000
vn -0.00000000 0.00001189 1.00000000
vn 0.00000000 -0.00003530 1.00000000
vn 0.86602491 0.50000083 0.00000000
vn -0.00000000 -0.00000000 -1.00000000
vn 0.00000000 -0.00000092 1.00000000
vn 0.00000000 -0.00001207 1.00000000
vn 0.86602575 0.49999973 0.00000000
vn -0.00000000 0.00001189 1.00000000
vn -0.00000000 0.00000151 1.00000000
vn 0.00000000 -0.00000000 1.00000000
vn -0.00000000 -0.00000000 -1.00000000
vn 0.93969232 0.34202093 0.00000000
vn -0.00000000 0.00000149 1.00000000
vn 0.00000000 -0.00000441 1.00000000
vn 0.93969285 0.34201962 0.00000000
vn -0.00000000 0.00000151 1.00000000
vn 0.98480773 0.17364903 0.00000000
vn -0.00000000 -0.00000000 -1.00000000
vn 0.00000000 -0.00000441 1.00000000
vn 0.98480803 0.17364763 0.00000000
vn 1.00000000 0.00000013 0.00000000
vn 0.00000000 -0.00000069 -1.00000000
vn -0.00000000 -0.00000000 -1.00000000
vn -0.00000000 0.00000149 1.00000000
vn 1.00000000 0.00000013 0.00000000
vn 0.00000000 -0.00000441 1.00000000
vn 0.00000000 -0.00000092 1.00000000
vn 0.98480791 -0.17364806 0.00000000
vn -0.00000000 0.00000149 1.00000000
vn -0.00000000 0.00000151 1.00000000
vn -0.00000000 -0.00000000 -1.00000000
vn 0.98480779 -0.17364806 0.00000000
vn 0.00000000 -0.00000069 -1.00000000
vn 0.00000000 -0.00000138 -1.00000000
vn -0.00000000 -0.00000000 -1.00000000
vn 0.93969297 -0.34201947 0.00000000
vn 0.00000000 -0.00000092 1.00000000
vn 0.93969244 -0.34202057 0.00000000
vn 0.00000000 -0.00000000 1.00000000
vn -0.00000000 -0.00000000 -1.00000000
vn 0.86602587 -0.49999958 0.00000000
vn 0.00000000 -0.00000138 -1.00000000
vn 0.00000000 -0.00000000 1.00000000
vn -0.00000000 0.00000436 1.00000000
vn 0.00000000 -0.00000099 1.00000000
vn -0.00000000 0.00000903 1.00000000
vn 0.86602503 -0.50000060 0.00000000
vn 0.00000000 -0.00000216 1.00000000
vn -0.00000000 0.00000121 1.00000000
vn 0.76604497 -0.64278686 0.00000000
vn -0.00000000 -0.00000000 -1.00000000
vn 0.76604396 -0.64278841 0.00000000
vn 0.00000000 -0.00000000 1.00000000
vn 0.64278853 -0.76604396 0.00000000
vn -0.00000000 -0.00000000 -1.00000000
vn -0.00000000 0.00000903 1.00000000
vn 0.64278704 -0.76604492 0.00000000
vn 0.00000000 -0.00000000 1.00000000
vn 0.50000030 -0.86602527 0.00000000
vn -0.00000000 -0.00000000 -1.00000000
vn 0.50000000 -0.86602545 0.00000000
vn 0.00000000 -0.00000000 1.00000000
vn 0.34201971 -0.93969285 0.00000000
vn -0.00000000 0.00000121 1.00000000
vn -0.00000000 0.00000903 1.00000000
vn 0.00000000 -0.00000604 1.00000000
vn -0.00000000 0.00000143 1.00000000
vn 0.00000000 -0.00000627 1.00000000
vn 0.00000000 -0.00000000 1.00000000
vn 0.34202093 -0.93969232 0.00000000
vn -0.00000000 -0.00000000 -1.00000000
vn -0.00000000 -0.00000000 -1.00000000
vn 0.17364864 -0.98480773 0.00000000
vn -0.00000000 0.00000035 -1.00000000
vn 0.00000000 -0.00000604 1.00000000
vn 0.17364824 -0.98480791 0.00000000
vn -0.00000000 0.00002378 1.00000000
vn 0.00000000 -0.00000000 1.00000000
vn -0.17364687 -0.98480803 0.00000000
vn -0.00000000 -0.00000000 -1.00000000
vn 0.00000000 -0.00000034 -1.00000000
vn 0.00001961 -1.00000000 -0.00000418
vn 0.00000000 -0.00000000 1.00000000
vn -0.00001934 -1.00000000 -0.00000416
vn 0.00000000 -0.00000000 1.00000000
vn -0.17364956 -0.98480761 0.00000000
vn -0.00000000 0.00002378 1.00000000
vn -0.00001842 -1.00000000 0.00000418
vn -0.00000000 -0.00000000 -1.00000000
vn 0.00001869 -1.00000000 0.00000416
vn -0.34201917 -0.93969303 0.00000000
vn 0.00000000 -0.00000034 -1.00000000
vn -0.00000000 -0.00000000 -1.00000000
vn 0.00000000 -0.00000604 1.00000000
vn -0.00000000 0.00002378 1.00000000
vn 0.00000000 -0.00000000 1.00000000
vn 0.00000000 -0.00000627 1.00000000
vn -0.34202099 -0.93969244 0.00000000
vn -0.49999958 -0.86602569 0.00000000
vn -0.00000000 -0.00000000 -1.00000000
vn 0.00000000 -0.00000000 1.00000000
vn -0.50000036 -0.86602515 0.00000000
vn -0.00000000 -0.00000000 -1.00000000
vn -0.64278680 -0.76604503 0.00000000
vn -0.64278829 -0.76604408 0.00000000
vn -0.00000000 0.00000143 1.00000000
vn 0.00000000 -0.00000000 1.00000000
vn 0.00000000 -0.00000627 1.00000000
vn -0.00000000 -0.00000000 -1.00000000
vn -0.76604366 -0.64278865 0.00000000
vn 0.00000000 -0.00000000 1.00000000
vn -0.76604485 -0.64278710 0.00000000
vn 0.00000000 -0.00000138 -1.00000000
vn -0.00000000 -0.00000000 -1.00000000
vn -0.86602527 -0.50000030 0.00000000
vn 0.00000000 -0.00000000 1.00000000
vn -0.86602533 -0.50000024 0.00000000
vn -0.93969262 -0.34202021 0.00000000
vn 0.00000000 -0.00000000 1.00000000
vn -0.93969256 -0.34202033 0.00000000
vn -0.00000000 -0.00000000 -1.00000000
vn 0.00000000 -0.00000138 -1.00000000
vn -0.00000000 -0.00000000 -1.00000000
vn -0.98480773 -0.17364903 0.00000000
vn 0.00000000 -0.00000000 1.00000000
vn -0.98480803 -0.17364763 0.00000000
vn -0.00000000 0.00000149 1.00000000
vn -0.00000000 -0.00000000 -1.00000000
vn -1.00000000 -0.00000082 0.00000000
vn -0.00000000 0.00000149 1.00000000
vn 0.00000000 -0.00000441 1.00000000
vn -1.00000000 0.00000056 0.00000000
vn -0.00000000 -0.00000000 -1.00000000
vn -0.98480803 0.17364736 0.00000000
vn -0.98480773 0.17364876 0.00000000
vn 0.00000000 -0.00000441 1.00000000
vn -0.93969297 0.34201947 0.00000000
vn -0.00000000 -0.00000000 -1.00000000
vn -0.00000000 0.00001765 1.00000000
vn 0.00000000 -0.00000441 1.00000000
vn -0.00000000 0.00000149 1.00000000
vn 0.00000000 -0.00000000 1.00000000
vn -0.93969244 0.34202057 0.00000000
vn 0.00000000 -0.00000216 1.00000000
vn -0.00000000 0.00000143 1.00000000
vn -0.00000000 0.00000121 1.00000000
vn -0.00000000 -0.00000000 -1.00000000
vn -0.86602539 0.50000006 0.00000000
vn -0.00000000 0.00001765 1.00000000
vn -0.86602545 0.50000000 0.00000000
vn 0.00000000 -0.00000216 1.00000000
vn -0.76604426 0.64278775 0.00000000
vn -0.00000000 0.00001765 1.00000000
vn -0.00000000 0.00000436 1.00000000
vn -0.76604456 0.64278746 0.00000000
vn -0.00000000 -0.00000000 -1.00000000
vn -0.64278853 0.76604396 0.00000000
vn -0.00000000 -0.00000000 -1.00000000
vn -0.00000000 0.00001471 1.00000000
vn -0.00000000 0.00000436 1.00000000
vn 0.00000000 -0.00000099 1.00000000
vn 0.00000000 -0.00003566 1.00000000
vn -0.00000000 0.00000253 1.00000000
vn -0.64278704 0.76604492 0.00000000
vn 0.00000000 -0.00000000 1.00000000
vn -0.50000060 0.86602503 0.00000000
vn -0.00000000 -0.00000000 -1.00000000
vn -0.49999982 0.86602563 0.00000000
vn 0.00000000 -0.00000000 1.00000000
vn -0.00000000 0.00000034 -1.00000000
vn -0.34202123 0.93969232 0.00000000
vn -0.00000000 -0.00000000 -1.00000000
vn 0.00000000 -0.00000000 1.00000000
vn 0.00000000 -0.00003566 1.00000000
vn -0.34201941 0.93969291 0.00000000
vn -0.17364864 0.98480773 0.00000000
vn -0.00000000 0.00000034 -1.00000000
vn -0.00000000 -0.00000000 -1.00000000
vn 0.00000000 -0.00000000 1.00000000
vn 0.00000000 -0.00003566 1.00000000
vn -0.17364824 0.98480791 0.00000000
vn -0.00000000 0.00001471 1.00000000
vn 0.00000000 -0.00000000 1.00000000
vn -0.00001961 1.00000000 -0.00000418
vn 0.00001842 1.00000000 -0.00000416
vn -0.00001869 1.00000000 0.00000416
vn -0.00000000 -0.00000000 -1.00000000
vn 0.00001934 1.00000000 0.00000418
vn 0.00000000 -0.00000000 1.00000000
vn -0.18374906 -0.98297322 0.00000000
vn 0.00002357 -1.00000000 -0.00000443
vn -0.00000000 -0.00000000 -1.00000000
vn -0.00000000 0.00000035 -1.00000000
vn -0.00002222 -1.00000000 -0.00000441
vn 0.00000000 -0.00000034 -1.00000000
vn -0.18374987 -0.98297310 0.00000000
vn -0.00000000 -0.00000000 -1.00000000
vn -0.00002331 -1.00000000 0.00000443
vn 0.00000000 -0.00000000 1.00000000
vn 0.00002248 -1.00000000 0.00000441
vn 0.00000000 -0.00000000 1.00000000
vn -0.36124158 -0.93247235 0.00000000
vn -0.36124137 -0.93247235 0.00000000
vn -0.00000000 -0.00000000 -1.00000000
vn -0.52643186 -0.85021734 0.00000000
vn -0.00000000 -0.00000000 -1.00000000
vn -0.00000000 0.00000014 1.00000000
vn -0.52643210 -0.85021728 0.00000000
vn 0.00000000 -0.00000000 1.00000000
vn -0.00000000 0.00000014 1.00000000
vn -0.67369509 -0.73900950 0.00000000
vn 0.00000000 -0.00000000 1.00000000
vn -0.67369616 -0.73900855 0.00000000
vn -0.00000000 -0.00000000 -1.00000000
vn -0.79801685 -0.60263532 0.00000000
vn 0.00000000 -0.00000000 1.00000000
vn -0.79801774 -0.60263401 0.00000000
vn -0.00000000 -0.00000000 -1.00000000
vn -0.89516282 -0.44573921 0.00000000
vn 0.00000000 -0.00000000 1.00000000
vn -0.00000000 -0.00000000 -1.00000000
vn 0.00000000 -0.00000138 -1.00000000
vn -0.89516342 -0.44573793 0.00000000
vn 0.00000000 -0.00000000 1.00000000
vn -0.96182555 -0.27366382 0.00000000
vn -0.96182573 -0.27366251 0.00000000
vn -0.00000000 -0.00000000 -1.00000000
vn -0.99573422 -0.09226907 0.00000000
vn 0.00000000 -0.00000000 1.00000000
vn -0.00000000 -0.00000000 -1.00000000
vn -0.99573427 -0.09226771 0.00000000
vn -0.99573427 0.09226744 0.00000000
vn 0.00000000 -0.00000000 1.00000000
vn -0.00000000 -0.00000000 -1.00000000
vn -0.99573422 0.09226880 0.00000000
vn -0.96182579 0.27366290 0.00000000
vn 0.00000000 -0.00000000 1.00000000
vn -0.00000000 -0.00000000 -1.00000000
vn -0.96182579 0.27366298 0.00000000
vn -0.00000000 -0.00000000 -1.00000000
vn -0.89516354 0.44573769 0.00000000
vn -0.89516294 0.44573897 0.00000000
vn 0.00000000 -0.00000022 1.00000000
vn 0.00000000 -0.00000000 1.00000000
vn -0.00000000 -0.00000000 -1.00000000
vn -0.79801738 0.60263449 0.00000000
vn -0.00000000 0.00000022 1.00000000
vn 0.00000000 -0.00000000 1.00000000
vn -0.79801744 0.60263437 0.00000000
vn -0.67369640 0.73900819 0.00000000
vn 0.00000000 -0.00000000 1.00000000
vn -0.00000000 -0.00000000 -1.00000000
vn -0.67369521 0.73900926 0.00000000
vn -0.52643293 0.85021675 0.00000000
vn 0.00000000 -0.00000000 1.00000000
vn -0.00000000 -0.00000000 -1.00000000
vn -0.52643150 0.85021764 0.00000000
vn 0.00000000 -0.00000000 1.00000000
vn -0.36124191 0.93247223 0.00000000
vn -0.36124161 0.93247223 0.00000000
vn -0.00000000 -0.00000000 -1.00000000
vn -0.00000000 0.00000034 -1.00000000
vn -0.18375003 0.98297298 0.00000000
vn -0.00000000 -0.00000000 -1.00000000
vn -0.18374953 0.98297322 0.00000000
vn 0.00000000 -0.00000000 1.00000000
vn 0.00000000 -0.00000000 1.00000000
vn 0.00002331 1.00000000 0.00000443
vn -0.00002248 1.00000000 0.00000441
vn -0.00000000 -0.00000000 -1.00000000
vn 0.00002222 1.00000000 -0.00000441
vn 0.00000000 -0.00000035 -1.00000000
vn -0.00002357 1.00000000 -0.00000443
vn -0.00000000 -0.00000000 -1.00000000
vn -0.14904046 -0.98883110 0.00000000
vn 0.00000000 -0.00000000 1.00000000
vn -0.00001559 -1.00000000 -0.00000357
vn 0.00001643 -1.00000000 -0.00000359
vn -0.14904377 -0.98883063 0.00000000
vn 0.00000000 -0.00000000 1.00000000
vn -0.00000000 -0.00000000 -1.00000000
vn -0.00001616 -1.00000000 0.00000359
vn 0.00001586 -1.00000000 0.00000357
vn -0.00000000 -0.00000000 -1.00000000
vn -0.29475307 -0.95557344 0.00000000
vn -0.29475659 -0.95557249 0.00000000
vn 0.00000000 -0.00000000 1.00000000
vn -0.43388367 -0.90096897 0.00000000
vn -0.00000000 -0.00000000 -1.00000000
vn -0.43388388 -0.90096885 0.00000000
vn 0.00000000 -0.00000000 1.00000000
vn -0.56331825 -0.82624006 0.00000000
vn -0.00000000 0.00000014 1.00000000
vn 0.00000000 -0.00000000 1.00000000
vn -0.00000000 -0.00000000 -1.00000000
vn -0.56332135 -0.82623798 0.00000000
vn 0.00000000 -0.00000000 1.00000000
vn -0.68017268 -0.73305190 0.00000000
vn -0.00000000 -0.00000000 -1.00000000
vn -0.68017256 -0.73305213 0.00000000
vn -0.78183013 -0.62349164 0.00000000
vn -0.00000000 -0.00000000 -1.00000000
vn 0.00000000 -0.00000000 1.00000000
vn -0.78183281 -0.62348825 0.00000000
vn -0.86602431 -0.50000203 0.00000000
vn -0.00000000 -0.00000000 -1.00000000
vn 0.00000000 -0.00000000 1.00000000
vn -0.86602646 -0.49999812 0.00000000
vn -0.93087292 -0.36534312 0.00000000
vn -0.00000000 -0.00000000 -1.00000000
vn 0.00000000 -0.00000000 1.00000000
vn -0.93087447 -0.36533922 0.00000000
vn -0.97492742 -0.22252314 0.00000000
vn -0.00000000 -0.00000000 -1.00000000
vn -0.97492832 -0.22251904 0.00000000
vn 0.00000000 -0.00000000 1.00000000
vn -0.00000000 -0.00000000 -1.00000000
vn -0.99720383 -0.07473011 0.00000000
vn 0.00000000 -0.00000000 1.00000000
vn -0.99720389 -0.07473011 0.00000000
vn 0.00000000 -0.00000000 1.00000000
vn -0.99720383 0.07472984 0.00000000
vn -0.99720389 0.07472984 0.00000000
vn -0.00000000 -0.00000000 -1.00000000
vn -0.00000000 -0.00000000 -1.00000000
vn -0.97492808 0.22252087 0.00000000
vn 0.00000000 -0.00000000 1.00000000
vn -0.97492796 0.22252087 0.00000000
vn 0.00000000 -0.00000000 1.00000000
vn -0.93087459 0.36533898 0.00000000
vn 0.00000000 -0.00000022 1.00000000
vn -0.93087304 0.36534289 0.00000000
vn -0.00000000 -0.00000000 -1.00000000
vn 0.00000000 -0.00000000 1.00000000
vn 0.00000000 -0.00000022 1.00000000
vn -0.00000000 0.00000022 1.00000000
vn -0.86602545 0.49999988 0.00000000
vn -0.86602569 0.49999988 0.00000000
vn -0.00000000 -0.00000000 -1.00000000
vn -0.78183168 0.62348956 0.00000000
vn -0.00000000 -0.00000000 -1.00000000
vn -0.78183168 0.62348980 0.00000000
vn -0.00000000 0.00000022 1.00000000
vn 0.00000000 -0.00000000 1.00000000
vn -0.68017292 0.73305178 0.00000000
vn 0.00000000 -0.00000000 1.00000000
vn -0.00000000 -0.00000000 -1.00000000
vn -0.68017280 0.73305190 0.00000000
vn -0.00000000 -0.00000000 -1.00000000
vn -0.56332159 0.82623786 0.00000000
vn -0.56331849 0.82623994 0.00000000
vn 0.00000000 -0.00000000 1.00000000
vn -0.43388391 0.90096885 0.00000000
vn -0.00000000 -0.00000000 -1.00000000
vn 0.00000000 -0.00000000 1.00000000
vn -0.43388411 0.90096873 0.00000000
vn 0.00000000 -0.00000000 1.00000000
vn -0.29475683 0.95557237 0.00000000
vn -0.00000000 -0.00000000 -1.00000000
vn -0.29475331 0.95557332 0.00000000
vn 0.00000000 -0.00000000 1.00000000
vn -0.14904223 0.98883092 0.00000000
vn -0.00000000 -0.00000000 -1.00000000
vn -0.14904253 0.98883080 0.00000000
vn -0.00000000 -0.00000000 -1.00000000
vn 0.00001616 1.00000000 0.00000359
vn -0.00001586 1.00000000 0.00000357
vn -0.00001643 1.00000000 -0.00000359
vn 0.00001559 1.00000000 -0.00000357
vn 0.00000000 -0.00000000 1.00000000
vn -0.00000000 -0.00000000 -1.00000000
vn 0.14904197 0.98883092 0.00000000
vn 0.00000000 -0.00000000 1.00000000
vn 0.14904226 0.98883080 0.00000000
vn 0.29475507 0.95557296 0.00000000
vn 0.00000000 -0.00000000 1.00000000
vn -0.00000000 -0.00000000 -1.00000000
vn 0.29475460 0.95557308 0.00000000
vn 0.43388367 0.90096897 0.00000000
vn -0.00000000 -0.00000000 -1.00000000
vn 0.43388388 0.90096885 0.00000000
vn 0.00000000 -0.00000000 1.00000000
vn 0.00000000 -0.00000000 1.00000000
vn 0.56331986 0.82623893 0.00000000
vn -0.00000000 -0.00000000 -1.00000000
vn 0.56331986 0.82623893 0.00000000
vn 0.68017119 0.73305345 0.00000000
vn -0.00000000 -0.00000000 -1.00000000
vn 0.00000000 -0.00000000 1.00000000
vn 0.68017405 0.73305064 0.00000000
vn -0.00000000 -0.00000000 -1.00000000
vn 0.78183013 0.62349164 0.00000000
vn 0.00000000 -0.00000000 1.00000000
vn 0.78183281 0.62348825 0.00000000
vn 0.86602431 0.50000203 0.00000000
vn -0.00000000 -0.00000000 -1.00000000
vn 0.00000000 -0.00000014 1.00000000
vn 0.86602646 0.49999812 0.00000000
vn 0.00000000 -0.00000000 1.00000000
vn -0.00000000 -0.00000000 -1.00000000
vn 0.93087292 0.36534312 0.00000000
vn 0.93087447 0.36533922 0.00000000
vn 0.00000000 -0.00000000 1.00000000
vn -0.00000000 0.00000014 1.00000000
vn 0.00000000 -0.00000014 1.00000000
vn 0.97492796 0.22252114 0.00000000
vn -0.00000000 -0.00000000 -1.00000000
vn 0.00000000 -0.00000000 1.00000000
vn 0.97492784 0.22252114 0.00000000
vn 0.99720371 0.07473219 0.00000000
vn 0.00000000 -0.00000000 1.00000000
vn -0.00000000 -0.00000000 -1.00000000
vn 0.99720401 0.07472803 0.00000000
vn 0.99720401 -0.07472776 0.00000000
vn 0.00000000 -0.00000000 1.00000000
vn 0.99720371 -0.07473192 0.00000000
vn -0.00000000 -0.00000000 -1.00000000
vn 0.97492844 -0.22251877 0.00000000
vn 0.00000000 -0.00000000 1.00000000
vn -0.00000000 -0.00000000 -1.00000000
vn 0.97492755 -0.22252287 0.00000000
vn 0.00000000 -0.00000000 1.00000000
vn 0.93087387 -0.36534098 0.00000000
vn -0.00000000 0.00000014 1.00000000
vn -0.00000000 -0.00000000 -1.00000000
vn 0.93087387 -0.36534098 0.00000000
vn -0.00000000 -0.00000000 -1.00000000
vn 0.86602658 -0.49999788 0.00000000
vn -0.00000000 0.00000014 1.00000000
vn 0.86602444 -0.50000179 0.00000000
vn 0.00000000 -0.00000000 1.00000000
vn -0.00000000 -0.00000000 -1.00000000
vn 0.78183168 -0.62348956 0.00000000
vn 0.00000000 -0.00000000 1.00000000
vn 0.78183168 -0.62348980 0.00000000
vn 0.68017292 -0.73305178 0.00000000
vn 0.00000000 -0.00000000 1.00000000
vn -0.00000000 -0.00000000 -1.00000000
vn 0.68017280 -0.73305190 0.00000000
vn -0.00000000 -0.00000000 -1.00000000
vn 0.56332159 -0.82623786 0.00000000
vn 0.00000000 -0.00000000 1.00000000
vn 0.56331849 -0.82623994 0.00000000
vn -0.00000000 -0.00000000 -1.00000000
vn 0.43388391 -0.90096885 0.00000000
vn 0.43388411 -0.90096873 0.00000000
vn 0.00000000 -0.00000000 1.00000000
vn 0.29475531 -0.95557284 0.00000000
vn 0.00000000 -0.00000000 1.00000000
vn -0.00000000 -0.00000000 -1.00000000
vn 0.29475483 -0.95557296 0.00000000
vn 0.14904404 -0.98883063 0.00000000
vn -0.00000000 -0.00000000 -1.00000000
vn 0.14904073 -0.98883110 0.00000000
vn 0.00000000 -0.00000000 1.00000000
vn 0.00000000 -0.00000000 1.00000000
vn 0.67369592 -0.73900866 0.00000000
vn 0.79801798 -0.60263365 0.00000000
vn 0.00000000 -0.00000000 1.00000000
vn 0.52643233 -0.85021716 0.00000000
vn 0.00000000 -0.00000000 1.00000000
vn -0.00000000 0.00000014 1.00000000
vn 0.00000000 -0.00000000 1.00000000
vn 0.89516354 -0.44573778 0.00000000
vn 0.36124191 -0.93247223 0.00000000
vn 0.00000000 -0.00000000 1.00000000
vn 0.96182585 -0.27366227 0.00000000
vn 0.00000000 -0.00000000 1.00000000
vn 0.18374953 -0.98297322 0.00000000
vn 0.00000000 -0.00000000 1.00000000
vn 0.00000000 -0.00000000 1.00000000
vn 0.99573427 -0.09226809 0.00000000
vn 0.00000000 -0.00000000 1.00000000
vn 0.99573427 0.09226841 0.00000000
vn -0.00000000 0.00000014 1.00000000
vn 0.00000000 -0.00000000 1.00000000
vn 0.96182567 0.27366322 0.00000000
vn 0.00000000 -0.00000014 1.00000000
vn -0.00000000 0.00000014 1.00000000
vn 0.00000000 -0.00000000 1.00000000
vn 0.89516312 0.44573873 0.00000000
vn 0.00000000 -0.00000000 1.00000000
vn 0.79801685 0.60263532 0.00000000
vn 0.67369509 0.73900950 0.00000000
vn 0.00000000 -0.00000000 1.00000000
vn 0.52643126 0.85021776 0.00000000
vn 0.00000000 -0.00000000 1.00000000
vn 0.00000000 -0.00000000 1.00000000
vn 0.36124077 0.93247265 0.00000000
vn 0.18374906 0.98297322 0.00000000
vn 0.00000000 -0.00000000 1.00000000
vn -0.00000000 -0.00000000 -1.00000000
vn 0.18374987 0.98297310 0.00000000
vn 0.00000000 -0.00000035 -1.00000000
vn 0.36124229 0.93247193 0.00000000
vn -0.00000000 -0.00000000 -1.00000000
vn 0.52643269 0.85021687 0.00000000
vn -0.00000000 -0.00000000 -1.00000000
vn -0.00000000 -0.00000000 -1.00000000
vn 0.67369616 0.73900855 0.00000000
vn -0.00000000 -0.00000000 -1.00000000
vn 0.79801774 0.60263401 0.00000000
vn -0.00000000 -0.00000000 -1.00000000
vn 0.89516324 0.44573852 0.00000000
vn -0.00000000 -0.00000000 -1.00000000
vn 0.96182567 0.27366313 0.00000000
vn 0.99573427 0.09226836 0.00000000
vn -0.00000000 -0.00000000 -1.00000000
vn 0.99573427 -0.09226815 0.00000000
vn 0.00000000 -0.00000069 -1.00000000
vn -0.00000000 -0.00000000 -1.00000000
vn 0.96182567 -0.27366349 0.00000000
vn -0.00000000 -0.00000000 -1.00000000
vn 0.89516294 -0.44573897 0.00000000
vn -0.00000000 -0.00000000 -1.00000000
vn 0.00000000 -0.00000138 -1.00000000
vn -0.00000000 -0.00000000 -1.00000000
vn 0.79801696 -0.60263509 0.00000000
vn -0.00000000 -0.00000000 -1.00000000
vn 0.67369574 -0.73900890 0.00000000
vn 0.52643210 -0.85021722 0.00000000
vn -0.00000000 -0.00000000 -1.00000000
vn -0.00000000 -0.00000000 -1.00000000
vn 0.36124161 -0.93247223 0.00000000
vn -0.00000000 -0.00000000 -1.00000000
vn 0.18375003 -0.98297298 0.00000000
vn -0.00000000 0.00000035 -1.00000000
vn -0.00000000 0.00000253 1.00000000
vn 0.00000000 -0.00000000 1.00000000
vn -0.00000000 0.00001471 1.00000000
vn 0.17364837 0.98480773 0.00000000
vn 0.17364797 0.98480791 0.00000000
vn 0.00000000 -0.00000035 -1.00000000
vn -0.00000000 -0.00000000 -1.00000000
vn -0.00000000 -0.00000000 -1.00000000
vn 0.34201947 0.93969297 0.00000000
vn 0.34202069 0.93969244 0.00000000
vn 0.00000000 -0.00000099 1.00000000
vn -0.00000000 0.00000253 1.00000000
vn 0.00000000 -0.00001207 1.00000000
vn 0.00000000 -0.00000000 1.00000000
vn 0.00000000 -0.00003530 1.00000000
vn 0.50000018 0.86602539 0.00000000
vn 0.00000000 -0.00001207 1.00000000
vn -0.00000000 0.00001189 1.00000000
vn -0.00000000 -0.00000000 -1.00000000
vn 0.49999988 0.86602557 0.00000000
vn 0.64278680 0.76604503 0.00000000
vn -0.00000000 -0.00000000 -1.00000000
vn 0.64278829 0.76604408 0.00000000
vn 0.00000000 -0.00003530 1.00000000
vn -0.00000000 -0.00000000 -1.00000000
vn 0.76604366 0.64278865 0.00000000
vn 0.76604485 0.64278710 0.00000000
vn -0.00000000 0.00001189 1.00000000
vn 0.00000000 -0.00003530 1.00000000
vn -0.00000000 -0.00000000 -1.00000000
vn 0.86602491 0.50000083 0.00000000
vn 0.00000000 -0.00000092 1.00000000
vn 0.00000000 -0.00001207 1.00000000
vn 0.00000000 -0.00000000 1.00000000
vn -0.00000000 0.00001189 1.00000000
vn -0.00000000 0.00000151 1.00000000
vn 0.86602575 0.49999973 0.00000000
vn 0.93969232 0.34202093 0.00000000
vn -0.00000000 -0.00000000 -1.00000000
vn -0.00000000 0.00000151 1.00000000
vn 0.93969285 0.34201962 0.00000000
vn 0.00000000 -0.00000441 1.00000000
vn -0.00000000 0.00000149 1.00000000
vn 0.98480773 0.17364903 0.00000000
vn -0.00000000 -0.00000000 -1.00000000
vn 0.00000000 -0.00000441 1.00000000
vn 0.98480803 0.17364763 0.00000000
vn 1.00000000 0.00000013 0.00000000
vn -0.00000000 -0.00000000 -1.00000000
vn 0.00000000 -0.00000069 -1.00000000
vn 1.00000000 0.00000013 0.00000000
vn -0.00000000 0.00000149 1.00000000
vn 0.00000000 -0.00000441 1.00000000
vn -0.00000000 0.00000151 1.00000000
vn 0.98480791 -0.17364806 0.00000000
vn -0.00000000 0.00000149 1.00000000
vn 0.00000000 -0.00000092 1.00000000
vn 0.00000000 -0.00000069 -1.00000000
vn 0.98480779 -0.17364806 0.00000000
vn -0.00000000 -0.00000000 -1.00000000
vn -0.00000000 -0.00000000 -1.00000000
vn 0.00000000 -0.00000138 -1.00000000
vn 0.93969297 -0.34201947 0.00000000
vn 0.00000000 -0.00000092 1.00000000
vn 0.00000000 -0.00000000 1.00000000
vn 0.93969244 -0.34202057 0.00000000
vn 0.00000000 -0.00000138 -1.00000000
vn 0.86602587 -0.49999958 0.00000000
vn -0.00000000 -0.00000000 -1.00000000
vn -0.00000000 0.00000436 1.00000000
vn -0.00000000 0.00000903 1.00000000
vn 0.00000000 -0.00000099 1.00000000
vn 0.00000000 -0.00000216 1.00000000
vn 0.86602503 -0.50000060 0.00000000
vn -0.00000000 0.00000121 1.00000000
vn 0.00000000 -0.00000000 1.00000000
vn 0.76604497 -0.64278686 0.00000000
vn -0.00000000 -0.00000000 -1.00000000
vn 0.00000000 -0.00000000 1.00000000
vn 0.76604396 -0.64278841 0.00000000
vn 0.64278853 -0.76604396 0.00000000
vn -0.00000000 -0.00000000 -1.00000000
vn 0.64278704 -0.76604492 0.00000000
vn -0.00000000 0.00000903 1.00000000
vn 0.00000000 -0.00000000 1.00000000
vn -0.00000000 -0.00000000 -1.00000000
vn 0.50000030 -0.86602527 0.00000000
vn 0.00000000 -0.00000000 1.00000000
vn 0.50000000 -0.86602545 0.00000000
vn 0.00000000 -0.00000604 1.00000000
vn 0.00000000 -0.00000000 1.00000000
vn -0.00000000 0.00000121 1.00000000
vn 0.34201971 -0.93969285 0.00000000
vn -0.00000000 0.00000903 1.00000000
vn -0.00000000 0.00000143 1.00000000
vn 0.00000000 -0.00000627 1.00000000
vn 0.34202093 -0.93969232 0.00000000
vn -0.00000000 -0.00000000 -1.00000000
vn -0.00000000 -0.00000000 -1.00000000
vn -0.00000000 0.00000035 -1.00000000
vn 0.17364864 -0.98480773 0.00000000
vn 0.17364824 -0.98480791 0.00000000
vn 0.00000000 -0.00000604 1.00000000
vn 0.00000000 -0.00000000 1.00000000
vn -0.00000000 0.00002378 1.00000000
vn -0.17364687 -0.98480803 0.00000000
vn 0.00000000 -0.00000034 -1.00000000
vn -0.00000000 -0.00000000 -1.00000000
vn -0.00001934 -1.00000000 -0.00000416
vn 0.00000000 -0.00000000 1.00000000
vn 0.00001961 -1.00000000 -0.00000418
vn 0.00000000 -0.00000000 1.00000000
vn -0.00000000 0.00002378 1.00000000
vn -0.17364956 -0.98480761 0.00000000
vn -0.00000000 -0.00000000 -1.00000000
vn 0.00001869 -1.00000000 0.00000416
vn -0.00001842 -1.00000000 0.00000418
vn -0.34201917 -0.93969303 0.00000000
vn -0.00000000 -0.00000000 -1.00000000
vn 0.00000000 -0.00000034 -1.00000000
vn -0.34202099 -0.93969244 0.00000000
vn 0.00000000 -0.00000627 1.00000000
vn 0.00000000 -0.00000604 1.00000000
vn -0.00000000 0.00002378 1.00000000
vn 0.00000000 -0.00000000 1.00000000
vn -0.49999958 -0.86602569 0.00000000
vn -0.00000000 -0.00000000 -1.00000000
vn 0.00000000 -0.00000000 1.00000000
vn -0.50000036 -0.86602515 0.00000000
vn -0.64278680 -0.76604503 0.00000000
vn -0.00000000 -0.00000000 -1.00000000
vn 0.00000000 -0.00000627 1.00000000
vn -0.64278829 -0.76604408 0.00000000
vn 0.00000000 -0.00000000 1.00000000
vn -0.00000000 0.00000143 1.00000000
vn -0.76604366 -0.64278865 0.00000000
vn -0.00000000 -0.00000000 -1.00000000
vn -0.76604485 -0.64278710 0.00000000
vn 0.00000000 -0.00000000 1.00000000
vn -0.86602527 -0.50000030 0.00000000
vn 0.00000000 -0.00000138 -1.00000000
vn -0.00000000 -0.00000000 -1.00000000
vn -0.86602533 -0.50000024 0.00000000
vn 0.00000000 -0.00000000 1.00000000
vn 0.00000000 -0.00000000 1.00000000
vn -0.93969262 -0.34202021 0.00000000
vn -0.00000000 -0.00000000 -1.00000000
vn 0.00000000 -0.00000138 -1.00000000
vn -0.93969256 -0.34202033 0.00000000
vn -0.00000000 -0.00000000 -1.00000000
vn -0.98480773 -0.17364903 0.00000000
vn -0.98480803 -0.17364763 0.00000000
vn -0.00000000 0.00000149 1.00000000
vn 0.00000000 -0.00000000 1.00000000
vn -0.00000000 -0.00000000 -1.00000000
vn -1.00000000 -0.00000082 0.00000000
vn 0.00000000 -0.00000441 1.00000000
vn -1.00000000 0.00000056 0.00000000
vn -0.00000000 0.00000149 1.00000000
vn -0.98480803 0.17364736 0.00000000
vn -0.00000000 -0.00000000 -1.00000000
vn -0.98480773 0.17364876 0.00000000
vn 0.00000000 -0.00000441 1.00000000
vn -0.93969297 0.34201947 0.00000000
vn -0.00000000 -0.00000000 -1.00000000
vn -0.00000000 0.00001765 1.00000000
vn 0.00000000 -0.00000000 1.00000000
vn -0.93969244 0.34202057 0.00000000
vn 0.00000000 -0.00000216 1.00000000
vn -0.00000000 0.00000121 1.00000000
vn -0.00000000 0.00000149 1.00000000
vn -0.00000000 0.00000143 1.00000000
vn 0.00000000 -0.00000441 1.00000000
vn -0.86602539 0.50000006 0.00000000
vn -0.00000000 -0.00000000 -1.00000000
vn -0.86602545 0.50000000 0.00000000
vn -0.00000000 0.00001765 1.00000000
vn -0.00000000 0.00000436 1.00000000
vn 0.00000000 -0.00000216 1.00000000
vn -0.76604426 0.64278775 0.00000000
vn -0.00000000 0.00001765 1.00000000
vn -0.00000000 -0.00000000 -1.00000000
vn -0.76604456 0.64278746 0.00000000
vn -0.00000000 -0.00000000 -1.00000000
vn -0.64278853 0.76604396 0.00000000
vn -0.00000000 0.00000436 1.00000000
vn -0.00000000 0.00000253 1.00000000
vn -0.00000000 0.00001471 1.00000000
vn 0.00000000 -0.00000099 1.00000000
vn 0.00000000 -0.00003566 1.00000000
vn 0.00000000 -0.00000000 1.00000000
vn -0.64278704 0.76604492 0.00000000
vn -0.00000000 -0.00000000 -1.00000000
vn -0.50000060 0.86602503 0.00000000
vn -0.49999982 0.86602563 0.00000000
vn 0.00000000 -0.00000000 1.00000000
vn -0.00000000 -0.00000000 -1.00000000
vn -0.00000000 0.00000034 -1.00000000
vn -0.34202123 0.93969232 0.00000000
vn 0.00000000 -0.00003566 1.00000000
vn -0.34201941 0.93969291 0.00000000
vn 0.00000000 -0.00000000 1.00000000
vn -0.17364864 0.98480773 0.00000000
vn -0.00000000 -0.00000000 -1.00000000
vn -0.00000000 0.00000034 -1.00000000
vn -0.17364824 0.98480791 0.00000000
vn 0.00000000 -0.00000000 1.00000000
vn -0.00000000 0.00001471 1.00000000
vn 0.00000000 -0.00003566 1.00000000
vn -0.00001961 1.00000000 -0.00000418
vn 0.00000000 -0.00000000 1.00000000
vn 0.00001842 1.00000000 -0.00000416
vn -0.00000000 -0.00000000 -1.00000000
vn 0.00001934 1.00000000 0.00000418
vn -0.00001869 1.00000000 0.00000416
vn 0.00000000 -0.00000000 1.00000000
vn -0.18374906 -0.98297322 0.00000000
vn -0.00000000 0.00000035 -1.00000000
vn -0.00002222 -1.00000000 -0.00000441
vn -0.00000000 -0.00000000 -1.00000000
vn 0.00002357 -1.00000000 -0.00000443
vn -0.18374987 -0.98297310 0.00000000
vn -0.00000000 -0.00000000 -1.00000000
vn 0.00000000 -0.00000034 -1.00000000
vn 0.00002248 -1.00000000 0.00000441
vn -0.00002331 -1.00000000 0.00000443
vn 0.00000000 -0.00000000 1.00000000
vn -0.36124158 -0.93247235 0.00000000
vn 0.00000000 -0.00000000 1.00000000
vn -0.00000000 -0.00000000 -1.00000000
vn -0.36124137 -0.93247235 0.00000000
vn -0.00000000 -0.00000000 -1.00000000
vn -0.52643186 -0.85021734 0.00000000
vn -0.00000000 0.00000014 1.00000000
vn -0.52643210 -0.85021728 0.00000000
vn 0.00000000 -0.00000000 1.00000000
vn -0.67369509 -0.73900950 0.00000000
vn 0.00000000 -0.00000000 1.00000000
vn -0.00000000 0.00000014 1.00000000
vn -0.67369616 -0.73900855 0.00000000
vn -0.00000000 -0.00000000 -1.00000000
vn 0.00000000 -0.00000000 1.00000000
vn -0.79801685 -0.60263532 0.00000000
vn -0.00000000 -0.00000000 -1.00000000
vn -0.79801774 -0.60263401 0.00000000
vn -0.89516282 -0.44573921 0.00000000
vn 0.00000000 -0.00000000 1.00000000
vn -0.89516342 -0.44573793 0.00000000
vn -0.00000000 -0.00000000 -1.00000000
vn 0.00000000 -0.00000138 -1.00000000
vn -0.96182555 -0.27366382 0.00000000
vn 0.00000000 -0.00000000 1.00000000
vn -0.96182573 -0.27366251 0.00000000
vn -0.00000000 -0.00000000 -1.00000000
vn 0.00000000 -0.00000000 1.00000000
vn -0.99573422 -0.09226907 0.00000000
vn -0.99573427 -0.09226771 0.00000000
vn -0.00000000 -0.00000000 -1.00000000
vn -0.99573427 0.09226744 0.00000000
vn 0.00000000 -0.00000000 1.00000000
vn -0.00000000 -0.00000000 -1.00000000
vn -0.99573422 0.09226880 0.00000000
vn -0.96182579 0.27366290 0.00000000
vn 0.00000000 -0.00000000 1.00000000
vn -0.00000000 -0.00000000 -1.00000000
vn -0.96182579 0.27366298 0.00000000
vn -0.00000000 -0.00000000 -1.00000000
vn -0.89516354 0.44573769 0.00000000
vn 0.00000000 -0.00000000 1.00000000
vn 0.00000000 -0.00000022 1.00000000
vn -0.89516294 0.44573897 0.00000000
vn -0.00000000 -0.00000000 -1.00000000
vn -0.79801738 0.60263449 0.00000000
vn 0.00000000 -0.00000000 1.00000000
vn -0.79801744 0.60263437 0.00000000
vn -0.00000000 0.00000022 1.00000000
vn 0.00000000 -0.00000000 1.00000000
vn -0.67369640 0.73900819 0.00000000
vn -0.00000000 -0.00000000 -1.00000000
vn -0.67369521 0.73900926 0.00000000
vn -0.52643293 0.85021675 0.00000000
vn 0.00000000 -0.00000000 1.00000000
vn -0.52643150 0.85021764 0.00000000
vn -0.00000000 -0.00000000 -1.00000000
vn -0.36124191 0.93247223 0.00000000
vn 0.00000000 -0.00000000 1.00000000
vn -0.00000000 -0.00000000 -1.00000000
vn -0.36124161 0.93247223 0.00000000
vn -0.00000000 0.00000034 -1.00000000
vn -0.18375003 0.98297298 0.00000000
vn -0.00000000 -0.00000000 -1.00000000
vn 0.00000000 -0.00000000 1.00000000
vn -0.18374953 0.98297322 0.00000000
vn 0.00002331 1.00000000 0.00000443
vn 0.00000000 -0.00000000 1.00000000
vn -0.00002248 1.00000000 0.00000441
vn -0.00000000 -0.00000000 -1.00000000
vn 0.00002222 1.00000000 -0.00000441
vn -0.00002357 1.00000000 -0.00000443
vn 0.00000000 -0.00000035 -1.00000000
vn -0.14904046 -0.98883110 0.00000000
vn -0.00000000 -0.00000000 -1.00000000
vn -0.00001559 -1.00000000 -0.00000357
vn 0.00001643 -1.00000000 -0.00000359
vn 0.00000000 -0.00000000 1.00000000
vn -0.14904377 -0.98883063 0.00000000
vn 0.00000000 -0.00000000 1.00000000
vn 0.00001586 -1.00000000 0.00000357
vn -0.00001616 -1.00000000 0.00000359
vn -0.00000000 -0.00000000 -1.00000000
vn -0.00000000 -0.00000000 -1.00000000
vn -0.29475307 -0.95557344 0.00000000
vn -0.29475659 -0.95557249 0.00000000
vn 0.00000000 -0.00000000 1.00000000
vn -0.00000000 -0.00000000 -1.00000000
vn -0.43388367 -0.90096897 0.00000000
vn 0.00000000 -0.00000000 1.00000000
vn -0.43388388 -0.90096885 0.00000000
vn -0.56331825 -0.82624006 0.00000000
vn -0.00000000 0.00000014 1.00000000
vn 0.00000000 -0.00000000 1.00000000
vn -0.56332135 -0.82623798 0.00000000
vn -0.00000000 -0.00000000 -1.00000000
vn -0.68017268 -0.73305190 0.00000000
vn 0.00000000 -0.00000000 1.00000000
vn -0.68017256 -0.73305213 0.00000000
vn -0.00000000 -0.00000000 -1.00000000
vn -0.00000000 -0.00000000 -1.00000000
vn -0.78183013 -0.62349164 0.00000000
vn -0.78183281 -0.62348825 0.00000000
vn 0.00000000 -0.00000000 1.00000000
vn -0.86602431 -0.50000203 0.00000000
vn -0.00000000 -0.00000000 -1.00000000
vn 0.00000000 -0.00000000 1.00000000
vn -0.86602646 -0.49999812 0.00000000
vn -0.93087292 -0.36534312 0.00000000
vn -0.00000000 -0.00000000 -1.00000000
vn -0.93087447 -0.36533922 0.00000000
vn 0.00000000 -0.00000000 1.00000000
vn -0.00000000 -0.00000000 -1.00000000
vn -0.97492742 -0.22252314 0.00000000
vn -0.97492832 -0.22251904 0.00000000
vn 0.00000000 -0.00000000 1.00000000
vn -0.00000000 -0.00000000 -1.00000000
vn -0.99720383 -0.07473011 0.00000000
vn -0.99720389 -0.07473011 0.00000000
vn 0.00000000 -0.00000000 1.00000000
vn -0.99720383 0.07472984 0.00000000
vn 0.00000000 -0.00000000 1.00000000
vn -0.00000000 -0.00000000 -1.00000000
vn -0.99720389 0.07472984 0.00000000
vn -0.00000000 -0.00000000 -1.00000000
vn -0.97492808 0.22252087 0.00000000
vn 0.00000000 -0.00000000 1.00000000
vn -0.97492796 0.22252087 0.00000000
vn -0.93087459 0.36533898 0.00000000
vn 0.00000000 -0.00000022 1.00000000
vn 0.00000000 -0.00000000 1.00000000
vn -0.93087304 0.36534289 0.00000000
vn -0.00000000 -0.00000000 -1.00000000
vn 0.00000000 -0.00000022 1.00000000
vn -0.00000000 0.00000022 1.00000000
vn -0.86602545 0.49999988 0.00000000
vn 0.00000000 -0.00000000 1.00000000
vn -0.00000000 -0.00000000 -1.00000000
vn -0.86602569 0.49999988 0.00000000
vn -0.00000000 -0.00000000 -1.00000000
vn -0.78183168 0.62348956 0.00000000
vn 0.00000000 -0.00000000 1.00000000
vn -0.00000000 0.00000022 1.00000000
vn -0.78183168 0.62348980 0.00000000
vn 0.00000000 -0.00000000 1.00000000
vn -0.68017292 0.73305178 0.00000000
vn -0.68017280 0.73305190 0.00000000
vn -0.00000000 -0.00000000 -1.00000000
vn -0.56332159 0.82623786 0.00000000
vn -0.00000000 -0.00000000 -1.00000000
vn 0.00000000 -0.00000000 1.00000000
vn -0.56331849 0.82623994 0.00000000
vn -0.43388391 0.90096885 0.00000000
vn -0.00000000 -0.00000000 -1.00000000
vn -0.43388411 0.90096873 0.00000000
vn 0.00000000 -0.00000000 1.00000000
vn 0.00000000 -0.00000000 1.00000000
vn -0.29475683 0.95557237 0.00000000
vn -0.00000000 -0.00000000 -1.00000000
vn -0.29475331 0.95557332 0.00000000
vn -0.14904223 0.98883092 0.00000000
vn 0.00000000 -0.00000000 1.00000000
vn -0.00000000 -0.00000000 -1.00000000
vn -0.14904253 0.98883080 0.00000000
vn 0.00001616 1.00000000 0.00000359
vn -0.00000000 -0.00000000 -1.00000000
vn -0.00001586 1.00000000 0.00000357
vn 0.00001559 1.00000000 -0.00000357
vn 0.00000000 -0.00000000 1.00000000
vn -0.00001643 1.00000000 -0.00000359
vn 0.14904197 0.98883092 0.00000000
vn -0.00000000 -0.00000000 -1.00000000
vn 0.00000000 -0.00000000 1.00000000
vn 0.14904226 0.98883080 0.00000000
vn 0.00000000 -0.00000000 1.00000000
vn 0.29475507 0.95557296 0.00000000
vn 0.29475460 0.95557308 0.00000000
vn -0.00000000 -0.00000000 -1.00000000
vn -0.00000000 -0.00000000 -1.00000000
vn 0.43388367 0.90096897 0.00000000
vn 0.43388388 0.90096885 0.00000000
vn 0.00000000 -0.00000000 1.00000000
vn 0.00000000 -0.00000000 1.00000000
vn 0.56331986 0.82623893 0.00000000
vn -0.00000000 -0.00000000 -1.00000000
vn 0.56331986 0.82623893 0.00000000
vn 0.68017119 0.73305345 0.00000000
vn -0.00000000 -0.00000000 -1.00000000
vn 0.00000000 -0.00000000 1.00000000
vn 0.68017405 0.73305064 0.00000000
vn -0.00000000 -0.00000000 -1.00000000
vn 0.78183013 0.62349164 0.00000000
vn 0.00000000 -0.00000000 1.00000000
vn 0.78183281 0.62348825 0.00000000
vn 0.86602431 0.50000203 0.00000000
vn -0.00000000 -0.00000000 -1.00000000
vn 0.00000000 -0.00000000 1.00000000
vn 0.00000000 -0.00000014 1.00000000
vn 0.86602646 0.49999812 0.00000000
vn 0.93087292 0.36534312 0.00000000
vn -0.00000000 -0.00000000 -1.00000000
vn -0.00000000 0.00000014 1.00000000
vn 0.93087447 0.36533922 0.00000000
vn 0.00000000 -0.00000000 1.00000000
vn 0.00000000 -0.00000014 1.00000000
vn 0.97492796 0.22252114 0.00000000
vn -0.00000000 -0.00000000 -1.00000000
vn 0.97492784 0.22252114 0.00000000
vn 0.00000000 -0.00000000 1.00000000
vn 0.99720371 0.07473219 0.00000000
vn 0.00000000 -0.00000000 1.00000000
vn -0.00000000 -0.00000000 -1.00000000
vn 0.99720401 0.07472803 0.00000000
vn 0.99720401 -0.07472776 0.00000000
vn 0.00000000 -0.00000000 1.00000000
vn 0.99720371 -0.07473192 0.00000000
vn -0.00000000 -0.00000000 -1.00000000
vn 0.97492844 -0.22251877 0.00000000
vn 0.00000000 -0.00000000 1.00000000
vn -0.00000000 -0.00000000 -1.00000000
vn 0.97492755 -0.22252287 0.00000000
vn 0.00000000 -0.00000000 1.00000000
vn -0.00000000 0.00000014 1.00000000
vn 0.93087387 -0.36534098 0.00000000
vn 0.93087387 -0.36534098 0.00000000
vn -0.00000000 -0.00000000 -1.00000000
vn -0.00000000 -0.00000000 -1.00000000
vn 0.86602658 -0.49999788 0.00000000
vn 0.00000000 -0.00000000 1.00000000
vn -0.00000000 0.00000014 1.00000000
vn 0.86602444 -0.50000179 0.00000000
vn -0.00000000 -0.00000000 -1.00000000
vn 0.78183168 -0.62348956 0.00000000
vn 0.00000000 -0.00000000 1.00000000
vn 0.78183168 -0.62348980 0.00000000
vn 0.00000000 -0.00000000 1.00000000
vn 0.68017292 -0.73305178 0.00000000
vn -0.00000000 -0.00000000 -1.00000000
vn 0.68017280 -0.73305190 0.00000000
vn -0.00000000 -0.00000000 -1.00000000
vn 0.56332159 -0.82623786 0.00000000
vn 0.56331849 -0.82623994 0.00000000
vn 0.00000000 -0.00000000 1.00000000
vn -0.00000000 -0.00000000 -1.00000000
vn 0.43388391 -0.90096885 0.00000000
vn 0.43388411 -0.90096873 0.00000000
vn 0.00000000 -0.00000000 1.00000000
vn 0.00000000 -0.00000000 1.00000000
vn 0.29475531 -0.95557284 0.00000000
vn 0.29475483 -0.95557296 0.00000000
vn -0.00000000 -0.00000000 -1.00000000
vn -0.00000000 -0.00000000 -1.00000000
vn 0.14904404 -0.98883063 0.00000000
vn 0.00000000 -0.00000000 1.00000000
vn 0.14904073 -0.98883110 0.00000000
vn 0.67369592 -0.73900866 0.00000000
vn 0.00000000 -0.00000000 1.00000000
vn 0.79801798 -0.60263365 0.00000000
vn 0.00000000 -0.00000000 1.00000000
vn 0.00000000 -0.00000000 1.00000000
vn 0.52643233 -0.85021716 0.00000000
vn 0.00000000 -0.00000000 1.00000000
vn 0.89516354 -0.44573778 0.00000000
vn -0.00000000 0.00000014 1.00000000
vn 0.00000000 -0.00000000 1.00000000
vn 0.36124191 -0.93247223 0.00000000
vn 0.00000000 -0.00000000 1.00000000
vn 0.96182585 -0.27366227 0.00000000
vn 0.18374953 -0.98297322 0.00000000
vn 0.00000000 -0.00000000 1.00000000
vn 0.00000000 -0.00000000 1.00000000
vn 0.99573427 -0.09226809 0.00000000
vn 0.00000000 -0.00000000 1.00000000
vn 0.99573427 0.09226841 0.00000000
vn 0.00000000 -0.00000000 1.00000000
vn 0.96182567 0.27366322 0.00000000
vn -0.00000000 0.00000014 1.00000000
vn 0.89516312 0.44573873 0.00000000
vn 0.00000000 -0.00000014 1.00000000
vn 0.00000000 -0.00000000 1.00000000
vn -0.00000000 0.00000014 1.00000000
vn 0.79801685 0.60263532 0.00000000
vn 0.00000000 -0.00000000 1.00000000
vn 0.00000000 -0.00000000 1.00000000
vn 0.67369509 0.73900950 0.00000000
vn 0.00000000 -0.00000000 1.00000000
vn 0.52643126 0.85021776 0.00000000
vn 0.36124077 0.93247265 0.00000000
vn 0.00000000 -0.00000000 1.00000000
vn 0.18374906 0.98297322 0.00000000
vn 0.00000000 -0.00000000 1.00000000
vn 0.00000000 -0.00000035 -1.00000000
vn -0.00000000 -0.00000000 -1.00000000
vn 0.18374987 0.98297310 0.00000000
vn -0.00000000 -0.00000000 -1.00000000
vn 0.36124229 0.93247193 0.00000000
vn 0.52643269 0.85021687 0.00000000
vn -0.00000000 -0.00000000 -1.00000000
vn 0.67369616 0.73900855 0.00000000
vn -0.00000000 -0.00000000 -1.00000000
vn 0.79801774 0.60263401 0.00000000
vn -0.00000000 -0.00000000 -1.00000000
vn 0.89516324 0.44573852 0.00000000
vn -0.00000000 -0.00000000 -1.00000000
vn 0.96182567 0.27366313 0.00000000
vn -0.00000000 -0.00000000 -1.00000000
vn 0.99573427 0.09226836 0.00000000
vn -0.00000000 -0.00000000 -1.00000000
vn 0.99573427 -0.09226815 0.00000000
vn 0.00000000 -0.00000069 -1.00000000
vn -0.00000000 -0.00000000 -1.00000000
vn 0.96182567 -0.27366349 0.00000000
vn -0.00000000 -0.00000000 -1.00000000
vn 0.00000000 -0.00000138 -1.00000000
vn 0.89516294 -0.44573897 0.00000000
vn -0.00000000 -0.00000000 -1.00000000
vn 0.79801696 -0.60263509 0.00000000
vn -0.00000000 -0.00000000 -1.00000000
vn -0.00000000 -0.00000000 -1.00000000
vn 0.67369574 -0.73900890 0.00000000
vn -0.00000000 -0.00000000 -1.00000000
vn 0.52643210 -0.85021722 0.00000000
vn 0.36124161 -0.93247223 0.00000000
vn -0.00000000 -0.00000000 -1.00000000
vn -0.00000000 0.00000035 -1.00000000
vn -0.00000000 -0.00000000 -1.00000000
vn 0.18375003 -0.98297298 0.00000000
vn -0.00000000 0.00001471 1.00000000
vn 0.00000000 -0.00000000 1.00000000
vn -0.00000000 0.00000253 1.00000000
vn 0.17364837 0.98480773 0.00000000
vn -0.00000000 -0.00000000 -1.00000000
vn 0.00000000 -0.00000035 -1.00000000
vn 0.17364797 0.98480791 0.00000000
vn -0.00000000 -0.00000000 -1.00000000
vn 0.34201947 0.93969297 0.00000000
vn 0.00000000 -0.00001207 1.00000000
vn -0.00000000 0.00000253 1.00000000
vn 0.34202069 0.93969244 0.00000000
vn 0.00000000 -0.00000099 1.00000000
vn 0.00000000 -0.00000000 1.00000000
vn -0.00000000 0.00001189 1.00000000
vn 0.00000000 -0.00001207 1.00000000
vn 0.00000000 -0.00003530 1.00000000
vn 0.50000018 0.86602539 0.00000000
vn 0.49999988 0.86602557 0.00000000
vn -0.00000000 -0.00000000 -1.00000000
vn 0.64278680 0.76604503 0.00000000
vn -0.00000000 -0.00000000 -1.00000000
vn 0.64278829 0.76604408 0.00000000
vn 0.00000000 -0.00003530 1.00000000
vn -0.00000000 -0.00000000 -1.00000000
vn 0.76604366 0.64278865 0.00000000
vn -0.00000000 0.00001189 1.00000000
vn 0.76604485 0.64278710 0.00000000
vn 0.00000000 -0.00003530 1.00000000
vn 0.86602491 0.50000083 0.00000000
vn -0.00000000 -0.00000000 -1.00000000
vn 0.00000000 -0.00001207 1.00000000
vn 0.00000000 -0.00000000 1.00000000
vn -0.00000000 0.00001189 1.00000000
vn 0.86602575 0.49999973 0.00000000
vn 0.00000000 -0.00000092 1.00000000
vn -0.00000000 0.00000151 1.00000000
vn 0.93969232 0.34202093 0.00000000
vn -0.00000000 -0.00000000 -1.00000000
vn -0.00000000 0.00000151 1.00000000
vn 0.93969285 0.34201962 0.00000000
vn -0.00000000 0.00000149 1.00000000
vn 0.00000000 -0.00000441 1.00000000
vn -0.00000000 -0.00000000 -1.00000000
vn 0.98480773 0.17364903 0.00000000
vn 0.00000000 -0.00000441 1.00000000
vn 0.98480803 0.17364763 0.00000000
vn 0.00000000 -0.00000069 -1.00000000
vn 1.00000000 0.00000013 0.00000000
vn -0.00000000 -0.00000000 -1.00000000
vn -0.00000000 0.00000149 1.00000000
vn 1.00000000 0.00000013 0.00000000
vn 0.00000000 -0.00000441 1.00000000
vn 0.00000000 -0.00000092 1.00000000
vn 0.98480791 -0.17364806 0.00000000
vn -0.00000000 0.00000149 1.00000000
vn -0.00000000 0.00000151 1.00000000
vn -0.00000000 -0.00000000 -1.00000000
vn 0.00000000 -0.00000069 -1.00000000
vn 0.98480779 -0.17364806 0.00000000
vn -0.00000000 -0.00000000 -1.00000000
vn 0.00000000 -0.00000138 -1.00000000
vn 0.93969297 -0.34201947 0.00000000
vn 0.93969244 -0.34202057 0.00000000
vn 0.00000000 -0.00000092 1.00000000
vn 0.00000000 -0.00000000 1.00000000
vn 0.86602587 -0.49999958 0.00000000
vn 0.00000000 -0.00000138 -1.00000000
vn -0.00000000 -0.00000000 -1.00000000
vn 0.00000000 -0.00000099 1.00000000
vn -0.00000000 0.00000121 1.00000000
vn 0.86602503 -0.50000060 0.00000000
vn -0.00000000 0.00000903 1.00000000
vn 0.00000000 -0.00000000 1.00000000
vn -0.00000000 0.00000436 1.00000000
vn 0.00000000 -0.00000216 1.00000000
vn -0.00000000 -0.00000000 -1.00000000
vn 0.76604497 -0.64278686 0.00000000
vn 0.00000000 -0.00000000 1.00000000
vn 0.76604396 -0.64278841 0.00000000
vn -0.00000000 -0.00000000 -1.00000000
vn 0.64278853 -0.76604396 0.00000000
vn -0.00000000 0.00000903 1.00000000
vn 0.00000000 -0.00000000 1.00000000
vn 0.64278704 -0.76604492 0.00000000
vn -0.00000000 -0.00000000 -1.00000000
vn 0.50000030 -0.86602527 0.00000000
vn 0.00000000 -0.00000000 1.00000000
vn 0.50000000 -0.86602545 0.00000000
vn -0.00000000 0.00000903 1.00000000
vn 0.00000000 -0.00000000 1.00000000
vn 0.34201971 -0.93969285 0.00000000
vn -0.00000000 0.00000143 1.00000000
vn 0.00000000 -0.00000627 1.00000000
vn -0.00000000 0.00000121 1.00000000
vn 0.00000000 -0.00000604 1.00000000
vn 0.34202093 -0.93969232 0.00000000
vn -0.00000000 -0.00000000 -1.00000000
vn -0.00000000 0.00000035 -1.00000000
vn -0.00000000 -0.00000000 -1.00000000
vn 0.17364864 -0.98480773 0.00000000
vn -0.00000000 0.00002378 1.00000000
vn 0.00000000 -0.00000604 1.00000000
vn 0.17364824 -0.98480791 0.00000000
vn 0.00000000 -0.00000000 1.00000000
vn -0.17364687 -0.98480803 0.00000000
vn 0.00000000 -0.00000034 -1.00000000
vn -0.00000000 -0.00000000 -1.00000000
vn -0.00001934 -1.00000000 -0.00000416
vn 0.00000000 -0.00000000 1.00000000
vn 0.00001961 -1.00000000 -0.00000418
vn 0.00000000 -0.00000000 1.00000000
vn -0.17364956 -0.98480761 0.00000000
vn -0.00000000 0.00002378 1.00000000
vn -0.00001842 -1.00000000 0.00000418
vn 0.00001869 -1.00000000 0.00000416
vn -0.00000000 -0.00000000 -1.00000000
vn -0.34201917 -0.93969303 0.00000000
vn -0.00000000 -0.00000000 -1.00000000
vn 0.00000000 -0.00000034 -1.00000000
vn -0.34202099 -0.93969244 0.00000000
vn 0.00000000 -0.00000000 1.00000000
vn -0.00000000 0.00002378 1.00000000
vn 0.00000000 -0.00000604 1.00000000
vn 0.00000000 -0.00000627 1.00000000
vn -0.00000000 -0.00000000 -1.00000000
vn -0.49999958 -0.86602569 0.00000000
vn 0.00000000 -0.00000000 1.00000000
vn -0.50000036 -0.86602515 0.00000000
vn -0.64278680 -0.76604503 0.00000000
vn -0.00000000 -0.00000000 -1.00000000
vn -0.00000000 0.00000143 1.00000000
vn -0.64278829 -0.76604408 0.00000000
vn 0.00000000 -0.00000000 1.00000000
vn 0.00000000 -0.00000627 1.00000000
vn -0.00000000 -0.00000000 -1.00000000
vn -0.76604366 -0.64278865 0.00000000
vn 0.00000000 -0.00000000 1.00000000
vn -0.76604485 -0.64278710 0.00000000
vn -0.86602527 -0.50000030 0.00000000
vn 0.00000000 -0.00000138 -1.00000000
vn -0.00000000 -0.00000000 -1.00000000
vn -0.86602533 -0.50000024 0.00000000
vn 0.00000000 -0.00000000 1.00000000
vn -0.93969262 -0.34202021 0.00000000
vn 0.00000000 -0.00000000 1.00000000
vn -0.00000000 -0.00000000 -1.00000000
vn -0.93969256 -0.34202033 0.00000000
vn 0.00000000 -0.00000138 -1.00000000
vn -0.98480773 -0.17364903 0.00000000
vn -0.00000000 -0.00000000 -1.00000000
vn -0.00000000 0.00000149 1.00000000
vn 0.00000000 -0.00000000 1.00000000
vn -0.98480803 -0.17364763 0.00000000
vn -1.00000000 -0.00000082 0.00000000
vn -0.00000000 -0.00000000 -1.00000000
vn 0.00000000 -0.00000441 1.00000000
vn -0.00000000 0.00000149 1.00000000
vn -1.00000000 0.00000056 0.00000000
vn -0.98480803 0.17364736 0.00000000
vn -0.00000000 -0.00000000 -1.00000000
vn 0.00000000 -0.00000441 1.00000000
vn -0.98480773 0.17364876 0.00000000
vn -0.00000000 -0.00000000 -1.00000000
vn -0.93969297 0.34201947 0.00000000
vn -0.00000000 0.00000149 1.00000000
vn 0.00000000 -0.00000000 1.00000000
vn -0.00000000 0.00000143 1.00000000
vn -0.00000000 0.00001765 1.00000000
vn 0.00000000 -0.00000441 1.00000000
vn -0.93969244 0.34202057 0.00000000
vn 0.00000000 -0.00000216 1.00000000
vn -0.00000000 0.00000121 1.00000000
vn -0.00000000 -0.00000000 -1.00000000
vn -0.86602539 0.50000006 0.00000000
vn -0.86602545 0.50000000 0.00000000
vn -0.00000000 0.00001765 1.00000000
vn -0.00000000 0.00000436 1.00000000
vn -0.76604426 0.64278775 0.00000000
vn -0.00000000 0.00001765 1.00000000
vn 0.00000000 -0.00000216 1.00000000
vn -0.76604456 0.64278746 0.00000000
vn -0.00000000 -0.00000000 -1.00000000
vn -0.64278853 0.76604396 0.00000000
vn -0.00000000 -0.00000000 -1.00000000
vn -0.00000000 0.00000436 1.00000000
vn -0.64278704 0.76604492 0.00000000
vn 0.00000000 -0.00003566 1.00000000
vn -0.00000000 0.00000253 1.00000000
vn 0.00000000 -0.00000000 1.00000000
vn -0.00000000 0.00001471 1.00000000
vn 0.00000000 -0.00000099 1.00000000
vn -0.50000060 0.86602503 0.00000000
vn -0.00000000 -0.00000000 -1.00000000
vn 0.00000000 -0.00000000 1.00000000
vn -0.49999982 0.86602563 0.00000000
vn -0.00000000 0.00000034 -1.00000000
vn -0.00000000 -0.00000000 -1.00000000
vn -0.34202123 0.93969232 0.00000000
vn 0.00000000 -0.00000000 1.00000000
vn 0.00000000 -0.00003566 1.00000000
vn -0.34201941 0.93969291 0.00000000
vn -0.17364864 0.98480773 0.00000000
vn -0.00000000 0.00000034 -1.00000000
vn -0.00000000 -0.00000000 -1.00000000
vn 0.00000000 -0.00000000 1.00000000
vn -0.17364824 0.98480791 0.00000000
vn -0.00000000 0.00001471 1.00000000
vn 0.00000000 -0.00003566 1.00000000
vn -0.00001961 1.00000000 -0.00000418
vn 0.00001842 1.00000000 -0.00000416
vn 0.00000000 -0.00000000 1.00000000
vn 0.00001934 1.00000000 0.00000418
vn -0.00001869 1.00000000 0.00000416
vn -0.00000000 -0.00000000 -1.00000000
vn -0.18374906 -0.98297322 0.00000000
vn 0.00000000 -0.00000000 1.00000000
vn -0.00002222 -1.00000000 -0.00000441
vn -0.00000000 0.00000035 -1.00000000
vn 0.00002357 -1.00000000 -0.00000443
vn -0.00000000 -0.00000000 -1.00000000
vn -0.00000000 -0.00000000 -1.00000000
vn -0.18374987 -0.98297310 0.00000000
vn 0.00000000 -0.00000034 -1.00000000
vn 0.00000000 -0.00000000 1.00000000
vn -0.00002331 -1.00000000 0.00000443
vn 0.00002248 -1.00000000 0.00000441
vn 0.00000000 -0.00000000 1.00000000
vn -0.36124158 -0.93247235 0.00000000
vn -0.00000000 -0.00000000 -1.00000000
vn -0.36124137 -0.93247235 0.00000000
vn -0.52643186 -0.85021734 0.00000000
vn -0.00000000 -0.00000000 -1.00000000
vn -0.00000000 0.00000014 1.00000000
vn -0.52643210 -0.85021728 0.00000000
vn 0.00000000 -0.00000000 1.00000000
vn 0.00000000 -0.00000000 1.00000000
vn -0.67369509 -0.73900950 0.00000000
vn -0.00000000 0.00000014 1.00000000
vn -0.00000000 -0.00000000 -1.00000000
vn -0.67369616 -0.73900855 0.00000000
vn 0.00000000 -0.00000000 1.00000000
vn -0.79801685 -0.60263532 0.00000000
vn -0.00000000 -0.00000000 -1.00000000
vn -0.79801774 -0.60263401 0.00000000
vn 0.00000000 -0.00000000 1.00000000
vn -0.89516282 -0.44573921 0.00000000
vn -0.00000000 -0.00000000 -1.00000000
vn -0.89516342 -0.44573793 0.00000000
vn 0.00000000 -0.00000138 -1.00000000
vn 0.00000000 -0.00000000 1.00000000
vn -0.96182555 -0.27366382 0.00000000
vn -0.96182573 -0.27366251 0.00000000
vn -0.00000000 -0.00000000 -1.00000000
vn 0.00000000 -0.00000000 1.00000000
vn -0.99573422 -0.09226907 0.00000000
vn -0.00000000 -0.00000000 -1.00000000
vn -0.99573427 -0.09226771 0.00000000
vn -0.99573427 0.09226744 0.00000000
vn 0.00000000 -0.00000000 1.00000000
vn -0.99573422 0.09226880 0.00000000
vn -0.00000000 -0.00000000 -1.00000000
vn 0.00000000 -0.00000000 1.00000000
vn -0.96182579 0.27366290 0.00000000
vn -0.00000000 -0.00000000 -1.00000000
vn -0.96182579 0.27366298 0.00000000
vn -0.89516354 0.44573769 0.00000000
vn -0.00000000 -0.00000000 -1.00000000
vn 0.00000000 -0.00000000 1.00000000
vn 0.00000000 -0.00000022 1.00000000
vn -0.89516294 0.44573897 0.00000000
vn -0.79801738 0.60263449 0.00000000
vn -0.00000000 -0.00000000 -1.00000000
vn -0.79801744 0.60263437 0.00000000
vn 0.00000000 -0.00000000 1.00000000
vn -0.00000000 0.00000022 1.00000000
vn -0.67369640 0.73900819 0.00000000
vn 0.00000000 -0.00000000 1.00000000
vn -0.00000000 -0.00000000 -1.00000000
vn -0.67369521 0.73900926 0.00000000
vn 0.00000000 -0.00000000 1.00000000
vn -0.52643293 0.85021675 0.00000000
vn -0.00000000 -0.00000000 -1.00000000
vn -0.52643150 0.85021764 0.00000000
vn 0.00000000 -0.00000000 1.00000000
vn -0.36124191 0.93247223 0.00000000
vn -0.36124161 0.93247223 0.00000000
vn -0.00000000 -0.00000000 -1.00000000
vn -0.00000000 0.00000034 -1.00000000
vn -0.00000000 -0.00000000 -1.00000000
vn -0.18375003 0.98297298 0.00000000
vn -0.18374953 0.98297322 0.00000000
vn 0.00000000 -0.00000000 1.00000000
vn 0.00002331 1.00000000 0.00000443
vn 0.00000000 -0.00000000 1.00000000
vn -0.00002248 1.00000000 0.00000441
vn 0.00002222 1.00000000 -0.00000441
vn 0.00000000 -0.00000035 -1.00000000
vn -0.00000000 -0.00000000 -1.00000000
vn -0.00002357 1.00000000 -0.00000443
vn -0.00000000 -0.00000000 -1.00000000
vn -0.14904046 -0.98883110 0.00000000
vn 0.00001643 -1.00000000 -0.00000359
vn -0.00001559 -1.00000000 -0.00000357
vn 0.00000000 -0.00000000 1.00000000
vn 0.00000000 -0.00000000 1.00000000
vn -0.14904377 -0.98883063 0.00000000
vn 0.00001586 -1.00000000 0.00000357
vn -0.00001616 -1.00000000 0.00000359
vn -0.00000000 -0.00000000 -1.00000000
vn -0.00000000 -0.00000000 -1.00000000
vn -0.29475307 -0.95557344 0.00000000
vn 0.00000000 -0.00000000 1.00000000
vn -0.29475659 -0.95557249 0.00000000
vn -0.43388367 -0.90096897 0.00000000
vn -0.00000000 -0.00000000 -1.00000000
vn 0.00000000 -0.00000000 1.00000000
vn -0.43388388 -0.90096885 0.00000000
vn 0.00000000 -0.00000000 1.00000000
vn -0.56331825 -0.82624006 0.00000000
vn -0.00000000 0.00000014 1.00000000
vn -0.56332135 -0.82623798 0.00000000
vn -0.00000000 -0.00000000 -1.00000000
vn 0.00000000 -0.00000000 1.00000000
vn -0.68017268 -0.73305190 0.00000000
vn -0.68017256 -0.73305213 0.00000000
vn -0.00000000 -0.00000000 -1.00000000
vn -0.78183013 -0.62349164 0.00000000
vn -0.00000000 -0.00000000 -1.00000000
vn -0.78183281 -0.62348825 0.00000000
vn 0.00000000 -0.00000000 1.00000000
vn -0.86602431 -0.50000203 0.00000000
vn -0.00000000 -0.00000000 -1.00000000
vn 0.00000000 -0.00000000 1.00000000
vn -0.86602646 -0.49999812 0.00000000
vn -0.00000000 -0.00000000 -1.00000000
vn -0.93087292 -0.36534312 0.00000000
vn 0.00000000 -0.00000000 1.00000000
vn -0.93087447 -0.36533922 0.00000000
vn -0.00000000 -0.00000000 -1.00000000
vn -0.97492742 -0.22252314 0.00000000
vn 0.00000000 -0.00000000 1.00000000
vn -0.97492832 -0.22251904 0.00000000
vn -0.00000000 -0.00000000 -1.00000000
vn -0.99720383 -0.07473011 0.00000000
vn -0.99720389 -0.07473011 0.00000000
vn 0.00000000 -0.00000000 1.00000000
vn -0.99720383 0.07472984 0.00000000
vn 0.00000000 -0.00000000 1.00000000
vn -0.99720389 0.07472984 0.00000000
vn -0.00000000 -0.00000000 -1.00000000
vn -0.00000000 -0.00000000 -1.00000000
vn -0.97492808 0.22252087 0.00000000
vn 0.00000000 -0.00000000 1.00000000
vn -0.97492796 0.22252087 0.00000000
vn -0.93087459 0.36533898 0.00000000
vn 0.00000000 -0.00000000 1.00000000
vn 0.00000000 -0.00000022 1.00000000
vn -0.93087304 0.36534289 0.00000000
vn -0.00000000 -0.00000000 -1.00000000
vn 0.00000000 -0.00000000 1.00000000
vn 0.00000000 -0.00000022 1.00000000
vn -0.00000000 0.00000022 1.00000000
vn -0.86602545 0.49999988 0.00000000
vn -0.00000000 -0.00000000 -1.00000000
vn -0.86602569 0.49999988 0.00000000
vn -0.78183168 0.62348956 0.00000000
vn -0.00000000 -0.00000000 -1.00000000
vn -0.78183168 0.62348980 0.00000000
vn 0.00000000 -0.00000000 1.00000000
vn -0.00000000 0.00000022 1.00000000
vn 0.00000000 -0.00000000 1.00000000
vn -0.68017292 0.73305178 0.00000000
vn -0.00000000 -0.00000000 -1.00000000
vn -0.68017280 0.73305190 0.00000000
vn -0.00000000 -0.00000000 -1.00000000
vn -0.56332159 0.82623786 0.00000000
vn 0.00000000 -0.00000000 1.00000000
vn -0.56331849 0.82623994 0.00000000
vn -0.00000000 -0.00000000 -1.00000000
vn -0.43388391 0.90096885 0.00000000
vn -0.43388411 0.90096873 0.00000000
vn 0.00000000 -0.00000000 1.00000000
vn -0.29475683 0.95557237 0.00000000
vn 0.00000000 -0.00000000 1.00000000
vn -0.29475331 0.95557332 0.00000000
vn -0.00000000 -0.00000000 -1.00000000
vn -0.14904223 0.98883092 0.00000000
vn 0.00000000 -0.00000000 1.00000000
vn -0.00000000 -0.00000000 -1.00000000
vn -0.14904253 0.98883080 0.00000000
vn -0.00001586 1.00000000 0.00000357
vn 0.00001616 1.00000000 0.00000359
vn -0.00000000 -0.00000000 -1.00000000
vn -0.00001643 1.00000000 -0.00000359
vn 0.00001559 1.00000000 -0.00000357
vn 0.00000000 -0.00000000 1.00000000
vn -0.00000000 -0.00000000 -1.00000000
vn 0.14904197 0.98883092 0.00000000
vn 0.14904226 0.98883080 0.00000000
vn 0.00000000 -0.00000000 1.00000000
vn 0.29475507 0.95557296 0.00000000
vn 0.00000000 -0.00000000 1.00000000
vn -0.00000000 -0.00000000 -1.00000000
vn 0.29475460 0.95557308 0.00000000
vn 0.43388367 0.90096897 0.00000000
vn -0.00000000 -0.00000000 -1.00000000
vn 0.00000000 -0.00000000 1.00000000
vn 0.43388388 0.90096885 0.00000000
vn 0.56331986 0.82623893 0.00000000
vn 0.00000000 -0.00000000 1.00000000
vn 0.56331986 0.82623893 0.00000000
vn -0.00000000 -0.00000000 -1.00000000
vn -0.00000000 -0.00000000 -1.00000000
vn 0.68017119 0.73305345 0.00000000
vn 0.68017405 0.73305064 0.00000000
vn 0.00000000 -0.00000000 1.00000000
vn -0.00000000 -0.00000000 -1.00000000
vn 0.78183013 0.62349164 0.00000000
vn 0.78183281 0.62348825 0.00000000
vn 0.00000000 -0.00000000 1.00000000
vn -0.00000000 -0.00000000 -1.00000000
vn 0.86602431 0.50000203 0.00000000
vn 0.86602646 0.49999812 0.00000000
vn 0.00000000 -0.00000000 1.00000000
vn 0.00000000 -0.00000014 1.00000000
vn -0.00000000 -0.00000000 -1.00000000
vn 0.93087292 0.36534312 0.00000000
vn 0.93087447 0.36533922 0.00000000
vn -0.00000000 0.00000014 1.00000000
vn 0.00000000 -0.00000000 1.00000000
vn 0.00000000 -0.00000014 1.00000000
vn 0.97492796 0.22252114 0.00000000
vn -0.00000000 -0.00000000 -1.00000000
vn 0.97492784 0.22252114 0.00000000
vn 0.00000000 -0.00000000 1.00000000
vn 0.99720371 0.07473219 0.00000000
vn 0.00000000 -0.00000000 1.00000000
vn -0.00000000 -0.00000000 -1.00000000
vn 0.99720401 0.07472803 0.00000000
vn 0.00000000 -0.00000000 1.00000000
vn 0.99720401 -0.07472776 0.00000000
vn 0.99720371 -0.07473192 0.00000000
vn -0.00000000 -0.00000000 -1.00000000
vn 0.00000000 -0.00000000 1.00000000
vn 0.97492844 -0.22251877 0.00000000
vn -0.00000000 -0.00000000 -1.00000000
vn 0.97492755 -0.22252287 0.00000000
vn -0.00000000 0.00000014 1.00000000
vn 0.93087387 -0.36534098 0.00000000
vn 0.00000000 -0.00000000 1.00000000
vn 0.93087387 -0.36534098 0.00000000
vn -0.00000000 -0.00000000 -1.00000000
vn 0.86602658 -0.49999788 0.00000000
vn -0.00000000 -0.00000000 -1.00000000
vn 0.86602444 -0.50000179 0.00000000
vn -0.00000000 0.00000014 1.00000000
vn 0.00000000 -0.00000000 1.00000000
vn 0.78183168 -0.62348956 0.00000000
vn -0.00000000 -0.00000000 -1.00000000
vn 0.78183168 -0.62348980 0.00000000
vn 0.00000000 -0.00000000 1.00000000
vn 0.68017292 -0.73305178 0.00000000
vn 0.00000000 -0.00000000 1.00000000
vn -0.00000000 -0.00000000 -1.00000000
vn 0.68017280 -0.73305190 0.00000000
vn -0.00000000 -0.00000000 -1.00000000
vn 0.56332159 -0.82623786 0.00000000
vn 0.56331849 -0.82623994 0.00000000
vn 0.00000000 -0.00000000 1.00000000
vn 0.43388391 -0.90096885 0.00000000
vn -0.00000000 -0.00000000 -1.00000000
vn 0.43388411 -0.90096873 0.00000000
vn 0.00000000 -0.00000000 1.00000000
vn 0.29475531 -0.95557284 0.00000000
vn 0.00000000 -0.00000000 1.00000000
vn -0.00000000 -0.00000000 -1.00000000
vn 0.29475483 -0.95557296 0.00000000
vn -0.00000000 -0.00000000 -1.00000000
vn 0.14904404 -0.98883063 0.00000000
vn 0.00000000 -0.00000000 1.00000000
vn 0.14904073 -0.98883110 0.00000000
vn 0.00000000 -0.00000000 1.00000000
vn 0.67369592 -0.73900866 0.00000000
vn 0.00000000 -0.00000000 1.00000000
vn 0.79801798 -0.60263365 0.00000000
vn 0.52643233 -0.85021716 0.00000000
vn 0.00000000 -0.00000000 1.00000000
vn -0.00000000 0.00000014 1.00000000
vn 0.89516354 -0.44573778 0.00000000
vn 0.00000000 -0.00000000 1.00000000
vn 0.36124191 -0.93247223 0.00000000
vn 0.00000000 -0.00000000 1.00000000
vn 0.00000000 -0.00000000 1.00000000
vn 0.96182585 -0.27366227 0.00000000
vn 0.18374953 -0.98297322 0.00000000
vn 0.00000000 -0.00000000 1.00000000
vn 0.00000000 -0.00000000 1.00000000
vn 0.99573427 -0.09226809 0.00000000
vn 0.00000000 -0.00000000 1.00000000
vn 0.99573427 0.09226841 0.00000000
vn 0.00000000 -0.00000000 1.00000000
vn -0.00000000 0.00000014 1.00000000
vn 0.96182567 0.27366322 0.00000000
vn 0.89516312 0.44573873 0.00000000
vn 0.00000000 -0.00000000 1.00000000
vn 0.00000000 -0.00000014 1.00000000
vn -0.00000000 0.00000014 1.00000000
vn 0.79801685 0.60263532 0.00000000
vn 0.00000000 -0.00000000 1.00000000
vn 0.00000000 -0.00000000 1.00000000
vn 0.67369509 0.73900950 0.00000000
vn 0.00000000 -0.00000000 1.00000000
vn 0.52643126 0.85021776 0.00000000
vn 0.36124077 0.93247265 0.00000000
vn 0.00000000 -0.00000000 1.00000000
vn 0.18374906 0.98297322 0.00000000
vn 0.00000000 -0.00000000 1.00000000
vn 0.18374987 0.98297310 0.00000000
vn -0.00000000 -0.00000000 -1.00000000
vn 0.00000000 -0.00000035 -1.00000000
vn -0.00000000 -0.00000000 -1.00000000
vn 0.36124229 0.93247193 0.00000000
vn 0.52643269 0.85021687 0.00000000
vn -0.00000000 -0.00000000 -1.00000000
vn 0.67369616 0.73900855 0.00000000
vn -0.00000000 -0.00000000 -1.00000000
vn 0.79801774 0.60263401 0.00000000
vn -0.00000000 -0.00000000 -1.00000000
vn 0.89516324 0.44573852 0.00000000
vn -0.00000000 -0.00000000 -1.00000000
vn 0.96182567 0.27366313 0.00000000
vn -0.00000000 -0.00000000 -1.00000000
vn -0.00000000 -0.00000000 -1.00000000
vn 0.99573427 0.09226836 0.00000000
vn 0.00000000 -0.00000069 -1.00000000
vn -0.00000000 -0.00000000 -1.00000000
vn 0.99573427 -0.09226815 0.00000000
vn 0.96182567 -0.27366349 0.00000000
vn -0.00000000 -0.00000000 -1.00000000
vn 0.89516294 -0.44573897 0.00000000
vn -0.00000000 -0.00000000 -1.00000000
vn 0.00000000 -0.00000138 -1.00000000
vn 0.79801696 -0.60263509 0.00000000
vn -0.00000000 -0.00000000 -1.00000000
vn 0.67369574 -0.73900890 0.00000000
vn -0.00000000 -0.00000000 -1.00000000
vn 0.52643210 -0.85021722 0.00000000
vn -0.00000000 -0.00000000 -1.00000000
vn 0.36124161 -0.93247223 0.00000000
vn -0.00000000 -0.00000000 -1.00000000
vn -0.00000000 0.00000035 -1.00000000
vn -0.00000000 -0.00000000 -1.00000000
vn 0.18375003 -0.98297298 0.00000000
vn -0.00000000 0.00001471 1.00000000
vn 0.00000000 -0.00000000 1.00000000
vn 0.17364837 0.98480773 0.00000000
vn -0.00000000 0.00000253 1.00000000
vn 0.17364797 0.98480791 0.00000000
vn 0.00000000 -0.00000035 -1.00000000
vn -0.00000000 -0.00000000 -1.00000000
vn -0.00000000 -0.00000000 -1.00000000
vn 0.34201947 0.93969297 0.00000000
vn -0.00000000 0.00000253 1.00000000
vn 0.00000000 -0.00000099 1.00000000
vn 0.00000000 -0.00000000 1.00000000
vn 0.34202069 0.93969244 0.00000000
vn 0.00000000 -0.00001207 1.00000000
vn 0.00000000 -0.00001207 1.00000000
vn -0.00000000 0.00001189 1.00000000
vn 0.50000018 0.86602539 0.00000000
vn 0.00000000 -0.00003530 1.00000000
vn -0.00000000 -0.00000000 -1.00000000
vn 0.49999988 0.86602557 0.00000000
vn 0.64278680 0.76604503 0.00000000
vn -0.00000000 -0.00000000 -1.00000000
vn 0.00000000 -0.00003530 1.00000000
vn 0.64278829 0.76604408 0.00000000
vn 0.76604366 0.64278865 0.00000000
vn -0.00000000 -0.00000000 -1.00000000
vn 0.76604485 0.64278710 0.00000000
vn 0.00000000 -0.00003530 1.00000000
vn -0.00000000 0.00001189 1.00000000
vn -0.00000000 -0.00000000 -1.00000000
vn 0.86602491 0.50000083 0.00000000
vn 0.00000000 -0.00000092 1.00000000
vn 0.86602575 0.49999973 0.00000000
vn 0.00000000 -0.00001207 1.00000000
vn 0.00000000 -0.00000000 1.00000000
vn -0.00000000 0.00001189 1.00000000
vn -0.00000000 0.00000151 1.00000000
vn -0.00000000 -0.00000000 -1.00000000
vn 0.93969232 0.34202093 0.00000000
vn 0.93969285 0.34201962 0.00000000
vn 0.00000000 -0.00000441 1.00000000
vn -0.00000000 0.00000149 1.00000000
vn -0.00000000 0.00000151 1.00000000
vn 0.98480773 0.17364903 0.00000000
vn -0.00000000 -0.00000000 -1.00000000
vn 0.00000000 -0.00000441 1.00000000
vn 0.98480803 0.17364763 0.00000000
vn -0.00000000 -0.00000000 -1.00000000
vn 0.00000000 -0.00000069 -1.00000000
vn 1.00000000 0.00000013 0.00000000
vn 1.00000000 0.00000013 0.00000000
vn -0.00000000 0.00000149 1.00000000
vn 0.00000000 -0.00000441 1.00000000
vn 0.98480791 -0.17364806 0.00000000
vn 0.00000000 -0.00000092 1.00000000
vn -0.00000000 0.00000151 1.00000000
vn -0.00000000 0.00000149 1.00000000
vn -0.00000000 -0.00000000 -1.00000000
vn 0.98480779 -0.17364806 0.00000000
vn 0.00000000 -0.00000069 -1.00000000
vn 0.93969297 -0.34201947 0.00000000
vn -0.00000000 -0.00000000 -1.00000000
vn 0.00000000 -0.00000138 -1.00000000
vn 0.00000000 -0.00000092 1.00000000
vn 0.93969244 -0.34202057 0.00000000
vn 0.00000000 -0.00000000 1.00000000
vn 0.86602587 -0.49999958 0.00000000
vn 0.00000000 -0.00000138 -1.00000000
vn -0.00000000 -0.00000000 -1.00000000
vn -0.00000000 0.00000436 1.00000000
vn 0.00000000 -0.00000000 1.00000000
vn -0.00000000 0.00000121 1.00000000
vn 0.86602503 -0.50000060 0.00000000
vn -0.00000000 0.00000903 1.00000000
vn 0.00000000 -0.00000216 1.00000000
vn 0.00000000 -0.00000099 1.00000000
vn 0.76604497 -0.64278686 0.00000000
vn -0.00000000 -0.00000000 -1.00000000
vn 0.00000000 -0.00000000 1.00000000
vn 0.76604396 -0.64278841 0.00000000
vn 0.64278853 -0.76604396 0.00000000
vn -0.00000000 -0.00000000 -1.00000000
vn 0.64278704 -0.76604492 0.00000000
vn 0.00000000 -0.00000000 1.00000000
vn -0.00000000 0.00000903 1.00000000
vn -0.00000000 -0.00000000 -1.00000000
vn 0.50000030 -0.86602527 0.00000000
vn 0.50000000 -0.86602545 0.00000000
vn 0.00000000 -0.00000000 1.00000000
vn -0.00000000 0.00000121 1.00000000
vn -0.00000000 0.00000143 1.00000000
vn 0.00000000 -0.00000000 1.00000000
vn 0.00000000 -0.00000604 1.00000000
vn -0.00000000 0.00000903 1.00000000
vn 0.34201971 -0.93969285 0.00000000
vn 0.00000000 -0.00000627 1.00000000
vn 0.34202093 -0.93969232 0.00000000
vn -0.00000000 -0.00000000 -1.00000000
vn -0.00000000 0.00000035 -1.00000000
vn -0.00000000 -0.00000000 -1.00000000
vn 0.17364864 -0.98480773 0.00000000
vn -0.00000000 0.00002378 1.00000000
vn 0.00000000 -0.00000000 1.00000000
vn 0.00000000 -0.00000604 1.00000000
vn 0.17364824 -0.98480791 0.00000000
vn -0.17364687 -0.98480803 0.00000000
vn -0.00000000 -0.00000000 -1.00000000
vn 0.00000000 -0.00000034 -1.00000000
vn 0.00001961 -1.00000000 -0.00000418
vn -0.00001934 -1.00000000 -0.00000416
vn 0.00000000 -0.00000000 1.00000000
vn -0.17364956 -0.98480761 0.00000000
vn -0.00000000 0.00002378 1.00000000
vn 0.00000000 -0.00000000 1.00000000
vn 0.00001869 -1.00000000 0.00000416
vn -0.00001842 -1.00000000 0.00000418
vn -0.00000000 -0.00000000 -1.00000000
vn -0.00000000 -0.00000000 -1.00000000
vn -0.34201917 -0.93969303 0.00000000
vn 0.00000000 -0.00000034 -1.00000000
vn 0.00000000 -0.00000604 1.00000000
vn 0.00000000 -0.00000627 1.00000000
vn -0.34202099 -0.93969244 0.00000000
vn -0.00000000 0.00002378 1.00000000
vn 0.00000000 -0.00000000 1.00000000
vn -0.49999958 -0.86602569 0.00000000
vn -0.00000000 -0.00000000 -1.00000000
vn 0.00000000 -0.00000000 1.00000000
vn -0.50000036 -0.86602515 0.00000000
vn -0.00000000 -0.00000000 -1.00000000
vn -0.64278680 -0.76604503 0.00000000
vn 0.00000000 -0.00000000 1.00000000
vn -0.00000000 0.00000143 1.00000000
vn -0.64278829 -0.76604408 0.00000000
vn 0.00000000 -0.00000627 1.00000000
vn -0.76604366 -0.64278865 0.00000000
vn -0.00000000 -0.00000000 -1.00000000
vn -0.76604485 -0.64278710 0.00000000
vn 0.00000000 -0.00000000 1.00000000
vn -0.86602527 -0.50000030 0.00000000
vn -0.00000000 -0.00000000 -1.00000000
vn 0.00000000 -0.00000138 -1.00000000
vn -0.86602533 -0.50000024 0.00000000
vn 0.00000000 -0.00000000 1.00000000
vn 0.00000000 -0.00000000 1.00000000
vn -0.93969262 -0.34202021 0.00000000
vn -0.00000000 -0.00000000 -1.00000000
vn 0.00000000 -0.00000138 -1.00000000
vn -0.93969256 -0.34202033 0.00000000
vn -0.98480773 -0.17364903 0.00000000
vn -0.00000000 -0.00000000 -1.00000000
vn -0.00000000 0.00000149 1.00000000
vn 0.00000000 -0.00000000 1.00000000
vn -0.98480803 -0.17364763 0.00000000
vn -0.00000000 -0.00000000 -1.00000000
vn -1.00000000 -0.00000082 0.00000000
vn 0.00000000 -0.00000441 1.00000000
vn -1.00000000 0.00000056 0.00000000
vn -0.00000000 0.00000149 1.00000000
vn -0.98480803 0.17364736 0.00000000
vn -0.00000000 -0.00000000 -1.00000000
vn 0.00000000 -0.00000441 1.00000000
vn -0.98480773 0.17364876 0.00000000
vn -0.93969297 0.34201947 0.00000000
vn -0.00000000 -0.00000000 -1.00000000
vn 0.00000000 -0.00000216 1.00000000
vn -0.00000000 0.00000149 1.00000000
vn -0.00000000 0.00000143 1.00000000
vn -0.93969244 0.34202057 0.00000000
vn 0.00000000 -0.00000000 1.00000000
vn -0.00000000 0.00001765 1.00000000
vn 0.00000000 -0.00000441 1.00000000
vn -0.00000000 0.00000121 1.00000000
vn -0.00000000 -0.00000000 -1.00000000
vn -0.86602539 0.50000006 0.00000000
vn -0.86602545 0.50000000 0.00000000
vn -0.00000000 0.00001765 1.00000000
vn -0.00000000 0.00000436 1.00000000
vn 0.00000000 -0.00000216 1.00000000
vn -0.00000000 0.00001765 1.00000000
vn -0.76604426 0.64278775 0.00000000
vn -0.76604456 0.64278746 0.00000000
vn -0.00000000 -0.00000000 -1.00000000
vn -0.64278853 0.76604396 0.00000000
vn -0.00000000 -0.00000000 -1.00000000
vn -0.64278704 0.76604492 0.00000000
vn -0.00000000 0.00000253 1.00000000
vn -0.00000000 0.00000436 1.00000000
vn 0.00000000 -0.00000099 1.00000000
vn -0.00000000 0.00001471 1.00000000
vn 0.00000000 -0.00000000 1.00000000
vn 0.00000000 -0.00003566 1.00000000
vn -0.00000000 -0.00000000 -1.00000000
vn -0.50000060 0.86602503 0.00000000
vn 0.00000000 -0.00000000 1.00000000
vn -0.49999982 0.86602563 0.00000000
vn -0.00000000 0.00000034 -1.00000000
vn -0.00000000 -0.00000000 -1.00000000
vn -0.34202123 0.93969232 0.00000000
vn 0.00000000 -0.00000000 1.00000000
vn -0.34201941 0.93969291 0.00000000
vn 0.00000000 -0.00003566 1.00000000
vn -0.00000000 0.00000034 -1.00000000
vn -0.00000000 -0.00000000 -1.00000000
vn -0.17364864 0.98480773 0.00000000
vn -0.17364824 0.98480791 0.00000000
vn -0.00000000 0.00001471 1.00000000
vn 0.00000000 -0.00000000 1.00000000
vn 0.00000000 -0.00003566 1.00000000
vn 0.00001842 1.00000000 -0.00000416
vn -0.00001961 1.00000000 -0.00000418
vn 0.00000000 -0.00000000 1.00000000
vn 0.00001934 1.00000000 0.00000418
vn -0.00000000 -0.00000000 -1.00000000
vn -0.00001869 1.00000000 0.00000416
vn -0.18374906 -0.98297322 0.00000000
vn 0.00000000 -0.00000000 1.00000000
vn -0.00000000 0.00000035 -1.00000000
vn -0.00000000 -0.00000000 -1.00000000
vn 0.00002357 -1.00000000 -0.00000443
vn -0.00002222 -1.00000000 -0.00000441
vn -0.18374987 -0.98297310 0.00000000
vn 0.00000000 -0.00000034 -1.00000000
vn -0.00000000 -0.00000000 -1.00000000
vn 0.00002248 -1.00000000 0.00000441
vn 0.00000000 -0.00000000 1.00000000
vn -0.00002331 -1.00000000 0.00000443
vn -0.36124158 -0.93247235 0.00000000
vn 0.00000000 -0.00000000 1.00000000
vn -0.00000000 -0.00000000 -1.00000000
vn -0.36124137 -0.93247235 0.00000000
vn -0.52643186 -0.85021734 0.00000000
vn -0.00000000 -0.00000000 -1.00000000
vn 0.00000000 -0.00000000 1.00000000
vn -0.52643210 -0.85021728 0.00000000
vn -0.00000000 0.00000014 1.00000000
vn -0.67369509 -0.73900950 0.00000000
vn -0.00000000 0.00000014 1.00000000
vn 0.00000000 -0.00000000 1.00000000
vn -0.00000000 -0.00000000 -1.00000000
vn -0.67369616 -0.73900855 0.00000000
vn -0.79801685 -0.60263532 0.00000000
vn 0.00000000 -0.00000000 1.00000000
vn -0.00000000 -0.00000000 -1.00000000
vn -0.79801774 -0.60263401 0.00000000
vn -0.89516282 -0.44573921 0.00000000
vn 0.00000000 -0.00000000 1.00000000
vn 0.00000000 -0.00000138 -1.00000000
vn -0.89516342 -0.44573793 0.00000000
vn -0.00000000 -0.00000000 -1.00000000
vn 0.00000000 -0.00000000 1.00000000
vn -0.96182555 -0.27366382 0.00000000
vn -0.00000000 -0.00000000 -1.00000000
vn -0.96182573 -0.27366251 0.00000000
vn -0.99573422 -0.09226907 0.00000000
vn 0.00000000 -0.00000000 1.00000000
vn -0.99573427 -0.09226771 0.00000000
vn -0.00000000 -0.00000000 -1.00000000
vn 0.00000000 -0.00000000 1.00000000
vn -0.99573427 0.09226744 0.00000000
vn -0.99573422 0.09226880 0.00000000
vn -0.00000000 -0.00000000 -1.00000000
vn -0.96182579 0.27366290 0.00000000
vn 0.00000000 -0.00000000 1.00000000
vn -0.96182579 0.27366298 0.00000000
vn -0.00000000 -0.00000000 -1.00000000
vn -0.89516354 0.44573769 0.00000000
vn -0.00000000 -0.00000000 -1.00000000
vn 0.00000000 -0.00000022 1.00000000
vn 0.00000000 -0.00000000 1.00000000
vn -0.89516294 0.44573897 0.00000000
vn -0.79801738 0.60263449 0.00000000
vn -0.00000000 -0.00000000 -1.00000000
vn -0.00000000 0.00000022 1.00000000
vn -0.79801744 0.60263437 0.00000000
vn 0.00000000 -0.00000000 1.00000000
vn 0.00000000 -0.00000000 1.00000000
vn -0.67369640 0.73900819 0.00000000
vn -0.00000000 -0.00000000 -1.00000000
vn -0.67369521 0.73900926 0.00000000
vn 0.00000000 -0.00000000 1.00000000
vn -0.52643293 0.85021675 0.00000000
vn -0.00000000 -0.00000000 -1.00000000
vn -0.52643150 0.85021764 0.00000000
vn -0.36124191 0.93247223 0.00000000
vn 0.00000000 -0.00000000 1.00000000
vn -0.00000000 -0.00000000 -1.00000000
vn -0.36124161 0.93247223 0.00000000
vn -0.00000000 -0.00000000 -1.00000000
vn -0.00000000 0.00000034 -1.00000000
vn -0.18375003 0.98297298 0.00000000
vn 0.00000000 -0.00000000 1.00000000
vn -0.18374953 0.98297322 0.00000000
vn -0.00002248 1.00000000 0.00000441
vn 0.00002331 1.00000000 0.00000443
vn 0.00000000 -0.00000000 1.00000000
vn 0.00002222 1.00000000 -0.00000441
vn -0.00002357 1.00000000 -0.00000443
vn 0.00000000 -0.00000035 -1.00000000
vn -0.00000000 -0.00000000 -1.00000000
vn -0.14904046 -0.98883110 0.00000000
vn -0.00000000 -0.00000000 -1.00000000
vn 0.00001643 -1.00000000 -0.00000359
vn 0.00000000 -0.00000000 1.00000000
vn -0.00001559 -1.00000000 -0.00000357
vn 0.00000000 -0.00000000 1.00000000
vn -0.14904377 -0.98883063 0.00000000
vn -0.00001616 -1.00000000 0.00000359
vn 0.00001586 -1.00000000 0.00000357
vn -0.00000000 -0.00000000 -1.00000000
vn -0.29475307 -0.95557344 0.00000000
vn -0.00000000 -0.00000000 -1.00000000
vn 0.00000000 -0.00000000 1.00000000
vn -0.29475659 -0.95557249 0.00000000
vn -0.00000000 -0.00000000 -1.00000000
vn -0.43388367 -0.90096897 0.00000000
vn -0.43388388 -0.90096885 0.00000000
vn 0.00000000 -0.00000000 1.00000000
vn -0.56331825 -0.82624006 0.00000000
vn 0.00000000 -0.00000000 1.00000000
vn -0.00000000 0.00000014 1.00000000
vn -0.00000000 -0.00000000 -1.00000000
vn -0.56332135 -0.82623798 0.00000000
vn 0.00000000 -0.00000000 1.00000000
vn -0.68017268 -0.73305190 0.00000000
vn -0.68017256 -0.73305213 0.00000000
vn -0.00000000 -0.00000000 -1.00000000
vn -0.00000000 -0.00000000 -1.00000000
vn -0.78183013 -0.62349164 0.00000000
vn -0.78183281 -0.62348825 0.00000000
vn 0.00000000 -0.00000000 1.00000000
vn -0.00000000 -0.00000000 -1.00000000
vn -0.86602431 -0.50000203 0.00000000
vn 0.00000000 -0.00000000 1.00000000
vn -0.86602646 -0.49999812 0.00000000
vn -0.93087292 -0.36534312 0.00000000
vn -0.00000000 -0.00000000 -1.00000000
vn 0.00000000 -0.00000000 1.00000000
vn -0.93087447 -0.36533922 0.00000000
vn -0.97492742 -0.22252314 0.00000000
vn -0.00000000 -0.00000000 -1.00000000
vn 0.00000000 -0.00000000 1.00000000
vn -0.97492832 -0.22251904 0.00000000
vn -0.00000000 -0.00000000 -1.00000000
vn -0.99720383 -0.07473011 0.00000000
vn 0.00000000 -0.00000000 1.00000000
vn -0.99720389 -0.07473011 0.00000000
vn 0.00000000 -0.00000000 1.00000000
vn -0.99720383 0.07472984 0.00000000
vn -0.99720389 0.07472984 0.00000000
vn -0.00000000 -0.00000000 -1.00000000
vn -0.00000000 -0.00000000 -1.00000000
vn -0.97492808 0.22252087 0.00000000
vn -0.97492796 0.22252087 0.00000000
vn 0.00000000 -0.00000000 1.00000000
vn 0.00000000 -0.00000000 1.00000000
vn -0.93087459 0.36533898 0.00000000
vn 0.00000000 -0.00000022 1.00000000
vn -0.93087304 0.36534289 0.00000000
vn -0.00000000 -0.00000000 -1.00000000
vn 0.00000000 -0.00000000 1.00000000
vn 0.00000000 -0.00000022 1.00000000
vn -0.86602545 0.49999988 0.00000000
vn -0.00000000 0.00000022 1.00000000
vn -0.86602569 0.49999988 0.00000000
vn -0.00000000 -0.00000000 -1.00000000
vn -0.00000000 -0.00000000 -1.00000000
vn -0.78183168 0.62348956 0.00000000
vn -0.78183168 0.62348980 0.00000000
vn -0.00000000 0.00000022 1.00000000
vn 0.00000000 -0.00000000 1.00000000
vn -0.68017292 0.73305178 0.00000000
vn 0.00000000 -0.00000000 1.00000000
vn -0.68017280 0.73305190 0.00000000
vn -0.00000000 -0.00000000 -1.00000000
vn -0.00000000 -0.00000000 -1.00000000
vn -0.56332159 0.82623786 0.00000000
vn 0.00000000 -0.00000000 1.00000000
vn -0.56331849 0.82623994 0.00000000
vn -0.00000000 -0.00000000 -1.00000000
vn -0.43388391 0.90096885 0.00000000
vn 0.00000000 -0.00000000 1.00000000
vn -0.43388411 0.90096873 0.00000000
vn -0.29475683 0.95557237 0.00000000
vn 0.00000000 -0.00000000 1.00000000
vn -0.00000000 -0.00000000 -1.00000000
vn -0.29475331 0.95557332 0.00000000
vn 0.00000000 -0.00000000 1.00000000
vn -0.14904223 0.98883092 0.00000000
vn -0.00000000 -0.00000000 -1.00000000
vn -0.14904253 0.98883080 0.00000000
vn 0.00001616 1.00000000 0.00000359
vn -0.00001586 1.00000000 0.00000357
vn -0.00000000 -0.00000000 -1.00000000
vn 0.00001559 1.00000000 -0.00000357
vn 0.00000000 -0.00000000 1.00000000
vn -0.00001643 1.00000000 -0.00000359
vn -0.00000000 -0.00000000 -1.00000000
vn 0.14904197 0.98883092 0.00000000
vn 0.00000000 -0.00000000 1.00000000
vn 0.14904226 0.98883080 0.00000000
vn 0.00000000 -0.00000000 1.00000000
vn 0.29475507 0.95557296 0.00000000
vn 0.29475460 0.95557308 0.00000000
vn -0.00000000 -0.00000000 -1.00000000
vn -0.00000000 -0.00000000 -1.00000000
vn 0.43388367 0.90096897 0.00000000
vn 0.00000000 -0.00000000 1.00000000
vn 0.43388388 0.90096885 0.00000000
vn 0.00000000 -0.00000000 1.00000000
vn 0.56331986 0.82623893 0.00000000
vn -0.00000000 -0.00000000 -1.00000000
vn 0.56331986 0.82623893 0.00000000
vn -0.00000000 -0.00000000 -1.00000000
vn 0.68017119 0.73305345 0.00000000
vn 0.00000000 -0.00000000 1.00000000
vn 0.68017405 0.73305064 0.00000000
vn 0.78183013 0.62349164 0.00000000
vn -0.00000000 -0.00000000 -1.00000000
vn 0.00000000 -0.00000000 1.00000000
vn 0.78183281 0.62348825 0.00000000
vn -0.00000000 -0.00000000 -1.00000000
vn 0.86602431 0.50000203 0.00000000
vn 0.00000000 -0.00000000 1.00000000
vn 0.00000000 -0.00000014 1.00000000
vn 0.86602646 0.49999812 0.00000000
vn -0.00000000 -0.00000000 -1.00000000
vn 0.93087292 0.36534312 0.00000000
vn 0.93087447 0.36533922 0.00000000
vn -0.00000000 0.00000014 1.00000000
vn 0.00000000 -0.00000000 1.00000000
vn 0.00000000 -0.00000014 1.00000000
vn -0.00000000 -0.00000000 -1.00000000
vn 0.97492796 0.22252114 0.00000000
vn 0.97492784 0.22252114 0.00000000
vn 0.00000000 -0.00000000 1.00000000
vn 0.00000000 -0.00000000 1.00000000
vn 0.99720371 0.07473219 0.00000000
vn 0.99720401 0.07472803 0.00000000
vn -0.00000000 -0.00000000 -1.00000000
vn 0.99720401 -0.07472776 0.00000000
vn 0.00000000 -0.00000000 1.00000000
vn 0.99720371 -0.07473192 0.00000000
vn -0.00000000 -0.00000000 -1.00000000
vn 0.97492844 -0.22251877 0.00000000
vn 0.00000000 -0.00000000 1.00000000
vn -0.00000000 -0.00000000 -1.00000000
vn 0.97492755 -0.22252287 0.00000000
vn 0.00000000 -0.00000000 1.00000000
vn 0.93087387 -0.36534098 0.00000000
vn -0.00000000 0.00000014 1.00000000
vn -0.00000000 -0.00000000 -1.00000000
vn 0.93087387 -0.36534098 0.00000000
vn -0.00000000 -0.00000000 -1.00000000
vn 0.86602658 -0.49999788 0.00000000
vn 0.86602444 -0.50000179 0.00000000
vn -0.00000000 0.00000014 1.00000000
vn 0.00000000 -0.00000000 1.00000000
vn 0.78183168 -0.62348956 0.00000000
vn -0.00000000 -0.00000000 -1.00000000
vn 0.78183168 -0.62348980 0.00000000
vn 0.00000000 -0.00000000 1.00000000
vn 0.68017292 -0.73305178 0.00000000
vn 0.00000000 -0.00000000 1.00000000
vn -0.00000000 -0.00000000 -1.00000000
vn 0.68017280 -0.73305190 0.00000000
vn -0.00000000 -0.00000000 -1.00000000
vn 0.56332159 -0.82623786 0.00000000
vn 0.56331849 -0.82623994 0.00000000
vn 0.00000000 -0.00000000 1.00000000
vn 0.43388391 -0.90096885 0.00000000
vn -0.00000000 -0.00000000 -1.00000000
vn 0.00000000 -0.00000000 1.00000000
vn 0.43388411 -0.90096873 0.00000000
vn 0.00000000 -0.00000000 1.00000000
vn 0.29475531 -0.95557284 0.00000000
vn -0.00000000 -0.00000000 -1.00000000
vn 0.29475483 -0.95557296 0.00000000
vn 0.14904404 -0.98883063 0.00000000
vn -0.00000000 -0.00000000 -1.00000000
vn 0.14904073 -0.98883110 0.00000000
vn 0.00000000 -0.00000000 1.00000000
vn 0.67369592 -0.73900866 0.00000000
vn 0.00000000 -0.00000000 1.00000000
vn 0.00000000 -0.00000000 1.00000000
vn 0.79801798 -0.60263365 0.00000000
vn 0.00000000 -0.00000000 1.00000000
vn 0.52643233 -0.85021716 0.00000000
vn 0.89516354 -0.44573778 0.00000000
vn -0.00000000 0.00000014 1.00000000
vn 0.00000000 -0.00000000 1.00000000
vn 0.00000000 -0.00000000 1.00000000
vn 0.36124191 -0.93247223 0.00000000
vn 0.96182585 -0.27366227 0.00000000
vn 0.00000000 -0.00000000 1.00000000
vn 0.18374953 -0.98297322 0.00000000
vn 0.00000000 -0.00000000 1.00000000
vn 0.00000000 -0.00000000 1.00000000
vn 0.99573427 -0.09226809 0.00000000
vn 0.99573427 0.09226841 0.00000000
vn 0.00000000 -0.00000000 1.00000000
vn 0.96182567 0.27366322 0.00000000
vn 0.00000000 -0.00000000 1.00000000
vn -0.00000000 0.00000014 1.00000000
vn 0.00000000 -0.00000000 1.00000000
vn -0.00000000 0.00000014 1.00000000
vn 0.00000000 -0.00000014 1.00000000
vn 0.89516312 0.44573873 0.00000000
vn 0.00000000 -0.00000000 1.00000000
vn 0.79801685 0.60263532 0.00000000
vn 0.00000000 -0.00000000 1.00000000
vn 0.67369509 0.73900950 0.00000000
vn 0.52643126 0.85021776 0.00000000
vn 0.00000000 -0.00000000 1.00000000
vn 0.36124077 0.93247265 0.00000000
vn 0.00000000 -0.00000000 1.00000000
vn 0.00000000 -0.00000000 1.00000000
vn 0.18374906 0.98297322 0.00000000
vn -0.00000000 -0.00000000 -1.00000000
vn 0.00000000 -0.00000035 -1.00000000
vn 0.18374987 0.98297310 0.00000000
vn 0.36124229 0.93247193 0.00000000
vn -0.00000000 -0.00000000 -1.00000000
vn -0.00000000 -0.00000000 -1.00000000
vn 0.52643269 0.85021687 0.00000000
vn -0.00000000 -0.00000000 -1.00000000
vn 0.67369616 0.73900855 0.00000000
vn 0.79801774 0.60263401 0.00000000
vn -0.00000000 -0.00000000 -1.00000000
vn 0.89516324 0.44573852 0.00000000
vn -0.00000000 -0.00000000 -1.00000000
vn 0.96182567 0.27366313 0.00000000
vn -0.00000000 -0.00000000 -1.00000000
vn 0.99573427 0.09226836 0.00000000
vn -0.00000000 -0.00000000 -1.00000000
vn 0.99573427 -0.09226815 0.00000000
vn -0.00000000 -0.00000000 -1.00000000
vn 0.00000000 -0.00000069 -1.00000000
vn -0.00000000 -0.00000000 -1.00000000
vn 0.96182567 -0.27366349 0.00000000
vn -0.00000000 -0.00000000 -1.00000000
vn 0.89516294 -0.44573897 0.00000000
vn 0.00000000 -0.00000138 -1.00000000
vn -0.00000000 -0.00000000 -1.00000000
vn 0.79801696 -0.60263509 0.00000000
vn -0.00000000 -0.00000000 -1.00000000
vn 0.67369574 -0.73900890 0.00000000
vn 0.52643210 -0.85021722 0.00000000
vn -0.00000000 -0.00000000 -1.00000000
vn 0.36124161 -0.93247223 0.00000000
vn -0.00000000 -0.00000000 -1.00000000
vn 0.18375003 -0.98297298 0.00000000
vn -0.00000000 -0.00000000 -1.00000000
vn -0.00000000 0.00000035 -1.00000000
vn 0.17364837 0.98480773 0.00000000
vn 0.00000000 -0.00000000 1.00000000
vn -0.00000000 0.00001471 1.00000000
vn -0.00000000 0.00000253 1.00000000
vn -0.00000000 -0.00000000 -1.00000000
vn 0.00000000 -0.00000035 -1.00000000
vn 0.17364797 0.98480791 0.00000000
vn -0.00000000 -0.00000000 -1.00000000
vn 0.34201947 0.93969297 0.00000000
vn 0.00000000 -0.00000000 1.00000000
vn 0.00000000 -0.00001207 1.00000000
vn 0.00000000 -0.00000099 1.00000000
vn -0.00000000 0.00000253 1.00000000
vn 0.34202069 0.93969244 0.00000000
vn 0.00000000 -0.00001207 1.00000000
vn 0.00000000 -0.00003530 1.00000000
vn 0.50000018 0.86602539 0.00000000
vn -0.00000000 0.00001189 1.00000000
vn 0.49999988 0.86602557 0.00000000
vn -0.00000000 -0.00000000 -1.00000000
vn 0.64278680 0.76604503 0.00000000
vn -0.00000000 -0.00000000 -1.00000000
vn 0.64278829 0.76604408 0.00000000
vn 0.00000000 -0.00003530 1.00000000
vn -0.00000000 -0.00000000 -1.00000000
vn 0.76604366 0.64278865 0.00000000
vn 0.00000000 -0.00003530 1.00000000
vn 0.76604485 0.64278710 0.00000000
vn -0.00000000 0.00001189 1.00000000
vn -0.00000000 -0.00000000 -1.00000000
vn 0.86602491 0.50000083 0.00000000
vn 0.00000000 -0.00000000 1.00000000
vn -0.00000000 0.00000151 1.00000000
vn -0.00000000 0.00001189 1.00000000
vn 0.00000000 -0.00001207 1.00000000
vn 0.86602575 0.49999973 0.00000000
vn 0.00000000 -0.00000092 1.00000000
vn 0.93969232 0.34202093 0.00000000
vn -0.00000000 -0.00000000 -1.00000000
vn 0.00000000 -0.00000441 1.00000000
vn -0.00000000 0.00000151 1.00000000
vn -0.00000000 0.00000149 1.00000000
vn 0.93969285 0.34201962 0.00000000
vn 0.98480773 0.17364903 0.00000000
vn -0.00000000 -0.00000000 -1.00000000
vn 0.98480803 0.17364763 0.00000000
vn 0.00000000 -0.00000441 1.00000000
vn 1.00000000 0.00000013 0.00000000
vn -0.00000000 -0.00000000 -1.00000000
vn 0.00000000 -0.00000069 -1.00000000
vn 1.00000000 0.00000013 0.00000000
vn 0.00000000 -0.00000441 1.00000000
vn -0.00000000 0.00000149 1.00000000
vn -0.00000000 0.00000149 1.00000000
vn 0.00000000 -0.00000092 1.00000000
vn -0.00000000 0.00000151 1.00000000
vn 0.98480791 -0.17364806 0.00000000
vn 0.00000000 -0.00000069 -1.00000000
vn 0.98480779 -0.17364806 0.00000000
vn -0.00000000 -0.00000000 -1.00000000
vn 0.00000000 -0.00000138 -1.00000000
vn 0.93969297 -0.34201947 0.00000000
vn -0.00000000 -0.00000000 -1.00000000
vn 0.93969244 -0.34202057 0.00000000
vn 0.00000000 -0.00000000 1.00000000
vn 0.00000000 -0.00000092 1.00000000
vn 0.00000000 -0.00000138 -1.00000000
vn 0.86602587 -0.49999958 0.00000000
vn -0.00000000 -0.00000000 -1.00000000
vn 0.00000000 -0.00000000 1.00000000
vn 0.86602503 -0.50000060 0.00000000
vn -0.00000000 0.00000903 1.00000000
vn -0.00000000 0.00000121 1.00000000
vn 0.00000000 -0.00000216 1.00000000
vn 0.00000000 -0.00000099 1.00000000
vn -0.00000000 0.00000436 1.00000000
vn -0.00000000 -0.00000000 -1.00000000
vn 0.76604497 -0.64278686 0.00000000
vn 0.00000000 -0.00000000 1.00000000
vn 0.76604396 -0.64278841 0.00000000
vn 0.64278853 -0.76604396 0.00000000
vn -0.00000000 -0.00000000 -1.00000000
vn 0.64278704 -0.76604492 0.00000000
vn 0.00000000 -0.00000000 1.00000000
vn -0.00000000 0.00000903 1.00000000
vn 0.50000030 -0.86602527 0.00000000
vn -0.00000000 -0.00000000 -1.00000000
vn 0.50000000 -0.86602545 0.00000000
vn 0.00000000 -0.00000000 1.00000000
vn -0.00000000 0.00000903 1.00000000
vn 0.00000000 -0.00000627 1.00000000
vn 0.34201971 -0.93969285 0.00000000
vn -0.00000000 0.00000143 1.00000000
vn -0.00000000 0.00000121 1.00000000
vn 0.00000000 -0.00000604 1.00000000
vn 0.00000000 -0.00000000 1.00000000
vn -0.00000000 -0.00000000 -1.00000000
vn 0.34202093 -0.93969232 0.00000000
vn -0.00000000 -0.00000000 -1.00000000
vn 0.17364864 -0.98480773 0.00000000
vn -0.00000000 0.00000035 -1.00000000
vn -0.00000000 0.00002378 1.00000000
vn 0.00000000 -0.00000000 1.00000000
vn 0.17364824 -0.98480791 0.00000000
vn 0.00000000 -0.00000604 1.00000000
vn 0.00000000 -0.00000034 -1.00000000
vn -0.17364687 -0.98480803 0.00000000
vn -0.00000000 -0.00000000 -1.00000000
vn -0.00001934 -1.00000000 -0.00000416
vn 0.00001961 -1.00000000 -0.00000418
vn 0.00000000 -0.00000000 1.00000000
vn -0.17364956 -0.98480761 0.00000000
vn -0.00000000 0.00002378 1.00000000
vn 0.00000000 -0.00000000 1.00000000
vn -0.00000000 -0.00000000 -1.00000000
vn 0.00001869 -1.00000000 0.00000416
vn -0.00001842 -1.00000000 0.00000418
vn 0.00000000 -0.00000034 -1.00000000
vn -0.34201917 -0.93969303 0.00000000
vn -0.00000000 -0.00000000 -1.00000000
vn 0.00000000 -0.00000000 1.00000000
vn -0.00000000 0.00002378 1.00000000
vn -0.34202099 -0.93969244 0.00000000
vn 0.00000000 -0.00000604 1.00000000
vn 0.00000000 -0.00000627 1.00000000
vn -0.00000000 -0.00000000 -1.00000000
vn -0.49999958 -0.86602569 0.00000000
vn 0.00000000 -0.00000000 1.00000000
vn -0.50000036 -0.86602515 0.00000000
vn -0.64278680 -0.76604503 0.00000000
vn -0.00000000 -0.00000000 -1.00000000
vn 0.00000000 -0.00000000 1.00000000
vn -0.00000000 0.00000143 1.00000000
vn 0.00000000 -0.00000627 1.00000000
vn -0.64278829 -0.76604408 0.00000000
vn -0.00000000 -0.00000000 -1.00000000
vn -0.76604366 -0.64278865 0.00000000
vn 0.00000000 -0.00000000 1.00000000
vn -0.76604485 -0.64278710 0.00000000
vn -0.00000000 -0.00000000 -1.00000000
vn -0.86602527 -0.50000030 0.00000000
vn 0.00000000 -0.00000138 -1.00000000
vn 0.00000000 -0.00000000 1.00000000
vn -0.86602533 -0.50000024 0.00000000
vn -0.93969262 -0.34202021 0.00000000
vn 0.00000000 -0.00000000 1.00000000
vn -0.93969256 -0.34202033 0.00000000
vn -0.00000000 -0.00000000 -1.00000000
vn 0.00000000 -0.00000138 -1.00000000
vn -0.98480773 -0.17364903 0.00000000
vn -0.00000000 -0.00000000 -1.00000000
vn 0.00000000 -0.00000000 1.00000000
vn -0.98480803 -0.17364763 0.00000000
vn -0.00000000 0.00000149 1.00000000
vn -1.00000000 -0.00000082 0.00000000
vn -0.00000000 -0.00000000 -1.00000000
vn -1.00000000 0.00000056 0.00000000
vn 0.00000000 -0.00000441 1.00000000
vn -0.00000000 0.00000149 1.00000000
vn -0.00000000 -0.00000000 -1.00000000
vn -0.98480803 0.17364736 0.00000000
vn 0.00000000 -0.00000441 1.00000000
vn -0.98480773 0.17364876 0.00000000
vn -0.93969297 0.34201947 0.00000000
vn -0.00000000 -0.00000000 -1.00000000
vn -0.00000000 0.00000149 1.00000000
vn -0.00000000 0.00000143 1.00000000
vn -0.00000000 0.00000121 1.00000000
vn -0.93969244 0.34202057 0.00000000
vn 0.00000000 -0.00000441 1.00000000
vn -0.00000000 0.00001765 1.00000000
vn 0.00000000 -0.00000216 1.00000000
vn 0.00000000 -0.00000000 1.00000000
vn -0.86602539 0.50000006 0.00000000
vn -0.00000000 -0.00000000 -1.00000000
vn -0.86602545 0.50000000 0.00000000
vn -0.00000000 0.00001765 1.00000000
vn -0.00000000 0.00001765 1.00000000
vn -0.00000000 0.00000436 1.00000000
vn -0.76604426 0.64278775 0.00000000
vn 0.00000000 -0.00000216 1.00000000
vn -0.76604456 0.64278746 0.00000000
vn -0.00000000 -0.00000000 -1.00000000
vn -0.00000000 -0.00000000 -1.00000000
vn -0.64278853 0.76604396 0.00000000
vn -0.00000000 0.00000436 1.00000000
vn 0.00000000 -0.00003566 1.00000000
vn 0.00000000 -0.00000099 1.00000000
vn 0.00000000 -0.00000000 1.00000000
vn -0.64278704 0.76604492 0.00000000
vn -0.00000000 0.00001471 1.00000000
vn -0.00000000 0.00000253 1.00000000
vn -0.00000000 -0.00000000 -1.00000000
vn -0.50000060 0.86602503 0.00000000
vn 0.00000000 -0.00000000 1.00000000
vn -0.49999982 0.86602563 0.00000000
vn -0.00000000 -0.00000000 -1.00000000
vn -0.00000000 0.00000034 -1.00000000
vn -0.34202123 0.93969232 0.00000000
vn 0.00000000 -0.00003566 1.00000000
vn -0.34201941 0.93969291 0.00000000
vn 0.00000000 -0.00000000 1.00000000
vn -0.00000000 -0.00000000 -1.00000000
vn -0.17364864 0.98480773 0.00000000
vn -0.00000000 0.00000034 -1.00000000
vn -0.00000000 0.00001471 1.00000000
vn -0.17364824 0.98480791 0.00000000
vn 0.00000000 -0.00000000 1.00000000
vn 0.00000000 -0.00003566 1.00000000
vn 0.00001842 1.00000000 -0.00000416
vn 0.00000000 -0.00000000 1.00000000
vn -0.00001961 1.00000000 -0.00000418
vn -0.00000000 -0.00000000 -1.00000000
vn -0.00001869 1.00000000 0.00000416
vn 0.00001934 1.00000000 0.00000418
vn -0.18374906 -0.98297322 0.00000000
vn 0.00000000 -0.00000000 1.00000000
vn -0.00002222 -1.00000000 -0.00000441
vn 0.00002357 -1.00000000 -0.00000443
vn -0.00000000 -0.00000000 -1.00000000
vn -0.00000000 0.00000035 -1.00000000
vn 0.00000000 -0.00000034 -1.00000000
vn -0.18374987 -0.98297310 0.00000000
vn -0.00000000 -0.00000000 -1.00000000
vn 0.00000000 -0.00000000 1.00000000
vn 0.00002248 -1.00000000 0.00000441
vn -0.00002331 -1.00000000 0.00000443
vn -0.36124158 -0.93247235 0.00000000
vn 0.00000000 -0.00000000 1.00000000
vn -0.36124137 -0.93247235 0.00000000
vn -0.00000000 -0.00000000 -1.00000000
vn -0.52643186 -0.85021734 0.00000000
vn -0.00000000 -0.00000000 -1.00000000
vn 0.00000000 -0.00000000 1.00000000
vn -0.52643210 -0.85021728 0.00000000
vn -0.00000000 0.00000014 1.00000000
vn -0.67369509 -0.73900950 0.00000000
vn 0.00000000 -0.00000000 1.00000000
vn -0.00000000 0.00000014 1.00000000
vn -0.67369616 -0.73900855 0.00000000
vn -0.00000000 -0.00000000 -1.00000000
vn -0.79801685 -0.60263532 0.00000000
vn 0.00000000 -0.00000000 1.00000000
vn -0.79801774 -0.60263401 0.00000000
vn -0.00000000 -0.00000000 -1.00000000
vn 0.00000000 -0.00000000 1.00000000
vn -0.89516282 -0.44573921 0.00000000
vn -0.89516342 -0.44573793 0.00000000
vn -0.00000000 -0.00000000 -1.00000000
vn 0.00000000 -0.00000138 -1.00000000
vn -0.96182555 -0.27366382 0.00000000
vn 0.00000000 -0.00000000 1.00000000
vn -0.00000000 -0.00000000 -1.00000000
vn -0.96182573 -0.27366251 0.00000000
vn 0.00000000 -0.00000000 1.00000000
vn -0.99573422 -0.09226907 0.00000000
vn -0.00000000 -0.00000000 -1.00000000
vn -0.99573427 -0.09226771 0.00000000
vn 0.00000000 -0.00000000 1.00000000
vn -0.99573427 0.09226744 0.00000000
vn -0.99573422 0.09226880 0.00000000
vn -0.00000000 -0.00000000 -1.00000000
vn 0.00000000 -0.00000000 1.00000000
vn -0.96182579 0.27366290 0.00000000
vn -0.96182579 0.27366298 0.00000000
vn -0.00000000 -0.00000000 -1.00000000
vn -0.89516354 0.44573769 0.00000000
vn -0.00000000 -0.00000000 -1.00000000
vn 0.00000000 -0.00000000 1.00000000
vn -0.89516294 0.44573897 0.00000000
vn 0.00000000 -0.00000022 1.00000000
vn -0.79801738 0.60263449 0.00000000
vn -0.00000000 -0.00000000 -1.00000000
vn -0.00000000 0.00000022 1.00000000
vn -0.79801744 0.60263437 0.00000000
vn 0.00000000 -0.00000000 1.00000000
vn 0.00000000 -0.00000000 1.00000000
vn -0.67369640 0.73900819 0.00000000
vn -0.67369521 0.73900926 0.00000000
vn -0.00000000 -0.00000000 -1.00000000
vn 0.00000000 -0.00000000 1.00000000
vn -0.52643293 0.85021675 0.00000000
vn -0.52643150 0.85021764 0.00000000
vn -0.00000000 -0.00000000 -1.00000000
vn 0.00000000 -0.00000000 1.00000000
vn -0.36124191 0.93247223 0.00000000
vn -0.00000000 -0.00000000 -1.00000000
vn -0.36124161 0.93247223 0.00000000
vn -0.00000000 0.00000034 -1.00000000
vn -0.18375003 0.98297298 0.00000000
vn -0.00000000 -0.00000000 -1.00000000
vn -0.18374953 0.98297322 0.00000000
vn 0.00000000 -0.00000000 1.00000000
vn 0.00000000 -0.00000000 1.00000000
vn 0.00002331 1.00000000 0.00000443
vn -0.00002248 1.00000000 0.00000441
vn -0.00002357 1.00000000 -0.00000443
vn -0.00000000 -0.00000000 -1.00000000
vn 0.00000000 -0.00000035 -1.00000000
vn 0.00002222 1.00000000 -0.00000441
vn -0.00000000 -0.00000000 -1.00000000
vn -0.14904046 -0.98883110 0.00000000
vn 0.00000000 -0.00000000 1.00000000
vn 0.00001643 -1.00000000 -0.00000359
vn -0.00001559 -1.00000000 -0.00000357
vn -0.14904377 -0.98883063 0.00000000
vn 0.00000000 -0.00000000 1.00000000
vn -0.00000000 -0.00000000 -1.00000000
vn -0.00001616 -1.00000000 0.00000359
vn 0.00001586 -1.00000000 0.00000357
vn -0.00000000 -0.00000000 -1.00000000
vn -0.29475307 -0.95557344 0.00000000
vn 0.00000000 -0.00000000 1.00000000
vn -0.29475659 -0.95557249 0.00000000
vn -0.00000000 -0.00000000 -1.00000000
vn -0.43388367 -0.90096897 0.00000000
vn 0.00000000 -0.00000000 1.00000000
vn -0.43388388 -0.90096885 0.00000000
vn -0.56331825 -0.82624006 0.00000000
vn 0.00000000 -0.00000000 1.00000000
vn -0.00000000 0.00000014 1.00000000
vn -0.56332135 -0.82623798 0.00000000
vn -0.00000000 -0.00000000 -1.00000000
vn 0.00000000 -0.00000000 1.00000000
vn -0.68017268 -0.73305190 0.00000000
vn -0.68017256 -0.73305213 0.00000000
vn -0.00000000 -0.00000000 -1.00000000
vn -0.00000000 -0.00000000 -1.00000000
vn -0.78183013 -0.62349164 0.00000000
vn -0.78183281 -0.62348825 0.00000000
vn 0.00000000 -0.00000000 1.00000000
vn -0.00000000 -0.00000000 -1.00000000
vn -0.86602431 -0.50000203 0.00000000
vn 0.00000000 -0.00000000 1.00000000
vn -0.86602646 -0.49999812 0.00000000
vn -0.00000000 -0.00000000 -1.00000000
vn -0.93087292 -0.36534312 0.00000000
vn -0.93087447 -0.36533922 0.00000000
vn 0.00000000 -0.00000000 1.00000000
vn -0.00000000 -0.00000000 -1.00000000
vn -0.97492742 -0.22252314 0.00000000
vn -0.97492832 -0.22251904 0.00000000
vn 0.00000000 -0.00000000 1.00000000
vn -0.99720383 -0.07473011 0.00000000
vn -0.00000000 -0.00000000 -1.00000000
vn 0.00000000 -0.00000000 1.00000000
vn -0.99720389 -0.07473011 0.00000000
vn 0.00000000 -0.00000000 1.00000000
vn -0.99720383 0.07472984 0.00000000
vn -0.00000000 -0.00000000 -1.00000000
vn -0.99720389 0.07472984 0.00000000
vn -0.97492808 0.22252087 0.00000000
vn -0.00000000 -0.00000000 -1.00000000
vn -0.97492796 0.22252087 0.00000000
vn 0.00000000 -0.00000000 1.00000000
vn 0.00000000 -0.00000000 1.00000000
vn 0.00000000 -0.00000022 1.00000000
vn -0.93087459 0.36533898 0.00000000
vn -0.93087304 0.36534289 0.00000000
vn -0.00000000 -0.00000000 -1.00000000
vn 0.00000000 -0.00000022 1.00000000
vn -0.00000000 0.00000022 1.00000000
vn -0.86602545 0.49999988 0.00000000
vn 0.00000000 -0.00000000 1.00000000
vn -0.00000000 -0.00000000 -1.00000000
vn -0.86602569 0.49999988 0.00000000
vn -0.00000000 -0.00000000 -1.00000000
vn -0.78183168 0.62348956 0.00000000
vn -0.00000000 0.00000022 1.00000000
vn 0.00000000 -0.00000000 1.00000000
vn -0.78183168 0.62348980 0.00000000
vn -0.68017292 0.73305178 0.00000000
vn 0.00000000 -0.00000000 1.00000000
vn -0.68017280 0.73305190 0.00000000
vn -0.00000000 -0.00000000 -1.00000000
vn -0.00000000 -0.00000000 -1.00000000
vn -0.56332159 0.82623786 0.00000000
vn 0.00000000 -0.00000000 1.00000000
vn -0.56331849 0.82623994 0.00000000
vn -0.00000000 -0.00000000 -1.00000000
vn -0.43388391 0.90096885 0.00000000
vn -0.43388411 0.90096873 0.00000000
vn 0.00000000 -0.00000000 1.00000000
vn -0.29475683 0.95557237 0.00000000
vn 0.00000000 -0.00000000 1.00000000
vn -0.00000000 -0.00000000 -1.00000000
vn -0.29475331 0.95557332 0.00000000
vn 0.00000000 -0.00000000 1.00000000
vn -0.14904223 0.98883092 0.00000000
vn -0.00000000 -0.00000000 -1.00000000
vn -0.14904253 0.98883080 0.00000000
vn -0.00000000 -0.00000000 -1.00000000
vn 0.00001616 1.00000000 0.00000359
vn -0.00001586 1.00000000 0.00000357
vn -0.00001643 1.00000000 -0.00000359
vn 0.00001559 1.00000000 -0.00000357
vn 0.00000000 -0.00000000 1.00000000
vn 0.14904197 0.98883092 0.00000000
vn -0.00000000 -0.00000000 -1.00000000
vn 0.14904226 0.98883080 0.00000000
vn 0.00000000 -0.00000000 1.00000000
vn 0.00000000 -0.00000000 1.00000000
vn 0.29475507 0.95557296 0.00000000
vn 0.29475460 0.95557308 0.00000000
vn -0.00000000 -0.00000000 -1.00000000
vn 0.43388367 0.90096897 0.00000000
vn -0.00000000 -0.00000000 -1.00000000
vn 0.43388388 0.90096885 0.00000000
vn 0.00000000 -0.00000000 1.00000000
vn 0.00000000 -0.00000000 1.00000000
vn 0.56331986 0.82623893 0.00000000
vn -0.00000000 -0.00000000 -1.00000000
vn 0.56331986 0.82623893 0.00000000
vn -0.00000000 -0.00000000 -1.00000000
vn 0.68017119 0.73305345 0.00000000
vn 0.68017405 0.73305064 0.00000000
vn 0.00000000 -0.00000000 1.00000000
vn -0.00000000 -0.00000000 -1.00000000
vn 0.78183013 0.62349164 0.00000000
vn 0.00000000 -0.00000000 1.00000000
vn 0.78183281 0.62348825 0.00000000
vn -0.00000000 -0.00000000 -1.00000000
vn 0.86602431 0.50000203 0.00000000
vn 0.00000000 -0.00000014 1.00000000
vn 0.86602646 0.49999812 0.00000000
vn 0.00000000 -0.00000000 1.00000000
vn -0.00000000 -0.00000000 -1.00000000
vn 0.93087292 0.36534312 0.00000000
vn 0.00000000 -0.00000014 1.00000000
vn 0.00000000 -0.00000000 1.00000000
vn 0.93087447 0.36533922 0.00000000
vn -0.00000000 0.00000014 1.00000000
vn 0.97492796 0.22252114 0.00000000
vn -0.00000000 -0.00000000 -1.00000000
vn 0.00000000 -0.00000000 1.00000000
vn 0.97492784 0.22252114 0.00000000
vn 0.00000000 -0.00000000 1.00000000
vn 0.99720371 0.07473219 0.00000000
vn 0.99720401 0.07472803 0.00000000
vn -0.00000000 -0.00000000 -1.00000000
vn 0.00000000 -0.00000000 1.00000000
vn 0.99720401 -0.07472776 0.00000000
vn 0.99720371 -0.07473192 0.00000000
vn -0.00000000 -0.00000000 -1.00000000
vn 0.97492844 -0.22251877 0.00000000
vn 0.00000000 -0.00000000 1.00000000
vn 0.97492755 -0.22252287 0.00000000
vn -0.00000000 -0.00000000 -1.00000000
vn -0.00000000 0.00000014 1.00000000
vn 0.00000000 -0.00000000 1.00000000
vn 0.93087387 -0.36534098 0.00000000
vn -0.00000000 -0.00000000 -1.00000000
vn 0.93087387 -0.36534098 0.00000000
vn -0.00000000 -0.00000000 -1.00000000
vn 0.86602658 -0.49999788 0.00000000
vn -0.00000000 0.00000014 1.00000000
vn 0.86602444 -0.50000179 0.00000000
vn 0.00000000 -0.00000000 1.00000000
vn 0.78183168 -0.62348956 0.00000000
vn -0.00000000 -0.00000000 -1.00000000
vn 0.78183168 -0.62348980 0.00000000
vn 0.00000000 -0.00000000 1.00000000
vn 0.00000000 -0.00000000 1.00000000
vn 0.68017292 -0.73305178 0.00000000
vn -0.00000000 -0.00000000 -1.00000000
vn 0.68017280 -0.73305190 0.00000000
vn -0.00000000 -0.00000000 -1.00000000
vn 0.56332159 -0.82623786 0.00000000
vn 0.56331849 -0.82623994 0.00000000
vn 0.00000000 -0.00000000 1.00000000
vn -0.00000000 -0.00000000 -1.00000000
vn 0.43388391 -0.90096885 0.00000000
vn 0.00000000 -0.00000000 1.00000000
vn 0.43388411 -0.90096873 0.00000000
vn 0.00000000 -0.00000000 1.00000000
vn 0.29475531 -0.95557284 0.00000000
vn -0.00000000 -0.00000000 -1.00000000
vn 0.29475483 -0.95557296 0.00000000
vn -0.00000000 -0.00000000 -1.00000000
vn 0.14904404 -0.98883063 0.00000000
vn 0.00000000 -0.00000000 1.00000000
vn 0.14904073 -0.98883110 0.00000000
vn 0.00000000 -0.00000000 1.00000000
vn 0.67369592 -0.73900866 0.00000000
vn 0.00000000 -0.00000000 1.00000000
vn 0.79801798 -0.60263365 0.00000000
vn 0.52643233 -0.85021716 0.00000000
vn 0.00000000 -0.00000000 1.00000000
vn 0.89516354 -0.44573778 0.00000000
vn 0.00000000 -0.00000000 1.00000000
vn -0.00000000 0.00000014 1.00000000
vn 0.00000000 -0.00000000 1.00000000
vn 0.36124191 -0.93247223 0.00000000
vn 0.00000000 -0.00000000 1.00000000
vn 0.96182585 -0.27366227 0.00000000
vn 0.18374953 -0.98297322 0.00000000
vn 0.00000000 -0.00000000 1.00000000
vn 0.00000000 -0.00000000 1.00000000
vn 0.99573427 -0.09226809 0.00000000
vn 0.00000000 -0.00000000 1.00000000
vn 0.99573427 0.09226841 0.00000000
vn -0.00000000 0.00000014 1.00000000
vn 0.00000000 -0.00000000 1.00000000
vn 0.96182567 0.27366322 0.00000000
vn -0.00000000 0.00000014 1.00000000
vn 0.00000000 -0.00000000 1.00000000
vn 0.00000000 -0.00000014 1.00000000
vn 0.89516312 0.44573873 0.00000000
vn 0.79801685 0.60263532 0.00000000
vn 0.00000000 -0.00000000 1.00000000
vn 0.67369509 0.73900950 0.00000000
vn 0.00000000 -0.00000000 1.00000000
vn 0.00000000 -0.00000000 1.00000000
vn 0.52643126 0.85021776 0.00000000
vn 0.00000000 -0.00000000 1.00000000
vn 0.36124077 0.93247265 0.00000000
vn 0.18374906 0.98297322 0.00000000
vn 0.00000000 -0.00000000 1.00000000
vn 0.00000000 -0.00000035 -1.00000000
vn 0.18374987 0.98297310 0.00000000
vn -0.00000000 -0.00000000 -1.00000000
vn -0.00000000 -0.00000000 -1.00000000
vn 0.36124229 0.93247193 0.00000000
vn -0.00000000 -0.00000000 -1.00000000
vn 0.52643269 0.85021687 0.00000000
vn -0.00000000 -0.00000000 -1.00000000
vn 0.67369616 0.73900855 0.00000000
vn -0.00000000 -0.00000000 -1.00000000
vn 0.79801774 0.60263401 0.00000000
vn 0.89516324 0.44573852 0.00000000
vn -0.00000000 -0.00000000 -1.00000000
vn 0.96182567 0.27366313 0.00000000
vn -0.00000000 -0.00000000 -1.00000000
vn 0.99573427 0.09226836 0.00000000
vn -0.00000000 -0.00000000 -1.00000000
vn 0.00000000 -0.00000069 -1.00000000
vn 0.99573427 -0.09226815 0.00000000
vn -0.00000000 -0.00000000 -1.00000000
vn 0.96182567 -0.27366349 0.00000000
vn -0.00000000 -0.00000000 -1.00000000
vn 0.00000000 -0.00000138 -1.00000000
vn 0.89516294 -0.44573897 0.00000000
vn -0.00000000 -0.00000000 -1.00000000
vn -0.00000000 -0.00000000 -1.00000000
vn 0.79801696 -0.60263509 0.00000000
vn 0.67369574 -0.73900890 0.00000000
vn -0.00000000 -0.00000000 -1.00000000
vn 0.52643210 -0.85021722 0.00000000
vn -0.00000000 -0.00000000 -1.00000000
vn 0.36124161 -0.93247223 0.00000000
vn -0.00000000 -0.00000000 -1.00000000
vn -0.00000000 -0.00000000 -1.00000000
vn -0.00000000 0.00000035 -1.00000000
vn 0.18375003 -0.98297298 0.00000000
vn -0.00000000 0.00000253 1.00000000
vn 0.17364837 0.98480773 0.00000000
vn 0.00000000 -0.00000000 1.00000000
vn -0.00000000 0.00001471 1.00000000
vn 0.17364797 0.98480791 0.00000000
vn 0.00000000 -0.00000035 -1.00000000
vn -0.00000000 -0.00000000 -1.00000000
vn -0.00000000 -0.00000000 -1.00000000
vn 0.34201947 0.93969297 0.00000000
vn 0.00000000 -0.00000000 1.00000000
vn 0.00000000 -0.00001207 1.00000000
vn 0.34202069 0.93969244 0.00000000
vn 0.00000000 -0.00000099 1.00000000
vn -0.00000000 0.00000253 1.00000000
vn -0.00000000 0.00001189 1.00000000
vn 0.00000000 -0.00001207 1.00000000
vn 0.00000000 -0.00003530 1.00000000
vn 0.50000018 0.86602539 0.00000000
vn -0.00000000 -0.00000000 -1.00000000
vn 0.49999988 0.86602557 0.00000000
vn 0.64278680 0.76604503 0.00000000
vn -0.00000000 -0.00000000 -1.00000000
vn 0.00000000 -0.00003530 1.00000000
vn 0.64278829 0.76604408 0.00000000
vn 0.76604366 0.64278865 0.00000000
vn -0.00000000 -0.00000000 -1.00000000
vn 0.00000000 -0.00003530 1.00000000
vn 0.76604485 0.64278710 0.00000000
vn -0.00000000 0.00001189 1.00000000
vn -0.00000000 -0.00000000 -1.00000000
vn 0.86602491 0.50000083 0.00000000
vn -0.00000000 0.00000151 1.00000000
vn 0.00000000 -0.00000000 1.00000000
vn 0.00000000 -0.00001207 1.00000000
vn -0.00000000 0.00001189 1.00000000
vn 0.86602575 0.49999973 0.00000000
vn 0.00000000 -0.00000092 1.00000000
vn 0.93969232 0.34202093 0.00000000
vn -0.00000000 -0.00000000 -1.00000000
vn -0.00000000 0.00000151 1.00000000
vn 0.00000000 -0.00000441 1.00000000
vn 0.93969285 0.34201962 0.00000000
vn -0.00000000 0.00000149 1.00000000
vn -0.00000000 -0.00000000 -1.00000000
vn 0.98480773 0.17364903 0.00000000
vn 0.00000000 -0.00000441 1.00000000
vn 0.98480803 0.17364763 0.00000000
vn 0.00000000 -0.00000069 -1.00000000
vn 1.00000000 0.00000013 0.00000000
vn -0.00000000 -0.00000000 -1.00000000
vn 0.00000000 -0.00000441 1.00000000
vn 1.00000000 0.00000013 0.00000000
vn -0.00000000 0.00000149 1.00000000
vn -0.00000000 0.00000151 1.00000000
vn -0.00000000 0.00000149 1.00000000
vn 0.00000000 -0.00000092 1.00000000
vn 0.98480791 -0.17364806 0.00000000
vn -0.00000000 -0.00000000 -1.00000000
vn 0.98480779 -0.17364806 0.00000000
vn 0.00000000 -0.00000069 -1.00000000
vn 0.00000000 -0.00000138 -1.00000000
vn 0.93969297 -0.34201947 0.00000000
vn -0.00000000 -0.00000000 -1.00000000
vn 0.00000000 -0.00000092 1.00000000
vn 0.93969244 -0.34202057 0.00000000
vn 0.00000000 -0.00000000 1.00000000
vn -0.00000000 -0.00000000 -1.00000000
vn 0.00000000 -0.00000138 -1.00000000
vn 0.86602587 -0.49999958 0.00000000
vn 0.00000000 -0.00000216 1.00000000
vn 0.00000000 -0.00000099 1.00000000
vn 0.86602503 -0.50000060 0.00000000
vn -0.00000000 0.00000436 1.00000000
vn -0.00000000 0.00000121 1.00000000
vn 0.00000000 -0.00000000 1.00000000
vn -0.00000000 0.00000903 1.00000000
vn 0.76604497 -0.64278686 0.00000000
vn -0.00000000 -0.00000000 -1.00000000
vn 0.76604396 -0.64278841 0.00000000
vn 0.00000000 -0.00000000 1.00000000
vn 0.64278853 -0.76604396 0.00000000
vn -0.00000000 -0.00000000 -1.00000000
vn 0.64278704 -0.76604492 0.00000000
vn -0.00000000 0.00000903 1.00000000
vn 0.00000000 -0.00000000 1.00000000
vn -0.00000000 -0.00000000 -1.00000000
vn 0.50000030 -0.86602527 0.00000000
vn 0.00000000 -0.00000000 1.00000000
vn 0.50000000 -0.86602545 0.00000000
vn 0.00000000 -0.00000000 1.00000000
vn -0.00000000 0.00000903 1.00000000
vn 0.00000000 -0.00000604 1.00000000
vn -0.00000000 0.00000121 1.00000000
vn 0.34201971 -0.93969285 0.00000000
vn -0.00000000 0.00000143 1.00000000
vn 0.00000000 -0.00000627 1.00000000
vn 0.34202093 -0.93969232 0.00000000
vn -0.00000000 -0.00000000 -1.00000000
vn -0.00000000 -0.00000000 -1.00000000
vn -0.00000000 0.00000035 -1.00000000
vn 0.17364864 -0.98480773 0.00000000
vn 0.00000000 -0.00000000 1.00000000
vn 0.17364824 -0.98480791 0.00000000
vn -0.00000000 0.00002378 1.00000000
vn 0.00000000 -0.00000604 1.00000000
vn 0.17364687 0.98480803 0.00000000
vn -0.00000000 0.00000034 -1.00000000
vn -0.00000000 -0.00000000 -1.00000000
vn 0.00000000 -0.00000000 1.00000000
vn -0.00001961 1.00000000 -0.00000418
vn 0.00001934 1.00000000 -0.00000416
vn 0.00000000 -0.00002378 1.00000000
vn 0.00000000 -0.00000000 1.00000000
vn 0.17364956 0.98480761 0.00000000
vn -0.00000000 -0.00000000 -1.00000000
vn 0.00001842 1.00000000 0.00000418
vn -0.00001869 1.00000000 0.00000416
vn -0.00000000 0.00000034 -1.00000000
vn 0.34201917 0.93969303 0.00000000
vn -0.00000000 -0.00000000 -1.00000000
vn -0.00000000 0.00000627 1.00000000
vn -0.00000000 0.00000604 1.00000000
vn 0.34202099 0.93969244 0.00000000
vn 0.00000000 -0.00002378 1.00000000
vn 0.00000000 -0.00000000 1.00000000
vn -0.00000000 -0.00000000 -1.00000000
vn 0.49999958 0.86602569 0.00000000
vn 0.50000036 0.86602515 0.00000000
vn 0.00000000 -0.00000000 1.00000000
vn -0.00000000 -0.00000000 -1.00000000
vn 0.64278680 0.76604503 0.00000000
vn 0.64278829 0.76604408 0.00000000
vn 0.00000000 -0.00000143 1.00000000
vn 0.00000000 -0.00000000 1.00000000
vn -0.00000000 0.00000627 1.00000000
vn 0.76604366 0.64278865 0.00000000
vn -0.00000000 -0.00000000 -1.00000000
vn 0.76604485 0.64278710 0.00000000
vn 0.00000000 -0.00000000 1.00000000
vn -0.00000000 -0.00000000 -1.00000000
vn 0.86602527 0.50000030 0.00000000
vn -0.00000000 0.00000138 -1.00000000
vn 0.86602533 0.50000024 0.00000000
vn 0.00000000 -0.00000000 1.00000000
vn 0.93969262 0.34202021 0.00000000
vn 0.00000000 -0.00000000 1.00000000
vn 0.93969256 0.34202033 0.00000000
vn -0.00000000 0.00000138 -1.00000000
vn -0.00000000 -0.00000000 -1.00000000
vn -0.00000000 -0.00000000 -1.00000000
vn 0.98480773 0.17364903 0.00000000
vn 0.00000000 -0.00000149 1.00000000
vn 0.98480803 0.17364763 0.00000000
vn 0.00000000 -0.00000000 1.00000000
vn 1.00000000 0.00000082 0.00000000
vn -0.00000000 -0.00000000 -1.00000000
vn 1.00000000 -0.00000056 0.00000000
vn -0.00000000 0.00000441 1.00000000
vn 0.00000000 -0.00000149 1.00000000
vn 0.98480803 -0.17364736 0.00000000
vn -0.00000000 -0.00000000 -1.00000000
vn 0.98480773 -0.17364876 0.00000000
vn -0.00000000 0.00000441 1.00000000
vn -0.00000000 -0.00000000 -1.00000000
vn 0.93969297 -0.34201947 0.00000000
vn 0.00000000 -0.00001765 1.00000000
vn 0.00000000 -0.00000000 1.00000000
vn -0.00000000 0.00000216 1.00000000
vn 0.00000000 -0.00000149 1.00000000
vn 0.00000000 -0.00000143 1.00000000
vn 0.00000000 -0.00000121 1.00000000
vn 0.93969244 -0.34202057 0.00000000
vn -0.00000000 0.00000441 1.00000000
vn 0.86602539 -0.50000006 0.00000000
vn -0.00000000 -0.00000000 -1.00000000
vn 0.00000000 -0.00001765 1.00000000
vn 0.86602545 -0.50000000 0.00000000
vn 0.00000000 -0.00001765 1.00000000
vn -0.00000000 0.00000216 1.00000000
vn 0.76604426 -0.64278775 0.00000000
vn 0.00000000 -0.00000436 1.00000000
vn 0.76604456 -0.64278746 0.00000000
vn -0.00000000 -0.00000000 -1.00000000
vn 0.64278853 -0.76604396 0.00000000
vn -0.00000000 -0.00000000 -1.00000000
vn 0.00000000 -0.00000000 1.00000000
vn 0.64278704 -0.76604492 0.00000000
vn -0.00000000 0.00000099 1.00000000
vn -0.00000000 0.00003566 1.00000000
vn 0.00000000 -0.00000436 1.00000000
vn 0.00000000 -0.00001471 1.00000000
vn 0.00000000 -0.00000253 1.00000000
vn 0.50000060 -0.86602503 0.00000000
vn -0.00000000 -0.00000000 -1.00000000
vn 0.00000000 -0.00000000 1.00000000
vn 0.49999982 -0.86602563 0.00000000
vn -0.00000000 -0.00000000 -1.00000000
vn 0.34202123 -0.93969232 0.00000000
vn 0.00000000 -0.00000034 -1.00000000
vn -0.00000000 0.00003566 1.00000000
vn 0.34201941 -0.93969291 0.00000000
vn 0.00000000 -0.00000000 1.00000000
vn 0.17364864 -0.98480773 0.00000000
vn 0.00000000 -0.00000034 -1.00000000
vn -0.00000000 -0.00000000 -1.00000000
vn -0.00000000 0.00003566 1.00000000
vn 0.17364824 -0.98480791 0.00000000
vn 0.00000000 -0.00001471 1.00000000
vn 0.00000000 -0.00000000 1.00000000
vn 0.00001961 -1.00000000 -0.00000418
vn -0.00001842 -1.00000000 -0.00000416
vn 0.00000000 -0.00000000 1.00000000
vn -0.00001934 -1.00000000 0.00000418
vn -0.00000000 -0.00000000 -1.00000000
vn 0.00001869 -1.00000000 0.00000416
vn 0.18374906 0.98297322 0.00000000
vn 0.00000000 -0.00000000 1.00000000
vn -0.00002357 1.00000000 -0.00000443
vn -0.00000000 -0.00000000 -1.00000000
vn 0.00002222 1.00000000 -0.00000441
vn 0.00000000 -0.00000035 -1.00000000
vn -0.00000000 0.00000034 -1.00000000
vn 0.18374987 0.98297310 0.00000000
vn -0.00000000 -0.00000000 -1.00000000
vn -0.00002248 1.00000000 0.00000441
vn 0.00000000 -0.00000000 1.00000000
vn 0.00002331 1.00000000 0.00000443
vn 0.36124158 0.93247235 0.00000000
vn 0.00000000 -0.00000000 1.00000000
vn -0.00000000 -0.00000000 -1.00000000
vn 0.36124137 0.93247235 0.00000000
vn -0.00000000 -0.00000000 -1.00000000
vn 0.52643186 0.85021734 0.00000000
vn 0.00000000 -0.00000014 1.00000000
vn 0.00000000 -0.00000000 1.00000000
vn 0.52643210 0.85021728 0.00000000
vn 0.00000000 -0.00000014 1.00000000
vn 0.67369509 0.73900950 0.00000000
vn 0.00000000 -0.00000000 1.00000000
vn -0.00000000 -0.00000000 -1.00000000
vn 0.67369616 0.73900855 0.00000000
vn 0.00000000 -0.00000000 1.00000000
vn 0.79801685 0.60263532 0.00000000
vn -0.00000000 -0.00000000 -1.00000000
vn 0.79801774 0.60263401 0.00000000
vn 0.89516282 0.44573921 0.00000000
vn 0.00000000 -0.00000000 1.00000000
vn 0.89516342 0.44573793 0.00000000
vn -0.00000000 -0.00000000 -1.00000000
vn -0.00000000 0.00000138 -1.00000000
vn 0.00000000 -0.00000000 1.00000000
vn 0.96182555 0.27366382 0.00000000
vn -0.00000000 -0.00000000 -1.00000000
vn 0.96182573 0.27366251 0.00000000
vn 0.00000000 -0.00000000 1.00000000
vn 0.99573422 0.09226907 0.00000000
vn -0.00000000 -0.00000000 -1.00000000
vn 0.99573427 0.09226771 0.00000000
vn 0.99573427 -0.09226744 0.00000000
vn 0.00000000 -0.00000000 1.00000000
vn 0.99573422 -0.09226880 0.00000000
vn -0.00000000 -0.00000000 -1.00000000
vn 0.96182579 -0.27366290 0.00000000
vn 0.00000000 -0.00000000 1.00000000
vn 0.96182579 -0.27366298 0.00000000
vn -0.00000000 -0.00000000 -1.00000000
vn -0.00000000 -0.00000000 -1.00000000
vn 0.89516354 -0.44573769 0.00000000
vn 0.00000000 -0.00000000 1.00000000
vn 0.89516294 -0.44573897 0.00000000
vn -0.00000000 0.00000022 1.00000000
vn 0.79801738 -0.60263449 0.00000000
vn -0.00000000 -0.00000000 -1.00000000
vn 0.00000000 -0.00000000 1.00000000
vn 0.00000000 -0.00000022 1.00000000
vn 0.79801744 -0.60263437 0.00000000
vn 0.00000000 -0.00000000 1.00000000
vn 0.67369640 -0.73900819 0.00000000
vn 0.67369521 -0.73900926 0.00000000
vn -0.00000000 -0.00000000 -1.00000000
vn 0.52643293 -0.85021675 0.00000000
vn 0.00000000 -0.00000000 1.00000000
vn 0.52643150 -0.85021764 0.00000000
vn -0.00000000 -0.00000000 -1.00000000
vn 0.36124191 -0.93247223 0.00000000
vn 0.00000000 -0.00000000 1.00000000
vn -0.00000000 -0.00000000 -1.00000000
vn 0.36124161 -0.93247223 0.00000000
vn 0.00000000 -0.00000034 -1.00000000
vn 0.18375003 -0.98297298 0.00000000
vn -0.00000000 -0.00000000 -1.00000000
vn 0.18374953 -0.98297322 0.00000000
vn 0.00000000 -0.00000000 1.00000000
vn 0.00002248 -1.00000000 0.00000441
vn 0.00000000 -0.00000000 1.00000000
vn -0.00002331 -1.00000000 0.00000443
vn 0.00002357 -1.00000000 -0.00000443
vn -0.00000000 -0.00000000 -1.00000000
vn -0.00000000 0.00000035 -1.00000000
vn -0.00002222 -1.00000000 -0.00000441
vn 0.14904046 0.98883110 0.00000000
vn -0.00000000 -0.00000000 -1.00000000
vn 0.00000000 -0.00000000 1.00000000
vn -0.00001643 1.00000000 -0.00000359
vn 0.00001559 1.00000000 -0.00000357
vn 0.00000000 -0.00000000 1.00000000
vn 0.14904377 0.98883063 0.00000000
vn -0.00000000 -0.00000000 -1.00000000
vn 0.00001616 1.00000000 0.00000359
vn -0.00001586 1.00000000 0.00000357
vn -0.00000000 -0.00000000 -1.00000000
vn 0.29475307 0.95557344 0.00000000
vn 0.29475659 0.95557249 0.00000000
vn 0.00000000 -0.00000000 1.00000000
vn -0.00000000 -0.00000000 -1.00000000
vn 0.43388367 0.90096897 0.00000000
vn 0.43388388 0.90096885 0.00000000
vn 0.00000000 -0.00000000 1.00000000
vn 0.00000000 -0.00000000 1.00000000
vn 0.56331825 0.82624006 0.00000000
vn 0.00000000 -0.00000014 1.00000000
vn 0.56332135 0.82623798 0.00000000
vn -0.00000000 -0.00000000 -1.00000000
vn 0.00000000 -0.00000000 1.00000000
vn 0.68017268 0.73305190 0.00000000
vn -0.00000000 -0.00000000 -1.00000000
vn 0.68017256 0.73305213 0.00000000
vn 0.78183013 0.62349164 0.00000000
vn -0.00000000 -0.00000000 -1.00000000
vn 0.00000000 -0.00000000 1.00000000
vn 0.78183281 0.62348825 0.00000000
vn -0.00000000 -0.00000000 -1.00000000
vn 0.86602431 0.50000203 0.00000000
vn 0.00000000 -0.00000000 1.00000000
vn 0.86602646 0.49999812 0.00000000
vn -0.00000000 -0.00000000 -1.00000000
vn 0.93087292 0.36534312 0.00000000
vn 0.00000000 -0.00000000 1.00000000
vn 0.93087447 0.36533922 0.00000000
vn -0.00000000 -0.00000000 -1.00000000
vn 0.97492742 0.22252314 0.00000000
vn 0.97492832 0.22251904 0.00000000
vn 0.00000000 -0.00000000 1.00000000
vn 0.99720383 0.07473011 0.00000000
vn -0.00000000 -0.00000000 -1.00000000
vn 0.00000000 -0.00000000 1.00000000
vn 0.99720389 0.07473011 0.00000000
vn 0.99720383 -0.07472984 0.00000000
vn 0.00000000 -0.00000000 1.00000000
vn 0.99720389 -0.07472984 0.00000000
vn -0.00000000 -0.00000000 -1.00000000
vn 0.97492808 -0.22252087 0.00000000
vn -0.00000000 -0.00000000 -1.00000000
vn 0.00000000 -0.00000000 1.00000000
vn 0.97492796 -0.22252087 0.00000000
vn -0.00000000 0.00000022 1.00000000
vn 0.93087459 -0.36533898 0.00000000
vn 0.00000000 -0.00000000 1.00000000
vn -0.00000000 -0.00000000 -1.00000000
vn 0.93087304 -0.36534289 0.00000000
vn 0.86602545 -0.49999988 0.00000000
vn -0.00000000 0.00000022 1.00000000
vn 0.00000000 -0.00000000 1.00000000
vn 0.00000000 -0.00000022 1.00000000
vn 0.86602569 -0.49999988 0.00000000
vn -0.00000000 -0.00000000 -1.00000000
vn 0.78183168 -0.62348956 0.00000000
vn -0.00000000 -0.00000000 -1.00000000
vn 0.78183168 -0.62348980 0.00000000
vn 0.00000000 -0.00000022 1.00000000
vn 0.00000000 -0.00000000 1.00000000
vn 0.00000000 -0.00000000 1.00000000
vn 0.68017292 -0.73305178 0.00000000
vn 0.68017280 -0.73305190 0.00000000
vn -0.00000000 -0.00000000 -1.00000000
vn -0.00000000 -0.00000000 -1.00000000
vn 0.56332159 -0.82623786 0.00000000
vn 0.00000000 -0.00000000 1.00000000
vn 0.56331849 -0.82623994 0.00000000
vn 0.43388391 -0.90096885 0.00000000
vn -0.00000000 -0.00000000 -1.00000000
vn 0.43388411 -0.90096873 0.00000000
vn 0.00000000 -0.00000000 1.00000000
vn 0.29475683 -0.95557237 0.00000000
vn 0.00000000 -0.00000000 1.00000000
vn 0.29475331 -0.95557332 0.00000000
vn -0.00000000 -0.00000000 -1.00000000
vn 0.00000000 -0.00000000 1.00000000
vn 0.14904223 -0.98883092 0.00000000
vn -0.00000000 -0.00000000 -1.00000000
vn 0.14904253 -0.98883080 0.00000000
vn -0.00001616 -1.00000000 0.00000359
vn 0.00001586 -1.00000000 0.00000357
vn -0.00000000 -0.00000000 -1.00000000
vn 0.00001643 -1.00000000 -0.00000359
vn 0.00000000 -0.00000000 1.00000000
vn -0.00001559 -1.00000000 -0.00000357
vn -0.00000000 -0.00000000 -1.00000000
vn -0.14904197 -0.98883092 0.00000000
vn 0.00000000 -0.00000000 1.00000000
vn -0.14904226 -0.98883080 0.00000000
vn -0.29475507 -0.95557296 0.00000000
vn 0.00000000 -0.00000000 1.00000000
vn -0.29475460 -0.95557308 0.00000000
vn -0.00000000 -0.00000000 -1.00000000
vn -0.00000000 -0.00000000 -1.00000000
vn -0.43388367 -0.90096897 0.00000000
vn -0.43388388 -0.90096885 0.00000000
vn 0.00000000 -0.00000000 1.00000000
vn -0.56331986 -0.82623893 0.00000000
vn 0.00000000 -0.00000000 1.00000000
vn -0.56331986 -0.82623893 0.00000000
vn -0.00000000 -0.00000000 -1.00000000
vn -0.00000000 -0.00000000 -1.00000000
vn -0.68017119 -0.73305345 0.00000000
vn 0.00000000 -0.00000000 1.00000000
vn -0.68017405 -0.73305064 0.00000000
vn -0.78183013 -0.62349164 0.00000000
vn -0.00000000 -0.00000000 -1.00000000
vn 0.00000000 -0.00000000 1.00000000
vn -0.78183281 -0.62348825 0.00000000
vn -0.00000000 -0.00000000 -1.00000000
vn -0.86602431 -0.50000203 0.00000000
vn -0.86602646 -0.49999812 0.00000000
vn -0.00000000 0.00000014 1.00000000
vn 0.00000000 -0.00000000 1.00000000
vn -0.93087292 -0.36534312 0.00000000
vn -0.00000000 -0.00000000 -1.00000000
vn -0.00000000 0.00000014 1.00000000
vn -0.93087447 -0.36533922 0.00000000
vn 0.00000000 -0.00000000 1.00000000
vn 0.00000000 -0.00000014 1.00000000
vn -0.00000000 -0.00000000 -1.00000000
vn -0.97492796 -0.22252114 0.00000000
vn 0.00000000 -0.00000000 1.00000000
vn -0.97492784 -0.22252114 0.00000000
vn 0.00000000 -0.00000000 1.00000000
vn -0.99720371 -0.07473219 0.00000000
vn -0.99720401 -0.07472803 0.00000000
vn -0.00000000 -0.00000000 -1.00000000
vn 0.00000000 -0.00000000 1.00000000
vn -0.99720401 0.07472776 0.00000000
vn -0.99720371 0.07473192 0.00000000
vn -0.00000000 -0.00000000 -1.00000000
vn -0.97492844 0.22251877 0.00000000
vn 0.00000000 -0.00000000 1.00000000
vn -0.00000000 -0.00000000 -1.00000000
vn -0.97492755 0.22252287 0.00000000
vn 0.00000000 -0.00000014 1.00000000
vn -0.93087387 0.36534098 0.00000000
vn 0.00000000 -0.00000000 1.00000000
vn -0.93087387 0.36534098 0.00000000
vn -0.00000000 -0.00000000 -1.00000000
vn -0.00000000 -0.00000000 -1.00000000
vn -0.86602658 0.49999788 0.00000000
vn 0.00000000 -0.00000000 1.00000000
vn -0.86602444 0.50000179 0.00000000
vn 0.00000000 -0.00000014 1.00000000
vn -0.00000000 -0.00000000 -1.00000000
vn -0.78183168 0.62348956 0.00000000
vn 0.00000000 -0.00000000 1.00000000
vn -0.78183168 0.62348980 0.00000000
vn -0.68017292 0.73305178 0.00000000
vn 0.00000000 -0.00000000 1.00000000
vn -0.68017280 0.73305190 0.00000000
vn -0.00000000 -0.00000000 -1.00000000
vn -0.56332159 0.82623786 0.00000000
vn -0.00000000 -0.00000000 -1.00000000
vn -0.56331849 0.82623994 0.00000000
vn 0.00000000 -0.00000000 1.00000000
vn -0.00000000 -0.00000000 -1.00000000
vn -0.43388391 0.90096885 0.00000000
vn 0.00000000 -0.00000000 1.00000000
vn -0.43388411 0.90096873 0.00000000
vn -0.29475531 0.95557284 0.00000000
vn 0.00000000 -0.00000000 1.00000000
vn -0.00000000 -0.00000000 -1.00000000
vn -0.29475483 0.95557296 0.00000000
vn -0.00000000 -0.00000000 -1.00000000
vn -0.14904404 0.98883063 0.00000000
vn -0.14904073 0.98883110 0.00000000
vn 0.00000000 -0.00000000 1.00000000
vn 0.00000000 -0.00000000 1.00000000
vn -0.67369592 0.73900866 0.00000000
vn -0.79801798 0.60263365 0.00000000
vn 0.00000000 -0.00000000 1.00000000
vn -0.52643233 0.85021716 0.00000000
vn 0.00000000 -0.00000000 1.00000000
vn 0.00000000 -0.00000014 1.00000000
vn -0.89516354 0.44573778 0.00000000
vn 0.00000000 -0.00000000 1.00000000
vn 0.00000000 -0.00000000 1.00000000
vn -0.36124191 0.93247223 0.00000000
vn 0.00000000 -0.00000000 1.00000000
vn -0.96182585 0.27366227 0.00000000
vn -0.18374953 0.98297322 0.00000000
vn 0.00000000 -0.00000000 1.00000000
vn -0.99573427 0.09226809 0.00000000
vn 0.00000000 -0.00000000 1.00000000
vn -0.99573427 -0.09226841 0.00000000
vn 0.00000000 -0.00000000 1.00000000
vn 0.00000000 -0.00000000 1.00000000
vn 0.00000000 -0.00000014 1.00000000
vn -0.96182567 -0.27366322 0.00000000
vn -0.00000000 0.00000014 1.00000000
vn 0.00000000 -0.00000014 1.00000000
vn -0.89516312 -0.44573873 0.00000000
vn 0.00000000 -0.00000000 1.00000000
vn 0.00000000 -0.00000000 1.00000000
vn -0.79801685 -0.60263532 0.00000000
vn 0.00000000 -0.00000000 1.00000000
vn -0.67369509 -0.73900950 0.00000000
vn 0.00000000 -0.00000000 1.00000000
vn -0.52643126 -0.85021776 0.00000000
vn 0.00000000 -0.00000000 1.00000000
vn -0.36124077 -0.93247265 0.00000000
vn 0.00000000 -0.00000000 1.00000000
vn -0.18374906 -0.98297322 0.00000000
vn -0.18374987 -0.98297310 0.00000000
vn -0.00000000 -0.00000000 -1.00000000
vn -0.00000000 0.00000035 -1.00000000
vn -0.36124229 -0.93247193 0.00000000
vn -0.00000000 -0.00000000 -1.00000000
vn -0.52643269 -0.85021687 0.00000000
vn -0.00000000 -0.00000000 -1.00000000
vn -0.67369616 -0.73900855 0.00000000
vn -0.00000000 -0.00000000 -1.00000000
vn -0.79801774 -0.60263401 0.00000000
vn -0.00000000 -0.00000000 -1.00000000
vn -0.89516324 -0.44573852 0.00000000
vn -0.00000000 -0.00000000 -1.00000000
vn -0.96182567 -0.27366313 0.00000000
vn -0.00000000 -0.00000000 -1.00000000
vn -0.00000000 -0.00000000 -1.00000000
vn -0.99573427 -0.09226836 0.00000000
vn -0.00000000 0.00000069 -1.00000000
vn -0.99573427 0.09226815 0.00000000
vn -0.00000000 -0.00000000 -1.00000000
vn -0.00000000 -0.00000000 -1.00000000
vn -0.96182567 0.27366349 0.00000000
vn -0.00000000 0.00000138 -1.00000000
vn -0.89516294 0.44573897 0.00000000
vn -0.00000000 -0.00000000 -1.00000000
vn -0.79801696 0.60263509 0.00000000
vn -0.00000000 -0.00000000 -1.00000000
vn -0.00000000 -0.00000000 -1.00000000
vn -0.67369574 0.73900890 0.00000000
vn -0.52643210 0.85021722 0.00000000
vn -0.00000000 -0.00000000 -1.00000000
vn -0.36124161 0.93247223 0.00000000
vn -0.00000000 -0.00000000 -1.00000000
vn 0.00000000 -0.00000035 -1.00000000
vn -0.00000000 -0.00000000 -1.00000000
vn -0.18375003 0.98297298 0.00000000
vn 0.00000000 -0.00000253 1.00000000
vn 0.00000000 -0.00000000 1.00000000
vn 0.00000000 -0.00001471 1.00000000
vn -0.17364837 -0.98480773 0.00000000
vn -0.00000000 -0.00000000 -1.00000000
vn -0.00000000 0.00000035 -1.00000000
vn -0.17364797 -0.98480791 0.00000000
vn -0.34201947 -0.93969297 0.00000000
vn -0.00000000 -0.00000000 -1.00000000
vn -0.00000000 0.00001207 1.00000000
vn 0.00000000 -0.00000253 1.00000000
vn -0.34202069 -0.93969244 0.00000000
vn 0.00000000 -0.00000000 1.00000000
vn -0.00000000 0.00000099 1.00000000
vn 0.00000000 -0.00001189 1.00000000
vn -0.50000018 -0.86602539 0.00000000
vn -0.00000000 0.00003530 1.00000000
vn -0.00000000 0.00001207 1.00000000
vn -0.00000000 -0.00000000 -1.00000000
vn -0.49999988 -0.86602557 0.00000000
vn -0.64278680 -0.76604503 0.00000000
vn -0.00000000 -0.00000000 -1.00000000
vn -0.00000000 0.00003530 1.00000000
vn -0.64278829 -0.76604408 0.00000000
vn -0.76604366 -0.64278865 0.00000000
vn -0.00000000 -0.00000000 -1.00000000
vn -0.76604485 -0.64278710 0.00000000
vn -0.00000000 0.00003530 1.00000000
vn 0.00000000 -0.00001189 1.00000000
vn -0.86602491 -0.50000083 0.00000000
vn -0.00000000 -0.00000000 -1.00000000
vn -0.00000000 0.00000092 1.00000000
vn -0.00000000 0.00001207 1.00000000
vn -0.86602575 -0.49999973 0.00000000
vn 0.00000000 -0.00001189 1.00000000
vn 0.00000000 -0.00000000 1.00000000
vn 0.00000000 -0.00000151 1.00000000
vn -0.00000000 -0.00000000 -1.00000000
vn -0.93969232 -0.34202093 0.00000000
vn -0.00000000 0.00000441 1.00000000
vn 0.00000000 -0.00000151 1.00000000
vn 0.00000000 -0.00000149 1.00000000
vn -0.93969285 -0.34201962 0.00000000
vn -0.98480773 -0.17364903 0.00000000
vn -0.00000000 -0.00000000 -1.00000000
vn -0.98480803 -0.17364763 0.00000000
vn -0.00000000 0.00000441 1.00000000
vn -0.00000000 -0.00000000 -1.00000000
vn -0.00000000 0.00000069 -1.00000000
vn -1.00000000 -0.00000013 0.00000000
vn 0.00000000 -0.00000149 1.00000000
vn -0.00000000 0.00000441 1.00000000
vn -1.00000000 -0.00000013 0.00000000
vn -0.00000000 0.00000092 1.00000000
vn 0.00000000 -0.00000149 1.00000000
vn -0.98480791 0.17364806 0.00000000
vn 0.00000000 -0.00000151 1.00000000
vn -0.00000000 -0.00000000 -1.00000000
vn -0.98480779 0.17364806 0.00000000
vn -0.00000000 0.00000069 -1.00000000
vn -0.00000000 -0.00000000 -1.00000000
vn -0.00000000 0.00000138 -1.00000000
vn -0.93969297 0.34201947 0.00000000
vn -0.93969244 0.34202057 0.00000000
vn -0.00000000 0.00000092 1.00000000
vn 0.00000000 -0.00000000 1.00000000
vn -0.00000000 -0.00000000 -1.00000000
vn -0.86602587 0.49999958 0.00000000
vn -0.00000000 0.00000138 -1.00000000
vn 0.00000000 -0.00000436 1.00000000
vn -0.86602503 0.50000060 0.00000000
vn -0.00000000 0.00000099 1.00000000
vn 0.00000000 -0.00000000 1.00000000
vn -0.00000000 0.00000216 1.00000000
vn 0.00000000 -0.00000121 1.00000000
vn 0.00000000 -0.00000903 1.00000000
vn -0.76604497 0.64278686 0.00000000
vn -0.00000000 -0.00000000 -1.00000000
vn -0.76604396 0.64278841 0.00000000
vn 0.00000000 -0.00000000 1.00000000
vn -0.64278853 0.76604396 0.00000000
vn -0.00000000 -0.00000000 -1.00000000
vn 0.00000000 -0.00000000 1.00000000
vn 0.00000000 -0.00000903 1.00000000
vn -0.64278704 0.76604492 0.00000000
vn -0.50000030 0.86602527 0.00000000
vn -0.00000000 -0.00000000 -1.00000000
vn -0.50000000 0.86602545 0.00000000
vn 0.00000000 -0.00000000 1.00000000
vn 0.00000000 -0.00000903 1.00000000
vn -0.00000000 0.00000627 1.00000000
vn 0.00000000 -0.00000000 1.00000000
vn 0.00000000 -0.00000121 1.00000000
vn -0.34201971 0.93969285 0.00000000
vn 0.00000000 -0.00000143 1.00000000
vn -0.00000000 0.00000604 1.00000000
vn -0.00000000 -0.00000000 -1.00000000
vn -0.34202093 0.93969232 0.00000000
vn 0.00000000 -0.00000035 -1.00000000
vn -0.00000000 -0.00000000 -1.00000000
vn -0.17364864 0.98480773 0.00000000
vn 0.00000000 -0.00000000 1.00000000
vn -0.17364824 0.98480791 0.00000000
vn 0.00000000 -0.00002378 1.00000000
vn -0.00000000 0.00000604 1.00000000
vn -0.00000000 -0.00000000 -1.00000000
vn -0.00000000 0.00000034 -1.00000000
vn 0.17364687 0.98480803 0.00000000
vn 0.00001934 1.00000000 -0.00000416
vn -0.00001961 1.00000000 -0.00000418
vn 0.00000000 -0.00000000 1.00000000
vn 0.17364956 0.98480761 0.00000000
vn 0.00000000 -0.00000000 1.00000000
vn 0.00000000 -0.00002378 1.00000000
vn -0.00001869 1.00000000 0.00000416
vn 0.00001842 1.00000000 0.00000418
vn -0.00000000 -0.00000000 -1.00000000
vn -0.00000000 0.00000034 -1.00000000
vn -0.00000000 -0.00000000 -1.00000000
vn 0.34201917 0.93969303 0.00000000
vn 0.00000000 -0.00000000 1.00000000
vn -0.00000000 0.00000604 1.00000000
vn 0.34202099 0.93969244 0.00000000
vn -0.00000000 0.00000627 1.00000000
vn 0.00000000 -0.00002378 1.00000000
vn -0.00000000 -0.00000000 -1.00000000
vn 0.49999958 0.86602569 0.00000000
vn 0.50000036 0.86602515 0.00000000
vn 0.00000000 -0.00000000 1.00000000
vn 0.64278680 0.76604503 0.00000000
vn -0.00000000 -0.00000000 -1.00000000
vn 0.00000000 -0.00000143 1.00000000
vn 0.64278829 0.76604408 0.00000000
vn 0.00000000 -0.00000000 1.00000000
vn -0.00000000 0.00000627 1.00000000
vn 0.76604366 0.64278865 0.00000000
vn -0.00000000 -0.00000000 -1.00000000
vn 0.76604485 0.64278710 0.00000000
vn 0.00000000 -0.00000000 1.00000000
vn -0.00000000 0.00000138 -1.00000000
vn -0.00000000 -0.00000000 -1.00000000
vn 0.86602527 0.50000030 0.00000000
vn 0.00000000 -0.00000000 1.00000000
vn 0.86602533 0.50000024 0.00000000
vn 0.93969262 0.34202021 0.00000000
vn 0.00000000 -0.00000000 1.00000000
vn -0.00000000 0.00000138 -1.00000000
vn 0.93969256 0.34202033 0.00000000
vn -0.00000000 -0.00000000 -1.00000000
vn 0.98480773 0.17364903 0.00000000
vn -0.00000000 -0.00000000 -1.00000000
vn 0.98480803 0.17364763 0.00000000
vn 0.00000000 -0.00000149 1.00000000
vn 0.00000000 -0.00000000 1.00000000
vn 1.00000000 0.00000082 0.00000000
vn -0.00000000 -0.00000000 -1.00000000
vn -0.00000000 0.00000441 1.00000000
vn 1.00000000 -0.00000056 0.00000000
vn 0.00000000 -0.00000149 1.00000000
vn -0.00000000 -0.00000000 -1.00000000
vn 0.98480803 -0.17364736 0.00000000
vn -0.00000000 0.00000441 1.00000000
vn 0.98480773 -0.17364876 0.00000000
vn -0.00000000 -0.00000000 -1.00000000
vn 0.93969297 -0.34201947 0.00000000
vn 0.00000000 -0.00000143 1.00000000
vn 0.93969244 -0.34202057 0.00000000
vn 0.00000000 -0.00000149 1.00000000
vn -0.00000000 0.00000216 1.00000000
vn 0.00000000 -0.00000000 1.00000000
vn -0.00000000 0.00000441 1.00000000
vn 0.00000000 -0.00000121 1.00000000
vn 0.00000000 -0.00001765 1.00000000
vn -0.00000000 -0.00000000 -1.00000000
vn 0.86602539 -0.50000006 0.00000000
vn 0.86602545 -0.50000000 0.00000000
vn 0.00000000 -0.00001765 1.00000000
vn 0.76604426 -0.64278775 0.00000000
vn 0.00000000 -0.00001765 1.00000000
vn -0.00000000 0.00000216 1.00000000
vn 0.00000000 -0.00000436 1.00000000
vn -0.00000000 -0.00000000 -1.00000000
vn 0.76604456 -0.64278746 0.00000000
vn -0.00000000 -0.00000000 -1.00000000
vn 0.64278853 -0.76604396 0.00000000
vn 0.00000000 -0.00000253 1.00000000
vn 0.00000000 -0.00000436 1.00000000
vn 0.64278704 -0.76604492 0.00000000
vn 0.00000000 -0.00001471 1.00000000
vn 0.00000000 -0.00000000 1.00000000
vn -0.00000000 0.00003566 1.00000000
vn -0.00000000 0.00000099 1.00000000
vn -0.00000000 -0.00000000 -1.00000000
vn 0.50000060 -0.86602503 0.00000000
vn 0.49999982 -0.86602563 0.00000000
vn 0.00000000 -0.00000000 1.00000000
vn -0.00000000 -0.00000000 -1.00000000
vn 0.00000000 -0.00000034 -1.00000000
vn 0.34202123 -0.93969232 0.00000000
vn 0.34201941 -0.93969291 0.00000000
vn 0.00000000 -0.00000000 1.00000000
vn -0.00000000 0.00003566 1.00000000
vn 0.00000000 -0.00000034 -1.00000000
vn -0.00000000 -0.00000000 -1.00000000
vn 0.17364864 -0.98480773 0.00000000
vn 0.00000000 -0.00001471 1.00000000
vn 0.00000000 -0.00000000 1.00000000
vn 0.17364824 -0.98480791 0.00000000
vn -0.00000000 0.00003566 1.00000000
vn -0.00001842 -1.00000000 -0.00000416
vn 0.00001961 -1.00000000 -0.00000418
vn 0.00000000 -0.00000000 1.00000000
vn -0.00001934 -1.00000000 0.00000418
vn 0.00001869 -1.00000000 0.00000416
vn -0.00000000 -0.00000000 -1.00000000
vn 0.18374906 0.98297322 0.00000000
vn 0.00000000 -0.00000000 1.00000000
vn 0.00002222 1.00000000 -0.00000441
vn -0.00000000 -0.00000000 -1.00000000
vn -0.00002357 1.00000000 -0.00000443
vn 0.00000000 -0.00000035 -1.00000000
vn -0.00000000 0.00000034 -1.00000000
vn -0.00000000 -0.00000000 -1.00000000
vn 0.18374987 0.98297310 0.00000000
vn 0.00002331 1.00000000 0.00000443
vn -0.00002248 1.00000000 0.00000441
vn 0.00000000 -0.00000000 1.00000000
vn 0.36124158 0.93247235 0.00000000
vn 0.00000000 -0.00000000 1.00000000
vn 0.36124137 0.93247235 0.00000000
vn -0.00000000 -0.00000000 -1.00000000
vn -0.00000000 -0.00000000 -1.00000000
vn 0.52643186 0.85021734 0.00000000
vn 0.52643210 0.85021728 0.00000000
vn 0.00000000 -0.00000000 1.00000000
vn 0.00000000 -0.00000014 1.00000000
vn 0.00000000 -0.00000014 1.00000000
vn 0.00000000 -0.00000000 1.00000000
vn 0.67369509 0.73900950 0.00000000
vn -0.00000000 -0.00000000 -1.00000000
vn 0.67369616 0.73900855 0.00000000
vn 0.00000000 -0.00000000 1.00000000
vn 0.79801685 0.60263532 0.00000000
vn 0.79801774 0.60263401 0.00000000
vn -0.00000000 -0.00000000 -1.00000000
vn 0.00000000 -0.00000000 1.00000000
vn 0.89516282 0.44573921 0.00000000
vn -0.00000000 0.00000138 -1.00000000
vn -0.00000000 -0.00000000 -1.00000000
vn 0.89516342 0.44573793 0.00000000
vn 0.96182555 0.27366382 0.00000000
vn 0.00000000 -0.00000000 1.00000000
vn 0.96182573 0.27366251 0.00000000
vn -0.00000000 -0.00000000 -1.00000000
vn 0.00000000 -0.00000000 1.00000000
vn 0.99573422 0.09226907 0.00000000
vn -0.00000000 -0.00000000 -1.00000000
vn 0.99573427 0.09226771 0.00000000
vn 0.00000000 -0.00000000 1.00000000
vn 0.99573427 -0.09226744 0.00000000
vn 0.99573422 -0.09226880 0.00000000
vn -0.00000000 -0.00000000 -1.00000000
vn 0.96182579 -0.27366290 0.00000000
vn 0.00000000 -0.00000000 1.00000000
vn 0.96182579 -0.27366298 0.00000000
vn -0.00000000 -0.00000000 -1.00000000
vn -0.00000000 -0.00000000 -1.00000000
vn 0.89516354 -0.44573769 0.00000000
vn 0.89516294 -0.44573897 0.00000000
vn -0.00000000 0.00000022 1.00000000
vn 0.00000000 -0.00000000 1.00000000
vn -0.00000000 -0.00000000 -1.00000000
vn 0.79801738 -0.60263449 0.00000000
vn 0.79801744 -0.60263437 0.00000000
vn 0.00000000 -0.00000022 1.00000000
vn 0.00000000 -0.00000000 1.00000000
vn 0.67369640 -0.73900819 0.00000000
vn 0.00000000 -0.00000000 1.00000000
vn 0.67369521 -0.73900926 0.00000000
vn -0.00000000 -0.00000000 -1.00000000
vn 0.52643293 -0.85021675 0.00000000
vn 0.00000000 -0.00000000 1.00000000
vn 0.52643150 -0.85021764 0.00000000
vn -0.00000000 -0.00000000 -1.00000000
vn 0.00000000 -0.00000000 1.00000000
vn 0.36124191 -0.93247223 0.00000000
vn -0.00000000 -0.00000000 -1.00000000
vn 0.36124161 -0.93247223 0.00000000
vn 0.18375003 -0.98297298 0.00000000
vn -0.00000000 -0.00000000 -1.00000000
vn 0.00000000 -0.00000034 -1.00000000
vn 0.00000000 -0.00000000 1.00000000
vn 0.18374953 -0.98297322 0.00000000
vn 0.00002248 -1.00000000 0.00000441
vn -0.00002331 -1.00000000 0.00000443
vn 0.00000000 -0.00000000 1.00000000
vn -0.00000000 0.00000035 -1.00000000
vn -0.00002222 -1.00000000 -0.00000441
vn -0.00000000 -0.00000000 -1.00000000
vn 0.00002357 -1.00000000 -0.00000443
vn -0.00000000 -0.00000000 -1.00000000
vn 0.14904046 0.98883110 0.00000000
vn -0.00001643 1.00000000 -0.00000359
vn 0.00001559 1.00000000 -0.00000357
vn 0.00000000 -0.00000000 1.00000000
vn 0.00000000 -0.00000000 1.00000000
vn 0.14904377 0.98883063 0.00000000
vn -0.00001586 1.00000000 0.00000357
vn -0.00000000 -0.00000000 -1.00000000
vn 0.00001616 1.00000000 0.00000359
vn -0.00000000 -0.00000000 -1.00000000
vn 0.29475307 0.95557344 0.00000000
vn 0.29475659 0.95557249 0.00000000
vn 0.00000000 -0.00000000 1.00000000
vn 0.43388367 0.90096897 0.00000000
vn -0.00000000 -0.00000000 -1.00000000
vn 0.43388388 0.90096885 0.00000000
vn 0.00000000 -0.00000000 1.00000000
vn 0.00000000 -0.00000000 1.00000000
vn 0.00000000 -0.00000014 1.00000000
vn 0.56331825 0.82624006 0.00000000
vn 0.56332135 0.82623798 0.00000000
vn -0.00000000 -0.00000000 -1.00000000
vn 0.00000000 -0.00000000 1.00000000
vn 0.68017268 0.73305190 0.00000000
vn -0.00000000 -0.00000000 -1.00000000
vn 0.68017256 0.73305213 0.00000000
vn -0.00000000 -0.00000000 -1.00000000
vn 0.78183013 0.62349164 0.00000000
vn 0.00000000 -0.00000000 1.00000000
vn 0.78183281 0.62348825 0.00000000
vn -0.00000000 -0.00000000 -1.00000000
vn 0.86602431 0.50000203 0.00000000
vn 0.86602646 0.49999812 0.00000000
vn 0.00000000 -0.00000000 1.00000000
vn -0.00000000 -0.00000000 -1.00000000
vn 0.93087292 0.36534312 0.00000000
vn 0.00000000 -0.00000000 1.00000000
vn 0.93087447 0.36533922 0.00000000
vn -0.00000000 -0.00000000 -1.00000000
vn 0.97492742 0.22252314 0.00000000
vn 0.00000000 -0.00000000 1.00000000
vn 0.97492832 0.22251904 0.00000000
vn 0.99720383 0.07473011 0.00000000
vn -0.00000000 -0.00000000 -1.00000000
vn 0.00000000 -0.00000000 1.00000000
vn 0.99720389 0.07473011 0.00000000
vn 0.00000000 -0.00000000 1.00000000
vn 0.99720383 -0.07472984 0.00000000
vn -0.00000000 -0.00000000 -1.00000000
vn 0.99720389 -0.07472984 0.00000000
vn 0.97492808 -0.22252087 0.00000000
vn -0.00000000 -0.00000000 -1.00000000
vn 0.97492796 -0.22252087 0.00000000
vn 0.00000000 -0.00000000 1.00000000
vn 0.93087459 -0.36533898 0.00000000
vn -0.00000000 0.00000022 1.00000000
vn 0.00000000 -0.00000000 1.00000000
vn 0.93087304 -0.36534289 0.00000000
vn -0.00000000 -0.00000000 -1.00000000
vn 0.00000000 -0.00000000 1.00000000
vn -0.00000000 0.00000022 1.00000000
vn 0.86602545 -0.49999988 0.00000000
vn 0.00000000 -0.00000022 1.00000000
vn 0.86602569 -0.49999988 0.00000000
vn -0.00000000 -0.00000000 -1.00000000
vn 0.78183168 -0.62348956 0.00000000
vn -0.00000000 -0.00000000 -1.00000000
vn 0.00000000 -0.00000022 1.00000000
vn 0.78183168 -0.62348980 0.00000000
vn 0.00000000 -0.00000000 1.00000000
vn 0.00000000 -0.00000000 1.00000000
vn 0.68017292 -0.73305178 0.00000000
vn -0.00000000 -0.00000000 -1.00000000
vn 0.68017280 -0.73305190 0.00000000
vn 0.56332159 -0.82623786 0.00000000
vn -0.00000000 -0.00000000 -1.00000000
vn 0.56331849 -0.82623994 0.00000000
vn 0.00000000 -0.00000000 1.00000000
vn -0.00000000 -0.00000000 -1.00000000
vn 0.43388391 -0.90096885 0.00000000
vn 0.43388411 -0.90096873 0.00000000
vn 0.00000000 -0.00000000 1.00000000
vn 0.00000000 -0.00000000 1.00000000
vn 0.29475683 -0.95557237 0.00000000
vn -0.00000000 -0.00000000 -1.00000000
vn 0.29475331 -0.95557332 0.00000000
vn 0.00000000 -0.00000000 1.00000000
vn 0.14904223 -0.98883092 0.00000000
vn 0.14904253 -0.98883080 0.00000000
vn -0.00000000 -0.00000000 -1.00000000
vn 0.00001586 -1.00000000 0.00000357
vn -0.00001616 -1.00000000 0.00000359
vn -0.00000000 -0.00000000 -1.00000000
vn 0.00001643 -1.00000000 -0.00000359
vn 0.00000000 -0.00000000 1.00000000
vn -0.00001559 -1.00000000 -0.00000357
vn -0.00000000 -0.00000000 -1.00000000
vn -0.14904197 -0.98883092 0.00000000
vn -0.14904226 -0.98883080 0.00000000
vn 0.00000000 -0.00000000 1.00000000
vn 0.00000000 -0.00000000 1.00000000
vn -0.29475507 -0.95557296 0.00000000
vn -0.29475460 -0.95557308 0.00000000
vn -0.00000000 -0.00000000 -1.00000000
vn -0.00000000 -0.00000000 -1.00000000
vn -0.43388367 -0.90096897 0.00000000
vn 0.00000000 -0.00000000 1.00000000
vn -0.43388388 -0.90096885 0.00000000
vn 0.00000000 -0.00000000 1.00000000
vn -0.56331986 -0.82623893 0.00000000
vn -0.56331986 -0.82623893 0.00000000
vn -0.00000000 -0.00000000 -1.00000000
vn -0.68017119 -0.73305345 0.00000000
vn -0.00000000 -0.00000000 -1.00000000
vn -0.68017405 -0.73305064 0.00000000
vn 0.00000000 -0.00000000 1.00000000
vn -0.78183013 -0.62349164 0.00000000
vn -0.00000000 -0.00000000 -1.00000000
vn 0.00000000 -0.00000000 1.00000000
vn -0.78183281 -0.62348825 0.00000000
vn -0.86602431 -0.50000203 0.00000000
vn -0.00000000 -0.00000000 -1.00000000
vn 0.00000000 -0.00000000 1.00000000
vn -0.00000000 0.00000014 1.00000000
vn -0.86602646 -0.49999812 0.00000000
vn -0.93087292 -0.36534312 0.00000000
vn -0.00000000 -0.00000000 -1.00000000
vn 0.00000000 -0.00000000 1.00000000
vn -0.93087447 -0.36533922 0.00000000
vn -0.00000000 0.00000014 1.00000000
vn 0.00000000 -0.00000014 1.00000000
vn -0.00000000 -0.00000000 -1.00000000
vn -0.97492796 -0.22252114 0.00000000
vn -0.97492784 -0.22252114 0.00000000
vn 0.00000000 -0.00000000 1.00000000
vn -0.99720371 -0.07473219 0.00000000
vn 0.00000000 -0.00000000 1.00000000
vn -0.00000000 -0.00000000 -1.00000000
vn -0.99720401 -0.07472803 0.00000000
vn 0.00000000 -0.00000000 1.00000000
vn -0.99720401 0.07472776 0.00000000
vn -0.00000000 -0.00000000 -1.00000000
vn -0.99720371 0.07473192 0.00000000
vn 0.00000000 -0.00000000 1.00000000
vn -0.97492844 0.22251877 0.00000000
vn -0.97492755 0.22252287 0.00000000
vn -0.00000000 -0.00000000 -1.00000000
vn -0.93087387 0.36534098 0.00000000
vn 0.00000000 -0.00000014 1.00000000
vn 0.00000000 -0.00000000 1.00000000
vn -0.00000000 -0.00000000 -1.00000000
vn -0.93087387 0.36534098 0.00000000
vn -0.00000000 -0.00000000 -1.00000000
vn -0.86602658 0.49999788 0.00000000
vn -0.86602444 0.50000179 0.00000000
vn 0.00000000 -0.00000000 1.00000000
vn 0.00000000 -0.00000014 1.00000000
vn -0.78183168 0.62348956 0.00000000
vn -0.00000000 -0.00000000 -1.00000000
vn 0.00000000 -0.00000000 1.00000000
vn -0.78183168 0.62348980 0.00000000
vn 0.00000000 -0.00000000 1.00000000
vn -0.68017292 0.73305178 0.00000000
vn -0.68017280 0.73305190 0.00000000
vn -0.00000000 -0.00000000 -1.00000000
vn -0.56332159 0.82623786 0.00000000
vn -0.00000000 -0.00000000 -1.00000000
vn -0.56331849 0.82623994 0.00000000
vn 0.00000000 -0.00000000 1.00000000
vn -0.43388391 0.90096885 0.00000000
vn -0.00000000 -0.00000000 -1.00000000
vn 0.00000000 -0.00000000 1.00000000
vn -0.43388411 0.90096873 0.00000000
vn -0.29475531 0.95557284 0.00000000
vn 0.00000000 -0.00000000 1.00000000
vn -0.00000000 -0.00000000 -1.00000000
vn -0.29475483 0.95557296 0.00000000
vn -0.14904404 0.98883063 0.00000000
vn -0.00000000 -0.00000000 -1.00000000
vn 0.00000000 -0.00000000 1.00000000
vn -0.14904073 0.98883110 0.00000000
vn 0.00000000 -0.00000000 1.00000000
vn -0.67369592 0.73900866 0.00000000
vn -0.79801798 0.60263365 0.00000000
vn 0.00000000 -0.00000000 1.00000000
vn 0.00000000 -0.00000000 1.00000000
vn -0.52643233 0.85021716 0.00000000
vn -0.89516354 0.44573778 0.00000000
vn 0.00000000 -0.00000000 1.00000000
vn 0.00000000 -0.00000014 1.00000000
vn -0.36124191 0.93247223 0.00000000
vn 0.00000000 -0.00000000 1.00000000
vn 0.00000000 -0.00000000 1.00000000
vn -0.96182585 0.27366227 0.00000000
vn -0.18374953 0.98297322 0.00000000
vn 0.00000000 -0.00000000 1.00000000
vn 0.00000000 -0.00000000 1.00000000
vn -0.99573427 0.09226809 0.00000000
vn -0.99573427 -0.09226841 0.00000000
vn 0.00000000 -0.00000000 1.00000000
vn 0.00000000 -0.00000014 1.00000000
vn 0.00000000 -0.00000000 1.00000000
vn -0.96182567 -0.27366322 0.00000000
vn -0.89516312 -0.44573873 0.00000000
vn 0.00000000 -0.00000000 1.00000000
vn 0.00000000 -0.00000014 1.00000000
vn -0.00000000 0.00000014 1.00000000
vn -0.79801685 -0.60263532 0.00000000
vn 0.00000000 -0.00000000 1.00000000
vn -0.67369509 -0.73900950 0.00000000
vn 0.00000000 -0.00000000 1.00000000
vn 0.00000000 -0.00000000 1.00000000
vn -0.52643126 -0.85021776 0.00000000
vn -0.36124077 -0.93247265 0.00000000
vn 0.00000000 -0.00000000 1.00000000
vn 0.00000000 -0.00000000 1.00000000
vn -0.18374906 -0.98297322 0.00000000
vn -0.00000000 0.00000035 -1.00000000
vn -0.00000000 -0.00000000 -1.00000000
vn -0.18374987 -0.98297310 0.00000000
vn -0.36124229 -0.93247193 0.00000000
vn -0.00000000 -0.00000000 -1.00000000
vn -0.00000000 -0.00000000 -1.00000000
vn -0.52643269 -0.85021687 0.00000000
vn -0.00000000 -0.00000000 -1.00000000
vn -0.67369616 -0.73900855 0.00000000
vn -0.79801774 -0.60263401 0.00000000
vn -0.00000000 -0.00000000 -1.00000000
vn -0.89516324 -0.44573852 0.00000000
vn -0.00000000 -0.00000000 -1.00000000
vn -0.96182567 -0.27366313 0.00000000
vn -0.00000000 -0.00000000 -1.00000000
vn -0.99573427 -0.09226836 0.00000000
vn -0.00000000 -0.00000000 -1.00000000
vn -0.00000000 -0.00000000 -1.00000000
vn -0.99573427 0.09226815 0.00000000
vn -0.00000000 0.00000069 -1.00000000
vn -0.00000000 -0.00000000 -1.00000000
vn -0.96182567 0.27366349 0.00000000
vn -0.00000000 -0.00000000 -1.00000000
vn -0.00000000 0.00000138 -1.00000000
vn -0.89516294 0.44573897 0.00000000
vn -0.79801696 0.60263509 0.00000000
vn -0.00000000 -0.00000000 -1.00000000
vn -0.00000000 -0.00000000 -1.00000000
vn -0.67369574 0.73900890 0.00000000
vn -0.00000000 -0.00000000 -1.00000000
vn -0.52643210 0.85021722 0.00000000
vn -0.00000000 -0.00000000 -1.00000000
vn -0.36124161 0.93247223 0.00000000
vn -0.00000000 -0.00000000 -1.00000000
vn -0.18375003 0.98297298 0.00000000
vn 0.00000000 -0.00000035 -1.00000000
vn -0.17364837 -0.98480773 0.00000000
vn 0.00000000 -0.00001471 1.00000000
vn 0.00000000 -0.00000000 1.00000000
vn 0.00000000 -0.00000253 1.00000000
vn -0.17364797 -0.98480791 0.00000000
vn -0.00000000 0.00000035 -1.00000000
vn -0.00000000 -0.00000000 -1.00000000
vn -0.34201947 -0.93969297 0.00000000
vn -0.00000000 -0.00000000 -1.00000000
vn 0.00000000 -0.00000253 1.00000000
vn -0.00000000 0.00001207 1.00000000
vn -0.34202069 -0.93969244 0.00000000
vn -0.00000000 0.00000099 1.00000000
vn 0.00000000 -0.00000000 1.00000000
vn -0.00000000 0.00003530 1.00000000
vn -0.00000000 0.00001207 1.00000000
vn -0.50000018 -0.86602539 0.00000000
vn 0.00000000 -0.00001189 1.00000000
vn -0.49999988 -0.86602557 0.00000000
vn -0.00000000 -0.00000000 -1.00000000
vn -0.00000000 -0.00000000 -1.00000000
vn -0.64278680 -0.76604503 0.00000000
vn -0.00000000 0.00003530 1.00000000
vn -0.64278829 -0.76604408 0.00000000
vn -0.76604366 -0.64278865 0.00000000
vn -0.00000000 -0.00000000 -1.00000000
vn 0.00000000 -0.00001189 1.00000000
vn -0.00000000 0.00003530 1.00000000
vn -0.76604485 -0.64278710 0.00000000
vn -0.86602491 -0.50000083 0.00000000
vn -0.00000000 -0.00000000 -1.00000000
vn -0.86602575 -0.49999973 0.00000000
vn -0.00000000 0.00000092 1.00000000
vn 0.00000000 -0.00001189 1.00000000
vn 0.00000000 -0.00000151 1.00000000
vn 0.00000000 -0.00000000 1.00000000
vn -0.00000000 0.00001207 1.00000000
vn -0.93969232 -0.34202093 0.00000000
vn -0.00000000 -0.00000000 -1.00000000
vn 0.00000000 -0.00000151 1.00000000
vn 0.00000000 -0.00000149 1.00000000
vn -0.93969285 -0.34201962 0.00000000
vn -0.00000000 0.00000441 1.00000000
vn -0.00000000 -0.00000000 -1.00000000
vn -0.98480773 -0.17364903 0.00000000
vn -0.98480803 -0.17364763 0.00000000
vn -0.00000000 0.00000441 1.00000000
vn -0.00000000 -0.00000000 -1.00000000
vn -0.00000000 0.00000069 -1.00000000
vn -1.00000000 -0.00000013 0.00000000
vn 0.00000000 -0.00000149 1.00000000
vn -1.00000000 -0.00000013 0.00000000
vn -0.00000000 0.00000441 1.00000000
vn -0.98480791 0.17364806 0.00000000
vn -0.00000000 0.00000092 1.00000000
vn 0.00000000 -0.00000151 1.00000000
vn 0.00000000 -0.00000149 1.00000000
vn -0.98480779 0.17364806 0.00000000
vn -0.00000000 0.00000069 -1.00000000
vn -0.00000000 -0.00000000 -1.00000000
vn -0.00000000 0.00000138 -1.00000000
vn -0.00000000 -0.00000000 -1.00000000
vn -0.93969297 0.34201947 0.00000000
vn -0.93969244 0.34202057 0.00000000
vn 0.00000000 -0.00000000 1.00000000
vn -0.00000000 0.00000092 1.00000000
vn -0.00000000 -0.00000000 -1.00000000
vn -0.86602587 0.49999958 0.00000000
vn -0.00000000 0.00000138 -1.00000000
vn 0.00000000 -0.00000000 1.00000000
vn -0.00000000 0.00000216 1.00000000
vn -0.86602503 0.50000060 0.00000000
vn -0.00000000 0.00000099 1.00000000
vn 0.00000000 -0.00000121 1.00000000
vn 0.00000000 -0.00000903 1.00000000
vn 0.00000000 -0.00000436 1.00000000
vn -0.76604497 0.64278686 0.00000000
vn -0.00000000 -0.00000000 -1.00000000
vn -0.76604396 0.64278841 0.00000000
vn 0.00000000 -0.00000000 1.00000000
vn -0.00000000 -0.00000000 -1.00000000
vn -0.64278853 0.76604396 0.00000000
vn 0.00000000 -0.00000903 1.00000000
vn -0.64278704 0.76604492 0.00000000
vn 0.00000000 -0.00000000 1.00000000
vn -0.00000000 -0.00000000 -1.00000000
vn -0.50000030 0.86602527 0.00000000
vn 0.00000000 -0.00000000 1.00000000
vn -0.50000000 0.86602545 0.00000000
vn -0.00000000 0.00000604 1.00000000
vn 0.00000000 -0.00000121 1.00000000
vn 0.00000000 -0.00000143 1.00000000
vn 0.00000000 -0.00000000 1.00000000
vn 0.00000000 -0.00000903 1.00000000
vn -0.00000000 0.00000627 1.00000000
vn -0.34201971 0.93969285 0.00000000
vn -0.34202093 0.93969232 0.00000000
vn -0.00000000 -0.00000000 -1.00000000
vn 0.00000000 -0.00000035 -1.00000000
vn -0.17364864 0.98480773 0.00000000
vn -0.00000000 -0.00000000 -1.00000000
vn 0.00000000 -0.00002378 1.00000000
vn -0.00000000 0.00000604 1.00000000
vn -0.17364824 0.98480791 0.00000000
vn 0.00000000 -0.00000000 1.00000000
vn 0.17364687 0.98480803 0.00000000
vn -0.00000000 -0.00000000 -1.00000000
vn -0.00000000 0.00000034 -1.00000000
vn 0.00001934 1.00000000 -0.00000416
vn -0.00001961 1.00000000 -0.00000418
vn 0.00000000 -0.00000000 1.00000000
vn 0.17364956 0.98480761 0.00000000
vn 0.00000000 -0.00000000 1.00000000
vn 0.00000000 -0.00002378 1.00000000
vn -0.00001869 1.00000000 0.00000416
vn -0.00000000 -0.00000000 -1.00000000
vn 0.00001842 1.00000000 0.00000418
vn 0.34201917 0.93969303 0.00000000
vn -0.00000000 -0.00000000 -1.00000000
vn -0.00000000 0.00000034 -1.00000000
vn 0.00000000 -0.00000000 1.00000000
vn 0.00000000 -0.00002378 1.00000000
vn -0.00000000 0.00000627 1.00000000
vn 0.34202099 0.93969244 0.00000000
vn -0.00000000 0.00000604 1.00000000
vn -0.00000000 -0.00000000 -1.00000000
vn 0.49999958 0.86602569 0.00000000
vn 0.00000000 -0.00000000 1.00000000
vn 0.50000036 0.86602515 0.00000000
vn 0.64278680 0.76604503 0.00000000
vn -0.00000000 -0.00000000 -1.00000000
vn 0.00000000 -0.00000143 1.00000000
vn -0.00000000 0.00000627 1.00000000
vn 0.00000000 -0.00000000 1.00000000
vn 0.64278829 0.76604408 0.00000000
vn 0.76604366 0.64278865 0.00000000
vn -0.00000000 -0.00000000 -1.00000000
vn 0.00000000 -0.00000000 1.00000000
vn 0.76604485 0.64278710 0.00000000
vn 0.86602527 0.50000030 0.00000000
vn -0.00000000 -0.00000000 -1.00000000
vn -0.00000000 0.00000138 -1.00000000
vn 0.00000000 -0.00000000 1.00000000
vn 0.86602533 0.50000024 0.00000000
vn 0.93969262 0.34202021 0.00000000
vn 0.00000000 -0.00000000 1.00000000
vn 0.93969256 0.34202033 0.00000000
vn -0.00000000 0.00000138 -1.00000000
vn -0.00000000 -0.00000000 -1.00000000
vn 0.98480773 0.17364903 0.00000000
vn -0.00000000 -0.00000000 -1.00000000
vn 0.98480803 0.17364763 0.00000000
vn 0.00000000 -0.00000149 1.00000000
vn 0.00000000 -0.00000000 1.00000000
vn 1.00000000 0.00000082 0.00000000
vn -0.00000000 -0.00000000 -1.00000000
vn 1.00000000 -0.00000056 0.00000000
vn -0.00000000 0.00000441 1.00000000
vn 0.00000000 -0.00000149 1.00000000
vn -0.00000000 -0.00000000 -1.00000000
vn 0.98480803 -0.17364736 0.00000000
vn -0.00000000 0.00000441 1.00000000
vn 0.98480773 -0.17364876 0.00000000
vn 0.93969297 -0.34201947 0.00000000
vn -0.00000000 -0.00000000 -1.00000000
vn 0.00000000 -0.00000000 1.00000000
vn 0.00000000 -0.00000121 1.00000000
vn -0.00000000 0.00000216 1.00000000
vn -0.00000000 0.00000441 1.00000000
vn 0.93969244 -0.34202057 0.00000000
vn 0.00000000 -0.00000149 1.00000000
vn 0.00000000 -0.00000143 1.00000000
vn 0.00000000 -0.00001765 1.00000000
vn 0.86602539 -0.50000006 0.00000000
vn -0.00000000 -0.00000000 -1.00000000
vn 0.00000000 -0.00001765 1.00000000
vn 0.86602545 -0.50000000 0.00000000
vn -0.00000000 0.00000216 1.00000000
vn 0.00000000 -0.00000436 1.00000000
vn 0.00000000 -0.00001765 1.00000000
vn 0.76604426 -0.64278775 0.00000000
vn -0.00000000 -0.00000000 -1.00000000
vn 0.76604456 -0.64278746 0.00000000
vn -0.00000000 -0.00000000 -1.00000000
vn 0.64278853 -0.76604396 0.00000000
vn -0.00000000 0.00000099 1.00000000
vn 0.00000000 -0.00000436 1.00000000
vn 0.64278704 -0.76604492 0.00000000
vn 0.00000000 -0.00000000 1.00000000
vn 0.00000000 -0.00000253 1.00000000
vn 0.00000000 -0.00001471 1.00000000
vn -0.00000000 0.00003566 1.00000000
vn 0.50000060 -0.86602503 0.00000000
vn -0.00000000 -0.00000000 -1.00000000
vn 0.00000000 -0.00000000 1.00000000
vn 0.49999982 -0.86602563 0.00000000
vn 0.00000000 -0.00000034 -1.00000000
vn 0.34202123 -0.93969232 0.00000000
vn -0.00000000 -0.00000000 -1.00000000
vn -0.00000000 0.00003566 1.00000000
vn 0.34201941 -0.93969291 0.00000000
vn 0.00000000 -0.00000000 1.00000000
vn -0.00000000 -0.00000000 -1.00000000
vn 0.00000000 -0.00000034 -1.00000000
vn 0.17364864 -0.98480773 0.00000000
vn 0.00000000 -0.00001471 1.00000000
vn 0.00000000 -0.00000000 1.00000000
vn -0.00000000 0.00003566 1.00000000
vn 0.17364824 -0.98480791 0.00000000
vn 0.00000000 -0.00000000 1.00000000
vn 0.00001961 -1.00000000 -0.00000418
vn -0.00001842 -1.00000000 -0.00000416
vn -0.00000000 -0.00000000 -1.00000000
vn 0.00001869 -1.00000000 0.00000416
vn -0.00001934 -1.00000000 0.00000418
vn 0.18374906 0.98297322 0.00000000
vn 0.00000000 -0.00000000 1.00000000
vn 0.00002222 1.00000000 -0.00000441
vn -0.00002357 1.00000000 -0.00000443
vn 0.00000000 -0.00000035 -1.00000000
vn -0.00000000 -0.00000000 -1.00000000
vn -0.00000000 -0.00000000 -1.00000000
vn -0.00000000 0.00000034 -1.00000000
vn 0.18374987 0.98297310 0.00000000
vn 0.00000000 -0.00000000 1.00000000
vn -0.00002248 1.00000000 0.00000441
vn 0.00002331 1.00000000 0.00000443
vn 0.36124158 0.93247235 0.00000000
vn 0.00000000 -0.00000000 1.00000000
vn -0.00000000 -0.00000000 -1.00000000
vn 0.36124137 0.93247235 0.00000000
vn -0.00000000 -0.00000000 -1.00000000
vn 0.52643186 0.85021734 0.00000000
vn 0.00000000 -0.00000014 1.00000000
vn 0.52643210 0.85021728 0.00000000
vn 0.00000000 -0.00000000 1.00000000
vn 0.67369509 0.73900950 0.00000000
vn 0.00000000 -0.00000000 1.00000000
vn 0.00000000 -0.00000014 1.00000000
vn -0.00000000 -0.00000000 -1.00000000
vn 0.67369616 0.73900855 0.00000000
vn 0.79801685 0.60263532 0.00000000
vn 0.00000000 -0.00000000 1.00000000
vn -0.00000000 -0.00000000 -1.00000000
vn 0.79801774 0.60263401 0.00000000
vn 0.00000000 -0.00000000 1.00000000
vn 0.89516282 0.44573921 0.00000000
vn -0.00000000 -0.00000000 -1.00000000
vn 0.89516342 0.44573793 0.00000000
vn -0.00000000 0.00000138 -1.00000000
vn 0.96182555 0.27366382 0.00000000
vn 0.00000000 -0.00000000 1.00000000
vn 0.96182573 0.27366251 0.00000000
vn -0.00000000 -0.00000000 -1.00000000
vn 0.99573422 0.09226907 0.00000000
vn 0.00000000 -0.00000000 1.00000000
vn -0.00000000 -0.00000000 -1.00000000
vn 0.99573427 0.09226771 0.00000000
vn 0.00000000 -0.00000000 1.00000000
vn 0.99573427 -0.09226744 0.00000000
vn -0.00000000 -0.00000000 -1.00000000
vn 0.99573422 -0.09226880 0.00000000
vn 0.96182579 -0.27366290 0.00000000
vn 0.00000000 -0.00000000 1.00000000
vn 0.96182579 -0.27366298 0.00000000
vn -0.00000000 -0.00000000 -1.00000000
vn -0.00000000 -0.00000000 -1.00000000
vn 0.89516354 -0.44573769 0.00000000
vn -0.00000000 0.00000022 1.00000000
vn 0.89516294 -0.44573897 0.00000000
vn 0.00000000 -0.00000000 1.00000000
vn 0.79801738 -0.60263449 0.00000000
vn -0.00000000 -0.00000000 -1.00000000
vn 0.00000000 -0.00000000 1.00000000
vn 0.79801744 -0.60263437 0.00000000
vn 0.00000000 -0.00000022 1.00000000
vn 0.00000000 -0.00000000 1.00000000
vn 0.67369640 -0.73900819 0.00000000
vn -0.00000000 -0.00000000 -1.00000000
vn 0.67369521 -0.73900926 0.00000000
vn 0.52643293 -0.85021675 0.00000000
vn 0.00000000 -0.00000000 1.00000000
vn 0.52643150 -0.85021764 0.00000000
vn -0.00000000 -0.00000000 -1.00000000
vn 0.36124191 -0.93247223 0.00000000
vn 0.00000000 -0.00000000 1.00000000
vn -0.00000000 -0.00000000 -1.00000000
vn 0.36124161 -0.93247223 0.00000000
vn 0.18375003 -0.98297298 0.00000000
vn -0.00000000 -0.00000000 -1.00000000
vn 0.00000000 -0.00000034 -1.00000000
vn 0.18374953 -0.98297322 0.00000000
vn 0.00000000 -0.00000000 1.00000000
vn -0.00002331 -1.00000000 0.00000443
vn 0.00000000 -0.00000000 1.00000000
vn 0.00002248 -1.00000000 0.00000441
vn 0.00002357 -1.00000000 -0.00000443
vn -0.00000000 -0.00000000 -1.00000000
vn -0.00002222 -1.00000000 -0.00000441
vn -0.00000000 0.00000035 -1.00000000
vn 0.14904046 0.98883110 0.00000000
vn -0.00000000 -0.00000000 -1.00000000
vn 0.00000000 -0.00000000 1.00000000
vn -0.00001643 1.00000000 -0.00000359
vn 0.00001559 1.00000000 -0.00000357
vn 0.00000000 -0.00000000 1.00000000
vn 0.14904377 0.98883063 0.00000000
vn -0.00000000 -0.00000000 -1.00000000
vn 0.00001616 1.00000000 0.00000359
vn -0.00001586 1.00000000 0.00000357
vn -0.00000000 -0.00000000 -1.00000000
vn 0.29475307 0.95557344 0.00000000
vn 0.00000000 -0.00000000 1.00000000
vn 0.29475659 0.95557249 0.00000000
vn -0.00000000 -0.00000000 -1.00000000
vn 0.43388367 0.90096897 0.00000000
vn 0.43388388 0.90096885 0.00000000
vn 0.00000000 -0.00000000 1.00000000
vn 0.56331825 0.82624006 0.00000000
vn 0.00000000 -0.00000014 1.00000000
vn 0.00000000 -0.00000000 1.00000000
vn -0.00000000 -0.00000000 -1.00000000
vn 0.56332135 0.82623798 0.00000000
vn 0.68017268 0.73305190 0.00000000
vn 0.00000000 -0.00000000 1.00000000
vn 0.68017256 0.73305213 0.00000000
vn -0.00000000 -0.00000000 -1.00000000
vn -0.00000000 -0.00000000 -1.00000000
vn 0.78183013 0.62349164 0.00000000
vn 0.00000000 -0.00000000 1.00000000
vn 0.78183281 0.62348825 0.00000000
vn -0.00000000 -0.00000000 -1.00000000
vn 0.86602431 0.50000203 0.00000000
vn 0.00000000 -0.00000000 1.00000000
vn 0.86602646 0.49999812 0.00000000
vn 0.93087292 0.36534312 0.00000000
vn -0.00000000 -0.00000000 -1.00000000
vn 0.00000000 -0.00000000 1.00000000
vn 0.93087447 0.36533922 0.00000000
vn 0.97492742 0.22252314 0.00000000
vn -0.00000000 -0.00000000 -1.00000000
vn 0.00000000 -0.00000000 1.00000000
vn 0.97492832 0.22251904 0.00000000
vn -0.00000000 -0.00000000 -1.00000000
vn 0.99720383 0.07473011 0.00000000
vn 0.99720389 0.07473011 0.00000000
vn 0.00000000 -0.00000000 1.00000000
vn 0.00000000 -0.00000000 1.00000000
vn 0.99720383 -0.07472984 0.00000000
vn 0.99720389 -0.07472984 0.00000000
vn -0.00000000 -0.00000000 -1.00000000
vn 0.97492808 -0.22252087 0.00000000
vn -0.00000000 -0.00000000 -1.00000000
vn 0.97492796 -0.22252087 0.00000000
vn 0.00000000 -0.00000000 1.00000000
vn 0.93087459 -0.36533898 0.00000000
vn -0.00000000 0.00000022 1.00000000
vn 0.00000000 -0.00000000 1.00000000
vn 0.93087304 -0.36534289 0.00000000
vn -0.00000000 -0.00000000 -1.00000000
vn 0.86602545 -0.49999988 0.00000000
vn 0.00000000 -0.00000022 1.00000000
vn 0.00000000 -0.00000000 1.00000000
vn -0.00000000 0.00000022 1.00000000
vn -0.00000000 -0.00000000 -1.00000000
vn 0.86602569 -0.49999988 0.00000000
vn 0.78183168 -0.62348956 0.00000000
vn -0.00000000 -0.00000000 -1.00000000
vn 0.00000000 -0.00000000 1.00000000
vn 0.78183168 -0.62348980 0.00000000
vn 0.00000000 -0.00000022 1.00000000
vn 0.00000000 -0.00000000 1.00000000
vn 0.68017292 -0.73305178 0.00000000
vn -0.00000000 -0.00000000 -1.00000000
vn 0.68017280 -0.73305190 0.00000000
vn -0.00000000 -0.00000000 -1.00000000
vn 0.56332159 -0.82623786 0.00000000
vn 0.00000000 -0.00000000 1.00000000
vn 0.56331849 -0.82623994 0.00000000
vn 0.43388391 -0.90096885 0.00000000
vn -0.00000000 -0.00000000 -1.00000000
vn 0.00000000 -0.00000000 1.00000000
vn 0.43388411 -0.90096873 0.00000000
vn 0.00000000 -0.00000000 1.00000000
vn 0.29475683 -0.95557237 0.00000000
vn -0.00000000 -0.00000000 -1.00000000
vn 0.29475331 -0.95557332 0.00000000
vn 0.14904223 -0.98883092 0.00000000
vn 0.00000000 -0.00000000 1.00000000
vn 0.14904253 -0.98883080 0.00000000
vn -0.00000000 -0.00000000 -1.00000000
vn -0.00001616 -1.00000000 0.00000359
vn -0.00000000 -0.00000000 -1.00000000
vn 0.00001586 -1.00000000 0.00000357
vn -0.00001559 -1.00000000 -0.00000357
vn 0.00000000 -0.00000000 1.00000000
vn 0.00001643 -1.00000000 -0.00000359
vn -0.14904197 -0.98883092 0.00000000
vn -0.00000000 -0.00000000 -1.00000000
vn 0.00000000 -0.00000000 1.00000000
vn -0.14904226 -0.98883080 0.00000000
vn -0.29475507 -0.95557296 0.00000000
vn 0.00000000 -0.00000000 1.00000000
vn -0.29475460 -0.95557308 0.00000000
vn -0.00000000 -0.00000000 -1.00000000
vn -0.00000000 -0.00000000 -1.00000000
vn -0.43388367 -0.90096897 0.00000000
vn 0.00000000 -0.00000000 1.00000000
vn -0.43388388 -0.90096885 0.00000000
vn 0.00000000 -0.00000000 1.00000000
vn -0.56331986 -0.82623893 0.00000000
vn -0.00000000 -0.00000000 -1.00000000
vn -0.56331986 -0.82623893 0.00000000
vn -0.68017119 -0.73305345 0.00000000
vn -0.00000000 -0.00000000 -1.00000000
vn 0.00000000 -0.00000000 1.00000000
vn -0.68017405 -0.73305064 0.00000000
vn -0.78183013 -0.62349164 0.00000000
vn -0.00000000 -0.00000000 -1.00000000
vn 0.00000000 -0.00000000 1.00000000
vn -0.78183281 -0.62348825 0.00000000
vn -0.86602431 -0.50000203 0.00000000
vn -0.00000000 -0.00000000 -1.00000000
vn 0.00000000 -0.00000000 1.00000000
vn -0.00000000 0.00000014 1.00000000
vn -0.86602646 -0.49999812 0.00000000
vn -0.00000000 -0.00000000 -1.00000000
vn -0.93087292 -0.36534312 0.00000000
vn 0.00000000 -0.00000014 1.00000000
vn -0.00000000 0.00000014 1.00000000
vn 0.00000000 -0.00000000 1.00000000
vn -0.93087447 -0.36533922 0.00000000
vn -0.97492796 -0.22252114 0.00000000
vn -0.00000000 -0.00000000 -1.00000000
vn 0.00000000 -0.00000000 1.00000000
vn -0.97492784 -0.22252114 0.00000000
vn -0.99720371 -0.07473219 0.00000000
vn 0.00000000 -0.00000000 1.00000000
vn -0.99720401 -0.07472803 0.00000000
vn -0.00000000 -0.00000000 -1.00000000
vn -0.99720401 0.07472776 0.00000000
vn 0.00000000 -0.00000000 1.00000000
vn -0.00000000 -0.00000000 -1.00000000
vn -0.99720371 0.07473192 0.00000000
vn -0.97492844 0.22251877 0.00000000
vn 0.00000000 -0.00000000 1.00000000
vn -0.97492755 0.22252287 0.00000000
vn -0.00000000 -0.00000000 -1.00000000
vn 0.00000000 -0.00000014 1.00000000
vn 0.00000000 -0.00000000 1.00000000
vn -0.93087387 0.36534098 0.00000000
vn -0.00000000 -0.00000000 -1.00000000
vn -0.93087387 0.36534098 0.00000000
vn -0.86602658 0.49999788 0.00000000
vn -0.00000000 -0.00000000 -1.00000000
vn -0.86602444 0.50000179 0.00000000
vn 0.00000000 -0.00000014 1.00000000
vn 0.00000000 -0.00000000 1.00000000
vn -0.78183168 0.62348956 0.00000000
vn -0.00000000 -0.00000000 -1.00000000
vn -0.78183168 0.62348980 0.00000000
vn 0.00000000 -0.00000000 1.00000000
vn -0.68017292 0.73305178 0.00000000
vn 0.00000000 -0.00000000 1.00000000
vn -0.68017280 0.73305190 0.00000000
vn -0.00000000 -0.00000000 -1.00000000
vn -0.00000000 -0.00000000 -1.00000000
vn -0.56332159 0.82623786 0.00000000
vn 0.00000000 -0.00000000 1.00000000
vn -0.56331849 0.82623994 0.00000000
vn -0.43388391 0.90096885 0.00000000
vn -0.00000000 -0.00000000 -1.00000000
vn 0.00000000 -0.00000000 1.00000000
vn -0.43388411 0.90096873 0.00000000
vn 0.00000000 -0.00000000 1.00000000
vn -0.29475531 0.95557284 0.00000000
vn -0.00000000 -0.00000000 -1.00000000
vn -0.29475483 0.95557296 0.00000000
vn -0.00000000 -0.00000000 -1.00000000
vn -0.14904404 0.98883063 0.00000000
vn 0.00000000 -0.00000000 1.00000000
vn -0.14904073 0.98883110 0.00000000
vn -0.67369592 0.73900866 0.00000000
vn 0.00000000 -0.00000000 1.00000000
vn 0.00000000 -0.00000000 1.00000000
vn -0.79801798 0.60263365 0.00000000
vn 0.00000000 -0.00000000 1.00000000
vn -0.52643233 0.85021716 0.00000000
vn 0.00000000 -0.00000014 1.00000000
vn -0.89516354 0.44573778 0.00000000
vn 0.00000000 -0.00000000 1.00000000
vn -0.36124191 0.93247223 0.00000000
vn 0.00000000 -0.00000000 1.00000000
vn 0.00000000 -0.00000000 1.00000000
vn -0.96182585 0.27366227 0.00000000
vn 0.00000000 -0.00000000 1.00000000
vn -0.18374953 0.98297322 0.00000000
vn -0.99573427 0.09226809 0.00000000
vn 0.00000000 -0.00000000 1.00000000
vn 0.00000000 -0.00000000 1.00000000
vn -0.99573427 -0.09226841 0.00000000
vn -0.96182567 -0.27366322 0.00000000
vn 0.00000000 -0.00000014 1.00000000
vn 0.00000000 -0.00000000 1.00000000
vn -0.89516312 -0.44573873 0.00000000
vn -0.00000000 0.00000014 1.00000000
vn 0.00000000 -0.00000000 1.00000000
vn 0.00000000 -0.00000014 1.00000000
vn -0.79801685 -0.60263532 0.00000000
vn 0.00000000 -0.00000000 1.00000000
vn -0.67369509 -0.73900950 0.00000000
vn 0.00000000 -0.00000000 1.00000000
vn 0.00000000 -0.00000000 1.00000000
vn -0.52643126 -0.85021776 0.00000000
vn -0.36124077 -0.93247265 0.00000000
vn 0.00000000 -0.00000000 1.00000000
vn 0.00000000 -0.00000000 1.00000000
vn -0.18374906 -0.98297322 0.00000000
vn -0.00000000 0.00000035 -1.00000000
vn -0.00000000 -0.00000000 -1.00000000
vn -0.18374987 -0.98297310 0.00000000
vn -0.36124229 -0.93247193 0.00000000
vn -0.00000000 -0.00000000 -1.00000000
vn -0.00000000 -0.00000000 -1.00000000
vn -0.52643269 -0.85021687 0.00000000
vn -0.67369616 -0.73900855 0.00000000
vn -0.00000000 -0.00000000 -1.00000000
vn -0.00000000 -0.00000000 -1.00000000
vn -0.79801774 -0.60263401 0.00000000
vn -0.00000000 -0.00000000 -1.00000000
vn -0.89516324 -0.44573852 0.00000000
vn -0.00000000 -0.00000000 -1.00000000
vn -0.96182567 -0.27366313 0.00000000
vn -0.00000000 -0.00000000 -1.00000000
vn -0.99573427 -0.09226836 0.00000000
vn -0.00000000 -0.00000000 -1.00000000
vn -0.00000000 0.00000069 -1.00000000
vn -0.99573427 0.09226815 0.00000000
vn -0.00000000 -0.00000000 -1.00000000
vn -0.96182567 0.27366349 0.00000000
vn -0.89516294 0.44573897 0.00000000
vn -0.00000000 0.00000138 -1.00000000
vn -0.00000000 -0.00000000 -1.00000000
vn -0.00000000 -0.00000000 -1.00000000
vn -0.79801696 0.60263509 0.00000000
vn -0.00000000 -0.00000000 -1.00000000
vn -0.67369574 0.73900890 0.00000000
vn -0.00000000 -0.00000000 -1.00000000
vn -0.52643210 0.85021722 0.00000000
vn -0.36124161 0.93247223 0.00000000
vn -0.00000000 -0.00000000 -1.00000000
vn -0.18375003 0.98297298 0.00000000
vn -0.00000000 -0.00000000 -1.00000000
vn 0.00000000 -0.00000035 -1.00000000
vn 0.00000000 -0.00000253 1.00000000
vn 0.00000000 -0.00000000 1.00000000
vn 0.00000000 -0.00001471 1.00000000
vn -0.17364837 -0.98480773 0.00000000
vn -0.17364797 -0.98480791 0.00000000
vn -0.00000000 0.00000035 -1.00000000
vn -0.00000000 -0.00000000 -1.00000000
vn -0.00000000 -0.00000000 -1.00000000
vn -0.34201947 -0.93969297 0.00000000
vn 0.00000000 -0.00000000 1.00000000
vn -0.00000000 0.00001207 1.00000000
vn -0.34202069 -0.93969244 0.00000000
vn -0.00000000 0.00000099 1.00000000
vn 0.00000000 -0.00000253 1.00000000
vn 0.00000000 -0.00001189 1.00000000
vn -0.50000018 -0.86602539 0.00000000
vn -0.00000000 0.00003530 1.00000000
vn -0.00000000 0.00001207 1.00000000
vn -0.49999988 -0.86602557 0.00000000
vn -0.00000000 -0.00000000 -1.00000000
vn -0.00000000 -0.00000000 -1.00000000
vn -0.64278680 -0.76604503 0.00000000
vn -0.00000000 0.00003530 1.00000000
vn -0.64278829 -0.76604408 0.00000000
vn -0.76604366 -0.64278865 0.00000000
vn -0.00000000 -0.00000000 -1.00000000
vn -0.76604485 -0.64278710 0.00000000
vn -0.00000000 0.00003530 1.00000000
vn 0.00000000 -0.00001189 1.00000000
vn -0.86602491 -0.50000083 0.00000000
vn -0.00000000 -0.00000000 -1.00000000
vn 0.00000000 -0.00000000 1.00000000
vn -0.86602575 -0.49999973 0.00000000
vn 0.00000000 -0.00000151 1.00000000
vn 0.00000000 -0.00001189 1.00000000
vn -0.00000000 0.00000092 1.00000000
vn -0.00000000 0.00001207 1.00000000
vn -0.93969232 -0.34202093 0.00000000
vn -0.00000000 -0.00000000 -1.00000000
vn -0.93969285 -0.34201962 0.00000000
vn -0.00000000 0.00000441 1.00000000
vn 0.00000000 -0.00000149 1.00000000
vn 0.00000000 -0.00000151 1.00000000
vn -0.98480773 -0.17364903 0.00000000
vn -0.00000000 -0.00000000 -1.00000000
vn -0.00000000 0.00000441 1.00000000
vn -0.98480803 -0.17364763 0.00000000
vn -0.00000000 -0.00000000 -1.00000000
vn -1.00000000 -0.00000013 0.00000000
vn -0.00000000 0.00000069 -1.00000000
vn -1.00000000 -0.00000013 0.00000000
vn 0.00000000 -0.00000149 1.00000000
vn -0.00000000 0.00000441 1.00000000
vn 0.00000000 -0.00000149 1.00000000
vn -0.00000000 0.00000092 1.00000000
vn 0.00000000 -0.00000151 1.00000000
vn -0.98480791 0.17364806 0.00000000
vn -0.00000000 0.00000069 -1.00000000
vn -0.00000000 -0.00000000 -1.00000000
vn -0.98480779 0.17364806 0.00000000
vn -0.00000000 -0.00000000 -1.00000000
vn -0.00000000 0.00000138 -1.00000000
vn -0.93969297 0.34201947 0.00000000
vn -0.93969244 0.34202057 0.00000000
vn -0.00000000 0.00000092 1.00000000
vn 0.00000000 -0.00000000 1.00000000
vn -0.86602587 0.49999958 0.00000000
vn -0.00000000 0.00000138 -1.00000000
vn -0.00000000 -0.00000000 -1.00000000
vn 0.00000000 -0.00000903 1.00000000
vn 0.00000000 -0.00000436 1.00000000
vn -0.00000000 0.00000216 1.00000000
vn -0.00000000 0.00000099 1.00000000
vn 0.00000000 -0.00000121 1.00000000
vn 0.00000000 -0.00000000 1.00000000
vn -0.86602503 0.50000060 0.00000000
vn -0.00000000 -0.00000000 -1.00000000
vn -0.76604497 0.64278686 0.00000000
vn 0.00000000 -0.00000000 1.00000000
vn -0.76604396 0.64278841 0.00000000
vn -0.64278853 0.76604396 0.00000000
vn -0.00000000 -0.00000000 -1.00000000
vn 0.00000000 -0.00000000 1.00000000
vn 0.00000000 -0.00000903 1.00000000
vn -0.64278704 0.76604492 0.00000000
vn -0.50000030 0.86602527 0.00000000
vn -0.00000000 -0.00000000 -1.00000000
vn 0.00000000 -0.00000000 1.00000000
vn -0.50000000 0.86602545 0.00000000
vn 0.00000000 -0.00000121 1.00000000
vn 0.00000000 -0.00000903 1.00000000
vn 0.00000000 -0.00000143 1.00000000
vn 0.00000000 -0.00000000 1.00000000
vn -0.34201971 0.93969285 0.00000000
vn -0.00000000 0.00000627 1.00000000
vn -0.00000000 0.00000604 1.00000000
vn -0.00000000 -0.00000000 -1.00000000
vn -0.34202093 0.93969232 0.00000000
vn -0.17364864 0.98480773 0.00000000
vn 0.00000000 -0.00000035 -1.00000000
vn -0.00000000 -0.00000000 -1.00000000
vn -0.00000000 0.00000604 1.00000000
vn 0.00000000 -0.00002378 1.00000000
vn 0.00000000 -0.00000000 1.00000000
vn -0.17364824 0.98480791 0.00000000
vn -0.00000000 0.00000034 -1.00000000
vn 0.17364687 0.98480803 0.00000000
vn -0.00000000 -0.00000000 -1.00000000
vn 0.00000000 -0.00000000 1.00000000
vn -0.00001961 1.00000000 -0.00000418
vn 0.00001934 1.00000000 -0.00000416
vn 0.00000000 -0.00002378 1.00000000
vn 0.17364956 0.98480761 0.00000000
vn 0.00000000 -0.00000000 1.00000000
vn -0.00001869 1.00000000 0.00000416
vn 0.00001842 1.00000000 0.00000418
vn -0.00000000 -0.00000000 -1.00000000
vn -0.00000000 0.00000034 -1.00000000
vn 0.34201917 0.93969303 0.00000000
vn -0.00000000 -0.00000000 -1.00000000
vn 0.00000000 -0.00000000 1.00000000
vn 0.00000000 -0.00002378 1.00000000
vn -0.00000000 0.00000627 1.00000000
vn -0.00000000 0.00000604 1.00000000
vn 0.34202099 0.93969244 0.00000000
vn 0.49999958 0.86602569 0.00000000
vn -0.00000000 -0.00000000 -1.00000000
vn 0.00000000 -0.00000000 1.00000000
vn 0.50000036 0.86602515 0.00000000
vn -0.00000000 -0.00000000 -1.00000000
vn 0.64278680 0.76604503 0.00000000
vn 0.00000000 -0.00000143 1.00000000
vn 0.64278829 0.76604408 0.00000000
vn 0.00000000 -0.00000000 1.00000000
vn -0.00000000 0.00000627 1.00000000
vn 0.76604366 0.64278865 0.00000000
vn -0.00000000 -0.00000000 -1.00000000
vn 0.00000000 -0.00000000 1.00000000
vn 0.76604485 0.64278710 0.00000000
vn -0.00000000 -0.00000000 -1.00000000
vn 0.86602527 0.50000030 0.00000000
vn -0.00000000 0.00000138 -1.00000000
vn 0.86602533 0.50000024 0.00000000
vn 0.00000000 -0.00000000 1.00000000
vn 0.00000000 -0.00000000 1.00000000
vn 0.93969262 0.34202021 0.00000000
vn -0.00000000 0.00000138 -1.00000000
vn 0.93969256 0.34202033 0.00000000
vn -0.00000000 -0.00000000 -1.00000000
vn -0.00000000 -0.00000000 -1.00000000
vn 0.98480773 0.17364903 0.00000000
vn 0.98480803 0.17364763 0.00000000
vn 0.00000000 -0.00000149 1.00000000
vn 0.00000000 -0.00000000 1.00000000
vn 1.00000000 0.00000082 0.00000000
vn -0.00000000 -0.00000000 -1.00000000
vn -0.00000000 0.00000441 1.00000000
vn 1.00000000 -0.00000056 0.00000000
vn 0.00000000 -0.00000149 1.00000000
vn 0.98480803 -0.17364736 0.00000000
vn -0.00000000 -0.00000000 -1.00000000
vn -0.00000000 0.00000441 1.00000000
vn 0.98480773 -0.17364876 0.00000000
vn -0.00000000 -0.00000000 -1.00000000
vn 0.93969297 -0.34201947 0.00000000
vn 0.00000000 -0.00000143 1.00000000
vn 0.00000000 -0.00000121 1.00000000
vn -0.00000000 0.00000441 1.00000000
vn 0.00000000 -0.00000149 1.00000000
vn 0.00000000 -0.00000000 1.00000000
vn -0.00000000 0.00000216 1.00000000
vn 0.00000000 -0.00001765 1.00000000
vn 0.93969244 -0.34202057 0.00000000
vn -0.00000000 -0.00000000 -1.00000000
vn 0.86602539 -0.50000006 0.00000000
vn 0.00000000 -0.00001765 1.00000000
vn 0.86602545 -0.50000000 0.00000000
vn 0.00000000 -0.00001765 1.00000000
vn 0.76604426 -0.64278775 0.00000000
vn 0.00000000 -0.00000436 1.00000000
vn -0.00000000 0.00000216 1.00000000
vn -0.00000000 -0.00000000 -1.00000000
vn 0.76604456 -0.64278746 0.00000000
vn -0.00000000 -0.00000000 -1.00000000
vn 0.64278853 -0.76604396 0.00000000
vn 0.00000000 -0.00000253 1.00000000
vn -0.00000000 0.00000099 1.00000000
vn 0.00000000 -0.00000436 1.00000000
vn 0.00000000 -0.00000000 1.00000000
vn -0.00000000 0.00003566 1.00000000
vn 0.00000000 -0.00001471 1.00000000
vn 0.64278704 -0.76604492 0.00000000
vn -0.00000000 -0.00000000 -1.00000000
vn 0.50000060 -0.86602503 0.00000000
vn 0.00000000 -0.00000000 1.00000000
vn 0.49999982 -0.86602563 0.00000000
vn 0.00000000 -0.00000034 -1.00000000
vn -0.00000000 -0.00000000 -1.00000000
vn 0.34202123 -0.93969232 0.00000000
vn -0.00000000 0.00003566 1.00000000
vn 0.00000000 -0.00000000 1.00000000
vn 0.34201941 -0.93969291 0.00000000
vn 0.17364864 -0.98480773 0.00000000
vn 0.00000000 -0.00000034 -1.00000000
vn -0.00000000 -0.00000000 -1.00000000
vn 0.00000000 -0.00000000 1.00000000
vn 0.00000000 -0.00001471 1.00000000
vn -0.00000000 0.00003566 1.00000000
vn 0.17364824 -0.98480791 0.00000000
vn 0.00000000 -0.00000000 1.00000000
vn 0.00001961 -1.00000000 -0.00000418
vn -0.00001842 -1.00000000 -0.00000416
vn -0.00000000 -0.00000000 -1.00000000
vn -0.00001934 -1.00000000 0.00000418
vn 0.00001869 -1.00000000 0.00000416
vn 0.18374906 0.98297322 0.00000000
vn 0.00000000 -0.00000000 1.00000000
vn -0.00002357 1.00000000 -0.00000443
vn 0.00002222 1.00000000 -0.00000441
vn 0.00000000 -0.00000035 -1.00000000
vn -0.00000000 -0.00000000 -1.00000000
vn 0.18374987 0.98297310 0.00000000
vn -0.00000000 0.00000034 -1.00000000
vn -0.00000000 -0.00000000 -1.00000000
vn -0.00002248 1.00000000 0.00000441
vn 0.00000000 -0.00000000 1.00000000
vn 0.00002331 1.00000000 0.00000443
vn 0.36124158 0.93247235 0.00000000
vn 0.00000000 -0.00000000 1.00000000
vn 0.36124137 0.93247235 0.00000000
vn -0.00000000 -0.00000000 -1.00000000
vn -0.00000000 -0.00000000 -1.00000000
vn 0.52643186 0.85021734 0.00000000
vn 0.52643210 0.85021728 0.00000000
vn 0.00000000 -0.00000000 1.00000000
vn 0.00000000 -0.00000014 1.00000000
vn 0.67369509 0.73900950 0.00000000
vn 0.00000000 -0.00000000 1.00000000
vn 0.00000000 -0.00000014 1.00000000
vn -0.00000000 -0.00000000 -1.00000000
vn 0.67369616 0.73900855 0.00000000
vn 0.79801685 0.60263532 0.00000000
vn 0.00000000 -0.00000000 1.00000000
vn 0.79801774 0.60263401 0.00000000
vn -0.00000000 -0.00000000 -1.00000000
vn 0.89516282 0.44573921 0.00000000
vn 0.00000000 -0.00000000 1.00000000
vn -0.00000000 0.00000138 -1.00000000
vn -0.00000000 -0.00000000 -1.00000000
vn 0.89516342 0.44573793 0.00000000
vn 0.96182555 0.27366382 0.00000000
vn 0.00000000 -0.00000000 1.00000000
vn 0.96182573 0.27366251 0.00000000
vn -0.00000000 -0.00000000 -1.00000000
vn 0.99573422 0.09226907 0.00000000
vn 0.00000000 -0.00000000 1.00000000
vn 0.99573427 0.09226771 0.00000000
vn -0.00000000 -0.00000000 -1.00000000
vn 0.99573427 -0.09226744 0.00000000
vn 0.00000000 -0.00000000 1.00000000
vn 0.99573422 -0.09226880 0.00000000
vn -0.00000000 -0.00000000 -1.00000000
vn 0.96182579 -0.27366290 0.00000000
vn 0.00000000 -0.00000000 1.00000000
vn 0.96182579 -0.27366298 0.00000000
vn -0.00000000 -0.00000000 -1.00000000
vn 0.89516354 -0.44573769 0.00000000
vn -0.00000000 -0.00000000 -1.00000000
vn 0.89516294 -0.44573897 0.00000000
vn 0.00000000 -0.00000000 1.00000000
vn -0.00000000 0.00000022 1.00000000
vn -0.00000000 -0.00000000 -1.00000000
vn 0.79801738 -0.60263449 0.00000000
vn 0.79801744 -0.60263437 0.00000000
vn 0.00000000 -0.00000022 1.00000000
vn 0.00000000 -0.00000000 1.00000000
vn 0.00000000 -0.00000000 1.00000000
vn 0.67369640 -0.73900819 0.00000000
vn 0.67369521 -0.73900926 0.00000000
vn -0.00000000 -0.00000000 -1.00000000
vn 0.00000000 -0.00000000 1.00000000
vn 0.52643293 -0.85021675 0.00000000
vn 0.52643150 -0.85021764 0.00000000
vn -0.00000000 -0.00000000 -1.00000000
vn 0.36124191 -0.93247223 0.00000000
vn 0.00000000 -0.00000000 1.00000000
vn 0.36124161 -0.93247223 0.00000000
vn -0.00000000 -0.00000000 -1.00000000
vn -0.00000000 -0.00000000 -1.00000000
vn 0.18375003 -0.98297298 0.00000000
vn 0.00000000 -0.00000034 -1.00000000
vn 0.18374953 -0.98297322 0.00000000
vn 0.00000000 -0.00000000 1.00000000
vn -0.00002331 -1.00000000 0.00000443
vn 0.00000000 -0.00000000 1.00000000
vn 0.00002248 -1.00000000 0.00000441
vn 0.00002357 -1.00000000 -0.00000443
vn -0.00000000 -0.00000000 -1.00000000
vn -0.00000000 0.00000035 -1.00000000
vn -0.00002222 -1.00000000 -0.00000441
vn 0.14904046 0.98883110 0.00000000
vn -0.00000000 -0.00000000 -1.00000000
vn 0.00001559 1.00000000 -0.00000357
vn 0.00000000 -0.00000000 1.00000000
vn -0.00001643 1.00000000 -0.00000359
vn 0.00000000 -0.00000000 1.00000000
vn 0.14904377 0.98883063 0.00000000
vn -0.00001586 1.00000000 0.00000357
vn 0.00001616 1.00000000 0.00000359
vn -0.00000000 -0.00000000 -1.00000000
vn -0.00000000 -0.00000000 -1.00000000
vn 0.29475307 0.95557344 0.00000000
vn 0.00000000 -0.00000000 1.00000000
vn 0.29475659 0.95557249 0.00000000
vn 0.43388367 0.90096897 0.00000000
vn -0.00000000 -0.00000000 -1.00000000
vn 0.43388388 0.90096885 0.00000000
vn 0.00000000 -0.00000000 1.00000000
vn 0.00000000 -0.00000014 1.00000000
vn 0.56331825 0.82624006 0.00000000
vn 0.00000000 -0.00000000 1.00000000
vn 0.56332135 0.82623798 0.00000000
vn -0.00000000 -0.00000000 -1.00000000
vn 0.00000000 -0.00000000 1.00000000
vn 0.68017268 0.73305190 0.00000000
vn -0.00000000 -0.00000000 -1.00000000
vn 0.68017256 0.73305213 0.00000000
vn 0.78183013 0.62349164 0.00000000
vn -0.00000000 -0.00000000 -1.00000000
vn 0.00000000 -0.00000000 1.00000000
vn 0.78183281 0.62348825 0.00000000
vn 0.86602431 0.50000203 0.00000000
vn -0.00000000 -0.00000000 -1.00000000
vn 0.86602646 0.49999812 0.00000000
vn 0.00000000 -0.00000000 1.00000000
vn -0.00000000 -0.00000000 -1.00000000
vn 0.93087292 0.36534312 0.00000000
vn 0.93087447 0.36533922 0.00000000
vn 0.00000000 -0.00000000 1.00000000
vn -0.00000000 -0.00000000 -1.00000000
vn 0.97492742 0.22252314 0.00000000
vn 0.97492832 0.22251904 0.00000000
vn 0.00000000 -0.00000000 1.00000000
vn -0.00000000 -0.00000000 -1.00000000
vn 0.99720383 0.07473011 0.00000000
vn 0.00000000 -0.00000000 1.00000000
vn 0.99720389 0.07473011 0.00000000
vn 0.00000000 -0.00000000 1.00000000
vn 0.99720383 -0.07472984 0.00000000
vn -0.00000000 -0.00000000 -1.00000000
vn 0.99720389 -0.07472984 0.00000000
vn -0.00000000 -0.00000000 -1.00000000
vn 0.97492808 -0.22252087 0.00000000
vn 0.97492796 -0.22252087 0.00000000
vn 0.00000000 -0.00000000 1.00000000
vn 0.93087459 -0.36533898 0.00000000
vn 0.00000000 -0.00000000 1.00000000
vn -0.00000000 0.00000022 1.00000000
vn 0.93087304 -0.36534289 0.00000000
vn -0.00000000 -0.00000000 -1.00000000
vn 0.00000000 -0.00000000 1.00000000
vn -0.00000000 0.00000022 1.00000000
vn 0.86602545 -0.49999988 0.00000000
vn 0.00000000 -0.00000022 1.00000000
vn 0.86602569 -0.49999988 0.00000000
vn -0.00000000 -0.00000000 -1.00000000
vn 0.78183168 -0.62348956 0.00000000
vn -0.00000000 -0.00000000 -1.00000000
vn 0.78183168 -0.62348980 0.00000000
vn 0.00000000 -0.00000000 1.00000000
vn 0.00000000 -0.00000022 1.00000000
vn 0.00000000 -0.00000000 1.00000000
vn 0.68017292 -0.73305178 0.00000000
vn -0.00000000 -0.00000000 -1.00000000
vn 0.68017280 -0.73305190 0.00000000
vn 0.56332159 -0.82623786 0.00000000
vn -0.00000000 -0.00000000 -1.00000000
vn 0.56331849 -0.82623994 0.00000000
vn 0.00000000 -0.00000000 1.00000000
vn 0.43388391 -0.90096885 0.00000000
vn -0.00000000 -0.00000000 -1.00000000
vn 0.00000000 -0.00000000 1.00000000
vn 0.43388411 -0.90096873 0.00000000
vn 0.29475683 -0.95557237 0.00000000
vn 0.00000000 -0.00000000 1.00000000
vn 0.29475331 -0.95557332 0.00000000
vn -0.00000000 -0.00000000 -1.00000000
vn 0.14904223 -0.98883092 0.00000000
vn 0.00000000 -0.00000000 1.00000000
vn 0.14904253 -0.98883080 0.00000000
vn -0.00000000 -0.00000000 -1.00000000
vn 0.00001586 -1.00000000 0.00000357
vn -0.00001616 -1.00000000 0.00000359
vn -0.00000000 -0.00000000 -1.00000000
vn 0.00000000 -0.00000000 1.00000000
vn -0.00001559 -1.00000000 -0.00000357
vn 0.00001643 -1.00000000 -0.00000359
vn -0.00000000 -0.00000000 -1.00000000
vn -0.14904197 -0.98883092 0.00000000
vn 0.00000000 -0.00000000 1.00000000
vn -0.14904226 -0.98883080 0.00000000
vn 0.00000000 -0.00000000 1.00000000
vn -0.29475507 -0.95557296 0.00000000
vn -0.00000000 -0.00000000 -1.00000000
vn -0.29475460 -0.95557308 0.00000000
vn -0.43388367 -0.90096897 0.00000000
vn -0.00000000 -0.00000000 -1.00000000
vn -0.43388388 -0.90096885 0.00000000
vn 0.00000000 -0.00000000 1.00000000
vn -0.56331986 -0.82623893 0.00000000
vn 0.00000000 -0.00000000 1.00000000
vn -0.56331986 -0.82623893 0.00000000
vn -0.00000000 -0.00000000 -1.00000000
vn -0.00000000 -0.00000000 -1.00000000
vn -0.68017119 -0.73305345 0.00000000
vn -0.68017405 -0.73305064 0.00000000
vn 0.00000000 -0.00000000 1.00000000
vn -0.00000000 -0.00000000 -1.00000000
vn -0.78183013 -0.62349164 0.00000000
vn -0.78183281 -0.62348825 0.00000000
vn 0.00000000 -0.00000000 1.00000000
vn -0.86602431 -0.50000203 0.00000000
vn -0.00000000 -0.00000000 -1.00000000
vn 0.00000000 -0.00000000 1.00000000
vn -0.86602646 -0.49999812 0.00000000
vn -0.00000000 0.00000014 1.00000000
vn -0.93087292 -0.36534312 0.00000000
vn -0.00000000 -0.00000000 -1.00000000
vn 0.00000000 -0.00000014 1.00000000
vn 0.00000000 -0.00000000 1.00000000
vn -0.93087447 -0.36533922 0.00000000
vn -0.00000000 0.00000014 1.00000000
vn -0.00000000 -0.00000000 -1.00000000
vn -0.97492796 -0.22252114 0.00000000
vn 0.00000000 -0.00000000 1.00000000
vn -0.97492784 -0.22252114 0.00000000
vn 0.00000000 -0.00000000 1.00000000
vn -0.99720371 -0.07473219 0.00000000
vn -0.99720401 -0.07472803 0.00000000
vn -0.00000000 -0.00000000 -1.00000000
vn 0.00000000 -0.00000000 1.00000000
vn -0.99720401 0.07472776 0.00000000
vn -0.00000000 -0.00000000 -1.00000000
vn -0.99720371 0.07473192 0.00000000
vn -0.97492844 0.22251877 0.00000000
vn 0.00000000 -0.00000000 1.00000000
vn -0.00000000 -0.00000000 -1.00000000
vn -0.97492755 0.22252287 0.00000000
vn 0.00000000 -0.00000000 1.00000000
vn -0.93087387 0.36534098 0.00000000
vn 0.00000000 -0.00000014 1.00000000
vn -0.00000000 -0.00000000 -1.00000000
vn -0.93087387 0.36534098 0.00000000
vn -0.86602658 0.49999788 0.00000000
vn -0.00000000 -0.00000000 -1.00000000
vn 0.00000000 -0.00000000 1.00000000
vn -0.86602444 0.50000179 0.00000000
vn 0.00000000 -0.00000014 1.00000000
vn -0.00000000 -0.00000000 -1.00000000
vn -0.78183168 0.62348956 0.00000000
vn -0.78183168 0.62348980 0.00000000
vn 0.00000000 -0.00000000 1.00000000
vn 0.00000000 -0.00000000 1.00000000
vn -0.68017292 0.73305178 0.00000000
vn -0.00000000 -0.00000000 -1.00000000
vn -0.68017280 0.73305190 0.00000000
vn -0.00000000 -0.00000000 -1.00000000
vn -0.56332159 0.82623786 0.00000000
vn 0.00000000 -0.00000000 1.00000000
vn -0.56331849 0.82623994 0.00000000
vn -0.00000000 -0.00000000 -1.00000000
vn -0.43388391 0.90096885 0.00000000
vn 0.00000000 -0.00000000 1.00000000
vn -0.43388411 0.90096873 0.00000000
vn 0.00000000 -0.00000000 1.00000000
vn -0.29475531 0.95557284 0.00000000
vn -0.29475483 0.95557296 0.00000000
vn -0.00000000 -0.00000000 -1.00000000
vn -0.00000000 -0.00000000 -1.00000000
vn -0.14904404 0.98883063 0.00000000
vn -0.14904073 0.98883110 0.00000000
vn 0.00000000 -0.00000000 1.00000000
vn -0.67369592 0.73900866 0.00000000
vn 0.00000000 -0.00000000 1.00000000
vn 0.00000000 -0.00000000 1.00000000
vn -0.79801798 0.60263365 0.00000000
vn 0.00000000 -0.00000000 1.00000000
vn -0.52643233 0.85021716 0.00000000
vn 0.00000000 -0.00000014 1.00000000
vn 0.00000000 -0.00000000 1.00000000
vn -0.89516354 0.44573778 0.00000000
vn -0.36124191 0.93247223 0.00000000
vn 0.00000000 -0.00000000 1.00000000
vn 0.00000000 -0.00000000 1.00000000
vn -0.96182585 0.27366227 0.00000000
vn 0.00000000 -0.00000000 1.00000000
vn -0.18374953 0.98297322 0.00000000
vn 0.00000000 -0.00000000 1.00000000
vn -0.99573427 0.09226809 0.00000000
vn -0.99573427 -0.09226841 0.00000000
vn 0.00000000 -0.00000000 1.00000000
vn 0.00000000 -0.00000014 1.00000000
vn -0.96182567 -0.27366322 0.00000000
vn 0.00000000 -0.00000000 1.00000000
vn -0.89516312 -0.44573873 0.00000000
vn 0.00000000 -0.00000014 1.00000000
vn -0.00000000 0.00000014 1.00000000
vn 0.00000000 -0.00000000 1.00000000
vn 0.00000000 -0.00000000 1.00000000
vn -0.79801685 -0.60263532 0.00000000
vn -0.67369509 -0.73900950 0.00000000
vn 0.00000000 -0.00000000 1.00000000
vn -0.52643126 -0.85021776 0.00000000
vn 0.00000000 -0.00000000 1.00000000
vn -0.36124077 -0.93247265 0.00000000
vn 0.00000000 -0.00000000 1.00000000
vn -0.18374906 -0.98297322 0.00000000
vn 0.00000000 -0.00000000 1.00000000
vn -0.18374987 -0.98297310 0.00000000
vn -0.00000000 0.00000035 -1.00000000
vn -0.00000000 -0.00000000 -1.00000000
vn -0.36124229 -0.93247193 0.00000000
vn -0.00000000 -0.00000000 -1.00000000
vn -0.00000000 -0.00000000 -1.00000000
vn -0.52643269 -0.85021687 0.00000000
vn -0.67369616 -0.73900855 0.00000000
vn -0.00000000 -0.00000000 -1.00000000
vn -0.79801774 -0.60263401 0.00000000
vn -0.00000000 -0.00000000 -1.00000000
vn -0.89516324 -0.44573852 0.00000000
vn -0.00000000 -0.00000000 -1.00000000
vn -0.00000000 -0.00000000 -1.00000000
vn -0.96182567 -0.27366313 0.00000000
vn -0.99573427 -0.09226836 0.00000000
vn -0.00000000 -0.00000000 -1.00000000
vn -0.00000000 0.00000069 -1.00000000
vn -0.99573427 0.09226815 0.00000000
vn -0.00000000 -0.00000000 -1.00000000
vn -0.96182567 0.27366349 0.00000000
vn -0.00000000 -0.00000000 -1.00000000
vn -0.00000000 0.00000138 -1.00000000
vn -0.89516294 0.44573897 0.00000000
vn -0.00000000 -0.00000000 -1.00000000
vn -0.00000000 -0.00000000 -1.00000000
vn -0.79801696 0.60263509 0.00000000
vn -0.00000000 -0.00000000 -1.00000000
vn -0.67369574 0.73900890 0.00000000
vn -0.00000000 -0.00000000 -1.00000000
vn -0.52643210 0.85021722 0.00000000
vn -0.36124161 0.93247223 0.00000000
vn -0.00000000 -0.00000000 -1.00000000
vn 0.00000000 -0.00000035 -1.00000000
vn -0.18375003 0.98297298 0.00000000
vn -0.00000000 -0.00000000 -1.00000000
vn 0.00000000 -0.00000000 1.00000000
vn 0.00000000 -0.00000253 1.00000000
vn 0.00000000 -0.00001471 1.00000000
vn -0.17364837 -0.98480773 0.00000000
vn -0.17364797 -0.98480791 0.00000000
vn -0.00000000 -0.00000000 -1.00000000
vn -0.00000000 0.00000035 -1.00000000
vn -0.34201947 -0.93969297 0.00000000
vn -0.00000000 -0.00000000 -1.00000000
vn -0.00000000 0.00000099 1.00000000
vn 0.00000000 -0.00000253 1.00000000
vn -0.34202069 -0.93969244 0.00000000
vn -0.00000000 0.00001207 1.00000000
vn 0.00000000 -0.00000000 1.00000000
vn 0.00000000 -0.00001189 1.00000000
vn -0.00000000 0.00001207 1.00000000
vn -0.00000000 0.00003530 1.00000000
vn -0.50000018 -0.86602539 0.00000000
vn -0.00000000 -0.00000000 -1.00000000
vn -0.49999988 -0.86602557 0.00000000
vn -0.00000000 -0.00000000 -1.00000000
vn -0.64278680 -0.76604503 0.00000000
vn -0.64278829 -0.76604408 0.00000000
vn -0.00000000 0.00003530 1.00000000
vn -0.00000000 -0.00000000 -1.00000000
vn -0.76604366 -0.64278865 0.00000000
vn -0.00000000 0.00003530 1.00000000
vn -0.76604485 -0.64278710 0.00000000
vn 0.00000000 -0.00001189 1.00000000
vn -0.00000000 -0.00000000 -1.00000000
vn -0.86602491 -0.50000083 0.00000000
vn -0.86602575 -0.49999973 0.00000000
vn -0.00000000 0.00000092 1.00000000
vn -0.00000000 0.00001207 1.00000000
vn 0.00000000 -0.00001189 1.00000000
vn 0.00000000 -0.00000151 1.00000000
vn 0.00000000 -0.00000000 1.00000000
vn -0.00000000 -0.00000000 -1.00000000
vn -0.93969232 -0.34202093 0.00000000
vn 0.00000000 -0.00000151 1.00000000
vn 0.00000000 -0.00000149 1.00000000
vn -0.93969285 -0.34201962 0.00000000
vn -0.00000000 0.00000441 1.00000000
vn -0.98480773 -0.17364903 0.00000000
vn -0.00000000 -0.00000000 -1.00000000
vn -0.98480803 -0.17364763 0.00000000
vn -0.00000000 0.00000441 1.00000000
vn -0.00000000 0.00000069 -1.00000000
vn -1.00000000 -0.00000013 0.00000000
vn -0.00000000 -0.00000000 -1.00000000
vn 0.00000000 -0.00000149 1.00000000
vn -1.00000000 -0.00000013 0.00000000
vn -0.00000000 0.00000441 1.00000000
vn -0.98480791 0.17364806 0.00000000
vn -0.00000000 0.00000092 1.00000000
vn 0.00000000 -0.00000149 1.00000000
vn 0.00000000 -0.00000151 1.00000000
vn -0.98480779 0.17364806 0.00000000
vn -0.00000000 0.00000069 -1.00000000
vn -0.00000000 -0.00000000 -1.00000000
vn -0.00000000 0.00000138 -1.00000000
vn -0.93969297 0.34201947 0.00000000
vn -0.00000000 -0.00000000 -1.00000000
vn 0.00000000 -0.00000000 1.00000000
vn -0.93969244 0.34202057 0.00000000
vn -0.00000000 0.00000092 1.00000000
vn -0.00000000 0.00000138 -1.00000000
vn -0.86602587 0.49999958 0.00000000
vn -0.00000000 -0.00000000 -1.00000000
vn 0.00000000 -0.00000903 1.00000000
vn -0.00000000 0.00000216 1.00000000
vn 0.00000000 -0.00000436 1.00000000
vn 0.00000000 -0.00000000 1.00000000
vn -0.00000000 0.00000099 1.00000000
vn -0.86602503 0.50000060 0.00000000
vn 0.00000000 -0.00000121 1.00000000
vn -0.00000000 -0.00000000 -1.00000000
vn -0.76604497 0.64278686 0.00000000
vn 0.00000000 -0.00000000 1.00000000
vn -0.76604396 0.64278841 0.00000000
vn -0.00000000 -0.00000000 -1.00000000
vn -0.64278853 0.76604396 0.00000000
vn 0.00000000 -0.00000000 1.00000000
vn -0.64278704 0.76604492 0.00000000
vn 0.00000000 -0.00000903 1.00000000
vn -0.00000000 -0.00000000 -1.00000000
vn -0.50000030 0.86602527 0.00000000
vn -0.50000000 0.86602545 0.00000000
vn 0.00000000 -0.00000000 1.00000000
vn -0.34201971 0.93969285 0.00000000
vn 0.00000000 -0.00000000 1.00000000
vn 0.00000000 -0.00000143 1.00000000
vn 0.00000000 -0.00000903 1.00000000
vn 0.00000000 -0.00000121 1.00000000
vn -0.00000000 0.00000604 1.00000000
vn -0.00000000 0.00000627 1.00000000
vn -0.34202093 0.93969232 0.00000000
vn -0.00000000 -0.00000000 -1.00000000
vn 0.00000000 -0.00000035 -1.00000000
vn -0.17364864 0.98480773 0.00000000
vn -0.00000000 -0.00000000 -1.00000000
vn -0.17364824 0.98480791 0.00000000
vn -0.00000000 0.00000604 1.00000000
vn 0.00000000 -0.00000000 1.00000000
vn 0.00000000 -0.00002378 1.00000000
vn 0.17364687 0.98480803 0.00000000
vn -0.00000000 -0.00000000 -1.00000000
vn -0.00000000 0.00000034 -1.00000000
vn 0.00000000 -0.00000000 1.00000000
vn 0.00001934 1.00000000 -0.00000416
vn -0.00001961 1.00000000 -0.00000418
vn 0.00000000 -0.00002378 1.00000000
vn 0.00000000 -0.00000000 1.00000000
vn 0.17364956 0.98480761 0.00000000
vn 0.00001842 1.00000000 0.00000418
vn -0.00001869 1.00000000 0.00000416
vn -0.00000000 -0.00000000 -1.00000000
vn 0.34201917 0.93969303 0.00000000
vn -0.00000000 0.00000034 -1.00000000
vn -0.00000000 -0.00000000 -1.00000000
vn -0.00000000 0.00000604 1.00000000
vn -0.00000000 0.00000627 1.00000000
vn 0.34202099 0.93969244 0.00000000
vn 0.00000000 -0.00002378 1.00000000
vn 0.00000000 -0.00000000 1.00000000
vn -0.00000000 -0.00000000 -1.00000000
vn 0.49999958 0.86602569 0.00000000
vn 0.00000000 -0.00000000 1.00000000
vn 0.50000036 0.86602515 0.00000000
vn -0.00000000 -0.00000000 -1.00000000
vn 0.64278680 0.76604503 0.00000000
vn -0.00000000 0.00000627 1.00000000
vn 0.00000000 -0.00000000 1.00000000
vn 0.64278829 0.76604408 0.00000000
vn 0.00000000 -0.00000143 1.00000000
vn 0.76604366 0.64278865 0.00000000
vn -0.00000000 -0.00000000 -1.00000000
vn 0.76604485 0.64278710 0.00000000
vn 0.00000000 -0.00000000 1.00000000
vn -0.00000000 -0.00000000 -1.00000000
vn 0.86602527 0.50000030 0.00000000
vn -0.00000000 0.00000138 -1.00000000
vn 0.86602533 0.50000024 0.00000000
vn 0.00000000 -0.00000000 1.00000000
vn 0.00000000 -0.00000000 1.00000000
vn 0.93969262 0.34202021 0.00000000
vn 0.93969256 0.34202033 0.00000000
vn -0.00000000 -0.00000000 -1.00000000
vn -0.00000000 0.00000138 -1.00000000
vn -0.00000000 -0.00000000 -1.00000000
vn 0.98480773 0.17364903 0.00000000
vn 0.00000000 -0.00000149 1.00000000
vn 0.00000000 -0.00000000 1.00000000
vn 0.98480803 0.17364763 0.00000000
vn 1.00000000 0.00000082 0.00000000
vn -0.00000000 -0.00000000 -1.00000000
vn -0.00000000 0.00000441 1.00000000
vn 1.00000000 -0.00000056 0.00000000
vn 0.00000000 -0.00000149 1.00000000
vn 0.98480803 -0.17364736 0.00000000
vn -0.00000000 -0.00000000 -1.00000000
vn -0.00000000 0.00000441 1.00000000
vn 0.98480773 -0.17364876 0.00000000
vn 0.93969297 -0.34201947 0.00000000
vn -0.00000000 -0.00000000 -1.00000000
vn 0.93969244 -0.34202057 0.00000000
vn 0.00000000 -0.00001765 1.00000000
vn 0.00000000 -0.00000000 1.00000000
vn 0.00000000 -0.00000149 1.00000000
vn 0.00000000 -0.00000143 1.00000000
vn -0.00000000 0.00000216 1.00000000
vn -0.00000000 0.00000441 1.00000000
vn 0.00000000 -0.00000121 1.00000000
vn 0.86602539 -0.50000006 0.00000000
vn -0.00000000 -0.00000000 -1.00000000
vn 0.00000000 -0.00001765 1.00000000
vn 0.86602545 -0.50000000 0.00000000
vn 0.76604426 -0.64278775 0.00000000
vn 0.00000000 -0.00000436 1.00000000
vn 0.00000000 -0.00001765 1.00000000
vn -0.00000000 0.00000216 1.00000000
vn -0.00000000 -0.00000000 -1.00000000
vn 0.76604456 -0.64278746 0.00000000
vn -0.00000000 -0.00000000 -1.00000000
vn 0.64278853 -0.76604396 0.00000000
vn 0.00000000 -0.00001471 1.00000000
vn 0.64278704 -0.76604492 0.00000000
vn 0.00000000 -0.00000000 1.00000000
vn -0.00000000 0.00000099 1.00000000
vn -0.00000000 0.00003566 1.00000000
vn 0.00000000 -0.00000436 1.00000000
vn 0.00000000 -0.00000253 1.00000000
vn -0.00000000 -0.00000000 -1.00000000
vn 0.50000060 -0.86602503 0.00000000
vn 0.49999982 -0.86602563 0.00000000
vn 0.00000000 -0.00000000 1.00000000
vn -0.00000000 -0.00000000 -1.00000000
vn 0.34202123 -0.93969232 0.00000000
vn 0.00000000 -0.00000034 -1.00000000
vn -0.00000000 0.00003566 1.00000000
vn 0.34201941 -0.93969291 0.00000000
vn 0.00000000 -0.00000000 1.00000000
vn 0.17364864 -0.98480773 0.00000000
vn -0.00000000 -0.00000000 -1.00000000
vn 0.00000000 -0.00000034 -1.00000000
vn 0.00000000 -0.00001471 1.00000000
vn 0.00000000 -0.00000000 1.00000000
vn -0.00000000 0.00003566 1.00000000
vn 0.17364824 -0.98480791 0.00000000
vn 0.00001961 -1.00000000 -0.00000418
vn -0.00001842 -1.00000000 -0.00000416
vn 0.00000000 -0.00000000 1.00000000
vn 0.00001869 -1.00000000 0.00000416
vn -0.00000000 -0.00000000 -1.00000000
vn -0.00001934 -1.00000000 0.00000418
vn 0.18374906 0.98297322 0.00000000
vn 0.00000000 -0.00000000 1.00000000
vn 0.00000000 -0.00000035 -1.00000000
vn -0.00002357 1.00000000 -0.00000443
vn 0.00002222 1.00000000 -0.00000441
vn -0.00000000 -0.00000000 -1.00000000
vn 0.18374987 0.98297310 0.00000000
vn -0.00000000 0.00000034 -1.00000000
vn -0.00000000 -0.00000000 -1.00000000
vn 0.00002331 1.00000000 0.00000443
vn 0.00000000 -0.00000000 1.00000000
vn -0.00002248 1.00000000 0.00000441
vn 0.00000000 -0.00000000 1.00000000
vn 0.36124158 0.93247235 0.00000000
vn -0.00000000 -0.00000000 -1.00000000
vn 0.36124137 0.93247235 0.00000000
vn 0.52643186 0.85021734 0.00000000
vn -0.00000000 -0.00000000 -1.00000000
vn 0.00000000 -0.00000000 1.00000000
vn 0.00000000 -0.00000014 1.00000000
vn 0.52643210 0.85021728 0.00000000
vn 0.67369509 0.73900950 0.00000000
vn 0.00000000 -0.00000000 1.00000000
vn 0.00000000 -0.00000014 1.00000000
vn 0.67369616 0.73900855 0.00000000
vn -0.00000000 -0.00000000 -1.00000000
vn 0.00000000 -0.00000000 1.00000000
vn 0.79801685 0.60263532 0.00000000
vn 0.79801774 0.60263401 0.00000000
vn -0.00000000 -0.00000000 -1.00000000
vn 0.00000000 -0.00000000 1.00000000
vn 0.89516282 0.44573921 0.00000000
vn -0.00000000 -0.00000000 -1.00000000
vn 0.89516342 0.44573793 0.00000000
vn -0.00000000 0.00000138 -1.00000000
vn 0.96182555 0.27366382 0.00000000
vn 0.00000000 -0.00000000 1.00000000
vn 0.96182573 0.27366251 0.00000000
vn -0.00000000 -0.00000000 -1.00000000
vn 0.99573422 0.09226907 0.00000000
vn 0.00000000 -0.00000000 1.00000000
vn -0.00000000 -0.00000000 -1.00000000
vn 0.99573427 0.09226771 0.00000000
vn 0.99573427 -0.09226744 0.00000000
vn 0.00000000 -0.00000000 1.00000000
vn -0.00000000 -0.00000000 -1.00000000
vn 0.99573422 -0.09226880 0.00000000
vn 0.96182579 -0.27366290 0.00000000
vn 0.00000000 -0.00000000 1.00000000
vn 0.96182579 -0.27366298 0.00000000
vn -0.00000000 -0.00000000 -1.00000000
vn -0.00000000 -0.00000000 -1.00000000
vn 0.89516354 -0.44573769 0.00000000
vn 0.00000000 -0.00000000 1.00000000
vn 0.89516294 -0.44573897 0.00000000
vn -0.00000000 0.00000022 1.00000000
vn 0.79801738 -0.60263449 0.00000000
vn -0.00000000 -0.00000000 -1.00000000
vn 0.00000000 -0.00000000 1.00000000
vn 0.79801744 -0.60263437 0.00000000
vn 0.00000000 -0.00000022 1.00000000
vn 0.67369640 -0.73900819 0.00000000
vn 0.00000000 -0.00000000 1.00000000
vn 0.67369521 -0.73900926 0.00000000
vn -0.00000000 -0.00000000 -1.00000000
vn 0.00000000 -0.00000000 1.00000000
vn 0.52643293 -0.85021675 0.00000000
vn 0.52643150 -0.85021764 0.00000000
vn -0.00000000 -0.00000000 -1.00000000
vn 0.00000000 -0.00000000 1.00000000
vn 0.36124191 -0.93247223 0.00000000
vn -0.00000000 -0.00000000 -1.00000000
vn 0.36124161 -0.93247223 0.00000000
vn 0.00000000 -0.00000034 -1.00000000
vn 0.18375003 -0.98297298 0.00000000
vn -0.00000000 -0.00000000 -1.00000000
vn 0.18374953 -0.98297322 0.00000000
vn 0.00000000 -0.00000000 1.00000000
vn 0.00000000 -0.00000000 1.00000000
vn -0.00002331 -1.00000000 0.00000443
vn 0.00002248 -1.00000000 0.00000441
vn -0.00000000 -0.00000000 -1.00000000
vn 0.00002357 -1.00000000 -0.00000443
vn -0.00000000 0.00000035 -1.00000000
vn -0.00002222 -1.00000000 -0.00000441
vn -0.00000000 -0.00000000 -1.00000000
vn 0.14904046 0.98883110 0.00000000
vn -0.00001643 1.00000000 -0.00000359
vn 0.00000000 -0.00000000 1.00000000
vn 0.00001559 1.00000000 -0.00000357
vn 0.00000000 -0.00000000 1.00000000
vn 0.14904377 0.98883063 0.00000000
vn -0.00001586 1.00000000 0.00000357
vn 0.00001616 1.00000000 0.00000359
vn -0.00000000 -0.00000000 -1.00000000
vn -0.00000000 -0.00000000 -1.00000000
vn 0.29475307 0.95557344 0.00000000
vn 0.29475659 0.95557249 0.00000000
vn 0.00000000 -0.00000000 1.00000000
vn -0.00000000 -0.00000000 -1.00000000
vn 0.43388367 0.90096897 0.00000000
vn 0.43388388 0.90096885 0.00000000
vn 0.00000000 -0.00000000 1.00000000
vn 0.00000000 -0.00000014 1.00000000
vn 0.00000000 -0.00000000 1.00000000
vn 0.56331825 0.82624006 0.00000000
vn 0.56332135 0.82623798 0.00000000
vn -0.00000000 -0.00000000 -1.00000000
vn 0.68017268 0.73305190 0.00000000
vn 0.00000000 -0.00000000 1.00000000
vn -0.00000000 -0.00000000 -1.00000000
vn 0.68017256 0.73305213 0.00000000
vn -0.00000000 -0.00000000 -1.00000000
vn 0.78183013 0.62349164 0.00000000
vn 0.00000000 -0.00000000 1.00000000
vn 0.78183281 0.62348825 0.00000000
vn 0.86602431 0.50000203 0.00000000
vn -0.00000000 -0.00000000 -1.00000000
vn 0.86602646 0.49999812 0.00000000
vn 0.00000000 -0.00000000 1.00000000
vn 0.93087292 0.36534312 0.00000000
vn -0.00000000 -0.00000000 -1.00000000
vn 0.93087447 0.36533922 0.00000000
vn 0.00000000 -0.00000000 1.00000000
vn 0.97492742 0.22252314 0.00000000
vn -0.00000000 -0.00000000 -1.00000000
vn 0.97492832 0.22251904 0.00000000
vn 0.00000000 -0.00000000 1.00000000
vn 0.99720383 0.07473011 0.00000000
vn -0.00000000 -0.00000000 -1.00000000
vn 0.99720389 0.07473011 0.00000000
vn 0.00000000 -0.00000000 1.00000000
vn 0.00000000 -0.00000000 1.00000000
vn 0.99720383 -0.07472984 0.00000000
vn -0.00000000 -0.00000000 -1.00000000
vn 0.99720389 -0.07472984 0.00000000
vn 0.97492808 -0.22252087 0.00000000
vn -0.00000000 -0.00000000 -1.00000000
vn 0.97492796 -0.22252087 0.00000000
vn 0.00000000 -0.00000000 1.00000000
vn 0.00000000 -0.00000000 1.00000000
vn -0.00000000 0.00000022 1.00000000
vn 0.93087459 -0.36533898 0.00000000
vn -0.00000000 -0.00000000 -1.00000000
vn 0.93087304 -0.36534289 0.00000000
vn -0.00000000 0.00000022 1.00000000
vn 0.86602545 -0.49999988 0.00000000
vn 0.00000000 -0.00000000 1.00000000
vn 0.00000000 -0.00000022 1.00000000
vn -0.00000000 -0.00000000 -1.00000000
vn 0.86602569 -0.49999988 0.00000000
vn 0.78183168 -0.62348956 0.00000000
vn -0.00000000 -0.00000000 -1.00000000
vn 0.00000000 -0.00000022 1.00000000
vn 0.78183168 -0.62348980 0.00000000
vn 0.00000000 -0.00000000 1.00000000
vn 0.68017292 -0.73305178 0.00000000
vn 0.00000000 -0.00000000 1.00000000
vn -0.00000000 -0.00000000 -1.00000000
vn 0.68017280 -0.73305190 0.00000000
vn -0.00000000 -0.00000000 -1.00000000
vn 0.56332159 -0.82623786 0.00000000
vn 0.00000000 -0.00000000 1.00000000
vn 0.56331849 -0.82623994 0.00000000
vn 0.43388391 -0.90096885 0.00000000
vn -0.00000000 -0.00000000 -1.00000000
vn 0.00000000 -0.00000000 1.00000000
vn 0.43388411 -0.90096873 0.00000000
vn 0.00000000 -0.00000000 1.00000000
vn 0.29475683 -0.95557237 0.00000000
vn 0.29475331 -0.95557332 0.00000000
vn -0.00000000 -0.00000000 -1.00000000
vn 0.00000000 -0.00000000 1.00000000
vn 0.14904223 -0.98883092 0.00000000
vn -0.00000000 -0.00000000 -1.00000000
vn 0.14904253 -0.98883080 0.00000000
vn -0.00000000 -0.00000000 -1.00000000
vn 0.00001586 -1.00000000 0.00000357
vn -0.00001616 -1.00000000 0.00000359
vn 0.00001643 -1.00000000 -0.00000359
vn -0.00001559 -1.00000000 -0.00000357
vn 0.00000000 -0.00000000 1.00000000
vn -0.00000000 -0.00000000 -1.00000000
vn -0.14904197 -0.98883092 0.00000000
vn -0.14904226 -0.98883080 0.00000000
vn 0.00000000 -0.00000000 1.00000000
vn 0.00000000 -0.00000000 1.00000000
vn -0.29475507 -0.95557296 0.00000000
vn -0.29475460 -0.95557308 0.00000000
vn -0.00000000 -0.00000000 -1.00000000
vn -0.00000000 -0.00000000 -1.00000000
vn -0.43388367 -0.90096897 0.00000000
vn -0.43388388 -0.90096885 0.00000000
vn 0.00000000 -0.00000000 1.00000000
vn -0.56331986 -0.82623893 0.00000000
vn 0.00000000 -0.00000000 1.00000000
vn -0.56331986 -0.82623893 0.00000000
vn -0.00000000 -0.00000000 -1.00000000
vn -0.00000000 -0.00000000 -1.00000000
vn -0.68017119 -0.73305345 0.00000000
vn -0.68017405 -0.73305064 0.00000000
vn 0.00000000 -0.00000000 1.00000000
vn -0.00000000 -0.00000000 -1.00000000
vn -0.78183013 -0.62349164 0.00000000
vn 0.00000000 -0.00000000 1.00000000
vn -0.78183281 -0.62348825 0.00000000
vn -0.00000000 -0.00000000 -1.00000000
vn -0.86602431 -0.50000203 0.00000000
vn -0.00000000 0.00000014 1.00000000
vn -0.86602646 -0.49999812 0.00000000
vn 0.00000000 -0.00000000 1.00000000
vn -0.00000000 -0.00000000 -1.00000000
vn -0.93087292 -0.36534312 0.00000000
vn -0.93087447 -0.36533922 0.00000000
vn 0.00000000 -0.00000014 1.00000000
vn -0.00000000 0.00000014 1.00000000
vn 0.00000000 -0.00000000 1.00000000
vn -0.00000000 -0.00000000 -1.00000000
vn -0.97492796 -0.22252114 0.00000000
vn 0.00000000 -0.00000000 1.00000000
vn -0.97492784 -0.22252114 0.00000000
vn 0.00000000 -0.00000000 1.00000000
vn -0.99720371 -0.07473219 0.00000000
vn -0.99720401 -0.07472803 0.00000000
vn -0.00000000 -0.00000000 -1.00000000
vn -0.99720401 0.07472776 0.00000000
vn 0.00000000 -0.00000000 1.00000000
vn -0.00000000 -0.00000000 -1.00000000
vn -0.99720371 0.07473192 0.00000000
vn -0.97492844 0.22251877 0.00000000
vn 0.00000000 -0.00000000 1.00000000
vn -0.00000000 -0.00000000 -1.00000000
vn -0.97492755 0.22252287 0.00000000
vn 0.00000000 -0.00000014 1.00000000
vn 0.00000000 -0.00000000 1.00000000
vn -0.93087387 0.36534098 0.00000000
vn -0.00000000 -0.00000000 -1.00000000
vn -0.93087387 0.36534098 0.00000000
vn -0.86602658 0.49999788 0.00000000
vn -0.00000000 -0.00000000 -1.00000000
vn -0.86602444 0.50000179 0.00000000
vn 0.00000000 -0.00000014 1.00000000
vn 0.00000000 -0.00000000 1.00000000
vn -0.78183168 0.62348956 0.00000000
vn -0.00000000 -0.00000000 -1.00000000
vn 0.00000000 -0.00000000 1.00000000
vn -0.78183168 0.62348980 0.00000000
vn 0.00000000 -0.00000000 1.00000000
vn -0.68017292 0.73305178 0.00000000
vn -0.00000000 -0.00000000 -1.00000000
vn -0.68017280 0.73305190 0.00000000
vn -0.56332159 0.82623786 0.00000000
vn -0.00000000 -0.00000000 -1.00000000
vn 0.00000000 -0.00000000 1.00000000
vn -0.56331849 0.82623994 0.00000000
vn -0.43388391 0.90096885 0.00000000
vn -0.00000000 -0.00000000 -1.00000000
vn -0.43388411 0.90096873 0.00000000
vn 0.00000000 -0.00000000 1.00000000
vn -0.29475531 0.95557284 0.00000000
vn 0.00000000 -0.00000000 1.00000000
vn -0.29475483 0.95557296 0.00000000
vn -0.00000000 -0.00000000 -1.00000000
vn -0.14904404 0.98883063 0.00000000
vn -0.00000000 -0.00000000 -1.00000000
vn 0.00000000 -0.00000000 1.00000000
vn -0.14904073 0.98883110 0.00000000
vn 0.00000000 -0.00000000 1.00000000
vn -0.67369592 0.73900866 0.00000000
vn -0.79801798 0.60263365 0.00000000
vn 0.00000000 -0.00000000 1.00000000
vn -0.52643233 0.85021716 0.00000000
vn 0.00000000 -0.00000000 1.00000000
vn -0.89516354 0.44573778 0.00000000
vn 0.00000000 -0.00000000 1.00000000
vn 0.00000000 -0.00000014 1.00000000
vn -0.36124191 0.93247223 0.00000000
vn 0.00000000 -0.00000000 1.00000000
vn 0.00000000 -0.00000000 1.00000000
vn -0.96182585 0.27366227 0.00000000
vn 0.00000000 -0.00000000 1.00000000
vn -0.18374953 0.98297322 0.00000000
vn 0.00000000 -0.00000000 1.00000000
vn -0.99573427 0.09226809 0.00000000
vn 0.00000000 -0.00000000 1.00000000
vn -0.99573427 -0.09226841 0.00000000
vn -0.96182567 -0.27366322 0.00000000
vn 0.00000000 -0.00000000 1.00000000
vn 0.00000000 -0.00000014 1.00000000
vn -0.00000000 0.00000014 1.00000000
vn 0.00000000 -0.00000000 1.00000000
vn -0.89516312 -0.44573873 0.00000000
vn 0.00000000 -0.00000014 1.00000000
vn 0.00000000 -0.00000000 1.00000000
vn -0.79801685 -0.60263532 0.00000000
vn 0.00000000 -0.00000000 1.00000000
vn -0.67369509 -0.73900950 0.00000000
vn 0.00000000 -0.00000000 1.00000000
vn -0.52643126 -0.85021776 0.00000000
vn -0.36124077 -0.93247265 0.00000000
vn 0.00000000 -0.00000000 1.00000000
vn -0.18374906 -0.98297322 0.00000000
vn 0.00000000 -0.00000000 1.00000000
vn -0.00000000 -0.00000000 -1.00000000
vn -0.00000000 0.00000035 -1.00000000
vn -0.18374987 -0.98297310 0.00000000
vn -0.36124229 -0.93247193 0.00000000
vn -0.00000000 -0.00000000 -1.00000000
vn -0.52643269 -0.85021687 0.00000000
vn -0.00000000 -0.00000000 -1.00000000
vn -0.67369616 -0.73900855 0.00000000
vn -0.00000000 -0.00000000 -1.00000000
vn -0.79801774 -0.60263401 0.00000000
vn -0.00000000 -0.00000000 -1.00000000
vn -0.89516324 -0.44573852 0.00000000
vn -0.00000000 -0.00000000 -1.00000000
vn -0.96182567 -0.27366313 0.00000000
vn -0.00000000 -0.00000000 -1.00000000
vn -0.99573427 -0.09226836 0.00000000
vn -0.00000000 -0.00000000 -1.00000000
vn -0.99573427 0.09226815 0.00000000
vn -0.00000000 0.00000069 -1.00000000
vn -0.00000000 -0.00000000 -1.00000000
vn -0.96182567 0.27366349 0.00000000
vn -0.00000000 -0.00000000 -1.00000000
vn -0.00000000 -0.00000000 -1.00000000
vn -0.00000000 0.00000138 -1.00000000
vn -0.89516294 0.44573897 0.00000000
vn -0.00000000 -0.00000000 -1.00000000
vn -0.79801696 0.60263509 0.00000000
vn -0.00000000 -0.00000000 -1.00000000
vn -0.67369574 0.73900890 0.00000000
vn -0.00000000 -0.00000000 -1.00000000
vn -0.52643210 0.85021722 0.00000000
vn -0.00000000 -0.00000000 -1.00000000
vn -0.36124161 0.93247223 0.00000000
vn -0.00000000 -0.00000000 -1.00000000
vn -0.18375003 0.98297298 0.00000000
vn 0.00000000 -0.00000035 -1.00000000
vn -0.17364837 -0.98480773 0.00000000
vn 0.00000000 -0.00000253 1.00000000
vn 0.00000000 -0.00001471 1.00000000
vn 0.00000000 -0.00000000 1.00000000
vn -0.00000000 0.00000035 -1.00000000
vn -0.00000000 -0.00000000 -1.00000000
vn -0.17364797 -0.98480791 0.00000000
vn -0.00000000 -0.00000000 -1.00000000
vn -0.34201947 -0.93969297 0.00000000
vn 0.00000000 -0.00000000 1.00000000
vn -0.00000000 0.00000099 1.00000000
vn 0.00000000 -0.00000253 1.00000000
vn -0.00000000 0.00001207 1.00000000
vn -0.34202069 -0.93969244 0.00000000
vn -0.50000018 -0.86602539 0.00000000
vn -0.00000000 0.00003530 1.00000000
vn 0.00000000 -0.00001189 1.00000000
vn -0.00000000 0.00001207 1.00000000
vn -0.00000000 -0.00000000 -1.00000000
vn -0.49999988 -0.86602557 0.00000000
vn -0.00000000 -0.00000000 -1.00000000
vn -0.64278680 -0.76604503 0.00000000
vn -0.00000000 0.00003530 1.00000000
vn -0.64278829 -0.76604408 0.00000000
vn -0.00000000 -0.00000000 -1.00000000
vn -0.76604366 -0.64278865 0.00000000
vn -0.00000000 0.00003530 1.00000000
vn -0.76604485 -0.64278710 0.00000000
vn 0.00000000 -0.00001189 1.00000000
vn -0.86602491 -0.50000083 0.00000000
vn -0.00000000 -0.00000000 -1.00000000
vn -0.86602575 -0.49999973 0.00000000
vn 0.00000000 -0.00000151 1.00000000
vn -0.00000000 0.00001207 1.00000000
vn -0.00000000 0.00000092 1.00000000
vn 0.00000000 -0.00001189 1.00000000
vn 0.00000000 -0.00000000 1.00000000
vn -0.00000000 -0.00000000 -1.00000000
vn -0.93969232 -0.34202093 0.00000000
vn 0.00000000 -0.00000149 1.00000000
vn 0.00000000 -0.00000151 1.00000000
vn -0.93969285 -0.34201962 0.00000000
vn -0.00000000 0.00000441 1.00000000
vn -0.98480773 -0.17364903 0.00000000
vn -0.00000000 -0.00000000 -1.00000000
vn -0.00000000 0.00000441 1.00000000
vn -0.98480803 -0.17364763 0.00000000
vn -1.00000000 -0.00000013 0.00000000
vn -0.00000000 0.00000069 -1.00000000
vn -0.00000000 -0.00000000 -1.00000000
vn -0.00000000 0.00000441 1.00000000
vn -1.00000000 -0.00000013 0.00000000
vn 0.00000000 -0.00000149 1.00000000
vn 0.00000000 -0.00000149 1.00000000
vn 0.00000000 -0.00000151 1.00000000
vn -0.00000000 0.00000092 1.00000000
vn -0.98480791 0.17364806 0.00000000
vn -0.00000000 0.00000069 -1.00000000
vn -0.98480779 0.17364806 0.00000000
vn -0.00000000 -0.00000000 -1.00000000
vn -0.93969297 0.34201947 0.00000000
vn -0.00000000 0.00000138 -1.00000000
vn -0.00000000 -0.00000000 -1.00000000
vn -0.00000000 0.00000092 1.00000000
vn -0.93969244 0.34202057 0.00000000
vn 0.00000000 -0.00000000 1.00000000
vn -0.00000000 -0.00000000 -1.00000000
vn -0.00000000 0.00000138 -1.00000000
vn -0.86602587 0.49999958 0.00000000
vn -0.86602503 0.50000060 0.00000000
vn 0.00000000 -0.00000903 1.00000000
vn -0.00000000 0.00000216 1.00000000
vn 0.00000000 -0.00000000 1.00000000
vn 0.00000000 -0.00000121 1.00000000
vn 0.00000000 -0.00000436 1.00000000
vn -0.00000000 0.00000099 1.00000000
vn -0.00000000 -0.00000000 -1.00000000
vn -0.76604497 0.64278686 0.00000000
vn -0.76604396 0.64278841 0.00000000
vn 0.00000000 -0.00000000 1.00000000
vn -0.00000000 -0.00000000 -1.00000000
vn -0.64278853 0.76604396 0.00000000
vn 0.00000000 -0.00000000 1.00000000
vn 0.00000000 -0.00000903 1.00000000
vn -0.64278704 0.76604492 0.00000000
vn -0.50000030 0.86602527 0.00000000
vn -0.00000000 -0.00000000 -1.00000000
vn 0.00000000 -0.00000000 1.00000000
vn -0.50000000 0.86602545 0.00000000
vn 0.00000000 -0.00000000 1.00000000
vn 0.00000000 -0.00000903 1.00000000
vn -0.00000000 0.00000627 1.00000000
vn -0.00000000 0.00000604 1.00000000
vn -0.34201971 0.93969285 0.00000000
vn 0.00000000 -0.00000143 1.00000000
vn 0.00000000 -0.00000121 1.00000000
vn -0.00000000 -0.00000000 -1.00000000
vn -0.34202093 0.93969232 0.00000000
vn 0.00000000 -0.00000035 -1.00000000
vn -0.17364864 0.98480773 0.00000000
vn -0.00000000 -0.00000000 -1.00000000
vn 0.00000000 -0.00002378 1.00000000
vn -0.00000000 0.00000604 1.00000000
vn 0.00000000 -0.00000000 1.00000000
vn -0.17364824 0.98480791 0.00000000
vn -0.00000000 -0.00000000 -1.00000000
vn -0.00000000 0.00000034 -1.00000000
vn 0.17364687 0.98480803 0.00000000
vn 0.00000000 -0.00000000 1.00000000
vn 0.00001934 1.00000000 -0.00000416
vn -0.00001961 1.00000000 -0.00000418
vn 0.00000000 -0.00000000 1.00000000
vn 0.17364956 0.98480761 0.00000000
vn 0.00000000 -0.00002378 1.00000000
vn -0.00001869 1.00000000 0.00000416
vn 0.00001842 1.00000000 0.00000418
vn -0.00000000 -0.00000000 -1.00000000
vn -0.00000000 0.00000034 -1.00000000
vn 0.34201917 0.93969303 0.00000000
vn -0.00000000 -0.00000000 -1.00000000
vn -0.00000000 0.00000604 1.00000000
vn 0.34202099 0.93969244 0.00000000
vn -0.00000000 0.00000627 1.00000000
vn 0.00000000 -0.00000000 1.00000000
vn 0.00000000 -0.00002378 1.00000000
vn 0.49999958 0.86602569 0.00000000
vn -0.00000000 -0.00000000 -1.00000000
vn 0.50000036 0.86602515 0.00000000
vn 0.00000000 -0.00000000 1.00000000
vn 0.64278680 0.76604503 0.00000000
vn -0.00000000 -0.00000000 -1.00000000
vn 0.00000000 -0.00000000 1.00000000
vn 0.64278829 0.76604408 0.00000000
vn -0.00000000 0.00000627 1.00000000
vn 0.00000000 -0.00000143 1.00000000
vn 0.76604366 0.64278865 0.00000000
vn -0.00000000 -0.00000000 -1.00000000
vn 0.00000000 -0.00000000 1.00000000
vn 0.76604485 0.64278710 0.00000000
vn -0.00000000 -0.00000000 -1.00000000
vn -0.00000000 0.00000138 -1.00000000
vn 0.86602527 0.50000030 0.00000000
vn 0.86602533 0.50000024 0.00000000
vn 0.00000000 -0.00000000 1.00000000
vn 0.00000000 -0.00000000 1.00000000
vn 0.93969262 0.34202021 0.00000000
vn -0.00000000 -0.00000000 -1.00000000
vn -0.00000000 0.00000138 -1.00000000
vn 0.93969256 0.34202033 0.00000000
vn 0.98480773 0.17364903 0.00000000
vn -0.00000000 -0.00000000 -1.00000000
vn 0.00000000 -0.00000149 1.00000000
vn 0.00000000 -0.00000000 1.00000000
vn 0.98480803 0.17364763 0.00000000
vn -0.00000000 -0.00000000 -1.00000000
vn 1.00000000 0.00000082 0.00000000
vn 1.00000000 -0.00000056 0.00000000
vn 0.00000000 -0.00000149 1.00000000
vn -0.00000000 0.00000441 1.00000000
vn 0.98480803 -0.17364736 0.00000000
vn -0.00000000 -0.00000000 -1.00000000
vn -0.00000000 0.00000441 1.00000000
vn 0.98480773 -0.17364876 0.00000000
vn 0.93969297 -0.34201947 0.00000000
vn -0.00000000 -0.00000000 -1.00000000
vn 0.00000000 -0.00000143 1.00000000
vn 0.00000000 -0.00001765 1.00000000
vn 0.00000000 -0.00000000 1.00000000
vn 0.00000000 -0.00000149 1.00000000
vn 0.00000000 -0.00000121 1.00000000
vn 0.93969244 -0.34202057 0.00000000
vn -0.00000000 0.00000441 1.00000000
vn -0.00000000 0.00000216 1.00000000
vn -0.00000000 -0.00000000 -1.00000000
vn 0.86602539 -0.50000006 0.00000000
vn 0.86602545 -0.50000000 0.00000000
vn 0.00000000 -0.00001765 1.00000000
vn 0.00000000 -0.00000436 1.00000000
vn 0.76604426 -0.64278775 0.00000000
vn 0.00000000 -0.00001765 1.00000000
vn -0.00000000 0.00000216 1.00000000
vn 0.76604456 -0.64278746 0.00000000
vn -0.00000000 -0.00000000 -1.00000000
vn 0.64278853 -0.76604396 0.00000000
vn -0.00000000 -0.00000000 -1.00000000
vn -0.00000000 0.00000099 1.00000000
vn 0.00000000 -0.00001471 1.00000000
vn 0.00000000 -0.00000436 1.00000000
vn 0.00000000 -0.00000000 1.00000000
vn -0.00000000 0.00003566 1.00000000
vn 0.00000000 -0.00000253 1.00000000
vn 0.64278704 -0.76604492 0.00000000
vn 0.50000060 -0.86602503 0.00000000
vn -0.00000000 -0.00000000 -1.00000000
vn 0.00000000 -0.00000000 1.00000000
vn 0.49999982 -0.86602563 0.00000000
vn -0.00000000 -0.00000000 -1.00000000
vn 0.34202123 -0.93969232 0.00000000
vn 0.00000000 -0.00000034 -1.00000000
vn 0.00000000 -0.00000000 1.00000000
vn 0.34201941 -0.93969291 0.00000000
vn -0.00000000 0.00003566 1.00000000
vn -0.00000000 -0.00000000 -1.00000000
vn 0.17364864 -0.98480773 0.00000000
vn 0.00000000 -0.00000034 -1.00000000
vn -0.00000000 0.00003566 1.00000000
vn 0.00000000 -0.00001471 1.00000000
vn 0.17364824 -0.98480791 0.00000000
vn 0.00000000 -0.00000000 1.00000000
vn 0.00001961 -1.00000000 -0.00000418
vn 0.00000000 -0.00000000 1.00000000
vn -0.00001842 -1.00000000 -0.00000416
vn -0.00001934 -1.00000000 0.00000418
vn -0.00000000 -0.00000000 -1.00000000
vn 0.00001869 -1.00000000 0.00000416
vn 0.18374906 0.98297322 0.00000000
vn 0.00000000 -0.00000000 1.00000000
vn -0.00000000 -0.00000000 -1.00000000
vn 0.00000000 -0.00000035 -1.00000000
vn 0.00002222 1.00000000 -0.00000441
vn -0.00002357 1.00000000 -0.00000443
vn -0.00000000 0.00000034 -1.00000000
vn -0.00000000 -0.00000000 -1.00000000
vn 0.18374987 0.98297310 0.00000000
vn 0.00002331 1.00000000 0.00000443
vn -0.00002248 1.00000000 0.00000441
vn 0.00000000 -0.00000000 1.00000000
vn 0.36124158 0.93247235 0.00000000
vn 0.00000000 -0.00000000 1.00000000
vn -0.00000000 -0.00000000 -1.00000000
vn 0.36124137 0.93247235 0.00000000
vn 0.52643186 0.85021734 0.00000000
vn -0.00000000 -0.00000000 -1.00000000
vn 0.00000000 -0.00000000 1.00000000
vn 0.52643210 0.85021728 0.00000000
vn 0.00000000 -0.00000014 1.00000000
vn 0.00000000 -0.00000014 1.00000000
vn 0.00000000 -0.00000000 1.00000000
vn 0.67369509 0.73900950 0.00000000
vn -0.00000000 -0.00000000 -1.00000000
vn 0.67369616 0.73900855 0.00000000
vn 0.79801685 0.60263532 0.00000000
vn 0.00000000 -0.00000000 1.00000000
vn 0.79801774 0.60263401 0.00000000
vn -0.00000000 -0.00000000 -1.00000000
vn 0.00000000 -0.00000000 1.00000000
vn 0.89516282 0.44573921 0.00000000
vn -0.00000000 -0.00000000 -1.00000000
vn 0.89516342 0.44573793 0.00000000
vn -0.00000000 0.00000138 -1.00000000
vn 0.00000000 -0.00000000 1.00000000
vn 0.96182555 0.27366382 0.00000000
vn -0.00000000 -0.00000000 -1.00000000
vn 0.96182573 0.27366251 0.00000000
vn 0.00000000 -0.00000000 1.00000000
vn 0.99573422 0.09226907 0.00000000
vn -0.00000000 -0.00000000 -1.00000000
vn 0.99573427 0.09226771 0.00000000
vn 0.00000000 -0.00000000 1.00000000
vn 0.99573427 -0.09226744 0.00000000
vn 0.99573422 -0.09226880 0.00000000
vn -0.00000000 -0.00000000 -1.00000000
vn 0.96182579 -0.27366290 0.00000000
vn 0.00000000 -0.00000000 1.00000000
vn 0.96182579 -0.27366298 0.00000000
vn -0.00000000 -0.00000000 -1.00000000
vn -0.00000000 -0.00000000 -1.00000000
vn 0.89516354 -0.44573769 0.00000000
vn 0.89516294 -0.44573897 0.00000000
vn 0.00000000 -0.00000000 1.00000000
vn -0.00000000 0.00000022 1.00000000
vn 0.79801738 -0.60263449 0.00000000
vn -0.00000000 -0.00000000 -1.00000000
vn 0.00000000 -0.00000022 1.00000000
vn 0.00000000 -0.00000000 1.00000000
vn 0.79801744 -0.60263437 0.00000000
vn 0.67369640 -0.73900819 0.00000000
vn 0.00000000 -0.00000000 1.00000000
vn 0.67369521 -0.73900926 0.00000000
vn -0.00000000 -0.00000000 -1.00000000
vn 0.52643293 -0.85021675 0.00000000
vn 0.00000000 -0.00000000 1.00000000
vn 0.52643150 -0.85021764 0.00000000
vn -0.00000000 -0.00000000 -1.00000000
vn 0.36124191 -0.93247223 0.00000000
vn 0.00000000 -0.00000000 1.00000000
vn 0.36124161 -0.93247223 0.00000000
vn -0.00000000 -0.00000000 -1.00000000
vn -0.00000000 -0.00000000 -1.00000000
vn 0.00000000 -0.00000034 -1.00000000
vn 0.18375003 -0.98297298 0.00000000
vn 0.18374953 -0.98297322 0.00000000
vn 0.00000000 -0.00000000 1.00000000
vn 0.00002248 -1.00000000 0.00000441
vn -0.00002331 -1.00000000 0.00000443
vn 0.00000000 -0.00000000 1.00000000
vn -0.00000000 -0.00000000 -1.00000000
vn 0.00002357 -1.00000000 -0.00000443
vn -0.00000000 0.00000035 -1.00000000
vn -0.00002222 -1.00000000 -0.00000441
vn 0.14904046 0.98883110 0.00000000
vn -0.00000000 -0.00000000 -1.00000000
vn 0.00001559 1.00000000 -0.00000357
vn 0.00000000 -0.00000000 1.00000000
vn -0.00001643 1.00000000 -0.00000359
vn 0.00000000 -0.00000000 1.00000000
vn 0.14904377 0.98883063 0.00000000
vn -0.00000000 -0.00000000 -1.00000000
vn -0.00001586 1.00000000 0.00000357
vn 0.00001616 1.00000000 0.00000359
vn 0.29475307 0.95557344 0.00000000
vn -0.00000000 -0.00000000 -1.00000000
vn 0.29475659 0.95557249 0.00000000
vn 0.00000000 -0.00000000 1.00000000
vn -0.00000000 -0.00000000 -1.00000000
vn 0.43388367 0.90096897 0.00000000
vn 0.00000000 -0.00000000 1.00000000
vn 0.43388388 0.90096885 0.00000000
vn 0.56331825 0.82624006 0.00000000
vn 0.00000000 -0.00000000 1.00000000
vn 0.00000000 -0.00000014 1.00000000
vn 0.56332135 0.82623798 0.00000000
vn -0.00000000 -0.00000000 -1.00000000
vn 0.00000000 -0.00000000 1.00000000
vn 0.68017268 0.73305190 0.00000000
vn 0.68017256 0.73305213 0.00000000
vn -0.00000000 -0.00000000 -1.00000000
vn 0.78183013 0.62349164 0.00000000
vn -0.00000000 -0.00000000 -1.00000000
vn 0.78183281 0.62348825 0.00000000
vn 0.00000000 -0.00000000 1.00000000
vn -0.00000000 -0.00000000 -1.00000000
vn 0.86602431 0.50000203 0.00000000
vn 0.86602646 0.49999812 0.00000000
vn 0.00000000 -0.00000000 1.00000000
vn -0.00000000 -0.00000000 -1.00000000
vn 0.93087292 0.36534312 0.00000000
vn 0.93087447 0.36533922 0.00000000
vn 0.00000000 -0.00000000 1.00000000
vn -0.00000000 -0.00000000 -1.00000000
vn 0.97492742 0.22252314 0.00000000
vn 0.00000000 -0.00000000 1.00000000
vn 0.97492832 0.22251904 0.00000000
vn -0.00000000 -0.00000000 -1.00000000
vn 0.99720383 0.07473011 0.00000000
vn 0.99720389 0.07473011 0.00000000
vn 0.00000000 -0.00000000 1.00000000
vn 0.99720383 -0.07472984 0.00000000
vn 0.00000000 -0.00000000 1.00000000
vn 0.99720389 -0.07472984 0.00000000
vn -0.00000000 -0.00000000 -1.00000000
vn 0.97492808 -0.22252087 0.00000000
vn -0.00000000 -0.00000000 -1.00000000
vn 0.00000000 -0.00000000 1.00000000
vn 0.97492796 -0.22252087 0.00000000
vn -0.00000000 0.00000022 1.00000000
vn 0.00000000 -0.00000000 1.00000000
vn 0.93087459 -0.36533898 0.00000000
vn -0.00000000 -0.00000000 -1.00000000
vn 0.93087304 -0.36534289 0.00000000
vn 0.86602545 -0.49999988 0.00000000
vn 0.00000000 -0.00000000 1.00000000
vn -0.00000000 0.00000022 1.00000000
vn 0.00000000 -0.00000022 1.00000000
vn 0.86602569 -0.49999988 0.00000000
vn -0.00000000 -0.00000000 -1.00000000
vn 0.78183168 -0.62348956 0.00000000
vn -0.00000000 -0.00000000 -1.00000000
vn 0.00000000 -0.00000022 1.00000000
vn 0.00000000 -0.00000000 1.00000000
vn 0.78183168 -0.62348980 0.00000000
vn 0.00000000 -0.00000000 1.00000000
vn 0.68017292 -0.73305178 0.00000000
vn -0.00000000 -0.00000000 -1.00000000
vn 0.68017280 -0.73305190 0.00000000
vn -0.00000000 -0.00000000 -1.00000000
vn 0.56332159 -0.82623786 0.00000000
vn 0.56331849 -0.82623994 0.00000000
vn 0.00000000 -0.00000000 1.00000000
vn 0.43388391 -0.90096885 0.00000000
vn -0.00000000 -0.00000000 -1.00000000
vn 0.43388411 -0.90096873 0.00000000
vn 0.00000000 -0.00000000 1.00000000
vn 0.29475683 -0.95557237 0.00000000
vn 0.00000000 -0.00000000 1.00000000
vn 0.29475331 -0.95557332 0.00000000
vn -0.00000000 -0.00000000 -1.00000000
vn 0.14904223 -0.98883092 0.00000000
vn 0.00000000 -0.00000000 1.00000000
vn 0.14904253 -0.98883080 0.00000000
vn -0.00000000 -0.00000000 -1.00000000
vn 0.00001586 -1.00000000 0.00000357
vn -0.00000000 -0.00000000 -1.00000000
vn -0.00001616 -1.00000000 0.00000359
vn 0.00001643 -1.00000000 -0.00000359
vn -0.00001559 -1.00000000 -0.00000357
vn 0.00000000 -0.00000000 1.00000000
vn -0.14904197 -0.98883092 0.00000000
vn -0.00000000 -0.00000000 -1.00000000
vn 0.00000000 -0.00000000 1.00000000
vn -0.14904226 -0.98883080 0.00000000
vn 0.00000000 -0.00000000 1.00000000
vn -0.29475507 -0.95557296 0.00000000
vn -0.29475460 -0.95557308 0.00000000
vn -0.00000000 -0.00000000 -1.00000000
vn -0.00000000 -0.00000000 -1.00000000
vn -0.43388367 -0.90096897 0.00000000
vn 0.00000000 -0.00000000 1.00000000
vn -0.43388388 -0.90096885 0.00000000
vn 0.00000000 -0.00000000 1.00000000
vn -0.56331986 -0.82623893 0.00000000
vn -0.56331986 -0.82623893 0.00000000
vn -0.00000000 -0.00000000 -1.00000000
vn -0.68017119 -0.73305345 0.00000000
vn -0.00000000 -0.00000000 -1.00000000
vn 0.00000000 -0.00000000 1.00000000
vn -0.68017405 -0.73305064 0.00000000
vn -0.00000000 -0.00000000 -1.00000000
vn -0.78183013 -0.62349164 0.00000000
vn 0.00000000 -0.00000000 1.00000000
vn -0.78183281 -0.62348825 0.00000000
vn -0.86602431 -0.50000203 0.00000000
vn -0.00000000 -0.00000000 -1.00000000
vn -0.86602646 -0.49999812 0.00000000
vn 0.00000000 -0.00000000 1.00000000
vn -0.00000000 0.00000014 1.00000000
vn -0.93087292 -0.36534312 0.00000000
vn -0.00000000 -0.00000000 -1.00000000
vn 0.00000000 -0.00000014 1.00000000
vn 0.00000000 -0.00000000 1.00000000
vn -0.93087447 -0.36533922 0.00000000
vn -0.00000000 0.00000014 1.00000000
vn -0.00000000 -0.00000000 -1.00000000
vn -0.97492796 -0.22252114 0.00000000
vn 0.00000000 -0.00000000 1.00000000
vn -0.97492784 -0.22252114 0.00000000
vn -0.99720371 -0.07473219 0.00000000
vn 0.00000000 -0.00000000 1.00000000
vn -0.99720401 -0.07472803 0.00000000
vn -0.00000000 -0.00000000 -1.00000000
vn 0.00000000 -0.00000000 1.00000000
vn -0.99720401 0.07472776 0.00000000
vn -0.99720371 0.07473192 0.00000000
vn -0.00000000 -0.00000000 -1.00000000
vn -0.97492844 0.22251877 0.00000000
vn 0.00000000 -0.00000000 1.00000000
vn -0.97492755 0.22252287 0.00000000
vn -0.00000000 -0.00000000 -1.00000000
vn 0.00000000 -0.00000000 1.00000000
vn 0.00000000 -0.00000014 1.00000000
vn -0.93087387 0.36534098 0.00000000
vn -0.00000000 -0.00000000 -1.00000000
vn -0.93087387 0.36534098 0.00000000
vn -0.00000000 -0.00000000 -1.00000000
vn -0.86602658 0.49999788 0.00000000
vn 0.00000000 -0.00000014 1.00000000
vn 0.00000000 -0.00000000 1.00000000
vn -0.86602444 0.50000179 0.00000000
vn -0.78183168 0.62348956 0.00000000
vn -0.00000000 -0.00000000 -1.00000000
vn 0.00000000 -0.00000000 1.00000000
vn -0.78183168 0.62348980 0.00000000
vn 0.00000000 -0.00000000 1.00000000
vn -0.68017292 0.73305178 0.00000000
vn -0.68017280 0.73305190 0.00000000
vn -0.00000000 -0.00000000 -1.00000000
vn -0.00000000 -0.00000000 -1.00000000
vn -0.56332159 0.82623786 0.00000000
vn 0.00000000 -0.00000000 1.00000000
vn -0.56331849 0.82623994 0.00000000
vn -0.00000000 -0.00000000 -1.00000000
vn -0.43388391 0.90096885 0.00000000
vn -0.43388411 0.90096873 0.00000000
vn 0.00000000 -0.00000000 1.00000000
vn -0.29475531 0.95557284 0.00000000
vn 0.00000000 -0.00000000 1.00000000
vn -0.00000000 -0.00000000 -1.00000000
vn -0.29475483 0.95557296 0.00000000
vn -0.14904404 0.98883063 0.00000000
vn -0.00000000 -0.00000000 -1.00000000
vn -0.14904073 0.98883110 0.00000000
vn 0.00000000 -0.00000000 1.00000000
vn -0.67369592 0.73900866 0.00000000
vn 0.00000000 -0.00000000 1.00000000
vn 0.00000000 -0.00000000 1.00000000
vn -0.79801798 0.60263365 0.00000000
vn 0.00000000 -0.00000000 1.00000000
vn -0.52643233 0.85021716 0.00000000
vn -0.89516354 0.44573778 0.00000000
vn 0.00000000 -0.00000014 1.00000000
vn 0.00000000 -0.00000000 1.00000000
vn -0.36124191 0.93247223 0.00000000
vn 0.00000000 -0.00000000 1.00000000
vn 0.00000000 -0.00000000 1.00000000
vn -0.96182585 0.27366227 0.00000000
vn -0.18374953 0.98297322 0.00000000
vn 0.00000000 -0.00000000 1.00000000
vn 0.00000000 -0.00000000 1.00000000
vn -0.99573427 0.09226809 0.00000000
vn -0.99573427 -0.09226841 0.00000000
vn 0.00000000 -0.00000000 1.00000000
vn -0.96182567 -0.27366322 0.00000000
vn 0.00000000 -0.00000014 1.00000000
vn 0.00000000 -0.00000000 1.00000000
vn 0.00000000 -0.00000000 1.00000000
vn 0.00000000 -0.00000014 1.00000000
vn -0.00000000 0.00000014 1.00000000
vn -0.89516312 -0.44573873 0.00000000
vn -0.79801685 -0.60263532 0.00000000
vn 0.00000000 -0.00000000 1.00000000
vn 0.00000000 -0.00000000 1.00000000
vn -0.67369509 -0.73900950 0.00000000
vn -0.52643126 -0.85021776 0.00000000
vn 0.00000000 -0.00000000 1.00000000
vn 0.00000000 -0.00000000 1.00000000
vn -0.36124077 -0.93247265 0.00000000
vn -0.18374906 -0.98297322 0.00000000
vn 0.00000000 -0.00000000 1.00000000
vn -0.18374987 -0.98297310 0.00000000
vn -0.00000000 0.00000035 -1.00000000
vn -0.00000000 -0.00000000 -1.00000000
vn -0.00000000 -0.00000000 -1.00000000
vn -0.36124229 -0.93247193 0.00000000
vn -0.00000000 -0.00000000 -1.00000000
vn -0.52643269 -0.85021687 0.00000000
vn -0.00000000 -0.00000000 -1.00000000
vn -0.67369616 -0.73900855 0.00000000
vn -0.00000000 -0.00000000 -1.00000000
vn -0.79801774 -0.60263401 0.00000000
vn -0.00000000 -0.00000000 -1.00000000
vn -0.89516324 -0.44573852 0.00000000
vn -0.96182567 -0.27366313 0.00000000
vn -0.00000000 -0.00000000 -1.00000000
vn -0.00000000 -0.00000000 -1.00000000
vn -0.99573427 -0.09226836 0.00000000
vn -0.00000000 -0.00000000 -1.00000000
vn -0.00000000 0.00000069 -1.00000000
vn -0.99573427 0.09226815 0.00000000
vn -0.00000000 -0.00000000 -1.00000000
vn -0.96182567 0.27366349 0.00000000
vn -0.00000000 0.00000138 -1.00000000
vn -0.89516294 0.44573897 0.00000000
vn -0.00000000 -0.00000000 -1.00000000
vn -0.79801696 0.60263509 0.00000000
vn -0.00000000 -0.00000000 -1.00000000
vn -0.67369574 0.73900890 0.00000000
vn -0.00000000 -0.00000000 -1.00000000
vn -0.00000000 -0.00000000 -1.00000000
vn -0.52643210 0.85021722 0.00000000
vn -0.00000000 -0.00000000 -1.00000000
vn -0.36124161 0.93247223 0.00000000
vn -0.00000000 -0.00000000 -1.00000000
vn -0.18375003 0.98297298 0.00000000
vn 0.00000000 -0.00000035 -1.00000000
vn 0.00000000 -0.00000000 1.00000000
vn 0.00000000 -0.00001471 1.00000000
vn -0.17364837 -0.98480773 0.00000000
vn 0.00000000 -0.00000253 1.00000000
vn -0.00000000 0.00000035 -1.00000000
vn -0.17364797 -0.98480791 0.00000000
vn -0.00000000 -0.00000000 -1.00000000
vn -0.34201947 -0.93969297 0.00000000
vn -0.00000000 -0.00000000 -1.00000000
vn -0.34202069 -0.93969244 0.00000000
vn -0.00000000 0.00000099 1.00000000
vn 0.00000000 -0.00000000 1.00000000
vn -0.00000000 0.00001207 1.00000000
vn 0.00000000 -0.00000253 1.00000000
vn -0.50000018 -0.86602539 0.00000000
vn -0.00000000 0.00003530 1.00000000
vn 0.00000000 -0.00001189 1.00000000
vn -0.00000000 0.00001207 1.00000000
vn -0.00000000 -0.00000000 -1.00000000
vn -0.49999988 -0.86602557 0.00000000
vn -0.64278680 -0.76604503 0.00000000
vn -0.00000000 -0.00000000 -1.00000000
vn -0.00000000 0.00003530 1.00000000
vn -0.64278829 -0.76604408 0.00000000
vn -0.00000000 -0.00000000 -1.00000000
vn -0.76604366 -0.64278865 0.00000000
vn -0.76604485 -0.64278710 0.00000000
vn 0.00000000 -0.00001189 1.00000000
vn -0.00000000 0.00003530 1.00000000
vn -0.00000000 -0.00000000 -1.00000000
vn -0.86602491 -0.50000083 0.00000000
vn -0.00000000 0.00001207 1.00000000
vn 0.00000000 -0.00001189 1.00000000
vn -0.00000000 0.00000092 1.00000000
vn 0.00000000 -0.00000151 1.00000000
vn 0.00000000 -0.00000000 1.00000000
vn -0.86602575 -0.49999973 0.00000000
vn -0.00000000 -0.00000000 -1.00000000
vn -0.93969232 -0.34202093 0.00000000
vn 0.00000000 -0.00000151 1.00000000
vn 0.00000000 -0.00000149 1.00000000
vn -0.00000000 0.00000441 1.00000000
vn -0.93969285 -0.34201962 0.00000000
vn -0.00000000 -0.00000000 -1.00000000
vn -0.98480773 -0.17364903 0.00000000
vn -0.00000000 0.00000441 1.00000000
vn -0.98480803 -0.17364763 0.00000000
vn -1.00000000 -0.00000013 0.00000000
vn -0.00000000 0.00000069 -1.00000000
vn -0.00000000 -0.00000000 -1.00000000
vn -0.00000000 0.00000441 1.00000000
vn 0.00000000 -0.00000149 1.00000000
vn -1.00000000 -0.00000013 0.00000000
vn -0.00000000 0.00000092 1.00000000
vn 0.00000000 -0.00000149 1.00000000
vn 0.00000000 -0.00000151 1.00000000
vn -0.98480791 0.17364806 0.00000000
vn -0.00000000 0.00000069 -1.00000000
vn -0.00000000 -0.00000000 -1.00000000
vn -0.98480779 0.17364806 0.00000000
vn -0.93969297 0.34201947 0.00000000
vn -0.00000000 0.00000138 -1.00000000
vn -0.00000000 -0.00000000 -1.00000000
vn 0.00000000 -0.00000000 1.00000000
vn -0.00000000 0.00000092 1.00000000
vn -0.93969244 0.34202057 0.00000000
vn -0.00000000 -0.00000000 -1.00000000
vn -0.86602587 0.49999958 0.00000000
vn -0.00000000 0.00000138 -1.00000000
vn 0.00000000 -0.00000436 1.00000000
vn -0.00000000 0.00000099 1.00000000
vn 0.00000000 -0.00000903 1.00000000
vn -0.86602503 0.50000060 0.00000000
vn 0.00000000 -0.00000000 1.00000000
vn -0.00000000 0.00000216 1.00000000
vn 0.00000000 -0.00000121 1.00000000
vn -0.76604497 0.64278686 0.00000000
vn -0.00000000 -0.00000000 -1.00000000
vn 0.00000000 -0.00000000 1.00000000
vn -0.76604396 0.64278841 0.00000000
vn -0.00000000 -0.00000000 -1.00000000
vn -0.64278853 0.76604396 0.00000000
vn 0.00000000 -0.00000903 1.00000000
vn -0.64278704 0.76604492 0.00000000
vn 0.00000000 -0.00000000 1.00000000
vn -0.50000030 0.86602527 0.00000000
vn -0.00000000 -0.00000000 -1.00000000
vn 0.00000000 -0.00000000 1.00000000
vn -0.50000000 0.86602545 0.00000000
vn -0.00000000 0.00000604 1.00000000
vn 0.00000000 -0.00000903 1.00000000
vn 0.00000000 -0.00000000 1.00000000
vn -0.34201971 0.93969285 0.00000000
vn -0.00000000 0.00000627 1.00000000
vn 0.00000000 -0.00000143 1.00000000
vn 0.00000000 -0.00000121 1.00000000
vn -0.34202093 0.93969232 0.00000000
vn -0.00000000 -0.00000000 -1.00000000
vn -0.17364864 0.98480773 0.00000000
vn 0.00000000 -0.00000035 -1.00000000
vn -0.00000000 -0.00000000 -1.00000000
vn 0.00000000 -0.00000000 1.00000000
vn -0.00000000 0.00000604 1.00000000
vn 0.00000000 -0.00002378 1.00000000
vn -0.17364824 0.98480791 0.00000000
f 1//1 6//6 8//8
f 1//1 11//11 6//6
f 15//15 8//8 19//19
f 15//15 1//1 8//8
f 21//21 19//19 24//24
f 21//21 15//15 19//19
f 26//26 24//24 30//30
f 26//26 21//21 24//24
f 32//32 30//30 34//34
f 32//32 26//26 30//30
f 35//35 39//39 41//41
f 35//35 34//34 39//39
f 35//35 32//32 34//34
f 44//44 35//35 41//41
f 45//45 41//41 49//49
f 45//45 44//44 41//41
f 50//50 49//49 54//54
f 50//50 45//45 49//49
f 56//56 54//54 58//58
f 56//56 50//50 54//54
f 60//60 58//58 66//66
f 60//60 56//56 58//58
f 70//70 72//72 75//75
f 70//70 66//66 72//72
f 70//70 60//60 66//66
f 78//78 70//70 75//75
f 79//79 75//75 86//86
f 79//79 78//78 75//75
f 89//89 79//79 86//86
f 89//89 86//86 90//90
f 94//94 89//89 90//90
f 94//94 90//90 97//97
f 99//99 104//104 106//106
f 99//99 97//97 104//104
f 99//99 94//94 97//97
f 108//108 99//99 106//106
f 111//111 115//115 117//117
f 111//111 122//122 115//115
f 123//123 125//125 128//128
f 123//123 117//117 125//125
f 123//123 111//111 117//117
f 131//131 123//123 128//128
f 133//133 128//128 135//135
f 133//133 131//131 128//128
f 138//138 135//135 139//139
f 138//138 133//133 135//135
f 142//142 139//139 143//143
f 142//142 138//138 139//139
f 147//147 143//143 148//148
f 147//147 142//142 143//143
f 150//150 148//148 152//152
f 150//150 147//147 148//148
f 155//155 152//152 156//156
f 155//155 150//150 152//152
f 159//159 161//161 162//162
f 159//159 156//156 161//161
f 159//159 155//155 156//156
f 165//165 162//162 167//167
f 165//165 159//159 162//162
f 171//171 165//165 167//167
f 173//173 167//167 175//175
f 173//173 171//171 167//167
f 176//176 175//175 178//178
f 176//176 173//173 175//175
f 180//180 182//182 184//184
f 180//180 178//178 182//182
f 180//180 176//176 178//178
f 187//187 180//180 184//184
f 191//191 184//184 193//193
f 191//191 187//187 184//184
f 197//197 200//200 202//202
f 197//197 205//205 200//200
f 207//207 202//202 209//209
f 207//207 197//197 202//202
f 210//210 212//212 215//215
f 210//210 209//209 212//212
f 210//210 207//207 209//209
f 217//217 215//215 219//219
f 217//217 210//210 215//215
f 221//221 217//217 219//219
f 224//224 219//219 226//226
f 224//224 221//221 219//219
f 228//228 226//226 229//229
f 228//228 224//224 226//226
f 232//232 229//229 234//234
f 232//232 228//228 229//229
f 235//235 234//234 238//238
f 235//235 232//232 234//234
f 240//240 241//241 243//243
f 240//240 238//238 241//241
f 240//240 235//235 238//238
f 245//245 240//240 243//243
f 248//248 250//250 253//253
f 248//248 243//243 250//250
f 248//248 245//245 243//243
f 254//254 253//253 256//256
f 254//254 248//248 253//253
f 260//260 254//254 256//256
f 262//262 260//260 256//256
f 262//262 266//266 267//267
f 262//262 256//256 266//266
f 269//269 262//262 267//267
f 271//271 267//267 274//274
f 271//271 269//269 267//267
f 275//275 277//277 280//280
f 275//275 274//274 277//277
f 275//275 271//271 274//274
f 281//281 280//280 283//283
f 281//281 275//275 280//280
f 286//286 281//281 283//283
f 289//289 283//283 292//292
f 289//289 286//286 283//283
f 294//294 288//288 290//290
f 294//294 296//296 297//297
f 294//294 290//290 296//296
f 299//299 294//294 297//297
f 301//301 303//303 306//306
f 301//301 297//297 303//303
f 301//301 299//299 297//297
f 307//307 301//301 306//306
f 309//309 306//306 311//311
f 309//309 307//307 306//306
f 314//314 311//311 315//315
f 314//314 309//309 311//311
f 317//317 315//315 319//319
f 317//317 314//314 315//315
f 322//322 319//319 326//326
f 322//322 317//317 319//319
f 329//329 331//331 333//333
f 329//329 326//326 331//331
f 329//329 322//322 326//326
f 334//334 333//333 336//336
f 334//334 329//329 333//333
f 339//339 336//336 341//341
f 339//339 334//334 336//336
f 343//343 341//341 345//345
f 343//343 339//339 341//341
f 347//347 343//343 345//345
f 350//350 347//347 345//345
f 350//350 345//345 353//353
f 354//354 356//356 359//359
f 354//354 353//353 356//356
f 354//354 350//350 353//353
f 361//361 354//354 359//359
f 363//363 359//359 364//364
f 363//363 361//361 359//359
f 366//366 368//368 370//370
f 366//366 364//364 368//368
f 366//366 363//363 364//364
f 373//373 366//366 370//370
f 375//375 370//370 376//376
f 375//375 373//373 370//370
f 204//204 376//376 198//198
f 204//204 375//375 376//376
f 378//378 365//365 358//358
f 378//378 358//358 357//357
f 381//381 357//357 352//352
f 381//381 378//378 357//357
f 383//383 369//369 365//365
f 383//383 365//365 378//378
f 385//385 381//381 352//352
f 386//386 351//351 346//346
f 388//388 371//371 369//369
f 388//388 369//369 383//383
f 390//390 344//344 340//340
f 390//390 385//385 344//344
f 392//392 371//371 388//388
f 392//392 377//377 371//371
f 393//393 340//340 337//337
f 393//393 337//337 332//332
f 393//393 390//390 340//340
f 120//120 199//199 377//377
f 120//120 377//377 392//392
f 120//120 201//201 199//199
f 396//396 332//332 330//330
f 396//396 393//393 332//332
f 112//112 201//201 120//120
f 112//112 208//208 201//201
f 397//397 330//330 327//327
f 397//397 396//396 330//330
f 124//124 208//208 112//112
f 124//124 213//213 208//208
f 401//401 325//325 320//320
f 402//402 399//399 324//324
f 130//130 213//213 124//124
f 130//130 214//214 213//213
f 404//404 321//321 316//316
f 404//404 400//400 321//321
f 132//132 220//220 214//214
f 134//134 216//216 129//129
f 406//406 404//404 316//316
f 312//312 406//406 316//316
f 225//225 220//220 132//132
f 225//225 132//132 137//137
f 305//305 406//406 312//312
f 305//305 408//408 406//406
f 230//230 225//225 137//137
f 230//230 137//137 141//141
f 304//304 410//410 408//408
f 304//304 408//408 305//305
f 233//233 141//141 146//146
f 233//233 230//230 141//141
f 298//298 413//413 410//410
f 298//298 410//410 304//304
f 237//237 146//146 151//151
f 237//237 233//233 146//146
f 295//295 189//189 413//413
f 295//295 413//413 298//298
f 242//242 237//237 151//151
f 291//291 189//189 295//295
f 244//244 242//242 151//151
f 244//244 151//151 154//154
f 284//284 188//188 189//189
f 284//284 189//189 291//291
f 249//249 244//244 154//154
f 249//249 154//154 158//158
f 279//279 188//188 284//284
f 279//279 181//181 188//188
f 251//251 249//249 158//158
f 251//251 158//158 166//166
f 278//278 181//181 279//279
f 278//278 177//177 181//181
f 258//258 252//252 164//164
f 259//259 166//166 169//169
f 273//273 177//177 278//278
f 273//273 172//172 177//177
f 265//265 257//257 170//170
f 264//264 169//169 172//172
f 268//268 172//172 273//273
f 268//268 264//264 172//172
f 374//374 367//367 372//372
f 196//196 374//374 203//203
f 196//196 362//362 367//367
f 196//196 360//360 362//362
f 196//196 367//367 374//374
f 328//328 348//348 349//349
f 328//328 342//342 348//348
f 328//328 338//338 342//342
f 328//328 335//335 338//338
f 211//211 196//196 206//206
f 222//222 211//211 218//218
f 222//222 355//355 360//360
f 222//222 360//360 196//196
f 222//222 196//196 211//211
f 310//310 323//323 328//328
f 310//310 318//318 323//323
f 310//310 313//313 318//318
f 227//227 222//222 223//223
f 302//302 308//308 310//310
f 302//302 328//328 349//349
f 302//302 310//310 328//328
f 231//231 349//349 355//355
f 231//231 355//355 222//222
f 231//231 222//222 227//227
f 231//231 302//302 349//349
f 239//239 231//231 236//236
f 247//247 239//239 246//246
f 255//255 239//239 247//247
f 272//272 285//285 287//287
f 272//272 282//282 285//285
f 272//272 276//276 282//282
f 272//272 287//287 293//293
f 270//270 231//231 239//239
f 270//270 261//261 263//263
f 270//270 255//255 261//261
f 270//270 239//239 255//255
f 270//270 272//272 293//293
f 270//270 300//300 302//302
f 270//270 293//293 300//300
f 270//270 302//302 231//231
f 412//412 190//190 192//192
f 412//412 192//192 414//414
f 411//411 414//414 418//418
f 411//411 412//412 414//414
f 409//409 418//418 420//420
f 409//409 411//411 418//418
f 407//407 420//420 422//422
f 407//407 409//409 420//420
f 405//405 422//422 423//423
f 405//405 407//407 422//422
f 403//403 425//425 427//427
f 403//403 423//423 425//425
f 403//403 405//405 423//423
f 398//398 403//403 427//427
f 395//395 429//429 431//431
f 395//395 427//427 429//429
f 395//395 398//398 427//427
f 394//394 395//395 431//431
f 389//389 431//431 435//435
f 389//389 394//394 431//431
f 384//384 435//435 437//437
f 384//384 389//389 435//435
f 380//380 437//437 440//440
f 380//380 384//384 437//437
f 379//379 442//442 444//444
f 379//379 440//440 442//442
f 379//379 380//380 440//440
f 382//382 379//379 444//444
f 387//387 445//445 449//449
f 387//387 444//444 445//445
f 387//387 382//382 444//444
f 391//391 387//387 449//449
f 121//121 449//449 116//116
f 121//121 391//391 449//449
f 109//109 107//107 452//452
f 454//454 109//109 452//452
f 458//458 462//462 465//465
f 458//458 452//452 462//462
f 458//458 454//454 452//452
f 468//468 458//458 465//465
f 471//471 465//465 472//472
f 471//471 468//468 465//465
f 475//475 472//472 476//476
f 475//475 471//471 472//472
f 479//479 476//476 481//481
f 479//479 475//475 476//476
f 488//488 481//481 491//491
f 488//488 479//479 481//481
f 493//493 491//491 495//495
f 493//493 488//488 491//491
f 498//498 500//500 505//505
f 498//498 495//495 500//500
f 498//498 493//493 495//495
f 507//507 498//498 505//505
f 510//510 505//505 513//513
f 510//510 507//507 505//505
f 516//516 513//513 523//523
f 516//516 510//510 513//513
f 527//527 523//523 528//528
f 527//527 516//516 523//523
f 531//531 528//528 534//534
f 531//531 527//527 528//528
f 536//536 531//531 534//534
f 536//536 538//538 545//545
f 536//536 534//534 538//538
f 546//546 536//536 545//545
f 548//548 554//554 4//4
f 548//548 545//545 554//554
f 548//548 546//546 545//545
f 10//10 548//548 4//4
f 524//524 533//533 529//529
f 539//539 537//537 533//533
f 542//542 532//532 522//522
f 9//9 5//5 551//551
f 489//489 504//504 501//501
f 492//492 502//502 496//496
f 20//20 552//552 540//540
f 18//18 7//7 553//553
f 484//484 524//524 514//514
f 486//486 515//515 503//503
f 482//482 506//506 490//490
f 28//28 23//23 17//17
f 29//29 16//16 543//543
f 464//464 483//483 478//478
f 467//467 477//477 473//473
f 38//38 33//33 28//28
f 460//460 524//524 484//484
f 463//463 485//485 466//466
f 101//101 450//450 105//105
f 62//62 57//57 53//53
f 61//61 52//52 47//47
f 65//65 48//48 40//40
f 65//65 40//40 38//38
f 63//63 541//541 520//520
f 64//64 27//27 544//544
f 65//65 38//38 28//28
f 83//83 459//459 453//453
f 82//82 102//102 96//96
f 81//81 95//95 91//91
f 84//84 525//525 461//461
f 87//87 451//451 103//103
f 76//76 519//519 85//85
f 73//73 71//71 68//68
f 74//74 67//67 521//521
f 441//441 526//526 530//530
f 439//439 517//517 526//526
f 439//439 526//526 441//441
f 443//443 530//530 535//535
f 443//443 441//441 530//530
f 438//438 511//511 518//518
f 436//436 517//517 439//439
f 446//446 535//535 547//547
f 446//446 443//443 535//535
f 434//434 508//508 512//512
f 434//434 512//512 436//436
f 447//447 547//547 550//550
f 447//447 446//446 547//547
f 433//433 497//497 509//509
f 432//432 508//508 434//434
f 113//113 448//448 549//549
f 114//114 550//550 12//12
f 430//430 499//499 432//432
f 494//494 499//499 430//430
f 3//3 114//114 12//12
f 119//119 114//114 3//3
f 428//428 494//494 430//430
f 487//487 494//494 428//428
f 13//13 118//118 2//2
f 126//126 119//119 14//14
f 426//426 487//487 428//428
f 480//480 487//487 426//426
f 22//22 126//126 14//14
f 127//127 126//126 22//22
f 424//424 480//480 426//426
f 474//474 480//480 424//424
f 25//25 127//127 22//22
f 136//136 127//127 25//25
f 421//421 474//474 424//424
f 470//470 474//474 421//421
f 31//31 136//136 25//25
f 140//140 136//136 31//31
f 419//419 470//470 421//421
f 469//469 470//470 419//419
f 37//37 140//140 31//31
f 144//144 140//140 37//37
f 417//417 469//469 419//419
f 457//457 469//469 417//417
f 42//42 145//145 36//36
f 149//149 144//144 43//43
f 416//416 457//457 417//417
f 456//456 457//457 416//416
f 46//46 149//149 43//43
f 153//153 149//149 46//46
f 194//194 455//455 415//415
f 51//51 157//157 153//153
f 51//51 153//153 46//46
f 110//110 456//456 195//195
f 55//55 160//160 157//157
f 55//55 157//157 51//51
f 98//98 195//195 185//185
f 98//98 110//110 195//195
f 59//59 163//163 160//160
f 59//59 160//160 55//55
f 92//92 185//185 183//183
f 93//93 100//100 186//186
f 69//69 168//168 163//163
f 69//69 163//163 59//59
f 88//88 183//183 179//179
f 88//88 92//92 183//183
f 80//80 88//88 179//179
f 80//80 179//179 174//174
f 77//77 80//80 174//174
f 77//77 174//174 168//168
f 77//77 168//168 69//69
f 556//556 558//558 562//562
f 556//556 565//565 558//558
f 567//567 562//562 570//570
f 567//567 556//556 562//562
f 576//576 570//570 577//577
f 576//576 567//567 570//570
f 579//579 577//577 584//584
f 579//579 576//576 577//577
f 585//585 584//584 587//587
f 585//585 579//579 584//584
f 589//589 593//593 595//595
f 589//589 587//587 593//593
f 589//589 585//585 587//587
f 597//597 589//589 595//595
f 599//599 595//595 601//601
f 599//599 597//597 595//595
f 605//605 601//601 608//608
f 605//605 599//599 601//601
f 610//610 608//608 611//611
f 610//610 605//605 608//608
f 614//614 611//611 622//622
f 614//614 610//610 611//611
f 623//623 625//625 627//627
f 623//623 622//622 625//625
f 623//623 614//614 622//622
f 631//631 623//623 627//627
f 634//634 627//627 635//635
f 634//634 631//631 627//627
f 642//642 634//634 635//635
f 642//642 635//635 644//644
f 648//648 642//642 644//644
f 648//648 644//644 650//650
f 652//652 658//658 659//659
f 652//652 650//650 658//658
f 652//652 648//648 650//650
f 664//664 652//652 659//659
f 665//665 669//669 673//673
f 665//665 676//676 669//669
f 678//678 680//680 681//681
f 678//678 673//673 680//680
f 678//678 665//665 673//673
f 684//684 678//678 681//681
f 686//686 681//681 690//690
f 686//686 684//684 681//681
f 691//691 690//690 694//694
f 691//691 686//686 690//690
f 695//695 694//694 698//698
f 695//695 691//691 694//694
f 701//701 698//698 703//703
f 701//701 695//695 698//698
f 705//705 703//703 706//706
f 705//705 701//701 703//703
f 708//708 706//706 711//711
f 708//708 705//705 706//706
f 713//713 714//714 716//716
f 713//713 711//711 714//714
f 713//713 708//708 711//711
f 718//718 716//716 721//721
f 718//718 713//713 716//716
f 724//724 718//718 721//721
f 726//726 721//721 728//728
f 726//726 724//724 721//721
f 731//731 728//728 733//733
f 731//731 726//726 728//728
f 735//735 737//737 740//740
f 735//735 733//733 737//737
f 735//735 731//731 733//733
f 742//742 735//735 740//740
f 743//743 740//740 748//748
f 743//743 742//742 740//740
f 750//750 752//752 755//755
f 750//750 759//759 752//752
f 761//761 755//755 762//762
f 761//761 750//750 755//755
f 765//765 766//766 770//770
f 765//765 762//762 766//766
f 765//765 761//761 762//762
f 771//771 770//770 774//774
f 771//771 765//765 770//770
f 775//775 771//771 774//774
f 778//778 774//774 780//780
f 778//778 775//775 774//774
f 782//782 780//780 783//783
f 782//782 778//778 780//780
f 786//786 783//783 788//788
f 786//786 782//782 783//783
f 790//790 788//788 792//792
f 790//790 786//786 788//788
f 793//793 795//795 798//798
f 793//793 792//792 795//795
f 793//793 790//790 792//792
f 800//800 793//793 798//798
f 801//801 803//803 807//807
f 801//801 798//798 803//803
f 801//801 800//800 798//798
f 809//809 807//807 812//812
f 809//809 801//801 807//807
f 814//814 809//809 812//812
f 816//816 814//814 812//812
f 816//816 819//819 822//822
f 816//816 812//812 819//819
f 824//824 816//816 822//822
f 825//825 822//822 828//828
f 825//825 824//824 822//822
f 829//829 832//832 834//834
f 829//829 828//828 832//832
f 829//829 825//825 828//828
f 835//835 834//834 838//838
f 835//835 829//829 834//834
f 840//840 835//835 838//838
f 841//841 838//838 845//845
f 841//841 840//840 838//838
f 847//847 843//843 844//844
f 847//847 850//850 851//851
f 847//847 844//844 850//850
f 853//853 847//847 851//851
f 855//855 858//858 860//860
f 855//855 851//851 858//858
f 855//855 853//853 851//851
f 862//862 855//855 860//860
f 863//863 860//860 866//866
f 863//863 862//862 860//860
f 868//868 866//866 870//870
f 868//868 863//863 866//866
f 872//872 870//870 875//875
f 872//872 868//868 870//870
f 877//877 875//875 878//878
f 877//877 872//872 875//875
f 883//883 884//884 887//887
f 883//883 878//878 884//884
f 883//883 877//877 878//878
f 889//889 887//887 891//891
f 889//889 883//883 887//887
f 893//893 891//891 894//894
f 893//893 889//889 891//891
f 897//897 894//894 900//900
f 897//897 893//893 894//894
f 901//901 897//897 900//900
f 904//904 901//901 900//900
f 904//904 900//900 907//907
f 908//908 910//910 912//912
f 908//908 907//907 910//910
f 908//908 904//904 907//907
f 915//915 908//908 912//912
f 916//916 912//912 919//919
f 916//916 915//915 912//912
f 921//921 922//922 925//925
f 921//921 919//919 922//922
f 921//921 916//916 919//919
f 927//927 921//921 925//925
f 928//928 925//925 930//930
f 928//928 927//927 925//925
f 757//757 930//930 754//754
f 757//757 928//928 930//930
f 932//932 918//918 913//913
f 932//932 913//913 911//911
f 934//934 911//911 906//906
f 934//934 932//932 911//911
f 936//936 923//923 918//918
f 936//936 918//918 932//932
f 938//938 934//934 906//906
f 940//940 905//905 898//898
f 941//941 924//924 923//923
f 941//941 923//923 936//936
f 944//944 899//899 895//895
f 944//944 938//938 899//899
f 946//946 924//924 941//941
f 946//946 931//931 924//924
f 948//948 895//895 890//890
f 948//948 890//890 886//886
f 948//948 944//944 895//895
f 675//675 753//753 931//931
f 675//675 931//931 946//946
f 675//675 756//756 753//753
f 949//949 886//886 885//885
f 949//949 948//948 886//886
f 666//666 756//756 675//675
f 666//666 763//763 756//756
f 953//953 885//885 879//879
f 953//953 949//949 885//885
f 677//677 763//763 666//666
f 677//677 767//767 763//763
f 955//955 880//880 874//874
f 957//957 952//952 881//881
f 685//685 767//767 677//677
f 685//685 769//769 767//767
f 959//959 873//873 869//869
f 959//959 956//956 873//873
f 688//688 773//773 769//769
f 687//687 768//768 683//683
f 961//961 959//959 869//869
f 865//865 961//961 869//869
f 779//779 773//773 688//688
f 779//779 688//688 692//692
f 859//859 961//961 865//865
f 859//859 962//962 961//961
f 784//784 779//779 692//692
f 784//784 692//692 696//696
f 857//857 964//964 962//962
f 857//857 962//962 859//859
f 787//787 696//696 700//700
f 787//787 784//784 696//696
f 852//852 966//966 964//964
f 852//852 964//964 857//857
f 791//791 700//700 704//704
f 791//791 787//787 700//700
f 849//849 745//745 966//966
f 849//849 966//966 852//852
f 796//796 791//791 704//704
f 846//846 745//745 849//849
f 797//797 796//796 704//704
f 797//797 704//704 709//709
f 837//837 741//741 745//745
f 837//837 745//745 846//846
f 804//804 797//797 709//709
f 804//804 709//709 712//712
f 833//833 741//741 837//837
f 833//833 734//734 741//741
f 805//805 804//804 712//712
f 805//805 712//712 720//720
f 831//831 734//734 833//833
f 831//831 730//730 734//734
f 811//811 806//806 719//719
f 813//813 720//720 723//723
f 827//827 730//730 831//831
f 827//827 727//727 730//730
f 818//818 810//810 725//725
f 820//820 723//723 727//727
f 821//821 727//727 827//827
f 821//821 820//820 727//727
f 929//929 920//920 926//926
f 751//751 929//929 758//758
f 751//751 917//917 920//920
f 751//751 914//914 917//917
f 751//751 920//920 929//929
f 882//882 902//902 903//903
f 882//882 896//896 902//902
f 882//882 892//892 896//896
f 882//882 888//888 892//892
f 764//764 751//751 760//760
f 776//776 764//764 772//772
f 776//776 909//909 914//914
f 776//776 914//914 751//751
f 776//776 751//751 764//764
f 864//864 876//876 882//882
f 864//864 871//871 876//876
f 864//864 867//867 871//871
f 781//781 776//776 777//777
f 856//856 861//861 864//864
f 856//856 882//882 903//903
f 856//856 864//864 882//882
f 785//785 903//903 909//909
f 785//785 909//909 776//776
f 785//785 776//776 781//781
f 785//785 856//856 903//903
f 794//794 785//785 789//789
f 802//802 794//794 799//799
f 808//808 794//794 802//802
f 826//826 839//839 842//842
f 826//826 836//836 839//839
f 826//826 830//830 836//836
f 826//826 842//842 848//848
f 823//823 785//785 794//794
f 823//823 815//815 817//817
f 823//823 808//808 815//815
f 823//823 794//794 808//808
f 823//823 826//826 848//848
f 823//823 854//854 856//856
f 823//823 848//848 854//854
f 823//823 856//856 785//785
f 967//967 744//744 747//747
f 967//967 747//747 970//970
f 965//965 970//970 972//972
f 965//965 967//967 970//970
f 963//963 972//972 973//973
f 963//963 965//965 972//972
f 960//960 973//973 976//976
f 960//960 963//963 973//973
f 958//958 976//976 977//977
f 958//958 960//960 976//976
f 954//954 979//979 981//981
f 954//954 977//977 979//979
f 954//954 958//958 977//977
f 951//951 954//954 981//981
f 950//950 983//983 986//986
f 950//950 981//981 983//983
f 950//950 951//951 981//981
f 947//947 950//950 986//986
f 943//943 986//986 989//989
f 943//943 947//947 986//986
f 939//939 989//989 991//991
f 939//939 943//943 989//989
f 935//935 991//991 994//994
f 935//935 939//939 991//991
f 933//933 996//996 997//997
f 933//933 994//994 996//996
f 933//933 935//935 994//994
f 937//937 933//933 997//997
f 942//942 1000//1000 1002//1002
f 942//942 997//997 1000//1000
f 942//942 937//937 997//997
f 945//945 942//942 1002//1002
f 674//674 1002//1002 667//667
f 674//674 945//945 1002//1002
f 662//662 661//661 1006//1006
f 1009//1009 662//662 1006//1006
f 1012//1012 1015//1015 1018//1018
f 1012//1012 1006//1006 1015//1015
f 1012//1012 1009//1009 1006//1006
f 1023//1023 1012//1012 1018//1018
f 1024//1024 1018//1018 1026//1026
f 1024//1024 1023//1023 1018//1018
f 1028//1028 1026//1026 1032//1032
f 1028//1028 1024//1024 1026//1026
f 1033//1033 1032//1032 1040//1040
f 1033//1033 1028//1028 1032//1032
f 1042//1042 1040//1040 1043//1043
f 1042//1042 1033//1033 1040//1040
f 1048//1048 1043//1043 1049//1049
f 1048//1048 1042//1042 1043//1043
f 1053//1053 1056//1056 1057//1057
f 1053//1053 1049//1049 1056//1056
f 1053//1053 1048//1048 1049//1049
f 1063//1063 1053//1053 1057//1057
f 1066//1066 1057//1057 1069//1069
f 1066//1066 1063//1063 1057//1057
f 1070//1070 1069//1069 1073//1073
f 1070//1070 1066//1066 1069//1069
f 1080//1080 1073//1073 1082//1082
f 1080//1080 1070//1070 1073//1073
f 1085//1085 1082//1082 1088//1088
f 1085//1085 1080//1080 1082//1082
f 1089//1089 1085//1085 1088//1088
f 1089//1089 1092//1092 1098//1098
f 1089//1089 1088//1088 1092//1092
f 1100//1100 1089//1089 1098//1098
f 1104//1104 1108//1108 560//560
f 1104//1104 1098//1098 1108//1108
f 1104//1104 1100//1100 1098//1098
f 564//564 1104//1104 560//560
f 1078//1078 1086//1086 1083//1083
f 1094//1094 1091//1091 1086//1086
f 1096//1096 1087//1087 1076//1076
f 563//563 559//559 1105//1105
f 1046//1046 1058//1058 1055//1055
f 1044//1044 1054//1054 1050//1050
f 574//574 1107//1107 1093//1093
f 573//573 561//561 1106//1106
f 1035//1035 1078//1078 1067//1067
f 1036//1036 1068//1068 1060//1060
f 1039//1039 1059//1059 1045//1045
f 583//583 578//578 572//572
f 581//581 571//571 1097//1097
f 1021//1021 1038//1038 1031//1031
f 1019//1019 1030//1030 1027//1027
f 592//592 588//588 583//583
f 1017//1017 1078//1078 1035//1035
f 1013//1013 1037//1037 1020//1020
f 655//655 1005//1005 660//660
f 620//620 612//612 606//606
f 616//616 607//607 602//602
f 615//615 603//603 594//594
f 615//615 594//594 592//592
f 617//617 1095//1095 1074//1074
f 621//621 582//582 1099//1099
f 615//615 592//592 583//583
f 639//639 1014//1014 1007//1007
f 640//640 657//657 651//651
f 636//636 649//649 645//645
f 638//638 1077//1077 1016//1016
f 637//637 1004//1004 656//656
f 629//629 1075//1075 641//641
f 628//628 626//626 619//619
f 630//630 618//618 1079//1079
f 995//995 1081//1081 1084//1084
f 993//993 1072//1072 1081//1081
f 993//993 1081//1081 995//995
f 998//998 1084//1084 1090//1090
f 998//998 995//995 1084//1084
f 992//992 1065//1065 1071//1071
f 990//990 1072//1072 993//993
f 999//999 1090//1090 1101//1101
f 999//999 998//998 1090//1090
f 988//988 1062//1062 1064//1064
f 988//988 1064//1064 990//990
f 1001//1001 1101//1101 1103//1103
f 1001//1001 999//999 1101//1101
f 985//985 1051//1051 1061//1061
f 987//987 1062//1062 988//988
f 668//668 1003//1003 1102//1102
f 670//670 1103//1103 566//566
f 984//984 1052//1052 987//987
f 1047//1047 1052//1052 984//984
f 555//555 670//670 566//566
f 672//672 670//670 555//555
f 982//982 1047//1047 984//984
f 1041//1041 1047//1047 982//982
f 568//568 671//671 557//557
f 679//679 672//672 569//569
f 980//980 1041//1041 982//982
f 1034//1034 1041//1041 980//980
f 575//575 679//679 569//569
f 682//682 679//679 575//575
f 978//978 1034//1034 980//980
f 1029//1029 1034//1034 978//978
f 580//580 682//682 575//575
f 689//689 682//682 580//580
f 975//975 1029//1029 978//978
f 1025//1025 1029//1029 975//975
f 586//586 689//689 580//580
f 693//693 689//689 586//586
f 974//974 1025//1025 975//975
f 1022//1022 1025//1025 974//974
f 590//590 693//693 586//586
f 699//699 693//693 590//590
f 971//971 1022//1022 974//974
f 1011//1011 1022//1022 971//971
f 596//596 697//697 591//591
f 702//702 699//699 598//598
f 969//969 1011//1011 971//971
f 1010//1010 1011//1011 969//969
f 600//600 702//702 598//598
f 707//707 702//702 600//600
f 749//749 1008//1008 968//968
f 604//604 710//710 707//707
f 604//604 707//707 600//600
f 663//663 1010//1010 746//746
f 609//609 715//715 710//710
f 609//609 710//710 604//604
f 653//653 746//746 738//738
f 653//653 663//663 746//746
f 613//613 717//717 715//715
f 613//613 715//715 609//609
f 646//646 738//738 736//736
f 647//647 654//654 739//739
f 624//624 722//722 717//717
f 624//624 717//717 613//613
f 643//643 736//736 732//732
f 643//643 646//646 736//736
f 633//633 643//643 732//732
f 633//633 732//732 729//729
f 632//632 633//633 729//729
f 632//632 729//729 722//722
f 632//632 722//722 624//624
f 1110//1110 1112//1112 1115//1115
f 1110//1110 1119//1119 1112//1112
f 1121//1121 1115//1115 1127//1127
f 1121//1121 1110//1110 1115//1115
f 1130//1130 1127//1127 1132//1132
f 1130//1130 1121//1121 1127//1127
f 1134//1134 1132//1132 1138//1138
f 1134//1134 1130//1130 1132//1132
f 1140//1140 1138//1138 1142//1142
f 1140//1140 1134//1134 1138//1138
f 1144//1144 1146//1146 1149//1149
f 1144//1144 1142//1142 1146//1146
f 1144//1144 1140//1140 1142//1142
f 1151//1151 1144//1144 1149//1149
f 1154//1154 1149//1149 1156//1156
f 1154//1154 1151//1151 1149//1149
f 1158//1158 1156//1156 1161//1161
f 1158//1158 1154//1154 1156//1156
f 1163//1163 1161//1161 1165//1165
f 1163//1163 1158//1158 1161//1161
f 1167//1167 1165//1165 1171//1171
f 1167//1167 1163//1163 1165//1165
f 1178//1178 1180//1180 1184//1184
f 1178//1178 1171//1171 1180//1180
f 1178//1178 1167//1167 1171//1171
f 1186//1186 1178//1178 1184//1184
f 1187//1187 1184//1184 1194//1194
f 1187//1187 1186//1186 1184//1184
f 1197//1197 1187//1187 1194//1194
f 1197//1197 1194//1194 1199//1199
f 1201//1201 1197//1197 1199//1199
f 1201//1201 1199//1199 1205//1205
f 1207//1207 1211//1211 1214//1214
f 1207//1207 1205//1205 1211//1211
f 1207//1207 1201//1201 1205//1205
f 1216//1216 1207//1207 1214//1214
f 1220//1220 1222//1222 1225//1225
f 1220//1220 1229//1229 1222//1222
f 1231//1231 1233//1233 1236//1236
f 1231//1231 1225//1225 1233//1233
f 1231//1231 1220//1220 1225//1225
f 1237//1237 1231//1231 1236//1236
f 1242//1242 1236//1236 1243//1243
f 1242//1242 1237//1237 1236//1236
f 1245//1245 1243//1243 1248//1248
f 1245//1245 1242//1242 1243//1243
f 1250//1250 1248//1248 1253//1253
f 1250//1250 1245//1245 1248//1248
f 1254//1254 1253//1253 1256//1256
f 1254//1254 1250//1250 1253//1253
f 1258//1258 1256//1256 1260//1260
f 1258//1258 1254//1254 1256//1256
f 1262//1262 1260//1260 1264//1264
f 1262//1262 1258//1258 1260//1260
f 1266//1266 1268//1268 1271//1271
f 1266//1266 1264//1264 1268//1268
f 1266//1266 1262//1262 1264//1264
f 1273//1273 1271//1271 1276//1276
f 1273//1273 1266//1266 1271//1271
f 1279//1279 1273//1273 1276//1276
f 1281//1281 1276//1276 1282//1282
f 1281//1281 1279//1279 1276//1276
f 1284//1284 1282//1282 1286//1286
f 1284//1284 1281//1281 1282//1282
f 1289//1289 1290//1290 1293//1293
f 1289//1289 1286//1286 1290//1290
f 1289//1289 1284//1284 1286//1286
f 1296//1296 1289//1289 1293//1293
f 1297//1297 1293//1293 1302//1302
f 1297//1297 1296//1296 1293//1293
f 1304//1304 1308//1308 1310//1310
f 1304//1304 1311//1311 1308//1308
f 1314//1314 1310//1310 1316//1316
f 1314//1314 1304//1304 1310//1310
f 1318//1318 1320//1320 1324//1324
f 1318//1318 1316//1316 1320//1320
f 1318//1318 1314//1314 1316//1316
f 1326//1326 1324//1324 1327//1327
f 1326//1326 1318//1318 1324//1324
f 1330//1330 1326//1326 1327//1327
f 1332//1332 1327//1327 1333//1333
f 1332//1332 1330//1330 1327//1327
f 1336//1336 1333//1333 1338//1338
f 1336//1336 1332//1332 1333//1333
f 1340//1340 1338//1338 1341//1341
f 1340//1340 1336//1336 1338//1338
f 1343//1343 1341//1341 1345//1345
f 1343//1343 1340//1340 1341//1341
f 1347//1347 1349//1349 1351//1351
f 1347//1347 1345//1345 1349//1349
f 1347//1347 1343//1343 1345//1345
f 1354//1354 1347//1347 1351//1351
f 1356//1356 1358//1358 1359//1359
f 1356//1356 1351//1351 1358//1358
f 1356//1356 1354//1354 1351//1351
f 1363//1363 1359//1359 1367//1367
f 1363//1363 1356//1356 1359//1359
f 1369//1369 1363//1363 1367//1367
f 1370//1370 1369//1369 1367//1367
f 1370//1370 1372//1372 1375//1375
f 1370//1370 1367//1367 1372//1372
f 1378//1378 1370//1370 1375//1375
f 1379//1379 1375//1375 1382//1382
f 1379//1379 1378//1378 1375//1375
f 1383//1383 1386//1386 1387//1387
f 1383//1383 1382//1382 1386//1386
f 1383//1383 1379//1379 1382//1382
f 1389//1389 1387//1387 1392//1392
f 1389//1389 1383//1383 1387//1387
f 1393//1393 1389//1389 1392//1392
f 1396//1396 1392//1392 1399//1399
f 1396//1396 1393//1393 1392//1392
f 1401//1401 1395//1395 1400//1400
f 1401//1401 1404//1404 1406//1406
f 1401//1401 1400//1400 1404//1404
f 1408//1408 1401//1401 1406//1406
f 1409//1409 1412//1412 1413//1413
f 1409//1409 1406//1406 1412//1412
f 1409//1409 1408//1408 1406//1406
f 1416//1416 1409//1409 1413//1413
f 1418//1418 1413//1413 1419//1419
f 1418//1418 1416//1416 1413//1413
f 1422//1422 1419//1419 1423//1423
f 1422//1422 1418//1418 1419//1419
f 1426//1426 1423//1423 1427//1427
f 1426//1426 1422//1422 1423//1423
f 1431//1431 1427//1427 1433//1433
f 1431//1431 1426//1426 1427//1427
f 1437//1437 1439//1439 1440//1440
f 1437//1437 1433//1433 1439//1439
f 1437//1437 1431//1431 1433//1433
f 1443//1443 1440//1440 1445//1445
f 1443//1443 1437//1437 1440//1440
f 1447//1447 1445//1445 1448//1448
f 1447//1447 1443//1443 1445//1445
f 1450//1450 1448//1448 1452//1452
f 1450//1450 1447//1447 1448//1448
f 1456//1456 1450//1450 1452//1452
f 1458//1458 1456//1456 1452//1452
f 1458//1458 1452//1452 1461//1461
f 1462//1462 1465//1465 1466//1466
f 1462//1462 1461//1461 1465//1465
f 1462//1462 1458//1458 1461//1461
f 1469//1469 1462//1462 1466//1466
f 1470//1470 1466//1466 1472//1472
f 1470//1470 1469//1469 1466//1466
f 1474//1474 1476//1476 1478//1478
f 1474//1474 1472//1472 1476//1476
f 1474//1474 1470//1470 1472//1472
f 1480//1480 1474//1474 1478//1478
f 1483//1483 1478//1478 1484//1484
f 1483//1483 1480//1480 1478//1478
f 1312//1312 1484//1484 1307//1307
f 1312//1312 1483//1483 1484//1484
f 1486//1486 1473//1473 1467//1467
f 1486//1486 1467//1467 1464//1464
f 1489//1489 1464//1464 1460//1460
f 1489//1489 1486//1486 1464//1464
f 1490//1490 1477//1477 1473//1473
f 1490//1490 1473//1473 1486//1486
f 1494//1494 1489//1489 1460//1460
f 1493//1493 1459//1459 1454//1454
f 1495//1495 1479//1479 1477//1477
f 1495//1495 1477//1477 1490//1490
f 1498//1498 1453//1453 1449//1449
f 1498//1498 1494//1494 1453//1453
f 1500//1500 1479//1479 1495//1495
f 1500//1500 1485//1485 1479//1479
f 1502//1502 1449//1449 1444//1444
f 1502//1502 1444//1444 1441//1441
f 1502//1502 1498//1498 1449//1449
f 1228//1228 1306//1306 1485//1485
f 1228//1228 1485//1485 1500//1500
f 1228//1228 1309//1309 1306//1306
f 1504//1504 1441//1441 1438//1438
f 1504//1504 1502//1502 1441//1441
f 1219//1219 1309//1309 1228//1228
f 1219//1219 1317//1317 1309//1309
f 1506//1506 1438//1438 1435//1435
f 1506//1506 1504//1504 1438//1438
f 1232//1232 1317//1317 1219//1219
f 1232//1232 1321//1321 1317//1317
f 1511//1511 1432//1432 1429//1429
f 1508//1508 1505//1505 1434//1434
f 1238//1238 1321//1321 1232//1232
f 1238//1238 1323//1323 1321//1321
f 1512//1512 1428//1428 1424//1424
f 1512//1512 1510//1510 1428//1428
f 1240//1240 1328//1328 1323//1323
f 1241//1241 1322//1322 1239//1239
f 1514//1514 1512//1512 1424//1424
f 1420//1420 1514//1514 1424//1424
f 1334//1334 1328//1328 1240//1240
f 1334//1334 1240//1240 1246//1246
f 1414//1414 1514//1514 1420//1420
f 1414//1414 1516//1516 1514//1514
f 1337//1337 1334//1334 1246//1246
f 1337//1337 1246//1246 1249//1249
f 1411//1411 1519//1519 1516//1516
f 1411//1411 1516//1516 1414//1414
f 1342//1342 1249//1249 1255//1255
f 1342//1342 1337//1337 1249//1249
f 1405//1405 1520//1520 1519//1519
f 1405//1405 1519//1519 1411//1411
f 1346//1346 1255//1255 1259//1259
f 1346//1346 1342//1342 1255//1255
f 1403//1403 1298//1298 1520//1520
f 1403//1403 1520//1520 1405//1405
f 1350//1350 1346//1346 1259//1259
f 1398//1398 1298//1298 1403//1403
f 1352//1352 1350//1350 1259//1259
f 1352//1352 1259//1259 1263//1263
f 1391//1391 1295//1295 1298//1298
f 1391//1391 1298//1298 1398//1398
f 1357//1357 1352//1352 1263//1263
f 1357//1357 1263//1263 1267//1267
f 1388//1388 1295//1295 1391//1391
f 1388//1388 1288//1288 1295//1295
f 1360//1360 1357//1357 1267//1267
f 1360//1360 1267//1267 1274//1274
f 1385//1385 1288//1288 1388//1388
f 1385//1385 1285//1285 1288//1288
f 1364//1364 1361//1361 1272//1272
f 1366//1366 1274//1274 1277//1277
f 1381//1381 1285//1285 1385//1385
f 1381//1381 1280//1280 1285//1285
f 1373//1373 1365//1365 1278//1278
f 1374//1374 1277//1277 1280//1280
f 1376//1376 1280//1280 1381//1381
f 1376//1376 1374//1374 1280//1280
f 1482//1482 1475//1475 1481//1481
f 1305//1305 1482//1482 1313//1313
f 1305//1305 1471//1471 1475//1475
f 1305//1305 1468//1468 1471//1471
f 1305//1305 1475//1475 1482//1482
f 1436//1436 1455//1455 1457//1457
f 1436//1436 1451//1451 1455//1455
f 1436//1436 1446//1446 1451//1451
f 1436//1436 1442//1442 1446//1446
f 1319//1319 1305//1305 1315//1315
f 1329//1329 1319//1319 1325//1325
f 1329//1329 1463//1463 1468//1468
f 1329//1329 1468//1468 1305//1305
f 1329//1329 1305//1305 1319//1319
f 1417//1417 1430//1430 1436//1436
f 1417//1417 1425//1425 1430//1430
f 1417//1417 1421//1421 1425//1425
f 1335//1335 1329//1329 1331//1331
f 1410//1410 1415//1415 1417//1417
f 1410//1410 1436//1436 1457//1457
f 1410//1410 1417//1417 1436//1436
f 1339//1339 1457//1457 1463//1463
f 1339//1339 1463//1463 1329//1329
f 1339//1339 1329//1329 1335//1335
f 1339//1339 1410//1410 1457//1457
f 1348//1348 1339//1339 1344//1344
f 1355//1355 1348//1348 1353//1353
f 1362//1362 1348//1348 1355//1355
f 1380//1380 1394//1394 1397//1397
f 1380//1380 1390//1390 1394//1394
f 1380//1380 1384//1384 1390//1390
f 1380//1380 1397//1397 1402//1402
f 1377//1377 1339//1339 1348//1348
f 1377//1377 1368//1368 1371//1371
f 1377//1377 1362//1362 1368//1368
f 1377//1377 1348//1348 1362//1362
f 1377//1377 1380//1380 1402//1402
f 1377//1377 1407//1407 1410//1410
f 1377//1377 1402//1402 1407//1407
f 1377//1377 1410//1410 1339//1339
f 1521//1521 1299//1299 1300//1300
f 1521//1521 1300//1300 1522//1522
f 1518//1518 1522//1522 1526//1526
f 1518//1518 1521//1521 1522//1522
f 1517//1517 1526//1526 1527//1527
f 1517//1517 1518//1518 1526//1526
f 1515//1515 1527//1527 1530//1530
f 1515//1515 1517//1517 1527//1527
f 1513//1513 1530//1530 1532//1532
f 1513//1513 1515//1515 1530//1530
f 1509//1509 1533//1533 1535//1535
f 1509//1509 1532//1532 1533//1533
f 1509//1509 1513//1513 1532//1532
f 1507//1507 1509//1509 1535//1535
f 1503//1503 1538//1538 1540//1540
f 1503//1503 1535//1535 1538//1538
f 1503//1503 1507//1507 1535//1535
f 1501//1501 1503//1503 1540//1540
f 1497//1497 1540//1540 1543//1543
f 1497//1497 1501//1501 1540//1540
f 1492//1492 1543//1543 1545//1545
f 1492//1492 1497//1497 1543//1543
f 1488//1488 1545//1545 1547//1547
f 1488//1488 1492//1492 1545//1545
f 1487//1487 1550//1550 1551//1551
f 1487//1487 1547//1547 1550//1550
f 1487//1487 1488//1488 1547//1547
f 1491//1491 1487//1487 1551//1551
f 1496//1496 1553//1553 1556//1556
f 1496//1496 1551//1551 1553//1553
f 1496//1496 1491//1491 1551//1551
f 1499//1499 1496//1496 1556//1556
f 1230//1230 1556//1556 1223//1223
f 1230//1230 1499//1499 1556//1556
f 1218//1218 1215//1215 1559//1559
f 1564//1564 1218//1218 1559//1559
f 1566//1566 1569//1569 1575//1575
f 1566//1566 1559//1559 1569//1569
f 1566//1566 1564//1564 1559//1559
f 1577//1577 1566//1566 1575//1575
f 1578//1578 1575//1575 1580//1580
f 1578//1578 1577//1577 1575//1575
f 1582//1582 1580//1580 1586//1586
f 1582//1582 1578//1578 1580//1580
f 1587//1587 1586//1586 1591//1591
f 1587//1587 1582//1582 1586//1586
f 1596//1596 1591//1591 1600//1600
f 1596//1596 1587//1587 1591//1591
f 1601//1601 1600//1600 1604//1604
f 1601//1601 1596//1596 1600//1600
f 1606//1606 1608//1608 1612//1612
f 1606//1606 1604//1604 1608//1608
f 1606//1606 1601//1601 1604//1604
f 1615//1615 1606//1606 1612//1612
f 1618//1618 1612//1612 1621//1621
f 1618//1618 1615//1615 1612//1612
f 1625//1625 1621//1621 1631//1631
f 1625//1625 1618//1618 1621//1621
f 1635//1635 1631//1631 1637//1637
f 1635//1635 1625//1625 1631//1631
f 1639//1639 1637//1637 1641//1641
f 1639//1639 1635//1635 1637//1637
f 1643//1643 1639//1639 1641//1641
f 1643//1643 1645//1645 1649//1649
f 1643//1643 1641//1641 1645//1645
f 1654//1654 1643//1643 1649//1649
f 1657//1657 1659//1659 1114//1114
f 1657//1657 1649//1649 1659//1659
f 1657//1657 1654//1654 1649//1649
f 1118//1118 1657//1657 1114//1114
f 1633//1633 1640//1640 1636//1636
f 1653//1653 1646//1646 1640//1640
f 1648//1648 1642//1642 1629//1629
f 1117//1117 1113//1113 1662//1662
f 1599//1599 1614//1614 1610//1610
f 1598//1598 1609//1609 1603//1603
f 1125//1125 1661//1661 1647//1647
f 1128//1128 1116//1116 1660//1660
f 1593//1593 1633//1633 1622//1622
f 1592//1592 1623//1623 1613//1613
f 1594//1594 1611//1611 1597//1597
f 1137//1137 1131//1131 1124//1124
f 1136//1136 1126//1126 1650//1650
f 1573//1573 1590//1590 1585//1585
f 1572//1572 1584//1584 1581//1581
f 1147//1147 1141//1141 1137//1137
f 1571//1571 1633//1633 1593//1593
f 1568//1568 1589//1589 1574//1574
f 1212//1212 1558//1558 1213//1213
f 1173//1173 1166//1166 1162//1162
f 1172//1172 1160//1160 1157//1157
f 1169//1169 1155//1155 1148//1148
f 1169//1169 1148//1148 1147//1147
f 1174//1174 1651//1651 1630//1630
f 1175//1175 1135//1135 1652//1652
f 1169//1169 1147//1147 1137//1137
f 1192//1192 1570//1570 1561//1561
f 1193//1193 1210//1210 1203//1203
f 1189//1189 1204//1204 1198//1198
f 1195//1195 1627//1627 1567//1567
f 1190//1190 1560//1560 1209//1209
f 1182//1182 1632//1632 1191//1191
f 1181//1181 1179//1179 1176//1176
f 1183//1183 1170//1170 1628//1628
f 1549//1549 1634//1634 1638//1638
f 1548//1548 1626//1626 1634//1634
f 1548//1548 1634//1634 1549//1549
f 1552//1552 1638//1638 1644//1644
f 1552//1552 1549//1549 1638//1638
f 1546//1546 1620//1620 1624//1624
f 1544//1544 1626//1626 1548//1548
f 1554//1554 1644//1644 1655//1655
f 1554//1554 1552//1552 1644//1644
f 1542//1542 1617//1617 1619//1619
f 1542//1542 1619//1619 1544//1544
f 1557//1557 1655//1655 1656//1656
f 1557//1557 1554//1554 1655//1655
f 1541//1541 1607//1607 1616//1616
f 1539//1539 1617//1617 1542//1542
f 1221//1221 1555//1555 1658//1658
f 1224//1224 1656//1656 1120//1120
f 1537//1537 1605//1605 1539//1539
f 1602//1602 1605//1605 1537//1537
f 1111//1111 1224//1224 1120//1120
f 1226//1226 1224//1224 1111//1111
f 1536//1536 1602//1602 1537//1537
f 1595//1595 1602//1602 1536//1536
f 1123//1123 1227//1227 1109//1109
f 1234//1234 1226//1226 1122//1122
f 1534//1534 1595//1595 1536//1536
f 1588//1588 1595//1595 1534//1534
f 1129//1129 1234//1234 1122//1122
f 1235//1235 1234//1234 1129//1129
f 1531//1531 1588//1588 1534//1534
f 1583//1583 1588//1588 1531//1531
f 1133//1133 1235//1235 1129//1129
f 1244//1244 1235//1235 1133//1133
f 1529//1529 1583//1583 1531//1531
f 1579//1579 1583//1583 1529//1529
f 1139//1139 1244//1244 1133//1133
f 1247//1247 1244//1244 1139//1139
f 1528//1528 1579//1579 1529//1529
f 1576//1576 1579//1579 1528//1528
f 1143//1143 1247//1247 1139//1139
f 1251//1251 1247//1247 1143//1143
f 1525//1525 1576//1576 1528//1528
f 1565//1565 1576//1576 1525//1525
f 1152//1152 1252//1252 1145//1145
f 1257//1257 1251//1251 1150//1150
f 1524//1524 1565//1565 1525//1525
f 1562//1562 1565//1565 1524//1524
f 1153//1153 1257//1257 1150//1150
f 1261//1261 1257//1257 1153//1153
f 1301//1301 1563//1563 1523//1523
f 1159//1159 1265//1265 1261//1261
f 1159//1159 1261//1261 1153//1153
f 1217//1217 1562//1562 1303//1303
f 1164//1164 1269//1269 1265//1265
f 1164//1164 1265//1265 1159//1159
f 1208//1208 1303//1303 1294//1294
f 1208//1208 1217//1217 1303//1303
f 1168//1168 1270//1270 1269//1269
f 1168//1168 1269//1269 1164//1164
f 1202//1202 1294//1294 1291//1291
f 1200//1200 1206//1206 1292//1292
f 1177//1177 1275//1275 1270//1270
f 1177//1177 1270//1270 1168//1168
f 1196//1196 1291//1291 1287//1287
f 1196//1196 1202//1202 1291//1291
f 1188//1188 1196//1196 1287//1287
f 1188//1188 1287//1287 1283//1283
f 1185//1185 1188//1188 1283//1283
f 1185//1185 1283//1283 1275//1275
f 1185//1185 1275//1275 1177//1177
f 1665//1665 1667//1667 1669//1669
f 1665//1665 1672//1672 1667//1667
f 1676//1676 1669//1669 1681//1681
f 1676//1676 1665//1665 1669//1669
f 1683//1683 1681//1681 1686//1686
f 1683//1683 1676//1676 1681//1681
f 1687//1687 1686//1686 1692//1692
f 1687//1687 1683//1683 1686//1686
f 1693//1693 1692//1692 1695//1695
f 1693//1693 1687//1687 1692//1692
f 1698//1698 1700//1700 1702//1702
f 1698//1698 1695//1695 1700//1700
f 1698//1698 1693//1693 1695//1695
f 1706//1706 1698//1698 1702//1702
f 1708//1708 1702//1702 1711//1711
f 1708//1708 1706//1706 1702//1702
f 1713//1713 1711//1711 1716//1716
f 1713//1713 1708//1708 1711//1711
f 1718//1718 1716//1716 1720//1720
f 1718//1718 1713//1713 1716//1716
f 1721//1721 1720//1720 1723//1723
f 1721//1721 1718//1718 1720//1720
f 1731//1731 1733//1733 1735//1735
f 1731//1731 1723//1723 1733//1733
f 1731//1731 1721//1721 1723//1723
f 1740//1740 1731//1731 1735//1735
f 1742//1742 1735//1735 1749//1749
f 1742//1742 1740//1740 1735//1735
f 1751//1751 1742//1742 1749//1749
f 1751//1751 1749//1749 1752//1752
f 1756//1756 1751//1751 1752//1752
f 1756//1756 1752//1752 1758//1758
f 1762//1762 1763//1763 1767//1767
f 1762//1762 1758//1758 1763//1763
f 1762//1762 1756//1756 1758//1758
f 1770//1770 1762//1762 1767//1767
f 1773//1773 1775//1775 1781//1781
f 1773//1773 1783//1783 1775//1775
f 1785//1785 1788//1788 1789//1789
f 1785//1785 1781//1781 1788//1788
f 1785//1785 1773//1773 1781//1781
f 1792//1792 1785//1785 1789//1789
f 1795//1795 1789//1789 1797//1797
f 1795//1795 1792//1792 1789//1789
f 1799//1799 1797//1797 1801//1801
f 1799//1799 1795//1795 1797//1797
f 1804//1804 1801//1801 1807//1807
f 1804//1804 1799//1799 1801//1801
f 1808//1808 1807//1807 1811//1811
f 1808//1808 1804//1804 1807//1807
f 1813//1813 1811//1811 1814//1814
f 1813//1813 1808//1808 1811//1811
f 1816//1816 1814//1814 1818//1818
f 1816//1816 1813//1813 1814//1814
f 1820//1820 1823//1823 1825//1825
f 1820//1820 1818//1818 1823//1823
f 1820//1820 1816//1816 1818//1818
f 1826//1826 1825//1825 1829//1829
f 1826//1826 1820//1820 1825//1825
f 1832//1832 1826//1826 1829//1829
f 1835//1835 1829//1829 1837//1837
f 1835//1835 1832//1832 1829//1829
f 1839//1839 1837//1837 1840//1840
f 1839//1839 1835//1835 1837//1837
f 1842//1842 1844//1844 1846//1846
f 1842//1842 1840//1840 1844//1844
f 1842//1842 1839//1839 1840//1840
f 1850//1850 1842//1842 1846//1846
f 1852//1852 1846//1846 1857//1857
f 1852//1852 1850//1850 1846//1846
f 1859//1859 1862//1862 1863//1863
f 1859//1859 1867//1867 1862//1862
f 1868//1868 1863//1863 1870//1870
f 1868//1868 1859//1859 1863//1863
f 1872//1872 1874//1874 1878//1878
f 1872//1872 1870//1870 1874//1874
f 1872//1872 1868//1868 1870//1870
f 1880//1880 1878//1878 1882//1882
f 1880//1880 1872//1872 1878//1878
f 1884//1884 1880//1880 1882//1882
f 1886//1886 1882//1882 1887//1887
f 1886//1886 1884//1884 1882//1882
f 1890//1890 1887//1887 1892//1892
f 1890//1890 1886//1886 1887//1887
f 1893//1893 1892//1892 1896//1896
f 1893//1893 1890//1890 1892//1892
f 1897//1897 1896//1896 1899//1899
f 1897//1897 1893//1893 1896//1896
f 1902//1902 1904//1904 1905//1905
f 1902//1902 1899//1899 1904//1904
f 1902//1902 1897//1897 1899//1899
f 1908//1908 1902//1902 1905//1905
f 1909//1909 1912//1912 1913//1913
f 1909//1909 1905//1905 1912//1912
f 1909//1909 1908//1908 1905//1905
f 1916//1916 1913//1913 1920//1920
f 1916//1916 1909//1909 1913//1913
f 1923//1923 1916//1916 1920//1920
f 1924//1924 1923//1923 1920//1920
f 1924//1924 1927//1927 1929//1929
f 1924//1924 1920//1920 1927//1927
f 1932//1932 1924//1924 1929//1929
f 1933//1933 1929//1929 1935//1935
f 1933//1933 1932//1932 1929//1929
f 1937//1937 1939//1939 1942//1942
f 1937//1937 1935//1935 1939//1939
f 1937//1937 1933//1933 1935//1935
f 1943//1943 1942//1942 1946//1946
f 1943//1943 1937//1937 1942//1942
f 1948//1948 1943//1943 1946//1946
f 1951//1951 1946//1946 1952//1952
f 1951//1951 1948//1948 1946//1946
f 1956//1956 1950//1950 1954//1954
f 1956//1956 1957//1957 1959//1959
f 1956//1956 1954//1954 1957//1957
f 1961//1961 1956//1956 1959//1959
f 1964//1964 1966//1966 1967//1967
f 1964//1964 1959//1959 1966//1966
f 1964//1964 1961//1961 1959//1959
f 1970//1970 1964//1964 1967//1967
f 1972//1972 1967//1967 1974//1974
f 1972//1972 1970//1970 1967//1967
f 1976//1976 1974//1974 1978//1978
f 1976//1976 1972//1972 1974//1974
f 1979//1979 1978//1978 1981//1981
f 1979//1979 1976//1976 1978//1978
f 1985//1985 1981//1981 1987//1987
f 1985//1985 1979//1979 1981//1981
f 1991//1991 1993//1993 1995//1995
f 1991//1991 1987//1987 1993//1993
f 1991//1991 1985//1985 1987//1987
f 1996//1996 1995//1995 1999//1999
f 1996//1996 1991//1991 1995//1995
f 2000//2000 1999//1999 2002//2002
f 2000//2000 1996//1996 1999//1999
f 2004//2004 2002//2002 2006//2006
f 2004//2004 2000//2000 2002//2002
f 2010//2010 2004//2004 2006//2006
f 2011//2011 2010//2010 2006//2006
f 2011//2011 2006//2006 2014//2014
f 2016//2016 2018//2018 2021//2021
f 2016//2016 2014//2014 2018//2018
f 2016//2016 2011//2011 2014//2014
f 2022//2022 2016//2016 2021//2021
f 2025//2025 2021//2021 2027//2027
f 2025//2025 2022//2022 2021//2021
f 2029//2029 2031//2031 2033//2033
f 2029//2029 2027//2027 2031//2031
f 2029//2029 2025//2025 2027//2027
f 2034//2034 2029//2029 2033//2033
f 2036//2036 2033//2033 2038//2038
f 2036//2036 2034//2034 2033//2033
f 1866//1866 2038//2038 1861//1861
f 1866//1866 2036//2036 2038//2038
f 2040//2040 2026//2026 2020//2020
f 2040//2040 2020//2020 2019//2019
f 2042//2042 2019//2019 2015//2015
f 2042//2042 2040//2040 2019//2019
f 2044//2044 2030//2030 2026//2026
f 2044//2044 2026//2026 2040//2040
f 2047//2047 2042//2042 2015//2015
f 2046//2046 2013//2013 2008//2008
f 2050//2050 2032//2032 2030//2030
f 2050//2050 2030//2030 2044//2044
f 2052//2052 2007//2007 2003//2003
f 2052//2052 2047//2047 2007//2007
f 2053//2053 2032//2032 2050//2050
f 2053//2053 2039//2039 2032//2032
f 2055//2055 2003//2003 1998//1998
f 2055//2055 1998//1998 1994//1994
f 2055//2055 2052//2052 2003//2003
f 1784//1784 1860//1860 2039//2039
f 1784//1784 2039//2039 2053//2053
f 1784//1784 1864//1864 1860//1860
f 2058//2058 1994//1994 1992//1992
f 2058//2058 2055//2055 1994//1994
f 1774//1774 1864//1864 1784//1784
f 1774//1774 1871//1871 1864//1864
f 2061//2061 1992//1992 1986//1986
f 2061//2061 2058//2058 1992//1992
f 1786//1786 1871//1871 1774//1774
f 1786//1786 1875//1875 1871//1871
f 2064//2064 1989//1989 1983//1983
f 2062//2062 2059//2059 1988//1988
f 1793//1793 1875//1875 1786//1786
f 1793//1793 1877//1877 1875//1875
f 2067//2067 1982//1982 1977//1977
f 2067//2067 2063//2063 1982//1982
f 1794//1794 1881//1881 1877//1877
f 1796//1796 1876//1876 1791//1791
f 2069//2069 2067//2067 1977//1977
f 1973//1973 2069//2069 1977//1977
f 1888//1888 1881//1881 1794//1794
f 1888//1888 1794//1794 1800//1800
f 1968//1968 2069//2069 1973//1973
f 1968//1968 2070//2070 2069//2069
f 1891//1891 1888//1888 1800//1800
f 1891//1891 1800//1800 1803//1803
f 1965//1965 2072//2072 2070//2070
f 1965//1965 2070//2070 1968//1968
f 1895//1895 1803//1803 1809//1809
f 1895//1895 1891//1891 1803//1803
f 1960//1960 2075//2075 2072//2072
f 1960//1960 2072//2072 1965//1965
f 1900//1900 1809//1809 1812//1812
f 1900//1900 1895//1895 1809//1809
f 1958//1958 1853//1853 2075//2075
f 1958//1958 2075//2075 1960//1960
f 1903//1903 1900//1900 1812//1812
f 1953//1953 1853//1853 1958//1958
f 1906//1906 1903//1903 1812//1812
f 1906//1906 1812//1812 1817//1817
f 1945//1945 1849//1849 1853//1853
f 1945//1945 1853//1853 1953//1953
f 1911//1911 1906//1906 1817//1817
f 1911//1911 1817//1817 1821//1821
f 1941//1941 1849//1849 1945//1945
f 1941//1941 1843//1843 1849//1849
f 1914//1914 1911//1911 1821//1821
f 1914//1914 1821//1821 1827//1827
f 1940//1940 1843//1843 1941//1941
f 1940//1940 1838//1838 1843//1843
f 1918//1918 1915//1915 1828//1828
f 1921//1921 1827//1827 1831//1831
f 1936//1936 1838//1838 1940//1940
f 1936//1936 1834//1834 1838//1838
f 1928//1928 1919//1919 1833//1833
f 1926//1926 1831//1831 1834//1834
f 1930//1930 1834//1834 1936//1936
f 1930//1930 1926//1926 1834//1834
f 2037//2037 2028//2028 2035//2035
f 1858//1858 2037//2037 1865//1865
f 1858//1858 2024//2024 2028//2028
f 1858//1858 2023//2023 2024//2024
f 1858//1858 2028//2028 2037//2037
f 1990//1990 2009//2009 2012//2012
f 1990//1990 2005//2005 2009//2009
f 1990//1990 2001//2001 2005//2005
f 1990//1990 1997//1997 2001//2001
f 1873//1873 1858//1858 1869//1869
f 1883//1883 1873//1873 1879//1879
f 1883//1883 2017//2017 2023//2023
f 1883//1883 2023//2023 1858//1858
f 1883//1883 1858//1858 1873//1873
f 1971//1971 1984//1984 1990//1990
f 1971//1971 1980//1980 1984//1984
f 1971//1971 1975//1975 1980//1980
f 1889//1889 1883//1883 1885//1885
f 1963//1963 1969//1969 1971//1971
f 1963//1963 1990//1990 2012//2012
f 1963//1963 1971//1971 1990//1990
f 1894//1894 2012//2012 2017//2017
f 1894//1894 2017//2017 1883//1883
f 1894//1894 1883//1883 1889//1889
f 1894//1894 1963//1963 2012//2012
f 1901//1901 1894//1894 1898//1898
f 1910//1910 1901//1901 1907//1907
f 1917//1917 1901//1901 1910//1910
f 1934//1934 1947//1947 1949//1949
f 1934//1934 1944//1944 1947//1947
f 1934//1934 1938//1938 1944//1944
f 1934//1934 1949//1949 1955//1955
f 1931//1931 1894//1894 1901//1901
f 1931//1931 1922//1922 1925//1925
f 1931//1931 1917//1917 1922//1922
f 1931//1931 1901//1901 1917//1917
f 1931//1931 1934//1934 1955//1955
f 1931//1931 1962//1962 1963//1963
f 1931//1931 1955//1955 1962//1962
f 1931//1931 1963//1963 1894//1894
f 2074//2074 1851//1851 1854//1854
f 2074//2074 1854//1854 2076//2076
f 2073//2073 2076//2076 2080//2080
f 2073//2073 2074//2074 2076//2076
f 2071//2071 2080//2080 2081//2081
f 2071//2071 2073//2073 2080//2080
f 2068//2068 2081//2081 2084//2084
f 2068//2068 2071//2071 2081//2081
f 2066//2066 2084//2084 2086//2086
f 2066//2066 2068//2068 2084//2084
f 2065//2065 2087//2087 2089//2089
f 2065//2065 2086//2086 2087//2087
f 2065//2065 2066//2066 2086//2086
f 2060//2060 2065//2065 2089//2089
f 2057//2057 2091//2091 2094//2094
f 2057//2057 2089//2089 2091//2091
f 2057//2057 2060//2060 2089//2089
f 2056//2056 2057//2057 2094//2094
f 2051//2051 2094//2094 2097//2097
f 2051//2051 2056//2056 2094//2094
f 2048//2048 2097//2097 2099//2099
f 2048//2048 2051//2051 2097//2097
f 2043//2043 2099//2099 2102//2102
f 2043//2043 2048//2048 2099//2099
f 2041//2041 2103//2103 2105//2105
f 2041//2041 2102//2102 2103//2103
f 2041//2041 2043//2043 2102//2102
f 2045//2045 2041//2041 2105//2105
f 2049//2049 2107//2107 2109//2109
f 2049//2049 2105//2105 2107//2107
f 2049//2049 2045//2045 2105//2105
f 2054//2054 2049//2049 2109//2109
f 1782//1782 2109//2109 1778//1778
f 1782//1782 2054//2054 2109//2109
f 1771//1771 1768//1768 2113//2113
f 2117//2117 1771//1771 2113//2113
f 2119//2119 2125//2125 2128//2128
f 2119//2119 2113//2113 2125//2125
f 2119//2119 2117//2117 2113//2113
f 2130//2130 2119//2119 2128//2128
f 2133//2133 2128//2128 2134//2134
f 2133//2133 2130//2130 2128//2128
f 2137//2137 2134//2134 2139//2139
f 2137//2137 2133//2133 2134//2134
f 2141//2141 2139//2139 2143//2143
f 2141//2141 2137//2137 2139//2139
f 2149//2149 2143//2143 2151//2151
f 2149//2149 2141//2141 2143//2143
f 2155//2155 2151//2151 2157//2157
f 2155//2155 2149//2149 2151//2151
f 2161//2161 2162//2162 2168//2168
f 2161//2161 2157//2157 2162//2162
f 2161//2161 2155//2155 2157//2157
f 2169//2169 2161//2161 2168//2168
f 2172//2172 2168//2168 2177//2177
f 2172//2172 2169//2169 2168//2168
f 2180//2180 2177//2177 2186//2186
f 2180//2180 2172//2172 2177//2177
f 2189//2189 2186//2186 2191//2191
f 2189//2189 2180//2180 2186//2186
f 2192//2192 2191//2191 2195//2195
f 2192//2192 2189//2189 2191//2191
f 2198//2198 2192//2192 2195//2195
f 2198//2198 2200//2200 2207//2207
f 2198//2198 2195//2195 2200//2200
f 2209//2209 2198//2198 2207//2207
f 2210//2210 2214//2214 1668//1668
f 2210//2210 2207//2207 2214//2214
f 2210//2210 2209//2209 2207//2207
f 1673//1673 2210//2210 1668//1668
f 2185//2185 2196//2196 2190//2190
f 2205//2205 2199//2199 2196//2196
f 2202//2202 2194//2194 2187//2187
f 1671//1671 1666//1666 2215//2215
f 2153//2153 2166//2166 2163//2163
f 2154//2154 2164//2164 2158//2158
f 1682//1682 2216//2216 2201//2201
f 1678//1678 1670//1670 2213//2213
f 2146//2146 2185//2185 2175//2175
f 2148//2148 2176//2176 2167//2167
f 2145//2145 2165//2165 2152//2152
f 1689//1689 1685//1685 1680//1680
f 1691//1691 1679//1679 2206//2206
f 2126//2126 2147//2147 2140//2140
f 2129//2129 2138//2138 2135//2135
f 1701//1701 1696//1696 1689//1689
f 2123//2123 2185//2185 2146//2146
f 2124//2124 2144//2144 2127//2127
f 1764//1764 2114//2114 1769//1769
f 1730//1730 1719//1719 1715//1715
f 1728//1728 1714//1714 1709//1709
f 1725//1725 1710//1710 1703//1703
f 1725//1725 1703//1703 1701//1701
f 1727//1727 2203//2203 2184//2184
f 1724//1724 1690//1690 2204//2204
f 1725//1725 1701//1701 1689//1689
f 1746//1746 2121//2121 2115//2115
f 1745//1745 1765//1765 1757//1757
f 1744//1744 1759//1759 1753//1753
f 1747//1747 2181//2181 2122//2122
f 1748//1748 2112//2112 1766//1766
f 1736//1736 2182//2182 1743//1743
f 1737//1737 1734//1734 1729//1729
f 1738//1738 1726//1726 2183//2183
f 2104//2104 2188//2188 2193//2193
f 2101//2101 2179//2179 2188//2188
f 2101//2101 2188//2188 2104//2104
f 2106//2106 2193//2193 2197//2197
f 2106//2106 2104//2104 2193//2193
f 2100//2100 2173//2173 2178//2178
f 2098//2098 2179//2179 2101//2101
f 2108//2108 2197//2197 2208//2208
f 2108//2108 2106//2106 2197//2197
f 2096//2096 2170//2170 2174//2174
f 2096//2096 2174//2174 2098//2098
f 2111//2111 2208//2208 2212//2212
f 2111//2111 2108//2108 2208//2208
f 2093//2093 2160//2160 2171//2171
f 2095//2095 2170//2170 2096//2096
f 1777//1777 2110//2110 2211//2211
f 1776//1776 2212//2212 1674//1674
f 2092//2092 2159//2159 2095//2095
f 2156//2156 2159//2159 2092//2092
f 1664//1664 1776//1776 1674//1674
f 1780//1780 1776//1776 1664//1664
f 2090//2090 2156//2156 2092//2092
f 2150//2150 2156//2156 2090//2090
f 1675//1675 1779//1779 1663//1663
f 1787//1787 1780//1780 1677//1677
f 2088//2088 2150//2150 2090//2090
f 2142//2142 2150//2150 2088//2088
f 1684//1684 1787//1787 1677//1677
f 1790//1790 1787//1787 1684//1684
f 2085//2085 2142//2142 2088//2088
f 2136//2136 2142//2142 2085//2085
f 1688//1688 1790//1790 1684//1684
f 1798//1798 1790//1790 1688//1688
f 2083//2083 2136//2136 2085//2085
f 2132//2132 2136//2136 2083//2083
f 1694//1694 1798//1798 1688//1688
f 1802//1802 1798//1798 1694//1694
f 2082//2082 2132//2132 2083//2083
f 2131//2131 2132//2132 2082//2082
f 1699//1699 1802//1802 1694//1694
f 1806//1806 1802//1802 1699//1699
f 2079//2079 2131//2131 2082//2082
f 2120//2120 2131//2131 2079//2079
f 1705//1705 1805//1805 1697//1697
f 1810//1810 1806//1806 1704//1704
f 2077//2077 2120//2120 2079//2079
f 2116//2116 2120//2120 2077//2077
f 1707//1707 1810//1810 1704//1704
f 1815//1815 1810//1810 1707//1707
f 1856//1856 2118//2118 2078//2078
f 1712//1712 1819//1819 1815//1815
f 1712//1712 1815//1815 1707//1707
f 1772//1772 2116//2116 1855//1855
f 1717//1717 1822//1822 1819//1819
f 1717//1717 1819//1819 1712//1712
f 1761//1761 1855//1855 1848//1848
f 1761//1761 1772//1772 1855//1855
f 1722//1722 1824//1824 1822//1822
f 1722//1722 1822//1822 1717//1717
f 1755//1755 1848//1848 1845//1845
f 1754//1754 1760//1760 1847//1847
f 1732//1732 1830//1830 1824//1824
f 1732//1732 1824//1824 1722//1722
f 1750//1750 1845//1845 1841//1841
f 1750//1750 1755//1755 1845//1845
f 1741//1741 1750//1750 1841//1841
f 1741//1741 1841//1841 1836//1836
f 1739//1739 1741//1741 1836//1836
f 1739//1739 1836//1836 1830//1830
f 1739//1739 1830//1830 1732//1732
f 2218//2218 2222//2222 2225//2225
f 2218//2218 2227//2227 2222//2222
f 2231//2231 2225//2225 2232//2232
f 2231//2231 2218//2218 2225//2225
f 2238//2238 2232//2232 2239//2239
f 2238//2238 2231//2231 2232//2232
f 2241//2241 2239//2239 2243//2243
f 2241//2241 2238//2238 2239//2239
f 2247//2247 2243//2243 2249//2249
f 2247//2247 2241//2241 2243//2243
f 2252//2252 2255//2255 2256//2256
f 2252//2252 2249//2249 2255//2255
f 2252//2252 2247//2247 2249//2249
f 2259//2259 2252//2252 2256//2256
f 2262//2262 2256//2256 2265//2265
f 2262//2262 2259//2259 2256//2256
f 2267//2267 2265//2265 2270//2270
f 2267//2267 2262//2262 2265//2265
f 2272//2272 2270//2270 2273//2273
f 2272//2272 2267//2267 2270//2270
f 2275//2275 2273//2273 2278//2278
f 2275//2275 2272//2272 2273//2273
f 2285//2285 2287//2287 2290//2290
f 2285//2285 2278//2278 2287//2287
f 2285//2285 2275//2275 2278//2278
f 2294//2294 2285//2285 2290//2290
f 2295//2295 2290//2290 2299//2299
f 2295//2295 2294//2294 2290//2290
f 2304//2304 2295//2295 2299//2299
f 2304//2304 2299//2299 2306//2306
f 2309//2309 2304//2304 2306//2306
f 2309//2309 2306//2306 2313//2313
f 2316//2316 2319//2319 2322//2322
f 2316//2316 2313//2313 2319//2319
f 2316//2316 2309//2309 2313//2313
f 2324//2324 2316//2316 2322//2322
f 2328//2328 2330//2330 2333//2333
f 2328//2328 2337//2337 2330//2330
f 2340//2340 2341//2341 2344//2344
f 2340//2340 2333//2333 2341//2341
f 2340//2340 2328//2328 2333//2333
f 2346//2346 2340//2340 2344//2344
f 2348//2348 2344//2344 2351//2351
f 2348//2348 2346//2346 2344//2344
f 2353//2353 2351//2351 2356//2356
f 2353//2353 2348//2348 2351//2351
f 2358//2358 2356//2356 2361//2361
f 2358//2358 2353//2353 2356//2356
f 2362//2362 2361//2361 2364//2364
f 2362//2362 2358//2358 2361//2361
f 2366//2366 2364//2364 2368//2368
f 2366//2366 2362//2362 2364//2364
f 2371//2371 2368//2368 2373//2373
f 2371//2371 2366//2366 2368//2368
f 2374//2374 2377//2377 2379//2379
f 2374//2374 2373//2373 2377//2377
f 2374//2374 2371//2371 2373//2373
f 2381//2381 2379//2379 2383//2383
f 2381//2381 2374//2374 2379//2379
f 2385//2385 2381//2381 2383//2383
f 2389//2389 2383//2383 2391//2391
f 2389//2389 2385//2385 2383//2383
f 2393//2393 2391//2391 2395//2395
f 2393//2393 2389//2389 2391//2391
f 2396//2396 2399//2399 2401//2401
f 2396//2396 2395//2395 2399//2399
f 2396//2396 2393//2393 2395//2395
f 2404//2404 2396//2396 2401//2401
f 2407//2407 2401//2401 2410//2410
f 2407//2407 2404//2404 2401//2401
f 2412//2412 2416//2416 2417//2417
f 2412//2412 2420//2420 2416//2416
f 2423//2423 2417//2417 2424//2424
f 2423//2423 2412//2412 2417//2417
f 2427//2427 2428//2428 2432//2432
f 2427//2427 2424//2424 2428//2428
f 2427//2427 2423//2423 2424//2424
f 2433//2433 2432//2432 2436//2436
f 2433//2433 2427//2427 2432//2432
f 2438//2438 2433//2433 2436//2436
f 2440//2440 2436//2436 2442//2442
f 2440//2440 2438//2438 2436//2436
f 2444//2444 2442//2442 2446//2446
f 2444//2444 2440//2440 2442//2442
f 2448//2448 2446//2446 2449//2449
f 2448//2448 2444//2444 2446//2446
f 2452//2452 2449//2449 2454//2454
f 2452//2452 2448//2448 2449//2449
f 2455//2455 2458//2458 2460//2460
f 2455//2455 2454//2454 2458//2458
f 2455//2455 2452//2452 2454//2454
f 2462//2462 2455//2455 2460//2460
f 2463//2463 2466//2466 2468//2468
f 2463//2463 2460//2460 2466//2466
f 2463//2463 2462//2462 2460//2460
f 2471//2471 2468//2468 2473//2473
f 2471//2471 2463//2463 2468//2468
f 2476//2476 2471//2471 2473//2473
f 2478//2478 2476//2476 2473//2473
f 2478//2478 2482//2482 2484//2484
f 2478//2478 2473//2473 2482//2482
f 2486//2486 2478//2478 2484//2484
f 2488//2488 2484//2484 2489//2489
f 2488//2488 2486//2486 2484//2484
f 2491//2491 2494//2494 2496//2496
f 2491//2491 2489//2489 2494//2494
f 2491//2491 2488//2488 2489//2489
f 2497//2497 2496//2496 2499//2499
f 2497//2497 2491//2491 2496//2496
f 2501//2501 2497//2497 2499//2499
f 2504//2504 2499//2499 2508//2508
f 2504//2504 2501//2501 2499//2499
f 2509//2509 2505//2505 2506//2506
f 2509//2509 2511//2511 2514//2514
f 2509//2509 2506//2506 2511//2511
f 2516//2516 2509//2509 2514//2514
f 2518//2518 2520//2520 2522//2522
f 2518//2518 2514//2514 2520//2520
f 2518//2518 2516//2516 2514//2514
f 2523//2523 2518//2518 2522//2522
f 2526//2526 2522//2522 2528//2528
f 2526//2526 2523//2523 2522//2522
f 2530//2530 2528//2528 2532//2532
f 2530//2530 2526//2526 2528//2528
f 2534//2534 2532//2532 2535//2535
f 2534//2534 2530//2530 2532//2532
f 2539//2539 2535//2535 2543//2543
f 2539//2539 2534//2534 2535//2535
f 2544//2544 2547//2547 2549//2549
f 2544//2544 2543//2543 2547//2547
f 2544//2544 2539//2539 2543//2543
f 2551//2551 2549//2549 2553//2553
f 2551//2551 2544//2544 2549//2549
f 2555//2555 2553//2553 2556//2556
f 2555//2555 2551//2551 2553//2553
f 2559//2559 2556//2556 2560//2560
f 2559//2559 2555//2555 2556//2556
f 2563//2563 2559//2559 2560//2560
f 2565//2565 2563//2563 2560//2560
f 2565//2565 2560//2560 2568//2568
f 2570//2570 2573//2573 2574//2574
f 2570//2570 2568//2568 2573//2573
f 2570//2570 2565//2565 2568//2568
f 2576//2576 2570//2570 2574//2574
f 2579//2579 2574//2574 2581//2581
f 2579//2579 2576//2576 2574//2574
f 2582//2582 2585//2585 2586//2586
f 2582//2582 2581//2581 2585//2585
f 2582//2582 2579//2579 2581//2581
f 2589//2589 2582//2582 2586//2586
f 2590//2590 2586//2586 2593//2593
f 2590//2590 2589//2589 2586//2586
f 2419//2419 2593//2593 2415//2415
f 2419//2419 2590//2590 2593//2593
f 2594//2594 2580//2580 2575//2575
f 2594//2594 2575//2575 2572//2572
f 2596//2596 2572//2572 2569//2569
f 2596//2596 2594//2594 2572//2572
f 2599//2599 2584//2584 2580//2580
f 2599//2599 2580//2580 2594//2594
f 2601//2601 2596//2596 2569//2569
f 2602//2602 2567//2567 2561//2561
f 2604//2604 2587//2587 2584//2584
f 2604//2604 2584//2584 2599//2599
f 2605//2605 2562//2562 2557//2557
f 2605//2605 2601//2601 2562//2562
f 2608//2608 2587//2587 2604//2604
f 2608//2608 2592//2592 2587//2587
f 2609//2609 2557//2557 2552//2552
f 2609//2609 2552//2552 2548//2548
f 2609//2609 2605//2605 2557//2557
f 2336//2336 2414//2414 2592//2592
f 2336//2336 2592//2592 2608//2608
f 2336//2336 2418//2418 2414//2414
f 2611//2611 2548//2548 2546//2546
f 2611//2611 2609//2609 2548//2548
f 2327//2327 2418//2418 2336//2336
f 2327//2327 2425//2425 2418//2418
f 2615//2615 2546//2546 2540//2540
f 2615//2615 2611//2611 2546//2546
f 2339//2339 2425//2425 2327//2327
f 2339//2339 2429//2429 2425//2425
f 2616//2616 2541//2541 2537//2537
f 2619//2619 2613//2613 2542//2542
f 2347//2347 2429//2429 2339//2339
f 2347//2347 2431//2431 2429//2429
f 2620//2620 2536//2536 2531//2531
f 2620//2620 2618//2618 2536//2536
f 2349//2349 2435//2435 2431//2431
f 2350//2350 2430//2430 2345//2345
f 2623//2623 2620//2620 2531//2531
f 2527//2527 2623//2623 2531//2531
f 2441//2441 2435//2435 2349//2349
f 2441//2441 2349//2349 2354//2354
f 2521//2521 2623//2623 2527//2527
f 2521//2521 2625//2625 2623//2623
f 2445//2445 2441//2441 2354//2354
f 2445//2445 2354//2354 2357//2357
f 2519//2519 2627//2627 2625//2625
f 2519//2519 2625//2625 2521//2521
f 2450//2450 2357//2357 2363//2363
f 2450//2450 2445//2445 2357//2357
f 2513//2513 2628//2628 2627//2627
f 2513//2513 2627//2627 2519//2519
f 2453//2453 2363//2363 2367//2367
f 2453//2453 2450//2450 2363//2363
f 2512//2512 2405//2405 2628//2628
f 2512//2512 2628//2628 2513//2513
f 2457//2457 2453//2453 2367//2367
f 2507//2507 2405//2405 2512//2512
f 2459//2459 2457//2457 2367//2367
f 2459//2459 2367//2367 2370//2370
f 2500//2500 2403//2403 2405//2405
f 2500//2500 2405//2405 2507//2507
f 2465//2465 2459//2459 2370//2370
f 2465//2465 2370//2370 2375//2375
f 2495//2495 2403//2403 2500//2500
f 2495//2495 2397//2397 2403//2403
f 2469//2469 2465//2465 2375//2375
f 2469//2469 2375//2375 2382//2382
f 2493//2493 2397//2397 2495//2495
f 2493//2493 2392//2392 2397//2397
f 2474//2474 2467//2467 2380//2380
f 2472//2472 2382//2382 2387//2387
f 2490//2490 2392//2392 2493//2493
f 2490//2490 2388//2388 2392//2392
f 2481//2481 2475//2475 2386//2386
f 2480//2480 2387//2387 2388//2388
f 2483//2483 2388//2388 2490//2490
f 2483//2483 2480//2480 2388//2388
f 2591//2591 2583//2583 2588//2588
f 2413//2413 2591//2591 2421//2421
f 2413//2413 2578//2578 2583//2583
f 2413//2413 2577//2577 2578//2578
f 2413//2413 2583//2583 2591//2591
f 2545//2545 2564//2564 2566//2566
f 2545//2545 2558//2558 2564//2564
f 2545//2545 2554//2554 2558//2558
f 2545//2545 2550//2550 2554//2554
f 2426//2426 2413//2413 2422//2422
f 2437//2437 2426//2426 2434//2434
f 2437//2437 2571//2571 2577//2577
f 2437//2437 2577//2577 2413//2413
f 2437//2437 2413//2413 2426//2426
f 2525//2525 2538//2538 2545//2545
f 2525//2525 2533//2533 2538//2538
f 2525//2525 2529//2529 2533//2533
f 2443//2443 2437//2437 2439//2439
f 2517//2517 2524//2524 2525//2525
f 2517//2517 2545//2545 2566//2566
f 2517//2517 2525//2525 2545//2545
f 2447//2447 2566//2566 2571//2571
f 2447//2447 2571//2571 2437//2437
f 2447//2447 2437//2437 2443//2443
f 2447//2447 2517//2517 2566//2566
f 2456//2456 2447//2447 2451//2451
f 2464//2464 2456//2456 2461//2461
f 2470//2470 2456//2456 2464//2464
f 2487//2487 2502//2502 2503//2503
f 2487//2487 2498//2498 2502//2502
f 2487//2487 2492//2492 2498//2498
f 2487//2487 2503//2503 2510//2510
f 2485//2485 2447//2447 2456//2456
f 2485//2485 2477//2477 2479//2479
f 2485//2485 2470//2470 2477//2477
f 2485//2485 2456//2456 2470//2470
f 2485//2485 2487//2487 2510//2510
f 2485//2485 2515//2515 2517//2517
f 2485//2485 2510//2510 2515//2515
f 2485//2485 2517//2517 2447//2447
f 2629//2629 2406//2406 2409//2409
f 2629//2629 2409//2409 2632//2632
f 2626//2626 2632//2632 2634//2634
f 2626//2626 2629//2629 2632//2632
f 2624//2624 2634//2634 2636//2636
f 2624//2624 2626//2626 2634//2634
f 2622//2622 2636//2636 2637//2637
f 2622//2622 2624//2624 2636//2636
f 2621//2621 2637//2637 2639//2639
f 2621//2621 2622//2622 2637//2637
f 2617//2617 2641//2641 2643//2643
f 2617//2617 2639//2639 2641//2641
f 2617//2617 2621//2621 2639//2639
f 2614//2614 2617//2617 2643//2643
f 2612//2612 2645//2645 2648//2648
f 2612//2612 2643//2643 2645//2645
f 2612//2612 2614//2614 2643//2643
f 2610//2610 2612//2612 2648//2648
f 2606//2606 2648//2648 2651//2651
f 2606//2606 2610//2610 2648//2648
f 2600//2600 2651//2651 2654//2654
f 2600//2600 2606//2606 2651//2651
f 2597//2597 2654//2654 2656//2656
f 2597//2597 2600//2600 2654//2654
f 2595//2595 2657//2657 2659//2659
f 2595//2595 2656//2656 2657//2657
f 2595//2595 2597//2597 2656//2656
f 2598//2598 2595//2595 2659//2659
f 2603//2603 2662//2662 2664//2664
f 2603//2603 2659//2659 2662//2662
f 2603//2603 2598//2598 2659//2659
f 2607//2607 2603//2603 2664//2664
f 2338//2338 2664//2664 2332//2332
f 2338//2338 2607//2607 2664//2664
f 2325//2325 2321//2321 2667//2667
f 2671//2671 2325//2325 2667//2667
f 2674//2674 2675//2675 2683//2683
f 2674//2674 2667//2667 2675//2675
f 2674//2674 2671//2671 2667//2667
f 2684//2684 2674//2674 2683//2683
f 2686//2686 2683//2683 2689//2689
f 2686//2686 2684//2684 2683//2683
f 2690//2690 2689//2689 2692//2692
f 2690//2690 2686//2686 2689//2689
f 2695//2695 2692//2692 2699//2699
f 2695//2695 2690//2690 2692//2692
f 2704//2704 2699//2699 2707//2707
f 2704//2704 2695//2695 2699//2699
f 2709//2709 2707//2707 2712//2712
f 2709//2709 2704//2704 2707//2707
f 2713//2713 2717//2717 2720//2720
f 2713//2713 2712//2712 2717//2717
f 2713//2713 2709//2709 2712//2712
f 2724//2724 2713//2713 2720//2720
f 2728//2728 2720//2720 2730//2730
f 2728//2728 2724//2724 2720//2720
f 2733//2733 2730//2730 2739//2739
f 2733//2733 2728//2728 2730//2730
f 2742//2742 2739//2739 2744//2744
f 2742//2742 2733//2733 2739//2739
f 2746//2746 2744//2744 2749//2749
f 2746//2746 2742//2742 2744//2744
f 2751//2751 2746//2746 2749//2749
f 2751//2751 2753//2753 2755//2755
f 2751//2751 2749//2749 2753//2753
f 2762//2762 2751//2751 2755//2755
f 2765//2765 2768//2768 2221//2221
f 2765//2765 2755//2755 2768//2768
f 2765//2765 2762//2762 2755//2755
f 2226//2226 2765//2765 2221//2221
f 2735//2735 2750//2750 2745//2745
f 2761//2761 2754//2754 2750//2750
f 2757//2757 2748//2748 2738//2738
f 2224//2224 2220//2220 2770//2770
f 2705//2705 2721//2721 2716//2716
f 2706//2706 2718//2718 2711//2711
f 2236//2236 2767//2767 2758//2758
f 2234//2234 2223//2223 2769//2769
f 2702//2702 2735//2735 2731//2731
f 2697//2697 2729//2729 2719//2719
f 2701//2701 2722//2722 2708//2708
f 2245//2245 2240//2240 2233//2233
f 2244//2244 2235//2235 2760//2760
f 2681//2681 2700//2700 2693//2693
f 2680//2680 2694//2694 2688//2688
f 2254//2254 2250//2250 2245//2245
f 2678//2678 2735//2735 2702//2702
f 2679//2679 2698//2698 2682//2682
f 2320//2320 2668//2668 2323//2323
f 2280//2280 2274//2274 2269//2269
f 2283//2283 2268//2268 2263//2263
f 2277//2277 2264//2264 2257//2257
f 2277//2277 2257//2257 2254//2254
f 2279//2279 2756//2756 2741//2741
f 2284//2284 2246//2246 2759//2759
f 2277//2277 2254//2254 2245//2245
f 2297//2297 2677//2677 2666//2666
f 2301//2301 2317//2317 2312//2312
f 2302//2302 2311//2311 2307//2307
f 2303//2303 2737//2737 2676//2676
f 2300//2300 2669//2669 2318//2318
f 2292//2292 2736//2736 2298//2298
f 2289//2289 2288//2288 2282//2282
f 2291//2291 2281//2281 2740//2740
f 2658//2658 2743//2743 2747//2747
f 2655//2655 2732//2732 2743//2743
f 2655//2655 2743//2743 2658//2658
f 2660//2660 2747//2747 2752//2752
f 2660//2660 2658//2658 2747//2747
f 2653//2653 2726//2726 2734//2734
f 2652//2652 2732//2732 2655//2655
f 2661//2661 2752//2752 2763//2763
f 2661//2661 2660//2660 2752//2752
f 2650//2650 2723//2723 2727//2727
f 2650//2650 2727//2727 2652//2652
f 2665//2665 2763//2763 2764//2764
f 2665//2665 2661//2661 2763//2763
f 2649//2649 2714//2714 2725//2725
f 2647//2647 2723//2723 2650//2650
f 2329//2329 2663//2663 2766//2766
f 2331//2331 2764//2764 2228//2228
f 2646//2646 2715//2715 2647//2647
f 2710//2710 2715//2715 2646//2646
f 2219//2219 2331//2331 2228//2228
f 2334//2334 2331//2331 2219//2219
f 2644//2644 2710//2710 2646//2646
f 2703//2703 2710//2710 2644//2644
f 2230//2230 2335//2335 2217//2217
f 2342//2342 2334//2334 2229//2229
f 2642//2642 2703//2703 2644//2644
f 2696//2696 2703//2703 2642//2642
f 2237//2237 2342//2342 2229//2229
f 2343//2343 2342//2342 2237//2237
f 2640//2640 2696//2696 2642//2642
f 2691//2691 2696//2696 2640//2640
f 2242//2242 2343//2343 2237//2237
f 2352//2352 2343//2343 2242//2242
f 2638//2638 2691//2691 2640//2640
f 2687//2687 2691//2691 2638//2638
f 2248//2248 2352//2352 2242//2242
f 2355//2355 2352//2352 2248//2248
f 2635//2635 2687//2687 2638//2638
f 2685//2685 2687//2687 2635//2635
f 2253//2253 2355//2355 2248//2248
f 2360//2360 2355//2355 2253//2253
f 2633//2633 2685//2685 2635//2635
f 2673//2673 2685//2685 2633//2633
f 2260//2260 2359//2359 2251//2251
f 2365//2365 2360//2360 2258//2258
f 2630//2630 2673//2673 2633//2633
f 2672//2672 2673//2673 2630//2630
f 2261//2261 2365//2365 2258//2258
f 2369//2369 2365//2365 2261//2261
f 2411//2411 2670//2670 2631//2631
f 2266//2266 2372//2372 2369//2369
f 2266//2266 2369//2369 2261//2261
f 2326//2326 2672//2672 2408//2408
f 2271//2271 2376//2376 2372//2372
f 2271//2271 2372//2372 2266//2266
f 2315//2315 2408//2408 2402//2402
f 2315//2315 2326//2326 2408//2408
f 2276//2276 2378//2378 2376//2376
f 2276//2276 2376//2376 2271//2271
f 2308//2308 2402//2402 2398//2398
f 2310//2310 2314//2314 2400//2400
f 2286//2286 2384//2384 2378//2378
f 2286//2286 2378//2378 2276//2276
f 2305//2305 2398//2398 2394//2394
f 2305//2305 2308//2308 2398//2398
f 2296//2296 2305//2305 2394//2394
f 2296//2296 2394//2394 2390//2390
f 2293//2293 2296//2296 2390//2390
f 2293//2293 2390//2390 2384//2384
f 2293//2293 2384//2384 2286//2286
f 2771//2771 2776//2776 2778//2778
f 2771//2771 2780//2780 2776//2776
f 2783//2783 2778//2778 2790//2790
f 2783//2783 2771//2771 2778//2778
f 2791//2791 2790//2790 2794//2794
f 2791//2791 2783//2783 2790//2790
f 2796//2796 2794//2794 2797//2797
f 2796//2796 2791//2791 2794//2794
f 2802//2802 2797//2797 2804//2804
f 2802//2802 2796//2796 2797//2797
f 2807//2807 2809//2809 2810//2810
f 2807//2807 2804//2804 2809//2809
f 2807//2807 2802//2802 2804//2804
f 2812//2812 2807//2807 2810//2810
f 2816//2816 2810//2810 2818//2818
f 2816//2816 2812//2812 2810//2810
f 2821//2821 2818//2818 2824//2824
f 2821//2821 2816//2816 2818//2818
f 2826//2826 2824//2824 2827//2827
f 2826//2826 2821//2821 2824//2824
f 2829//2829 2827//2827 2835//2835
f 2829//2829 2826//2826 2827//2827
f 2840//2840 2842//2842 2844//2844
f 2840//2840 2835//2835 2842//2842
f 2840//2840 2829//2829 2835//2835
f 2847//2847 2840//2840 2844//2844
f 2849//2849 2844//2844 2856//2856
f 2849//2849 2847//2847 2844//2844
f 2858//2858 2849//2849 2856//2856
f 2858//2858 2856//2856 2860//2860
f 2863//2863 2858//2858 2860//2860
f 2863//2863 2860//2860 2867//2867
f 2868//2868 2873//2873 2876//2876
f 2868//2868 2867//2867 2873//2873
f 2868//2868 2863//2863 2867//2867
f 2878//2878 2868//2868 2876//2876
f 2882//2882 2886//2886 2888//2888
f 2882//2882 2890//2890 2886//2886
f 2894//2894 2895//2895 2897//2897
f 2894//2894 2888//2888 2895//2895
f 2894//2894 2882//2882 2888//2888
f 2900//2900 2894//2894 2897//2897
f 2903//2903 2897//2897 2905//2905
f 2903//2903 2900//2900 2897//2897
f 2907//2907 2905//2905 2909//2909
f 2907//2907 2903//2903 2905//2905
f 2911//2911 2909//2909 2915//2915
f 2911//2911 2907//2907 2909//2909
f 2917//2917 2915//2915 2918//2918
f 2917//2917 2911//2911 2915//2915
f 2920//2920 2918//2918 2923//2923
f 2920//2920 2917//2917 2918//2918
f 2924//2924 2923//2923 2927//2927
f 2924//2924 2920//2920 2923//2923
f 2928//2928 2931//2931 2933//2933
f 2928//2928 2927//2927 2931//2931
f 2928//2928 2924//2924 2927//2927
f 2934//2934 2933//2933 2938//2938
f 2934//2934 2928//2928 2933//2933
f 2941//2941 2934//2934 2938//2938
f 2942//2942 2938//2938 2945//2945
f 2942//2942 2941//2941 2938//2938
f 2946//2946 2945//2945 2949//2949
f 2946//2946 2942//2942 2945//2945
f 2951//2951 2952//2952 2955//2955
f 2951//2951 2949//2949 2952//2952
f 2951//2951 2946//2946 2949//2949
f 2957//2957 2951//2951 2955//2955
f 2961//2961 2955//2955 2965//2965
f 2961//2961 2957//2957 2955//2955
f 2967//2967 2969//2969 2971//2971
f 2967//2967 2974//2974 2969//2969
f 2977//2977 2971//2971 2978//2978
f 2977//2977 2967//2967 2971//2971
f 2980//2980 2982//2982 2984//2984
f 2980//2980 2978//2978 2982//2982
f 2980//2980 2977//2977 2978//2978
f 2988//2988 2984//2984 2990//2990
f 2988//2988 2980//2980 2984//2984
f 2992//2992 2988//2988 2990//2990
f 2993//2993 2990//2990 2996//2996
f 2993//2993 2992//2992 2990//2990
f 2997//2997 2996//2996 3000//3000
f 2997//2997 2993//2993 2996//2996
f 3001//3001 3000//3000 3004//3004
f 3001//3001 2997//2997 3000//3000
f 3005//3005 3004//3004 3007//3007
f 3005//3005 3001//3001 3004//3004
f 3010//3010 3012//3012 3014//3014
f 3010//3010 3007//3007 3012//3012
f 3010//3010 3005//3005 3007//3007
f 3015//3015 3010//3010 3014//3014
f 3018//3018 3020//3020 3022//3022
f 3018//3018 3014//3014 3020//3020
f 3018//3018 3015//3015 3014//3014
f 3024//3024 3022//3022 3029//3029
f 3024//3024 3018//3018 3022//3022
f 3030//3030 3024//3024 3029//3029
f 3032//3032 3030//3030 3029//3029
f 3032//3032 3034//3034 3037//3037
f 3032//3032 3029//3029 3034//3034
f 3040//3040 3032//3032 3037//3037
f 3042//3042 3037//3037 3043//3043
f 3042//3042 3040//3040 3037//3037
f 3045//3045 3048//3048 3050//3050
f 3045//3045 3043//3043 3048//3048
f 3045//3045 3042//3042 3043//3043
f 3052//3052 3050//3050 3054//3054
f 3052//3052 3045//3045 3050//3050
f 3056//3056 3052//3052 3054//3054
f 3059//3059 3054//3054 3060//3060
f 3059//3059 3056//3056 3054//3054
f 3064//3064 3058//3058 3061//3061
f 3064//3064 3066//3066 3067//3067
f 3064//3064 3061//3061 3066//3066
f 3070//3070 3064//3064 3067//3067
f 3071//3071 3073//3073 3076//3076
f 3071//3071 3067//3067 3073//3073
f 3071//3071 3070//3070 3067//3067
f 3078//3078 3071//3071 3076//3076
f 3079//3079 3076//3076 3082//3082
f 3079//3079 3078//3078 3076//3076
f 3084//3084 3082//3082 3086//3086
f 3084//3084 3079//3079 3082//3082
f 3087//3087 3086//3086 3090//3090
f 3087//3087 3084//3084 3086//3086
f 3093//3093 3090//3090 3094//3094
f 3093//3093 3087//3087 3090//3090
f 3098//3098 3101//3101 3102//3102
f 3098//3098 3094//3094 3101//3101
f 3098//3098 3093//3093 3094//3094
f 3105//3105 3102//3102 3106//3106
f 3105//3105 3098//3098 3102//3102
f 3108//3108 3106//3106 3110//3110
f 3108//3108 3105//3105 3106//3106
f 3113//3113 3110//3110 3115//3115
f 3113//3113 3108//3108 3110//3110
f 3118//3118 3113//3113 3115//3115
f 3120//3120 3118//3118 3115//3115
f 3120//3120 3115//3115 3122//3122
f 3125//3125 3127//3127 3128//3128
f 3125//3125 3122//3122 3127//3127
f 3125//3125 3120//3120 3122//3122
f 3131//3131 3125//3125 3128//3128
f 3133//3133 3128//3128 3135//3135
f 3133//3133 3131//3131 3128//3128
f 3137//3137 3138//3138 3140//3140
f 3137//3137 3135//3135 3138//3138
f 3137//3137 3133//3133 3135//3135
f 3143//3143 3137//3137 3140//3140
f 3144//3144 3140//3140 3146//3146
f 3144//3144 3143//3143 3140//3140
f 2975//2975 3146//3146 2970//2970
f 2975//2975 3144//3144 3146//3146
f 3148//3148 3134//3134 3129//3129
f 3148//3148 3129//3129 3126//3126
f 3151//3151 3126//3126 3123//3123
f 3151//3151 3148//3148 3126//3126
f 3153//3153 3139//3139 3134//3134
f 3153//3153 3134//3134 3148//3148
f 3155//3155 3151//3151 3123//3123
f 3154//3154 3121//3121 3116//3116
f 3158//3158 3141//3141 3139//3139
f 3158//3158 3139//3139 3153//3153
f 3160//3160 3114//3114 3111//3111
f 3160//3160 3155//3155 3114//3114
f 3162//3162 3141//3141 3158//3158
f 3162//3162 3147//3147 3141//3141
f 3163//3163 3111//3111 3107//3107
f 3163//3163 3107//3107 3103//3103
f 3163//3163 3160//3160 3111//3111
f 2891//2891 2968//2968 3147//3147
f 2891//2891 3147//3147 3162//3162
f 2891//2891 2972//2972 2968//2968
f 3165//3165 3103//3103 3100//3100
f 3165//3165 3163//3163 3103//3103
f 2881//2881 2972//2972 2891//2891
f 2881//2881 2979//2979 2972//2972
f 3168//3168 3100//3100 3095//3095
f 3168//3168 3165//3165 3100//3100
f 2893//2893 2979//2979 2881//2881
f 2893//2893 2983//2983 2979//2979
f 3170//3170 3097//3097 3089//3089
f 3171//3171 3167//3167 3096//3096
f 2901//2901 2983//2983 2893//2893
f 2901//2901 2986//2986 2983//2983
f 3174//3174 3091//3091 3085//3085
f 3174//3174 3172//3172 3091//3091
f 2904//2904 2989//2989 2986//2986
f 2902//2902 2985//2985 2899//2899
f 3177//3177 3174//3174 3085//3085
f 3081//3081 3177//3177 3085//3085
f 2995//2995 2989//2989 2904//2904
f 2995//2995 2904//2904 2908//2908
f 3075//3075 3177//3177 3081//3081
f 3075//3075 3179//3179 3177//3177
f 2999//2999 2995//2995 2908//2908
f 2999//2999 2908//2908 2912//2912
f 3074//3074 3180//3180 3179//3179
f 3074//3074 3179//3179 3075//3075
f 3003//3003 2912//2912 2916//2916
f 3003//3003 2999//2999 2912//2912
f 3068//3068 3183//3183 3180//3180
f 3068//3068 3180//3180 3074//3074
f 3008//3008 2916//2916 2921//2921
f 3008//3008 3003//3003 2916//2916
f 3065//3065 2959//2959 3183//3183
f 3065//3065 3183//3183 3068//3068
f 3011//3011 3008//3008 2921//2921
f 3062//3062 2959//2959 3065//3065
f 3013//3013 3011//3011 2921//2921
f 3013//3013 2921//2921 2925//2925
f 3053//3053 2958//2958 2959//2959
f 3053//3053 2959//2959 3062//3062
f 3019//3019 3013//3013 2925//2925
f 3019//3019 2925//2925 2929//2929
f 3049//3049 2958//2958 3053//3053
f 3049//3049 2950//2950 2958//2958
f 3021//3021 3019//3019 2929//2929
f 3021//3021 2929//2929 2936//2936
f 3047//3047 2950//2950 3049//3049
f 3047//3047 2947//2947 2950//2950
f 3027//3027 3023//3023 2935//2935
f 3026//3026 2936//2936 2940//2940
f 3044//3044 2947//2947 3047//3047
f 3044//3044 2943//2943 2947//2947
f 3035//3035 3028//3028 2939//2939
f 3036//3036 2940//2940 2943//2943
f 3038//3038 2943//2943 3044//3044
f 3038//3038 3036//3036 2943//2943
f 3145//3145 3136//3136 3142//3142
f 2966//2966 3145//3145 2973//2973
f 2966//2966 3132//3132 3136//3136
f 2966//2966 3130//3130 3132//3132
f 2966//2966 3136//3136 3145//3145
f 3099//3099 3117//3117 3119//3119
f 3099//3099 3112//3112 3117//3117
f 3099//3099 3109//3109 3112//3112
f 3099//3099 3104//3104 3109//3109
f 2981//2981 2966//2966 2976//2976
f 2991//2991 2981//2981 2987//2987
f 2991//2991 3124//3124 3130//3130
f 2991//2991 3130//3130 2966//2966
f 2991//2991 2966//2966 2981//2981
f 3080//3080 3092//3092 3099//3099
f 3080//3080 3088//3088 3092//3092
f 3080//3080 3083//3083 3088//3088
f 2998//2998 2991//2991 2994//2994
f 3072//3072 3077//3077 3080//3080
f 3072//3072 3099//3099 3119//3119
f 3072//3072 3080//3080 3099//3099
f 3002//3002 3119//3119 3124//3124
f 3002//3002 3124//3124 2991//2991
f 3002//3002 2991//2991 2998//2998
f 3002//3002 3072//3072 3119//3119
f 3009//3009 3002//3002 3006//3006
f 3017//3017 3009//3009 3016//3016
f 3025//3025 3009//3009 3017//3017
f 3041//3041 3055//3055 3057//3057
f 3041//3041 3051//3051 3055//3055
f 3041//3041 3046//3046 3051//3051
f 3041//3041 3057//3057 3063//3063
f 3039//3039 3002//3002 3009//3009
f 3039//3039 3031//3031 3033//3033
f 3039//3039 3025//3025 3031//3031
f 3039//3039 3009//3009 3025//3025
f 3039//3039 3041//3041 3063//3063
f 3039//3039 3069//3069 3072//3072
f 3039//3039 3063//3063 3069//3069
f 3039//3039 3072//3072 3002//3002
f 3182//3182 2960//2960 2963//2963
f 3182//3182 2963//2963 3185//3185
f 3181//3181 3185//3185 3187//3187
f 3181//3181 3182//3182 3185//3185
f 3178//3178 3187//3187 3189//3189
f 3178//3178 3181//3181 3187//3187
f 3176//3176 3189//3189 3192//3192
f 3176//3176 3178//3178 3189//3189
f 3175//3175 3192//3192 3194//3194
f 3175//3175 3176//3176 3192//3192
f 3173//3173 3196//3196 3198//3198
f 3173//3173 3194//3194 3196//3196
f 3173//3173 3175//3175 3194//3194
f 3169//3169 3173//3173 3198//3198
f 3166//3166 3199//3199 3201//3201
f 3166//3166 3198//3198 3199//3199
f 3166//3166 3169//3169 3198//3198
f 3164//3164 3166//3166 3201//3201
f 3159//3159 3201//3201 3204//3204
f 3159//3159 3164//3164 3201//3201
f 3156//3156 3204//3204 3206//3206
f 3156//3156 3159//3159 3204//3204
f 3150//3150 3206//3206 3210//3210
f 3150//3150 3156//3156 3206//3206
f 3149//3149 3212//3212 3213//3213
f 3149//3149 3210//3210 3212//3212
f 3149//3149 3150//3150 3210//3210
f 3152//3152 3149//3149 3213//3213
f 3157//3157 3216//3216 3218//3218
f 3157//3157 3213//3213 3216//3216
f 3157//3157 3152//3152 3213//3213
f 3161//3161 3157//3157 3218//3218
f 2892//2892 3218//3218 2883//2883
f 2892//2892 3161//3161 3218//3218
f 2880//2880 2877//2877 3223//3223
f 3224//3224 2880//2880 3223//3223
f 3228//3228 3229//3229 3235//3235
f 3228//3228 3223//3223 3229//3229
f 3228//3228 3224//3224 3223//3223
f 3239//3239 3228//3228 3235//3235
f 3240//3240 3235//3235 3242//3242
f 3240//3240 3239//3239 3235//3235
f 3245//3245 3242//3242 3246//3246
f 3245//3245 3240//3240 3242//3242
f 3250//3250 3246//3246 3256//3256
f 3250//3250 3245//3245 3246//3246
f 3257//3257 3256//3256 3260//3260
f 3257//3257 3250//3250 3256//3256
f 3263//3263 3260//3260 3266//3266
f 3263//3263 3257//3257 3260//3260
f 3267//3267 3270//3270 3274//3274
f 3267//3267 3266//3266 3270//3270
f 3267//3267 3263//3263 3266//3266
f 3278//3278 3267//3267 3274//3274
f 3282//3282 3274//3274 3285//3285
f 3282//3282 3278//3278 3274//3274
f 3287//3287 3285//3285 3293//3293
f 3287//3287 3282//3282 3285//3285
f 3296//3296 3293//3293 3299//3299
f 3296//3296 3287//3287 3293//3293
f 3300//3300 3299//3299 3302//3302
f 3300//3300 3296//3296 3299//3299
f 3306//3306 3300//3300 3302//3302
f 3306//3306 3308//3308 3312//3312
f 3306//3306 3302//3302 3308//3308
f 3316//3316 3306//3306 3312//3312
f 3320//3320 3321//3321 2774//2774
f 3320//3320 3312//3312 3321//3321
f 3320//3320 3316//3316 3312//3312
f 2782//2782 3320//3320 2774//2774
f 3295//3295 3304//3304 3298//3298
f 3310//3310 3307//3307 3304//3304
f 3313//3313 3303//3303 3290//3290
f 2777//2777 2775//2775 3323//3323
f 3262//3262 3275//3275 3271//3271
f 3261//3261 3272//3272 3265//3265
f 2786//2786 3322//3322 3309//3309
f 2787//2787 2779//2779 3324//3324
f 3253//3253 3295//3295 3284//3284
f 3251//3251 3283//3283 3276//3276
f 3255//3255 3273//3273 3259//3259
f 2799//2799 2793//2793 2788//2788
f 2800//2800 2789//2789 3315//3315
f 3237//3237 3254//3254 3247//3247
f 3234//3234 3248//3248 3243//3243
f 2808//2808 2803//2803 2799//2799
f 3233//3233 3295//3295 3253//3253
f 3232//3232 3252//3252 3236//3236
f 2871//2871 3221//3221 2875//2875
f 2832//2832 2828//2828 2823//2823
f 2833//2833 2822//2822 2819//2819
f 2834//2834 2817//2817 2811//2811
f 2834//2834 2811//2811 2808//2808
f 2838//2838 3311//3311 3294//3294
f 2837//2837 2798//2798 3314//3314
f 2834//2834 2808//2808 2799//2799
f 2855//2855 3231//3231 3220//3220
f 2854//2854 2872//2872 2866//2866
f 2857//2857 2865//2865 2861//2861
f 2853//2853 3291//3291 3230//3230
f 2851//2851 3222//3222 2874//2874
f 2846//2846 3289//3289 2852//2852
f 2845//2845 2841//2841 2831//2831
f 2843//2843 2836//2836 3292//3292
f 3211//3211 3297//3297 3301//3301
f 3209//3209 3288//3288 3297//3297
f 3209//3209 3297//3297 3211//3211
f 3214//3214 3301//3301 3305//3305
f 3214//3214 3211//3211 3301//3301
f 3208//3208 3281//3281 3286//3286
f 3207//3207 3288//3288 3209//3209
f 3215//3215 3305//3305 3317//3317
f 3215//3215 3214//3214 3305//3305
f 3205//3205 3279//3279 3280//3280
f 3205//3205 3280//3280 3207//3207
f 3217//3217 3317//3317 3318//3318
f 3217//3217 3215//3215 3317//3317
f 3202//3202 3269//3269 3277//3277
f 3203//3203 3279//3279 3205//3205
f 2885//2885 3219//3219 3319//3319
f 2884//2884 3318//3318 2781//2781
f 3200//3200 3268//3268 3203//3203
f 3264//3264 3268//3268 3200//3200
f 2772//2772 2884//2884 2781//2781
f 2889//2889 2884//2884 2772//2772
f 3197//3197 3264//3264 3200//3200
f 3258//3258 3264//3264 3197//3197
f 2784//2784 2887//2887 2773//2773
f 2896//2896 2889//2889 2785//2785
f 3195//3195 3258//3258 3197//3197
f 3249//3249 3258//3258 3195//3195
f 2792//2792 2896//2896 2785//2785
f 2898//2898 2896//2896 2792//2792
f 3193//3193 3249//3249 3195//3195
f 3244//3244 3249//3249 3193//3193
f 2795//2795 2898//2898 2792//2792
f 2906//2906 2898//2898 2795//2795
f 3191//3191 3244//3244 3193//3193
f 3241//3241 3244//3244 3191//3191
f 2801//2801 2906//2906 2795//2795
f 2910//2910 2906//2906 2801//2801
f 3190//3190 3241//3241 3191//3191
f 3238//3238 3241//3241 3190//3190
f 2806//2806 2910//2910 2801//2801
f 2913//2913 2910//2910 2806//2806
f 3188//3188 3238//3238 3190//3190
f 3227//3227 3238//3238 3188//3188
f 2814//2814 2914//2914 2805//2805
f 2919//2919 2913//2913 2813//2813
f 3184//3184 3227//3227 3188//3188
f 3226//3226 3227//3227 3184//3184
f 2815//2815 2919//2919 2813//2813
f 2922//2922 2919//2919 2815//2815
f 2964//2964 3225//3225 3186//3186
f 2820//2820 2926//2926 2922//2922
f 2820//2820 2922//2922 2815//2815
f 2879//2879 3226//3226 2962//2962
f 2825//2825 2930//2930 2926//2926
f 2825//2825 2926//2926 2820//2820
f 2870//2870 2962//2962 2956//2956
f 2870//2870 2879//2879 2962//2962
f 2830//2830 2932//2932 2930//2930
f 2830//2830 2930//2930 2825//2825
f 2864//2864 2956//2956 2953//2953
f 2862//2862 2869//2869 2954//2954
f 2839//2839 2937//2937 2932//2932
f 2839//2839 2932//2932 2830//2830
f 2859//2859 2953//2953 2948//2948
f 2859//2859 2864//2864 2953//2953
f 2850//2850 2859//2859 2948//2948
f 2850//2850 2948//2948 2944//2944
f 2848//2848 2850//2850 2944//2944
f 2848//2848 2944//2944 2937//2937
f 2848//2848 2937//2937 2839//2839
f 3325//3325 3328//3328 3333//3333
f 3325//3325 3336//3336 3328//3328
f 3337//3337 3333//3333 3340//3340
f 3337//3337 3325//3325 3333//3333
f 3345//3345 3340//3340 3348//3348
f 3345//3345 3337//3337 3340//3340
f 3349//3349 3348//3348 3352//3352
f 3349//3349 3345//3345 3348//3348
f 3355//3355 3352//3352 3357//3357
f 3355//3355 3349//3349 3352//3352
f 3359//3359 3362//3362 3365//3365
f 3359//3359 3357//3357 3362//3362
f 3359//3359 3355//3355 3357//3357
f 3368//3368 3359//3359 3365//3365
f 3370//3370 3365//3365 3371//3371
f 3370//3370 3368//3368 3365//3365
f 3375//3375 3371//3371 3377//3377
f 3375//3375 3370//3370 3371//3371
f 3379//3379 3377//3377 3381//3381
f 3379//3379 3375//3375 3377//3377
f 3383//3383 3381//3381 3387//3387
f 3383//3383 3379//3379 3381//3381
f 3393//3393 3395//3395 3399//3399
f 3393//3393 3387//3387 3395//3395
f 3393//3393 3383//3383 3387//3387
f 3402//3402 3393//3393 3399//3399
f 3404//3404 3399//3399 3411//3411
f 3404//3404 3402//3402 3399//3399
f 3413//3413 3404//3404 3411//3411
f 3413//3413 3411//3411 3414//3414
f 3418//3418 3413//3413 3414//3414
f 3418//3418 3414//3414 3420//3420
f 3422//3422 3425//3425 3429//3429
f 3422//3422 3420//3420 3425//3425
f 3422//3422 3418//3418 3420//3420
f 3434//3434 3422//3422 3429//3429
f 3436//3436 3438//3438 3441//3441
f 3436//3436 3445//3445 3438//3438
f 3447//3447 3450//3450 3452//3452
f 3447//3447 3441//3441 3450//3450
f 3447//3447 3436//3436 3441//3441
f 3454//3454 3447//3447 3452//3452
f 3456//3456 3452//3452 3459//3459
f 3456//3456 3454//3454 3452//3452
f 3462//3462 3459//3459 3464//3464
f 3462//3462 3456//3456 3459//3459
f 3465//3465 3464//3464 3467//3467
f 3465//3465 3462//3462 3464//3464
f 3470//3470 3467//3467 3472//3472
f 3470//3470 3465//3465 3467//3467
f 3475//3475 3472//3472 3476//3476
f 3475//3475 3470//3470 3472//3472
f 3478//3478 3476//3476 3481//3481
f 3478//3478 3475//3475 3476//3476
f 3482//3482 3485//3485 3487//3487
f 3482//3482 3481//3481 3485//3485
f 3482//3482 3478//3478 3481//3481
f 3490//3490 3487//3487 3492//3492
f 3490//3490 3482//3482 3487//3487
f 3494//3494 3490//3490 3492//3492
f 3497//3497 3492//3492 3499//3499
f 3497//3497 3494//3494 3492//3492
f 3500//3500 3499//3499 3502//3502
f 3500//3500 3497//3497 3499//3499
f 3504//3504 3507//3507 3509//3509
f 3504//3504 3502//3502 3507//3507
f 3504//3504 3500//3500 3502//3502
f 3512//3512 3504//3504 3509//3509
f 3515//3515 3509//3509 3518//3518
f 3515//3515 3512//3512 3509//3509
f 3520//3520 3522//3522 3525//3525
f 3520//3520 3528//3528 3522//3522
f 3531//3531 3525//3525 3532//3532
f 3531//3531 3520//3520 3525//3525
f 3535//3535 3537//3537 3538//3538
f 3535//3535 3532//3532 3537//3537
f 3535//3535 3531//3531 3532//3532
f 3541//3541 3538//3538 3543//3543
f 3541//3541 3535//3535 3538//3538
f 3545//3545 3541//3541 3543//3543
f 3548//3548 3543//3543 3549//3549
f 3548//3548 3545//3545 3543//3543
f 3551//3551 3549//3549 3554//3554
f 3551//3551 3548//3548 3549//3549
f 3555//3555 3554//3554 3557//3557
f 3555//3555 3551//3551 3554//3554
f 3560//3560 3557//3557 3561//3561
f 3560//3560 3555//3555 3557//3557
f 3564//3564 3565//3565 3567//3567
f 3564//3564 3561//3561 3565//3565
f 3564//3564 3560//3560 3561//3561
f 3570//3570 3564//3564 3567//3567
f 3572//3572 3574//3574 3575//3575
f 3572//3572 3567//3567 3574//3574
f 3572//3572 3570//3570 3567//3567
f 3578//3578 3575//3575 3582//3582
f 3578//3578 3572//3572 3575//3575
f 3585//3585 3578//3578 3582//3582
f 3587//3587 3585//3585 3582//3582
f 3587//3587 3590//3590 3592//3592
f 3587//3587 3582//3582 3590//3590
f 3593//3593 3587//3587 3592//3592
f 3595//3595 3592//3592 3598//3598
f 3595//3595 3593//3593 3592//3592
f 3599//3599 3601//3601 3604//3604
f 3599//3599 3598//3598 3601//3601
f 3599//3599 3595//3595 3598//3598
f 3606//3606 3604//3604 3607//3607
f 3606//3606 3599//3599 3604//3604
f 3610//3610 3606//3606 3607//3607
f 3613//3613 3607//3607 3616//3616
f 3613//3613 3610//3610 3607//3607
f 3617//3617 3611//3611 3614//3614
f 3617//3617 3620//3620 3622//3622
f 3617//3617 3614//3614 3620//3620
f 3623//3623 3617//3617 3622//3622
f 3626//3626 3627//3627 3630//3630
f 3626//3626 3622//3622 3627//3627
f 3626//3626 3623//3623 3622//3622
f 3632//3632 3626//3626 3630//3630
f 3633//3633 3630//3630 3636//3636
f 3633//3633 3632//3632 3630//3630
f 3638//3638 3636//3636 3640//3640
f 3638//3638 3633//3633 3636//3636
f 3641//3641 3640//3640 3645//3645
f 3641//3641 3638//3638 3640//3640
f 3646//3646 3645//3645 3649//3649
f 3646//3646 3641//3641 3645//3645
f 3652//3652 3654//3654 3656//3656
f 3652//3652 3649//3649 3654//3654
f 3652//3652 3646//3646 3649//3649
f 3659//3659 3656//3656 3660//3660
f 3659//3659 3652//3652 3656//3656
f 3662//3662 3660//3660 3664//3664
f 3662//3662 3659//3659 3660//3660
f 3667//3667 3664//3664 3670//3670
f 3667//3667 3662//3662 3664//3664
f 3671//3671 3667//3667 3670//3670
f 3674//3674 3671//3671 3670//3670
f 3674//3674 3670//3670 3677//3677
f 3679//3679 3681//3681 3683//3683
f 3679//3679 3677//3677 3681//3681
f 3679//3679 3674//3674 3677//3677
f 3685//3685 3679//3679 3683//3683
f 3687//3687 3683//3683 3688//3688
f 3687//3687 3685//3685 3683//3683
f 3691//3691 3692//3692 3695//3695
f 3691//3691 3688//3688 3692//3692
f 3691//3691 3687//3687 3688//3688
f 3696//3696 3691//3691 3695//3695
f 3699//3699 3695//3695 3701//3701
f 3699//3699 3696//3696 3695//3695
f 3527//3527 3701//3701 3523//3523
f 3527//3527 3699//3699 3701//3701
f 3703//3703 3689//3689 3682//3682
f 3703//3703 3682//3682 3680//3680
f 3705//3705 3680//3680 3675//3675
f 3705//3705 3703//3703 3680//3680
f 3706//3706 3693//3693 3689//3689
f 3706//3706 3689//3689 3703//3703
f 3708//3708 3705//3705 3675//3675
f 3710//3710 3676//3676 3669//3669
f 3711//3711 3694//3694 3693//3693
f 3711//3711 3693//3693 3706//3706
f 3713//3713 3668//3668 3665//3665
f 3713//3713 3708//3708 3668//3668
f 3716//3716 3694//3694 3711//3711
f 3716//3716 3700//3700 3694//3694
f 3717//3717 3665//3665 3661//3661
f 3717//3717 3661//3661 3657//3657
f 3717//3717 3713//3713 3665//3665
f 3446//3446 3524//3524 3700//3700
f 3446//3446 3700//3700 3716//3716
f 3446//3446 3526//3526 3524//3524
f 3719//3719 3657//3657 3655//3655
f 3719//3719 3717//3717 3657//3657
f 3435//3435 3526//3526 3446//3446
f 3435//3435 3533//3533 3526//3526
f 3721//3721 3655//3655 3650//3650
f 3721//3721 3719//3719 3655//3655
f 3448//3448 3533//3533 3435//3435
f 3448//3448 3536//3536 3533//3533
f 3725//3725 3651//3651 3644//3644
f 3727//3727 3723//3723 3648//3648
f 3455//3455 3536//3536 3448//3448
f 3455//3455 3540//3540 3536//3536
f 3729//3729 3643//3643 3639//3639
f 3729//3729 3726//3726 3643//3643
f 3457//3457 3544//3544 3540//3540
f 3458//3458 3539//3539 3453//3453
f 3730//3730 3729//3729 3639//3639
f 3635//3635 3730//3730 3639//3639
f 3550//3550 3544//3544 3457//3457
f 3550//3550 3457//3457 3461//3461
f 3629//3629 3730//3730 3635//3635
f 3629//3629 3732//3732 3730//3730
f 3553//3553 3550//3550 3461//3461
f 3553//3553 3461//3461 3466//3466
f 3628//3628 3735//3735 3732//3732
f 3628//3628 3732//3732 3629//3629
f 3558//3558 3466//3466 3471//3471
f 3558//3558 3553//3553 3466//3466
f 3621//3621 3737//3737 3735//3735
f 3621//3621 3735//3735 3628//3628
f 3562//3562 3471//3471 3474//3474
f 3562//3562 3558//3558 3471//3471
f 3619//3619 3514//3514 3737//3737
f 3619//3619 3737//3737 3621//3621
f 3566//3566 3562//3562 3474//3474
f 3615//3615 3514//3514 3619//3619
f 3568//3568 3566//3566 3474//3474
f 3568//3568 3474//3474 3479//3479
f 3608//3608 3511//3511 3514//3514
f 3608//3608 3514//3514 3615//3615
f 3573//3573 3568//3568 3479//3479
f 3573//3573 3479//3479 3483//3483
f 3603//3603 3511//3511 3608//3608
f 3603//3603 3505//3505 3511//3511
f 3577//3577 3573//3573 3483//3483
f 3577//3577 3483//3483 3488//3488
f 3602//3602 3505//3505 3603//3603
f 3602//3602 3501//3501 3505//3505
f 3580//3580 3576//3576 3489//3489
f 3583//3583 3488//3488 3493//3493
f 3597//3597 3501//3501 3602//3602
f 3597//3597 3496//3496 3501//3501
f 3589//3589 3581//3581 3495//3495
f 3588//3588 3493//3493 3496//3496
f 3591//3591 3496//3496 3597//3597
f 3591//3591 3588//3588 3496//3496
f 3698//3698 3690//3690 3697//3697
f 3521//3521 3698//3698 3529//3529
f 3521//3521 3686//3686 3690//3690
f 3521//3521 3684//3684 3686//3686
f 3521//3521 3690//3690 3698//3698
f 3653//3653 3672//3672 3673//3673
f 3653//3653 3666//3666 3672//3672
f 3653//3653 3663//3663 3666//3666
f 3653//3653 3658//3658 3663//3663
f 3534//3534 3521//3521 3530//3530
f 3546//3546 3534//3534 3542//3542
f 3546//3546 3678//3678 3684//3684
f 3546//3546 3684//3684 3521//3521
f 3546//3546 3521//3521 3534//3534
f 3634//3634 3647//3647 3653//3653
f 3634//3634 3642//3642 3647//3647
f 3634//3634 3637//3637 3642//3642
f 3552//3552 3546//3546 3547//3547
f 3625//3625 3631//3631 3634//3634
f 3625//3625 3653//3653 3673//3673
f 3625//3625 3634//3634 3653//3653
f 3556//3556 3673//3673 3678//3678
f 3556//3556 3678//3678 3546//3546
f 3556//3556 3546//3546 3552//3552
f 3556//3556 3625//3625 3673//3673
f 3563//3563 3556//3556 3559//3559
f 3571//3571 3563//3563 3569//3569
f 3579//3579 3563//3563 3571//3571
f 3596//3596 3609//3609 3612//3612
f 3596//3596 3605//3605 3609//3609
f 3596//3596 3600//3600 3605//3605
f 3596//3596 3612//3612 3618//3618
f 3594//3594 3556//3556 3563//3563
f 3594//3594 3584//3584 3586//3586
f 3594//3594 3579//3579 3584//3584
f 3594//3594 3563//3563 3579//3579
f 3594//3594 3596//3596 3618//3618
f 3594//3594 3624//3624 3625//3625
f 3594//3594 3618//3618 3624//3624
f 3594//3594 3625//3625 3556//3556
f 3736//3736 3513//3513 3517//3517
f 3736//3736 3517//3517 3740//3740
f 3734//3734 3740//3740 3742//3742
f 3734//3734 3736//3736 3740//3740
f 3733//3733 3742//3742 3743//3743
f 3733//3733 3734//3734 3742//3742
f 3731//3731 3743//3743 3745//3745
f 3731//3731 3733//3733 3743//3743
f 3728//3728 3745//3745 3747//3747
f 3728//3728 3731//3731 3745//3745
f 3724//3724 3749//3749 3751//3751
f 3724//3724 3747//3747 3749//3749
f 3724//3724 3728//3728 3747//3747
f 3722//3722 3724//3724 3751//3751
f 3720//3720 3753//3753 3755//3755
f 3720//3720 3751//3751 3753//3753
f 3720//3720 3722//3722 3751//3751
f 3718//3718 3720//3720 3755//3755
f 3714//3714 3755//3755 3758//3758
f 3714//3714 3718//3718 3755//3755
f 3709//3709 3758//3758 3761//3761
f 3709//3709 3714//3714 3758//3758
f 3704//3704 3761//3761 3763//3763
f 3704//3704 3709//3709 3761//3761
f 3702//3702 3766//3766 3768//3768
f 3702//3702 3763//3763 3766//3766
f 3702//3702 3704//3704 3763//3763
f 3707//3707 3702//3702 3768//3768
f 3712//3712 3769//3769 3773//3773
f 3712//3712 3768//3768 3769//3769
f 3712//3712 3707//3707 3768//3768
f 3715//3715 3712//3712 3773//3773
f 3444//3444 3773//3773 3440//3440
f 3444//3444 3715//3715 3773//3773
f 3433//3433 3431//3431 3777//3777
f 3780//3780 3433//3433 3777//3777
f 3782//3782 3785//3785 3791//3791
f 3782//3782 3777//3777 3785//3785
f 3782//3782 3780//3780 3777//3777
f 3792//3792 3782//3782 3791//3791
f 3794//3794 3791//3791 3796//3796
f 3794//3794 3792//3792 3791//3791
f 3799//3799 3796//3796 3801//3801
f 3799//3799 3794//3794 3796//3796
f 3803//3803 3801//3801 3808//3808
f 3803//3803 3799//3799 3801//3801
f 3811//3811 3808//3808 3814//3814
f 3811//3811 3803//3803 3808//3808
f 3818//3818 3814//3814 3820//3820
f 3818//3818 3811//3811 3814//3814
f 3822//3822 3825//3825 3828//3828
f 3822//3822 3820//3820 3825//3825
f 3822//3822 3818//3818 3820//3820
f 3833//3833 3822//3822 3828//3828
f 3836//3836 3828//3828 3837//3837
f 3836//3836 3833//3833 3828//3828
f 3840//3840 3837//3837 3845//3845
f 3840//3840 3836//3836 3837//3837
f 3851//3851 3845//3845 3853//3853
f 3851//3851 3840//3840 3845//3845
f 3855//3855 3853//3853 3858//3858
f 3855//3855 3851//3851 3853//3853
f 3860//3860 3855//3855 3858//3858
f 3860//3860 3862//3862 3865//3865
f 3860//3860 3858//3858 3862//3862
f 3870//3870 3860//3860 3865//3865
f 3874//3874 3877//3877 3330//3330
f 3874//3874 3865//3865 3877//3877
f 3874//3874 3870//3870 3865//3865
f 3335//3335 3874//3874 3330//3330
f 3847//3847 3857//3857 3852//3852
f 3864//3864 3861//3861 3857//3857
f 3863//3863 3856//3856 3846//3846
f 3331//3331 3329//3329 3878//3878
f 3815//3815 3829//3829 3824//3824
f 3816//3816 3826//3826 3819//3819
f 3342//3342 3876//3876 3869//3869
f 3343//3343 3332//3332 3875//3875
f 3806//3806 3847//3847 3839//3839
f 3809//3809 3838//3838 3827//3827
f 3810//3810 3830//3830 3813//3813
f 3353//3353 3347//3347 3344//3344
f 3351//3351 3341//3341 3867//3867
f 3788//3788 3807//3807 3800//3800
f 3790//3790 3802//3802 3797//3797
f 3363//3363 3358//3358 3353//3353
f 3787//3787 3847//3847 3806//3806
f 3783//3783 3805//3805 3789//3789
f 3426//3426 3775//3775 3430//3430
f 3392//3392 3382//3382 3376//3376
f 3390//3390 3378//3378 3372//3372
f 3386//3386 3373//3373 3364//3364
f 3386//3386 3364//3364 3363//3363
f 3389//3389 3868//3868 3844//3844
f 3391//3391 3354//3354 3866//3866
f 3386//3386 3363//3363 3353//3353
f 3406//3406 3784//3784 3776//3776
f 3409//3409 3428//3428 3419//3419
f 3410//3410 3421//3421 3415//3415
f 3408//3408 3843//3843 3786//3786
f 3407//3407 3774//3774 3427//3427
f 3397//3397 3848//3848 3405//3405
f 3400//3400 3396//3396 3385//3385
f 3398//3398 3388//3388 3849//3849
f 3765//3765 3850//3850 3854//3854
f 3764//3764 3842//3842 3850//3850
f 3764//3764 3850//3850 3765//3765
f 3767//3767 3854//3854 3859//3859
f 3767//3767 3765//3765 3854//3854
f 3760//3760 3835//3835 3841//3841
f 3762//3762 3842//3842 3764//3764
f 3770//3770 3859//3859 3871//3871
f 3770//3770 3767//3767 3859//3859
f 3759//3759 3831//3831 3834//3834
f 3759//3759 3834//3834 3762//3762
f 3772//3772 3871//3871 3873//3873
f 3772//3772 3770//3770 3871//3871
f 3756//3756 3821//3821 3832//3832
f 3757//3757 3831//3831 3759//3759
f 3437//3437 3771//3771 3872//3872
f 3439//3439 3873//3873 3334//3334
f 3754//3754 3823//3823 3757//3757
f 3817//3817 3823//3823 3754//3754
f 3327//3327 3439//3439 3334//3334
f 3442//3442 3439//3439 3327//3327
f 3752//3752 3817//3817 3754//3754
f 3812//3812 3817//3817 3752//3752
f 3339//3339 3443//3443 3326//3326
f 3449//3449 3442//3442 3338//3338
f 3750//3750 3812//3812 3752//3752
f 3804//3804 3812//3812 3750//3750
f 3346//3346 3449//3449 3338//3338
f 3451//3451 3449//3449 3346//3346
f 3748//3748 3804//3804 3750//3750
f 3798//3798 3804//3804 3748//3748
f 3350//3350 3451//3451 3346//3346
f 3460//3460 3451//3451 3350//3350
f 3746//3746 3798//3798 3748//3748
f 3795//3795 3798//3798 3746//3746
f 3356//3356 3460//3460 3350//3350
f 3463//3463 3460//3460 3356//3356
f 3744//3744 3795//3795 3746//3746
f 3793//3793 3795//3795 3744//3744
f 3361//3361 3463//3463 3356//3356
f 3468//3468 3463//3463 3361//3361
f 3741//3741 3793//3793 3744//3744
f 3781//3781 3793//3793 3741//3741
f 3367//3367 3469//3469 3360//3360
f 3473//3473 3468//3468 3366//3366
f 3739//3739 3781//3781 3741//3741
f 3778//3778 3781//3781 3739//3739
f 3369//3369 3473//3473 3366//3366
f 3477//3477 3473//3473 3369//3369
f 3519//3519 3779//3779 3738//3738
f 3374//3374 3480//3480 3477//3477
f 3374//3374 3477//3477 3369//3369
f 3432//3432 3778//3778 3516//3516
f 3380//3380 3484//3484 3480//3480
f 3380//3380 3480//3480 3374//3374
f 3423//3423 3516//3516 3510//3510
f 3423//3423 3432//3432 3516//3516
f 3384//3384 3486//3486 3484//3484
f 3384//3384 3484//3484 3380//3380
f 3416//3416 3510//3510 3506//3506
f 3417//3417 3424//3424 3508//3508
f 3394//3394 3491//3491 3486//3486
f 3394//3394 3486//3486 3384//3384
f 3412//3412 3506//3506 3503//3503
f 3412//3412 3416//3416 3506//3506
f 3403//3403 3412//3412 3503//3503
f 3403//3403 3503//3503 3498//3498
f 3401//3401 3403//3403 3498//3498
f 3401//3401 3498//3498 3491//3491
f 3401//3401 3491//3491 3394//3394
f 3879//3879 3882//3882 3886//3886
f 3879//3879 3888//3888 3882//3882
f 3891//3891 3886//3886 3894//3894
f 3891//3891 3879//3879 3886//3886
f 3900//3900 3894//3894 3902//3902
f 3900//3900 3891//3891 3894//3894
f 3903//3903 3902//3902 3906//3906
f 3903//3903 3900//3900 3902//3902
f 3910//3910 3906//3906 3912//3912
f 3910//3910 3903//3903 3906//3906
f 3913//3913 3916//3916 3918//3918
f 3913//3913 3912//3912 3916//3916
f 3913//3913 3910//3910 3912//3912
f 3921//3921 3913//3913 3918//3918
f 3923//3923 3918//3918 3927//3927
f 3923//3923 3921//3921 3918//3918
f 3928//3928 3927//3927 3932//3932
f 3928//3928 3923//3923 3927//3927
f 3933//3933 3932//3932 3936//3936
f 3933//3933 3928//3928 3932//3932
f 3938//3938 3936//3936 3944//3944
f 3938//3938 3933//3933 3936//3936
f 3948//3948 3949//3949 3952//3952
f 3948//3948 3944//3944 3949//3949
f 3948//3948 3938//3938 3944//3944
f 3955//3955 3948//3948 3952//3952
f 3957//3957 3952//3952 3960//3960
f 3957//3957 3955//3955 3952//3952
f 3966//3966 3957//3957 3960//3960
f 3966//3966 3960//3960 3969//3969
f 3972//3972 3966//3966 3969//3969
f 3972//3972 3969//3969 3975//3975
f 3976//3976 3980//3980 3983//3983
f 3976//3976 3975//3975 3980//3980
f 3976//3976 3972//3972 3975//3975
f 3987//3987 3976//3976 3983//3983
f 3989//3989 3991//3991 3996//3996
f 3989//3989 3999//3999 3991//3991
f 4002//4002 4004//4004 4005//4005
f 4002//4002 3996//3996 4004//4004
f 4002//4002 3989//3989 3996//3996
f 4008//4008 4002//4002 4005//4005
f 4011//4011 4005//4005 4014//4014
f 4011//4011 4008//4008 4005//4005
f 4016//4016 4014//4014 4018//4018
f 4016//4016 4011//4011 4014//4014
f 4020//4020 4018//4018 4022//4022
f 4020//4020 4016//4016 4018//4018
f 4025//4025 4022//4022 4026//4026
f 4025//4025 4020//4020 4022//4022
f 4029//4029 4026//4026 4031//4031
f 4029//4029 4025//4025 4026//4026
f 4032//4032 4031//4031 4034//4034
f 4032//4032 4029//4029 4031//4031
f 4037//4037 4039//4039 4040//4040
f 4037//4037 4034//4034 4039//4039
f 4037//4037 4032//4032 4034//4034
f 4044//4044 4040//4040 4045//4045
f 4044//4044 4037//4037 4040//4040
f 4047//4047 4044//4044 4045//4045
f 4050//4050 4045//4045 4053//4053
f 4050//4050 4047//4047 4045//4045
f 4055//4055 4053//4053 4057//4057
f 4055//4055 4050//4050 4053//4053
f 4059//4059 4060//4060 4064//4064
f 4059//4059 4057//4057 4060//4060
f 4059//4059 4055//4055 4057//4057
f 4065//4065 4059//4059 4064//4064
f 4069//4069 4064//4064 4073//4073
f 4069//4069 4065//4065 4064//4064
f 4075//4075 4077//4077 4080//4080
f 4075//4075 4082//4082 4077//4077
f 4085//4085 4080//4080 4087//4087
f 4085//4085 4075//4075 4080//4080
f 4088//4088 4091//4091 4093//4093
f 4088//4088 4087//4087 4091//4091
f 4088//4088 4085//4085 4087//4087
f 4095//4095 4093//4093 4098//4098
f 4095//4095 4088//4088 4093//4093
f 4099//4099 4095//4095 4098//4098
f 4101//4101 4098//4098 4103//4103
f 4101//4101 4099//4099 4098//4098
f 4105//4105 4103//4103 4108//4108
f 4105//4105 4101//4101 4103//4103
f 4110//4110 4108//4108 4112//4112
f 4110//4110 4105//4105 4108//4108
f 4114//4114 4112//4112 4116//4116
f 4114//4114 4110//4110 4112//4112
f 4118//4118 4119//4119 4121//4121
f 4118//4118 4116//4116 4119//4119
f 4118//4118 4114//4114 4116//4116
f 4123//4123 4118//4118 4121//4121
f 4126//4126 4128//4128 4129//4129
f 4126//4126 4121//4121 4128//4128
f 4126//4126 4123//4123 4121//4121
f 4132//4132 4129//4129 4137//4137
f 4132//4132 4126//4126 4129//4129
f 4139//4139 4132//4132 4137//4137
f 4140//4140 4139//4139 4137//4137
f 4140//4140 4142//4142 4146//4146
f 4140//4140 4137//4137 4142//4142
f 4148//4148 4140//4140 4146//4146
f 4150//4150 4146//4146 4152//4152
f 4150//4150 4148//4148 4146//4146
f 4154//4154 4155//4155 4157//4157
f 4154//4154 4152//4152 4155//4155
f 4154//4154 4150//4150 4152//4152
f 4159//4159 4157//4157 4161//4161
f 4159//4159 4154//4154 4157//4157
f 4164//4164 4159//4159 4161//4161
f 4165//4165 4161//4161 4168//4168
f 4165//4165 4164//4164 4161//4161
f 4172//4172 4166//4166 4169//4169
f 4172//4172 4173//4173 4175//4175
f 4172//4172 4169//4169 4173//4173
f 4178//4178 4172//4172 4175//4175
f 4179//4179 4182//4182 4183//4183
f 4179//4179 4175//4175 4182//4182
f 4179//4179 4178//4178 4175//4175
f 4185//4185 4179//4179 4183//4183
f 4188//4188 4183//4183 4189//4189
f 4188//4188 4185//4185 4183//4183
f 4192//4192 4189//4189 4193//4193
f 4192//4192 4188//4188 4189//4189
f 4196//4196 4193//4193 4197//4197
f 4196//4196 4192//4192 4193//4193
f 4201//4201 4197//4197 4202//4202
f 4201//4201 4196//4196 4197//4197
f 4206//4206 4208//4208 4210//4210
f 4206//4206 4202//4202 4208//4208
f 4206//4206 4201//4201 4202//4202
f 4213//4213 4210//4210 4215//4215
f 4213//4213 4206//4206 4210//4210
f 4216//4216 4215//4215 4219//4219
f 4216//4216 4213//4213 4215//4215
f 4221//4221 4219//4219 4223//4223
f 4221//4221 4216//4216 4219//4219
f 4225//4225 4221//4221 4223//4223
f 4227//4227 4225//4225 4223//4223
f 4227//4227 4223//4223 4229//4229
f 4232//4232 4234//4234 4236//4236
f 4232//4232 4229//4229 4234//4234
f 4232//4232 4227//4227 4229//4229
f 4239//4239 4232//4232 4236//4236
f 4241//4241 4236//4236 4242//4242
f 4241//4241 4239//4239 4236//4236
f 4244//4244 4246//4246 4248//4248
f 4244//4244 4242//4242 4246//4246
f 4244//4244 4241//4241 4242//4242
f 4251//4251 4244//4244 4248//4248
f 4253//4253 4248//4248 4255//4255
f 4253//4253 4251//4251 4248//4248
f 4081//4081 4255//4255 4076//4076
f 4081//4081 4253//4253 4255//4255
f 4256//4256 4243//4243 4237//4237
f 4256//4256 4237//4237 4235//4235
f 4258//4258 4235//4235 4231//4231
f 4258//4258 4256//4256 4235//4235
f 4261//4261 4247//4247 4243//4243
f 4261//4261 4243//4243 4256//4256
f 4264//4264 4258//4258 4231//4231
f 4262//4262 4230//4230 4222//4222
f 4266//4266 4249//4249 4247//4247
f 4266//4266 4247//4247 4261//4261
f 4267//4267 4224//4224 4218//4218
f 4267//4267 4264//4264 4224//4224
f 4270//4270 4249//4249 4266//4266
f 4270//4270 4254//4254 4249//4249
f 4271//4271 4218//4218 4214//4214
f 4271//4271 4214//4214 4211//4211
f 4271//4271 4267//4267 4218//4218
f 3998//3998 4078//4078 4254//4254
f 3998//3998 4254//4254 4270//4270
f 3998//3998 4079//4079 4078//4078
f 4273//4273 4211//4211 4209//4209
f 4273//4273 4271//4271 4211//4211
f 3990//3990 4079//4079 3998//3998
f 3990//3990 4086//4086 4079//4079
f 4275//4275 4209//4209 4204//4204
f 4275//4275 4273//4273 4209//4209
f 4001//4001 4086//4086 3990//3990
f 4001//4001 4090//4090 4086//4086
f 4280//4280 4205//4205 4199//4199
f 4281//4281 4276//4276 4203//4203
f 4009//4009 4090//4090 4001//4001
f 4009//4009 4092//4092 4090//4090
f 4283//4283 4198//4198 4194//4194
f 4283//4283 4279//4279 4198//4198
f 4010//4010 4097//4097 4092//4092
f 4012//4012 4094//4094 4007//4007
f 4284//4284 4283//4283 4194//4194
f 4190//4190 4284//4284 4194//4194
f 4104//4104 4097//4097 4010//4010
f 4104//4104 4010//4010 4015//4015
f 4184//4184 4284//4284 4190//4190
f 4184//4184 4286//4286 4284//4284
f 4107//4107 4104//4104 4015//4015
f 4107//4107 4015//4015 4019//4019
f 4181//4181 4289//4289 4286//4286
f 4181//4181 4286//4286 4184//4184
f 4111//4111 4019//4019 4024//4024
f 4111//4111 4107//4107 4019//4019
f 4176//4176 4291//4291 4289//4289
f 4176//4176 4289//4289 4181//4181
f 4115//4115 4024//4024 4028//4028
f 4115//4115 4111//4111 4024//4024
f 4174//4174 4068//4068 4291//4291
f 4174//4174 4291//4291 4176//4176
f 4120//4120 4115//4115 4028//4028
f 4170//4170 4068//4068 4174//4174
f 4122//4122 4120//4120 4028//4028
f 4122//4122 4028//4028 4033//4033
f 4162//4162 4066//4066 4068//4068
f 4162//4162 4068//4068 4170//4170
f 4127//4127 4122//4122 4033//4033
f 4127//4127 4033//4033 4036//4036
f 4158//4158 4066//4066 4162//4162
f 4158//4158 4058//4058 4066//4066
f 4130//4130 4127//4127 4036//4036
f 4130//4130 4036//4036 4042//4042
f 4156//4156 4058//4058 4158//4158
f 4156//4156 4054//4054 4058//4058
f 4135//4135 4131//4131 4043//4043
f 4134//4134 4042//4042 4048//4048
f 4151//4151 4054//4054 4156//4156
f 4151//4151 4051//4051 4054//4054
f 4144//4144 4136//4136 4049//4049
f 4143//4143 4048//4048 4051//4051
f 4145//4145 4051//4051 4151//4151
f 4145//4145 4143//4143 4051//4051
f 4252//4252 4245//4245 4250//4250
f 4074//4074 4252//4252 4083//4083
f 4074//4074 4240//4240 4245//4245
f 4074//4074 4238//4238 4240//4240
f 4074//4074 4245//4245 4252//4252
f 4207//4207 4226//4226 4228//4228
f 4207//4207 4220//4220 4226//4226
f 4207//4207 4217//4217 4220//4220
f 4207//4207 4212//4212 4217//4217
f 4089//4089 4074//4074 4084//4084
f 4100//4100 4089//4089 4096//4096
f 4100//4100 4233//4233 4238//4238
f 4100//4100 4238//4238 4074//4074
f 4100//4100 4074//4074 4089//4089
f 4187//4187 4200//4200 4207//4207
f 4187//4187 4195//4195 4200//4200
f 4187//4187 4191//4191 4195//4195
f 4106//4106 4100//4100 4102//4102
f 4180//4180 4186//4186 4187//4187
f 4180//4180 4207//4207 4228//4228
f 4180//4180 4187//4187 4207//4207
f 4109//4109 4228//4228 4233//4233
f 4109//4109 4233//4233 4100//4100
f 4109//4109 4100//4100 4106//4106
f 4109//4109 4180//4180 4228//4228
f 4117//4117 4109//4109 4113//4113
f 4125//4125 4117//4117 4124//4124
f 4133//4133 4117//4117 4125//4125
f 4149//4149 4163//4163 4167//4167
f 4149//4149 4160//4160 4163//4163
f 4149//4149 4153//4153 4160//4160
f 4149//4149 4167//4167 4171//4171
f 4147//4147 4109//4109 4117//4117
f 4147//4147 4138//4138 4141//4141
f 4147//4147 4133//4133 4138//4138
f 4147//4147 4117//4117 4133//4133
f 4147//4147 4149//4149 4171//4171
f 4147//4147 4177//4177 4180//4180
f 4147//4147 4171//4171 4177//4177
f 4147//4147 4180//4180 4109//4109
f 4290//4290 4067//4067 4070//4070
f 4290//4290 4070//4070 4292//4292
f 4288//4288 4292//4292 4296//4296
f 4288//4288 4290//4290 4292//4292
f 4287//4287 4296//4296 4297//4297
f 4287//4287 4288//4288 4296//4296
f 4285//4285 4297//4297 4299//4299
f 4285//4285 4287//4287 4297//4297
f 4282//4282 4299//4299 4301//4301
f 4282//4282 4285//4285 4299//4299
f 4278//4278 4303//4303 4305//4305
f 4278//4278 4301//4301 4303//4303
f 4278//4278 4282//4282 4301//4301
f 4277//4277 4278//4278 4305//4305
f 4274//4274 4308//4308 4311//4311
f 4274//4274 4305//4305 4308//4308
f 4274//4274 4277//4277 4305//4305
f 4272//4272 4274//4274 4311//4311
f 4268//4268 4311//4311 4312//4312
f 4268//4268 4272//4272 4311//4311
f 4263//4263 4312//4312 4314//4314
f 4263//4263 4268//4268 4312//4312
f 4259//4259 4314//4314 4317//4317
f 4259//4259 4263//4263 4314//4314
f 4257//4257 4319//4319 4321//4321
f 4257//4257 4317//4317 4319//4319
f 4257//4257 4259//4259 4317//4317
f 4260//4260 4257//4257 4321//4321
f 4265//4265 4323//4323 4327//4327
f 4265//4265 4321//4321 4323//4323
f 4265//4265 4260//4260 4321//4321
f 4269//4269 4265//4265 4327//4327
f 4000//4000 4327//4327 3993//3993
f 4000//4000 4269//4269 4327//4327
f 3986//3986 3984//3984 4330//4330
f 4332//4332 3986//3986 4330//4330
f 4336//4336 4340//4340 4344//4344
f 4336//4336 4330//4330 4340//4340
f 4336//4336 4332//4332 4330//4330
f 4347//4347 4336//4336 4344//4344
f 4348//4348 4344//4344 4351//4351
f 4348//4348 4347//4347 4344//4344
f 4352//4352 4351//4351 4354//4354
f 4352//4352 4348//4348 4351//4351
f 4358//4358 4354//4354 4360//4360
f 4358//4358 4352//4352 4354//4354
f 4366//4366 4360//4360 4367//4367
f 4366//4366 4358//4358 4360//4360
f 4371//4371 4367//4367 4374//4374
f 4371//4371 4366//4366 4367//4367
f 4377//4377 4378//4378 4381//4381
f 4377//4377 4374//4374 4378//4378
f 4377//4377 4371//4371 4374//4374
f 4386//4386 4377//4377 4381//4381
f 4388//4388 4381//4381 4392//4392
f 4388//4388 4386//4386 4381//4381
f 4394//4394 4392//4392 4400//4400
f 4394//4394 4388//4388 4392//4392
f 4404//4404 4400//4400 4407//4407
f 4404//4404 4394//4394 4400//4400
f 4408//4408 4407//4407 4410//4410
f 4408//4408 4404//4404 4407//4407
f 4414//4414 4408//4408 4410//4410
f 4414//4414 4415//4415 4422//4422
f 4414//4414 4410//4410 4415//4415
f 4424//4424 4414//4414 4422//4422
f 4428//4428 4432//4432 3884//3884
f 4428//4428 4422//4422 4432//4432
f 4428//4428 4424//4424 4422//4422
f 3889//3889 4428//4428 3884//3884
f 4398//4398 4411//4411 4406//4406
f 4419//4419 4416//4416 4411//4411
f 4421//4421 4412//4412 4401//4401
f 3885//3885 3883//3883 4430//4430
f 4369//4369 4384//4384 4379//4379
f 4368//4368 4380//4380 4373//4373
f 3897//3897 4431//4431 4420//4420
f 3896//3896 3887//3887 4429//4429
f 4362//4362 4398//4398 4393//4393
f 4359//4359 4391//4391 4382//4382
f 4364//4364 4383//4383 4370//4370
f 3907//3907 3901//3901 3895//3895
f 3908//3908 3898//3898 4423//4423
f 4343//4343 4363//4363 4356//4356
f 4345//4345 4355//4355 4350//4350
f 3917//3917 3911//3911 3907//3907
f 4339//4339 4398//4398 4362//4362
f 4341//4341 4361//4361 4342//4342
f 3979//3979 4329//4329 3985//3985
f 3943//3943 3935//3935 3930//3930
f 3939//3939 3931//3931 3925//3925
f 3940//3940 3926//3926 3919//3919
f 3940//3940 3919//3919 3917//3917
f 3946//3946 4417//4417 4399//4399
f 3941//3941 3905//3905 4418//4418
f 3940//3940 3917//3917 3907//3907
f 3962//3962 4337//4337 4331//4331
f 3961//3961 3982//3982 3974//3974
f 3963//3963 3973//3973 3968//3968
f 3965//3965 4403//4403 4338//4338
f 3964//3964 4328//4328 3981//3981
f 3951//3951 4397//4397 3959//3959
f 3953//3953 3950//3950 3942//3942
f 3954//3954 3945//3945 4402//4402
f 4320//4320 4405//4405 4409//4409
f 4318//4318 4396//4396 4405//4405
f 4318//4318 4405//4405 4320//4320
f 4322//4322 4409//4409 4413//4413
f 4322//4322 4320//4320 4409//4409
f 4316//4316 4390//4390 4395//4395
f 4315//4315 4396//4396 4318//4318
f 4324//4324 4413//4413 4425//4425
f 4324//4324 4322//4322 4413//4413
f 4313//4313 4385//4385 4389//4389
f 4313//4313 4389//4389 4315//4315
f 4326//4326 4425//4425 4427//4427
f 4326//4326 4324//4324 4425//4425
f 4309//4309 4376//4376 4387//4387
f 4310//4310 4385//4385 4313//4313
f 3992//3992 4325//4325 4426//4426
f 3994//3994 4427//4427 3890//3890
f 4307//4307 4375//4375 4310//4310
f 4372//4372 4375//4375 4307//4307
f 3881//3881 3994//3994 3890//3890
f 3995//3995 3994//3994 3881//3881
f 4306//4306 4372//4372 4307//4307
f 4365//4365 4372//4372 4306//4306
f 3893//3893 3997//3997 3880//3880
f 4003//4003 3995//3995 3892//3892
f 4304//4304 4365//4365 4306//4306
f 4357//4357 4365//4365 4304//4304
f 3899//3899 4003//4003 3892//3892
f 4006//4006 4003//4003 3899//3899
f 4302//4302 4357//4357 4304//4304
f 4353//4353 4357//4357 4302//4302
f 3904//3904 4006//4006 3899//3899
f 4013//4013 4006//4006 3904//3904
f 4300//4300 4353//4353 4302//4302
f 4349//4349 4353//4353 4300//4300
f 3909//3909 4013//4013 3904//3904
f 4017//4017 4013//4013 3909//3909
f 4298//4298 4349//4349 4300//4300
f 4346//4346 4349//4349 4298//4298
f 3915//3915 4017//4017 3909//3909
f 4021//4021 4017//4017 3915//3915
f 4295//4295 4346//4346 4298//4298
f 4335//4335 4346//4346 4295//4295
f 3922//3922 4023//4023 3914//3914
f 4027//4027 4021//4021 3920//3920
f 4293//4293 4335//4335 4295//4295
f 4334//4334 4335//4335 4293//4293
f 3924//3924 4027//4027 3920//3920
f 4030//4030 4027//4027 3924//3924
f 4071//4071 4333//4333 4294//4294
f 3929//3929 4035//4035 4030//4030
f 3929//3929 4030//4030 3924//3924
f 3988//3988 4334//4334 4072//4072
f 3934//3934 4038//4038 4035//4035
f 3934//3934 4035//4035 3929//3929
f 3978//3978 4072//4072 4063//4063
f 3978//3978 3988//3988 4072//4072
f 3937//3937 4041//4041 4038//4038
f 3937//3937 4038//4038 3934//3934
f 3971//3971 4063//4063 4061//4061
f 3970//3970 3977//3977 4062//4062
f 3947//3947 4046//4046 4041//4041
f 3947//3947 4041//4041 3937//3937
f 3967//3967 4061//4061 4056//4056
f 3967//3967 3971//3971 4061//4061
f 3958//3958 3967//3967 4056//4056
f 3958//3958 4056//4056 4052//4052
f 3956//3956 3958//3958 4052//4052
f 3956//3956 4052//4052 4046//4046
f 3956//3956 4046//4046 3947//3947
f 4433//4433 4437//4437 4439//4439
f 4433//4433 4443//4443 4437//4437
f 4446//4446 4439//4439 4450//4450
f 4446//4446 4433//4433 4439//4439
f 4453//4453 4450//4450 4456//4456
f 4453//4453 4446//4446 4450//4450
f 4458//4458 4456//4456 4461//4461
f 4458//4458 4453//4453 4456//4456
f 4463//4463 4461//4461 4465//4465
f 4463//4463 4458//4458 4461//4461
f 4467//4467 4470//4470 4473//4473
f 4467//4467 4465//4465 4470//4470
f 4467//4467 4463//4463 4465//4465
f 4476//4476 4467//4467 4473//4473
f 4477//4477 4473//4473 4481//4481
f 4477//4477 4476//4476 4473//4473
f 4483//4483 4481//4481 4485//4485
f 4483//4483 4477//4477 4481//4481
f 4487//4487 4485//4485 4490//4490
f 4487//4487 4483//4483 4485//4485
f 4491//4491 4490//4490 4496//4496
f 4491//4491 4487//4487 4490//4490
f 4502//4502 4503//4503 4508//4508
f 4502//4502 4496//4496 4503//4503
f 4502//4502 4491//4491 4496//4496
f 4509//4509 4502//4502 4508//4508
f 4511//4511 4508//4508 4513//4513
f 4511//4511 4509//4509 4508//4508
f 4521//4521 4511//4511 4513//4513
f 4521//4521 4513//4513 4523//4523
f 4526//4526 4521//4521 4523//4523
f 4526//4526 4523//4523 4528//4528
f 4532//4532 4533//4533 4538//4538
f 4532//4532 4528//4528 4533//4533
f 4532//4532 4526//4526 4528//4528
f 4542//4542 4532//4532 4538//4538
f 4543//4543 4548//4548 4549//4549
f 4543//4543 4554//4554 4548//4548
f 4555//4555 4558//4558 4559//4559
f 4555//4555 4549//4549 4558//4558
f 4555//4555 4543//4543 4549//4549
f 4562//4562 4555//4555 4559//4559
f 4564//4564 4559//4559 4568//4568
f 4564//4564 4562//4562 4559//4559
f 4569//4569 4568//4568 4572//4572
f 4569//4569 4564//4564 4568//4568
f 4573//4573 4572//4572 4576//4576
f 4573//4573 4569//4569 4572//4572
f 4579//4579 4576//4576 4581//4581
f 4579//4579 4573//4573 4576//4576
f 4582//4582 4581//4581 4584//4584
f 4582//4582 4579//4579 4581//4581
f 4587//4587 4584//4584 4588//4588
f 4587//4587 4582//4582 4584//4584
f 4590//4590 4592//4592 4594//4594
f 4590//4590 4588//4588 4592//4592
f 4590//4590 4587//4587 4588//4588
f 4598//4598 4594//4594 4599//4599
f 4598//4598 4590//4590 4594//4594
f 4602//4602 4598//4598 4599//4599
f 4605//4605 4599//4599 4607//4607
f 4605//4605 4602//4602 4599//4599
f 4609//4609 4607//4607 4611//4611
f 4609//4609 4605//4605 4607//4607
f 4612//4612 4615//4615 4618//4618
f 4612//4612 4611//4611 4615//4615
f 4612//4612 4609//4609 4611//4611
f 4620//4620 4612//4612 4618//4618
f 4621//4621 4618//4618 4625//4625
f 4621//4621 4620//4620 4618//4618
f 4628//4628 4632//4632 4634//4634
f 4628//4628 4635//4635 4632//4632
f 4638//4638 4634//4634 4641//4641
f 4638//4638 4628//4628 4634//4634
f 4643//4643 4644//4644 4646//4646
f 4643//4643 4641//4641 4644//4644
f 4643//4643 4638//4638 4641//4641
f 4650//4650 4646//4646 4652//4652
f 4650//4650 4643//4643 4646//4646
f 4653//4653 4650//4650 4652//4652
f 4656//4656 4652//4652 4657//4657
f 4656//4656 4653//4653 4652//4652
f 4660//4660 4657//4657 4662//4662
f 4660//4660 4656//4656 4657//4657
f 4663//4663 4662//4662 4666//4666
f 4663//4663 4660//4660 4662//4662
f 4667//4667 4666//4666 4670//4670
f 4667//4667 4663//4663 4666//4666
f 4672//4672 4674//4674 4676//4676
f 4672//4672 4670//4670 4674//4674
f 4672//4672 4667//4667 4670//4670
f 4677//4677 4672//4672 4676//4676
f 4680//4680 4681//4681 4684//4684
f 4680//4680 4676//4676 4681//4681
f 4680//4680 4677//4677 4676//4676
f 4686//4686 4684//4684 4690//4690
f 4686//4686 4680//4680 4684//4684
f 4692//4692 4686//4686 4690//4690
f 4695//4695 4692//4692 4690//4690
f 4695//4695 4696//4696 4699//4699
f 4695//4695 4690//4690 4696//4696
f 4701//4701 4695//4695 4699//4699
f 4704//4704 4699//4699 4706//4706
f 4704//4704 4701//4701 4699//4699
f 4708//4708 4710//4710 4711//4711
f 4708//4708 4706//4706 4710//4710
f 4708//4708 4704//4704 4706//4706
f 4714//4714 4711//4711 4716//4716
f 4714//4714 4708//4708 4711//4711
f 4718//4718 4714//4714 4716//4716
f 4720//4720 4716//4716 4724//4724
f 4720//4720 4718//4718 4716//4716
f 4726//4726 4719//4719 4722//4722
f 4726//4726 4728//4728 4730//4730
f 4726//4726 4722//4722 4728//4728
f 4731//4731 4726//4726 4730//4730
f 4734//4734 4736//4736 4738//4738
f 4734//4734 4730//4730 4736//4736
f 4734//4734 4731//4731 4730//4730
f 4740//4740 4734//4734 4738//4738
f 4742//4742 4738//4738 4744//4744
f 4742//4742 4740//4740 4738//4738
f 4745//4745 4744//4744 4748//4748
f 4745//4745 4742//4742 4744//4744
f 4750//4750 4748//4748 4753//4753
f 4750//4750 4745//4745 4748//4748
f 4755//4755 4753//4753 4756//4756
f 4755//4755 4750//4750 4753//4753
f 4761//4761 4762//4762 4765//4765
f 4761//4761 4756//4756 4762//4762
f 4761//4761 4755//4755 4756//4756
f 4766//4766 4765//4765 4768//4768
f 4766//4766 4761//4761 4765//4765
f 4770//4770 4768//4768 4772//4772
f 4770//4770 4766//4766 4768//4768
f 4775//4775 4772//4772 4777//4777
f 4775//4775 4770//4770 4772//4772
f 4780//4780 4775//4775 4777//4777
f 4782//4782 4780//4780 4777//4777
f 4782//4782 4777//4777 4783//4783
f 4786//4786 4788//4788 4790//4790
f 4786//4786 4783//4783 4788//4788
f 4786//4786 4782//4782 4783//4783
f 4793//4793 4786//4786 4790//4790
f 4795//4795 4790//4790 4796//4796
f 4795//4795 4793//4793 4790//4790
f 4798//4798 4801//4801 4803//4803
f 4798//4798 4796//4796 4801//4801
f 4798//4798 4795//4795 4796//4796
f 4805//4805 4798//4798 4803//4803
f 4806//4806 4803//4803 4808//4808
f 4806//4806 4805//4805 4803//4803
f 4636//4636 4808//4808 4630//4630
f 4636//4636 4806//4806 4808//4808
f 4811//4811 4797//4797 4791//4791
f 4811//4811 4791//4791 4789//4789
f 4812//4812 4789//4789 4785//4785
f 4812//4812 4811//4811 4789//4789
f 4814//4814 4800//4800 4797//4797
f 4814//4814 4797//4797 4811//4811
f 4818//4818 4812//4812 4785//4785
f 4817//4817 4784//4784 4778//4778
f 4819//4819 4802//4802 4800//4800
f 4819//4819 4800//4800 4814//4814
f 4822//4822 4776//4776 4773//4773
f 4822//4822 4818//4818 4776//4776
f 4824//4824 4802//4802 4819//4819
f 4824//4824 4809//4809 4802//4802
f 4825//4825 4773//4773 4769//4769
f 4825//4825 4769//4769 4764//4764
f 4825//4825 4822//4822 4773//4773
f 4553//4553 4631//4631 4809//4809
f 4553//4553 4809//4809 4824//4824
f 4553//4553 4633//4633 4631//4631
f 4828//4828 4764//4764 4763//4763
f 4828//4828 4825//4825 4764//4764
f 4544//4544 4633//4633 4553//4553
f 4544//4544 4640//4640 4633//4633
f 4830//4830 4763//4763 4758//4758
f 4830//4830 4828//4828 4763//4763
f 4556//4556 4640//4640 4544//4544
f 4556//4556 4645//4645 4640//4640
f 4834//4834 4759//4759 4752//4752
f 4833//4833 4831//4831 4757//4757
f 4561//4561 4645//4645 4556//4556
f 4561//4561 4647//4647 4645//4645
f 4836//4836 4751//4751 4747//4747
f 4836//4836 4832//4832 4751//4751
f 4566//4566 4651//4651 4647//4647
f 4565//4565 4648//4648 4563//4563
f 4838//4838 4836//4836 4747//4747
f 4743//4743 4838//4838 4747//4747
f 4658//4658 4651//4651 4566//4566
f 4658//4658 4566//4566 4570//4570
f 4737//4737 4838//4838 4743//4743
f 4737//4737 4841//4841 4838//4838
f 4661//4661 4658//4658 4570//4570
f 4661//4661 4570//4570 4574//4574
f 4735//4735 4843//4843 4841//4841
f 4735//4735 4841//4841 4737//4737
f 4665//4665 4574//4574 4578//4578
f 4665//4665 4661//4661 4574//4574
f 4729//4729 4844//4844 4843//4843
f 4729//4729 4843//4843 4735//4735
f 4669//4669 4578//4578 4583//4583
f 4669//4669 4665//4665 4578//4578
f 4727//4727 4623//4623 4844//4844
f 4727//4727 4844//4844 4729//4729
f 4673//4673 4669//4669 4583//4583
f 4723//4723 4623//4623 4727//4727
f 4675//4675 4673//4673 4583//4583
f 4675//4675 4583//4583 4586//4586
f 4715//4715 4619//4619 4623//4623
f 4715//4715 4623//4623 4723//4723
f 4682//4682 4675//4675 4586//4586
f 4682//4682 4586//4586 4591//4591
f 4712//4712 4619//4619 4715//4715
f 4712//4712 4613//4613 4619//4619
f 4683//4683 4682//4682 4591//4591
f 4683//4683 4591//4591 4597//4597
f 4709//4709 4613//4613 4712//4712
f 4709//4709 4608//4608 4613//4613
f 4689//4689 4685//4685 4596//4596
f 4688//4688 4597//4597 4603//4603
f 4705//4705 4608//4608 4709//4709
f 4705//4705 4604//4604 4608//4608
f 4697//4697 4691//4691 4601//4601
f 4698//4698 4603//4603 4604//4604
f 4700//4700 4604//4604 4705//4705
f 4700//4700 4698//4698 4604//4604
f 4807//4807 4799//4799 4804//4804
f 4629//4629 4807//4807 4637//4637
f 4629//4629 4794//4794 4799//4799
f 4629//4629 4792//4792 4794//4794
f 4629//4629 4799//4799 4807//4807
f 4760//4760 4779//4779 4781//4781
f 4760//4760 4774//4774 4779//4779
f 4760//4760 4771//4771 4774//4774
f 4760//4760 4767//4767 4771//4771
f 4642//4642 4629//4629 4639//4639
f 4654//4654 4642//4642 4649//4649
f 4654//4654 4787//4787 4792//4792
f 4654//4654 4792//4792 4629//4629
f 4654//4654 4629//4629 4642//4642
f 4741//4741 4754//4754 4760//4760
f 4741//4741 4749//4749 4754//4754
f 4741//4741 4746//4746 4749//4749
f 4659//4659 4654//4654 4655//4655
f 4733//4733 4739//4739 4741//4741
f 4733//4733 4760//4760 4781//4781
f 4733//4733 4741//4741 4760//4760
f 4664//4664 4781//4781 4787//4787
f 4664//4664 4787//4787 4654//4654
f 4664//4664 4654//4654 4659//4659
f 4664//4664 4733//4733 4781//4781
f 4671//4671 4664//4664 4668//4668
f 4679//4679 4671//4671 4678//4678
f 4687//4687 4671//4671 4679//4679
f 4703//4703 4717//4717 4721//4721
f 4703//4703 4713//4713 4717//4717
f 4703//4703 4707//4707 4713//4713
f 4703//4703 4721//4721 4725//4725
f 4702//4702 4664//4664 4671//4671
f 4702//4702 4693//4693 4694//4694
f 4702//4702 4687//4687 4693//4693
f 4702//4702 4671//4671 4687//4687
f 4702//4702 4703//4703 4725//4725
f 4702//4702 4732//4732 4733//4733
f 4702//4702 4725//4725 4732//4732
f 4702//4702 4733//4733 4664//4664
f 4845//4845 4622//4622 4624//4624
f 4845//4845 4624//4624 4848//4848
f 4842//4842 4848//4848 4849//4849
f 4842//4842 4845//4845 4848//4848
f 4840//4840 4849//4849 4852//4852
f 4840//4840 4842//4842 4849//4849
f 4839//4839 4852//4852 4854//4854
f 4839//4839 4840//4840 4852//4852
f 4837//4837 4854//4854 4855//4855
f 4837//4837 4839//4839 4854//4854
f 4835//4835 4857//4857 4859//4859
f 4835//4835 4855//4855 4857//4857
f 4835//4835 4837//4837 4855//4855
f 4829//4829 4835//4835 4859//4859
f 4827//4827 4861//4861 4863//4863
f 4827//4827 4859//4859 4861//4861
f 4827//4827 4829//4829 4859//4859
f 4826//4826 4827//4827 4863//4863
f 4821//4821 4863//4863 4867//4867
f 4821//4821 4826//4826 4863//4863
f 4816//4816 4867//4867 4869//4869
f 4816//4816 4821//4821 4867//4867
f 4813//4813 4869//4869 4872//4872
f 4813//4813 4816//4816 4869//4869
f 4810//4810 4874//4874 4875//4875
f 4810//4810 4872//4872 4874//4874
f 4810//4810 4813//4813 4872//4872
f 4815//4815 4810//4810 4875//4875
f 4820//4820 4877//4877 4879//4879
f 4820//4820 4875//4875 4877//4877
f 4820//4820 4815//4815 4875//4875
f 4823//4823 4820//4820 4879//4879
f 4552//4552 4879//4879 4547//4547
f 4552//4552 4823//4823 4879//4879
f 4540//4540 4537//4537 4882//4882
f 4888//4888 4540//4540 4882//4882
f 4890//4890 4895//4895 4898//4898
f 4890//4890 4882//4882 4895//4895
f 4890//4890 4888//4888 4882//4882
f 4900//4900 4890//4890 4898//4898
f 4902//4902 4898//4898 4904//4904
f 4902//4902 4900//4900 4898//4898
f 4907//4907 4904//4904 4909//4909
f 4907//4907 4902//4902 4904//4904
f 4912//4912 4909//4909 4917//4917
f 4912//4912 4907//4907 4909//4909
f 4919//4919 4917//4917 4924//4924
f 4919//4919 4912//4912 4917//4917
f 4925//4925 4924//4924 4927//4927
f 4925//4925 4919//4919 4924//4924
f 4929//4929 4932//4932 4938//4938
f 4929//4929 4927//4927 4932//4932
f 4929//4929 4925//4925 4927//4927
f 4940//4940 4929//4929 4938//4938
f 4943//4943 4938//4938 4945//4945
f 4943//4943 4940//4940 4938//4938
f 4949//4949 4945//4945 4952//4952
f 4949//4949 4943//4943 4945//4945
f 4959//4959 4952//4952 4961//4961
f 4959//4959 4949//4949 4952//4952
f 4962//4962 4961//4961 4964//4964
f 4962//4962 4959//4959 4961//4961
f 4967//4967 4962//4962 4964//4964
f 4967//4967 4969//4969 4973//4973
f 4967//4967 4964//4964 4969//4969
f 4979//4979 4967//4967 4973//4973
f 4981//4981 4985//4985 4436//4436
f 4981//4981 4973//4973 4985//4985
f 4981//4981 4979//4979 4973//4973
f 4442//4442 4981//4981 4436//4436
f 4951//4951 4965//4965 4960//4960
f 4977//4977 4970//4970 4965//4965
f 4971//4971 4966//4966 4953//4953
f 4441//4441 4438//4438 4984//4984
f 4923//4923 4935//4935 4934//4934
f 4921//4921 4933//4933 4928//4928
f 4448//4448 4986//4986 4976//4976
f 4451//4451 4440//4440 4983//4983
f 4913//4913 4951//4951 4946//4946
f 4918//4918 4947//4947 4936//4936
f 4914//4914 4937//4937 4922//4922
f 4459//4459 4455//4455 4452//4452
f 4462//4462 4449//4449 4972//4972
f 4899//4899 4915//4915 4910//4910
f 4897//4897 4908//4908 4905//4905
f 4471//4471 4466//4466 4459//4459
f 4891//4891 4951//4951 4913//4913
f 4892//4892 4916//4916 4896//4896
f 4535//4535 4883//4883 4539//4539
f 4499//4499 4489//4489 4484//4484
f 4494//4494 4486//4486 4479//4479
f 4497//4497 4480//4480 4472//4472
f 4497//4497 4472//4472 4471//4471
f 4500//4500 4975//4975 4954//4954
f 4495//4495 4460//4460 4974//4974
f 4497//4497 4471//4471 4459//4459
f 4514//4514 4894//4894 4885//4885
f 4519//4519 4536//4536 4529//4529
f 4518//4518 4527//4527 4522//4522
f 4516//4516 4956//4956 4893//4893
f 4517//4517 4884//4884 4534//4534
f 4505//4505 4957//4957 4515//4515
f 4507//4507 4504//4504 4498//4498
f 4506//4506 4493//4493 4955//4955
f 4873//4873 4958//4958 4963//4963
f 4871//4871 4950//4950 4958//4958
f 4871//4871 4958//4958 4873//4873
f 4876//4876 4963//4963 4968//4968
f 4876//4876 4873//4873 4963//4963
f 4870//4870 4942//4942 4948//4948
f 4868//4868 4950//4950 4871//4871
f 4878//4878 4968//4968 4978//4978
f 4878//4878 4876//4876 4968//4968
f 4866//4866 4941//4941 4944//4944
f 4866//4866 4944//4944 4868//4868
f 4880//4880 4978//4978 4980//4980
f 4880//4880 4878//4878 4978//4978
f 4865//4865 4931//4931 4939//4939
f 4864//4864 4941//4941 4866//4866
f 4545//4545 4881//4881 4982//4982
f 4546//4546 4980//4980 4444//4444
f 4862//4862 4930//4930 4864//4864
f 4926//4926 4930//4930 4862//4862
f 4434//4434 4546//4546 4444//4444
f 4551//4551 4546//4546 4434//4434
f 4860//4860 4926//4926 4862//4862
f 4920//4920 4926//4926 4860//4860
f 4447//4447 4550//4550 4435//4435
f 4557//4557 4551//4551 4445//4445
f 4858//4858 4920//4920 4860//4860
f 4911//4911 4920//4920 4858//4858
f 4454//4454 4557//4557 4445//4445
f 4560//4560 4557//4557 4454//4454
f 4856//4856 4911//4911 4858//4858
f 4906//4906 4911//4911 4856//4856
f 4457//4457 4560//4560 4454//4454
f 4567//4567 4560//4560 4457//4457
f 4853//4853 4906//4906 4856//4856
f 4903//4903 4906//4906 4853//4853
f 4464//4464 4567//4567 4457//4457
f 4571//4571 4567//4567 4464//4464
f 4851//4851 4903//4903 4853//4853
f 4901//4901 4903//4903 4851//4851
f 4468//4468 4571//4571 4464//4464
f 4577//4577 4571//4571 4468//4468
f 4850//4850 4901//4901 4851//4851
f 4889//4889 4901//4901 4850//4850
f 4475//4475 4575//4575 4469//4469
f 4580//4580 4577//4577 4474//4474
f 4846//4846 4889//4889 4850//4850
f 4886//4886 4889//4889 4846//4846
f 4478//4478 4580//4580 4474//4474
f 4585//4585 4580//4580 4478//4478
f 4626//4626 4887//4887 4847//4847
f 4482//4482 4589//4589 4585//4585
f 4482//4482 4585//4585 4478//4478
f 4541//4541 4886//4886 4627//4627
f 4488//4488 4593//4593 4589//4589
f 4488//4488 4589//4589 4482//4482
f 4531//4531 4627//4627 4616//4616
f 4531//4531 4541//4541 4627//4627
f 4492//4492 4595//4595 4593//4593
f 4492//4492 4593//4593 4488//4488
f 4525//4525 4616//4616 4614//4614
f 4524//4524 4530//4530 4617//4617
f 4501//4501 4600//4600 4595//4595
f 4501//4501 4595//4595 4492//4492
f 4520//4520 4614//4614 4610//4610
f 4520//4520 4525//4525 4614//4614
f 4512//4512 4520//4520 4610//4610
f 4512//4512 4610//4610 4606//4606
f 4510//4510 4512//4512 4606//4606
f 4510//4510 4606//4606 4600//4600
f 4510//4510 4600//4600 4501//4501
f 4988//4988 4990//4990 4993//4993
f 4988//4988 4998//4998 4990//4990
f 5000//5000 4993//4993 5004//5004
f 5000//5000 4988//4988 4993//4993
f 5008//5008 5004//5004 5010//5010
f 5008//5008 5000//5000 5004//5004
f 5011//5011 5010//5010 5016//5016
f 5011//5011 5008//5008 5010//5010
f 5018//5018 5016//5016 5020//5020
f 5018//5018 5011//5011 5016//5016
f 5022//5022 5025//5025 5026//5026
f 5022//5022 5020//5020 5025//5025
f 5022//5022 5018//5018 5020//5020
f 5028//5028 5022//5022 5026//5026
f 5031//5031 5026//5026 5034//5034
f 5031//5031 5028//5028 5026//5026
f 5036//5036 5034//5034 5038//5038
f 5036//5036 5031//5031 5034//5034
f 5042//5042 5038//5038 5044//5044
f 5042//5042 5036//5036 5038//5038
f 5045//5045 5044//5044 5050//5050
f 5045//5045 5042//5042 5044//5044
f 5055//5055 5057//5057 5061//5061
f 5055//5055 5050//5050 5057//5057
f 5055//5055 5045//5045 5050//5050
f 5063//5063 5055//5055 5061//5061
f 5066//5066 5061//5061 5071//5071
f 5066//5066 5063//5063 5061//5061
f 5075//5075 5066//5066 5071//5071
f 5075//5075 5071//5071 5077//5077
f 5080//5080 5075//5075 5077//5077
f 5080//5080 5077//5077 5082//5082
f 5085//5085 5088//5088 5093//5093
f 5085//5085 5082//5082 5088//5088
f 5085//5085 5080//5080 5082//5082
f 5095//5095 5085//5085 5093//5093
f 5097//5097 5099//5099 5104//5104
f 5097//5097 5108//5108 5099//5099
f 5109//5109 5111//5111 5113//5113
f 5109//5109 5104//5104 5111//5111
f 5109//5109 5097//5097 5104//5104
f 5116//5116 5109//5109 5113//5113
f 5118//5118 5113//5113 5121//5121
f 5118//5118 5116//5116 5113//5113
f 5123//5123 5121//5121 5125//5125
f 5123//5123 5118//5118 5121//5121
f 5128//5128 5125//5125 5129//5129
f 5128//5128 5123//5123 5125//5125
f 5132//5132 5129//5129 5135//5135
f 5132//5132 5128//5128 5129//5129
f 5137//5137 5135//5135 5139//5139
f 5137//5137 5132//5132 5135//5135
f 5141//5141 5139//5139 5142//5142
f 5141//5141 5137//5137 5139//5139
f 5145//5145 5146//5146 5148//5148
f 5145//5145 5142//5142 5146//5146
f 5145//5145 5141//5141 5142//5142
f 5151//5151 5148//5148 5153//5153
f 5151//5151 5145//5145 5148//5148
f 5156//5156 5151//5151 5153//5153
f 5159//5159 5153//5153 5160//5160
f 5159//5159 5156//5156 5153//5153
f 5163//5163 5160//5160 5164//5164
f 5163//5163 5159//5159 5160//5160
f 5167//5167 5169//5169 5171//5171
f 5167//5167 5164//5164 5169//5169
f 5167//5167 5163//5163 5164//5164
f 5173//5173 5167//5167 5171//5171
f 5177//5177 5171//5171 5178//5178
f 5177//5177 5173//5173 5171//5171
f 5183//5183 5186//5186 5187//5187
f 5183//5183 5190//5190 5186//5186
f 5193//5193 5187//5187 5195//5195
f 5193//5193 5183//5183 5187//5187
f 5197//5197 5199//5199 5200//5200
f 5197//5197 5195//5195 5199//5199
f 5197//5197 5193//5193 5195//5195
f 5203//5203 5200//5200 5206//5206
f 5203//5203 5197//5197 5200//5200
f 5207//5207 5203//5203 5206//5206
f 5210//5210 5206//5206 5211//5211
f 5210//5210 5207//5207 5206//5206
f 5214//5214 5211//5211 5216//5216
f 5214//5214 5210//5210 5211//5211
f 5218//5218 5216//5216 5219//5219
f 5218//5218 5214//5214 5216//5216
f 5222//5222 5219//5219 5223//5223
f 5222//5222 5218//5218 5219//5219
f 5225//5225 5228//5228 5230//5230
f 5225//5225 5223//5223 5228//5228
f 5225//5225 5222//5222 5223//5223
f 5232//5232 5225//5225 5230//5230
f 5233//5233 5235//5235 5239//5239
f 5233//5233 5230//5230 5235//5235
f 5233//5233 5232//5232 5230//5230
f 5240//5240 5239//5239 5244//5244
f 5240//5240 5233//5233 5239//5239
f 5247//5247 5240//5240 5244//5244
f 5249//5249 5247//5247 5244//5244
f 5249//5249 5252//5252 5253//5253
f 5249//5249 5244//5244 5252//5252
f 5255//5255 5249//5249 5253//5253
f 5258//5258 5253//5253 5260//5260
f 5258//5258 5255//5255 5253//5253
f 5262//5262 5263//5263 5265//5265
f 5262//5262 5260//5260 5263//5263
f 5262//5262 5258//5258 5260//5260
f 5268//5268 5265//5265 5270//5270
f 5268//5268 5262//5262 5265//5265
f 5272//5272 5268//5268 5270//5270
f 5275//5275 5270//5270 5276//5276
f 5275//5275 5272//5272 5270//5270
f 5279//5279 5274//5274 5277//5277
f 5279//5279 5281//5281 5284//5284
f 5279//5279 5277//5277 5281//5281
f 5285//5285 5279//5279 5284//5284
f 5287//5287 5289//5289 5292//5292
f 5287//5287 5284//5284 5289//5289
f 5287//5287 5285//5285 5284//5284
f 5294//5294 5287//5287 5292//5292
f 5296//5296 5292//5292 5297//5297
f 5296//5296 5294//5294 5292//5292
f 5300//5300 5297//5297 5302//5302
f 5300//5300 5296//5296 5297//5297
f 5304//5304 5302//5302 5306//5306
f 5304//5304 5300//5300 5302//5302
f 5309//5309 5306//5306 5312//5312
f 5309//5309 5304//5304 5306//5306
f 5314//5314 5317//5317 5319//5319
f 5314//5314 5312//5312 5317//5317
f 5314//5314 5309//5309 5312//5312
f 5320//5320 5319//5319 5323//5323
f 5320//5320 5314//5314 5319//5319
f 5324//5324 5323//5323 5326//5326
f 5324//5324 5320//5320 5323//5323
f 5328//5328 5326//5326 5332//5332
f 5328//5328 5324//5324 5326//5326
f 5334//5334 5328//5328 5332//5332
f 5336//5336 5334//5334 5332//5332
f 5336//5336 5332//5332 5338//5338
f 5340//5340 5342//5342 5345//5345
f 5340//5340 5338//5338 5342//5342
f 5340//5340 5336//5336 5338//5338
f 5347//5347 5340//5340 5345//5345
f 5349//5349 5345//5345 5350//5350
f 5349//5349 5347//5347 5345//5345
f 5353//5353 5355//5355 5357//5357
f 5353//5353 5350//5350 5355//5355
f 5353//5353 5349//5349 5350//5350
f 5359//5359 5353//5353 5357//5357
f 5361//5361 5357//5357 5363//5363
f 5361//5361 5359//5359 5357//5357
f 5191//5191 5363//5363 5185//5185
f 5191//5191 5361//5361 5363//5363
f 5364//5364 5351//5351 5344//5344
f 5364//5364 5344//5344 5343//5343
f 5366//5366 5343//5343 5339//5339
f 5366//5366 5364//5364 5343//5343
f 5369//5369 5354//5354 5351//5351
f 5369//5369 5351//5351 5364//5364
f 5371//5371 5366//5366 5339//5339
f 5372//5372 5337//5337 5330//5330
f 5373//5373 5356//5356 5354//5354
f 5373//5373 5354//5354 5369//5369
f 5375//5375 5331//5331 5327//5327
f 5375//5375 5371//5371 5331//5331
f 5378//5378 5356//5356 5373//5373
f 5378//5378 5362//5362 5356//5356
f 5379//5379 5327//5327 5322//5322
f 5379//5379 5322//5322 5318//5318
f 5379//5379 5375//5375 5327//5327
f 5106//5106 5184//5184 5362//5362
f 5106//5106 5362//5362 5378//5378
f 5106//5106 5188//5188 5184//5184
f 5381//5381 5318//5318 5316//5316
f 5381//5381 5379//5379 5318//5318
f 5098//5098 5188//5188 5106//5106
f 5098//5098 5194//5194 5188//5188
f 5384//5384 5316//5316 5311//5311
f 5384//5384 5381//5381 5316//5316
f 5110//5110 5194//5194 5098//5098
f 5110//5110 5198//5198 5194//5194
f 5388//5388 5310//5310 5305//5305
f 5386//5386 5383//5383 5313//5313
f 5115//5115 5198//5198 5110//5110
f 5115//5115 5201//5201 5198//5198
f 5391//5391 5307//5307 5301//5301
f 5391//5391 5387//5387 5307//5307
f 5119//5119 5205//5205 5201//5201
f 5120//5120 5202//5202 5117//5117
f 5393//5393 5391//5391 5301//5301
f 5298//5298 5393//5393 5301//5301
f 5212//5212 5205//5205 5119//5119
f 5212//5212 5119//5119 5124//5124
f 5291//5291 5393//5393 5298//5298
f 5291//5291 5394//5394 5393//5393
f 5215//5215 5212//5212 5124//5124
f 5215//5215 5124//5124 5127//5127
f 5290//5290 5396//5396 5394//5394
f 5290//5290 5394//5394 5291//5291
f 5220//5220 5127//5127 5133//5133
f 5220//5220 5215//5215 5127//5127
f 5283//5283 5399//5399 5396//5396
f 5283//5283 5396//5396 5290//5290
f 5224//5224 5133//5133 5136//5136
f 5224//5224 5220//5220 5133//5133
f 5282//5282 5175//5175 5399//5399
f 5282//5282 5399//5399 5283//5283
f 5227//5227 5224//5224 5136//5136
f 5278//5278 5175//5175 5282//5282
f 5229//5229 5227//5227 5136//5136
f 5229//5229 5136//5136 5140//5140
f 5269//5269 5174//5174 5175//5175
f 5269//5269 5175//5175 5278//5278
f 5236//5236 5229//5229 5140//5140
f 5236//5236 5140//5140 5144//5144
f 5266//5266 5174//5174 5269//5269
f 5266//5266 5166//5166 5174//5174
f 5237//5237 5236//5236 5144//5144
f 5237//5237 5144//5144 5150//5150
f 5264//5264 5166//5166 5266//5266
f 5264//5264 5162//5162 5166//5166
f 5242//5242 5238//5238 5152//5152
f 5245//5245 5150//5150 5157//5157
f 5259//5259 5162//5162 5264//5264
f 5259//5259 5158//5158 5162//5162
f 5250//5250 5243//5243 5155//5155
f 5251//5251 5157//5157 5158//5158
f 5254//5254 5158//5158 5259//5259
f 5254//5254 5251//5251 5158//5158
f 5360//5360 5352//5352 5358//5358
f 5182//5182 5360//5360 5189//5189
f 5182//5182 5348//5348 5352//5352
f 5182//5182 5346//5346 5348//5348
f 5182//5182 5352//5352 5360//5360
f 5315//5315 5333//5333 5335//5335
f 5315//5315 5329//5329 5333//5333
f 5315//5315 5325//5325 5329//5329
f 5315//5315 5321//5321 5325//5325
f 5196//5196 5182//5182 5192//5192
f 5208//5208 5196//5196 5204//5204
f 5208//5208 5341//5341 5346//5346
f 5208//5208 5346//5346 5182//5182
f 5208//5208 5182//5182 5196//5196
f 5295//5295 5308//5308 5315//5315
f 5295//5295 5303//5303 5308//5308
f 5295//5295 5299//5299 5303//5303
f 5213//5213 5208//5208 5209//5209
f 5288//5288 5293//5293 5295//5295
f 5288//5288 5315//5315 5335//5335
f 5288//5288 5295//5295 5315//5315
f 5217//5217 5335//5335 5341//5341
f 5217//5217 5341//5341 5208//5208
f 5217//5217 5208//5208 5213//5213
f 5217//5217 5288//5288 5335//5335
f 5226//5226 5217//5217 5221//5221
f 5234//5234 5226//5226 5231//5231
f 5241//5241 5226//5226 5234//5234
f 5257//5257 5271//5271 5273//5273
f 5257//5257 5267//5267 5271//5271
f 5257//5257 5261//5261 5267//5267
f 5257//5257 5273//5273 5280//5280
f 5256//5256 5217//5217 5226//5226
f 5256//5256 5246//5246 5248//5248
f 5256//5256 5241//5241 5246//5246
f 5256//5256 5226//5226 5241//5241
f 5256//5256 5257//5257 5280//5280
f 5256//5256 5286//5286 5288//5288
f 5256//5256 5280//5280 5286//5286
f 5256//5256 5288//5288 5217//5217
f 5398//5398 5176//5176 5181//5181
f 5398//5398 5181//5181 5401//5401
f 5397//5397 5401//5401 5404//5404
f 5397//5397 5398//5398 5401//5401
f 5395//5395 5404//5404 5406//5406
f 5395//5395 5397//5397 5404//5404
f 5392//5392 5406//5406 5408//5408
f 5392//5392 5395//5395 5406//5406
f 5390//5390 5408//5408 5410//5410
f 5390//5390 5392//5392 5408//5408
f 5389//5389 5411//5411 5413//5413
f 5389//5389 5410//5410 5411//5411
f 5389//5389 5390//5390 5410//5410
f 5385//5385 5389//5389 5413//5413
f 5382//5382 5415//5415 5418//5418
f 5382//5382 5413//5413 5415//5415
f 5382//5382 5385//5385 5413//5413
f 5380//5380 5382//5382 5418//5418
f 5376//5376 5418//5418 5420//5420
f 5376//5376 5380//5380 5418//5418
f 5370//5370 5420//5420 5423//5423
f 5370//5370 5376//5376 5420//5420
f 5367//5367 5423//5423 5426//5426
f 5367//5367 5370//5370 5423//5423
f 5365//5365 5427//5427 5429//5429
f 5365//5365 5426//5426 5427//5427
f 5365//5365 5367//5367 5426//5426
f 5368//5368 5365//5365 5429//5429
f 5374//5374 5431//5431 5435//5435
f 5374//5374 5429//5429 5431//5431
f 5374//5374 5368//5368 5429//5429
f 5377//5377 5374//5374 5435//5435
f 5107//5107 5435//5435 5100//5100
f 5107//5107 5377//5377 5435//5435
f 5096//5096 5091//5091 5437//5437
f 5440//5440 5096//5096 5437//5437
f 5444//5444 5447//5447 5453//5453
f 5444//5444 5437//5437 5447//5447
f 5444//5444 5440//5440 5437//5437
f 5455//5455 5444//5444 5453//5453
f 5456//5456 5453//5453 5459//5459
f 5456//5456 5455//5455 5453//5453
f 5460//5460 5459//5459 5463//5463
f 5460//5460 5456//5456 5459//5459
f 5466//5466 5463//5463 5471//5471
f 5466//5466 5460//5460 5463//5463
f 5473//5473 5471//5471 5477//5477
f 5473//5473 5466//5466 5471//5471
f 5480//5480 5477//5477 5482//5482
f 5480//5480 5473//5473 5477//5477
f 5484//5484 5487//5487 5492//5492
f 5484//5484 5482//5482 5487//5487
f 5484//5484 5480//5480 5482//5482
f 5494//5494 5484//5484 5492//5492
f 5497//5497 5492//5492 5500//5500
f 5497//5497 5494//5494 5492//5492
f 5504//5504 5500//5500 5507//5507
f 5504//5504 5497//5497 5500//5500
f 5512//5512 5507//5507 5514//5514
f 5512//5512 5504//5504 5507//5507
f 5516//5516 5514//5514 5518//5518
f 5516//5516 5512//5512 5514//5514
f 5522//5522 5516//5516 5518//5518
f 5522//5522 5524//5524 5529//5529
f 5522//5522 5518//5518 5524//5524
f 5532//5532 5522//5522 5529//5529
f 5536//5536 5538//5538 4991//4991
f 5536//5536 5529//5529 5538//5538
f 5536//5536 5532//5532 5529//5529
f 4997//4997 5536//5536 4991//4991
f 5510//5510 5520//5520 5515//5515
f 5525//5525 5523//5523 5520//5520
f 5526//5526 5519//5519 5511//5511
f 4995//4995 4992//4992 5537//5537
f 5478//5478 5490//5490 5488//5488
f 5476//5476 5486//5486 5481//5481
f 5005//5005 5540//5540 5527//5527
f 5003//5003 4994//4994 5539//5539
f 5468//5468 5510//5510 5501//5501
f 5472//5472 5499//5499 5491//5491
f 5467//5467 5489//5489 5475//5475
f 5013//5013 5009//5009 5002//5002
f 5015//5015 5006//5006 5531//5531
f 5450//5450 5470//5470 5464//5464
f 5452//5452 5462//5462 5458//5458
f 5024//5024 5019//5019 5013//5013
f 5445//5445 5510//5510 5468//5468
f 5446//5446 5469//5469 5451//5451
f 5089//5089 5438//5438 5092//5092
f 5051//5051 5043//5043 5039//5039
f 5047//5047 5040//5040 5035//5035
f 5054//5054 5033//5033 5027//5027
f 5054//5054 5027//5027 5024//5024
f 5049//5049 5528//5528 5509//5509
f 5048//5048 5014//5014 5530//5530
f 5054//5054 5024//5024 5013//5013
f 5073//5073 5449//5449 5436//5436
f 5068//5068 5090//5090 5081//5081
f 5070//5070 5083//5083 5076//5076
f 5069//5069 5506//5506 5448//5448
f 5072//5072 5439//5439 5087//5087
f 5060//5060 5508//5508 5067//5067
f 5059//5059 5058//5058 5052//5052
f 5062//5062 5053//5053 5505//5505
f 5428//5428 5513//5513 5517//5517
f 5425//5425 5502//5502 5513//5513
f 5425//5425 5513//5513 5428//5428
f 5430//5430 5517//5517 5521//5521
f 5430//5430 5428//5428 5517//5517
f 5422//5422 5496//5496 5503//5503
f 5424//5424 5502//5502 5425//5425
f 5432//5432 5521//5521 5533//5533
f 5432//5432 5430//5430 5521//5521
f 5421//5421 5493//5493 5498//5498
f 5421//5421 5498//5498 5424//5424
f 5433//5433 5533//5533 5534//5534
f 5433//5433 5432//5432 5533//5533
f 5417//5417 5483//5483 5495//5495
f 5419//5419 5493//5493 5421//5421
f 5102//5102 5434//5434 5535//5535
f 5101//5101 5534//5534 4996//4996
f 5416//5416 5485//5485 5419//5419
f 5479//5479 5485//5485 5416//5416
f 4989//4989 5101//5101 4996//4996
f 5105//5105 5101//5101 4989//4989
f 5414//5414 5479//5479 5416//5416
f 5474//5474 5479//5479 5414//5414
f 4999//4999 5103//5103 4987//4987
f 5112//5112 5105//5105 5001//5001
f 5412//5412 5474//5474 5414//5414
f 5465//5465 5474//5474 5412//5412
f 5007//5007 5112//5112 5001//5001
f 5114//5114 5112//5112 5007//5007
f 5409//5409 5465//5465 5412//5412
f 5461//5461 5465//5465 5409//5409
f 5012//5012 5114//5114 5007//5007
f 5122//5122 5114//5114 5012//5012
f 5407//5407 5461//5461 5409//5409
f 5457//5457 5461//5461 5407//5407
f 5017//5017 5122//5122 5012//5012
f 5126//5126 5122//5122 5017//5017
f 5405//5405 5457//5457 5407//5407
f 5454//5454 5457//5457 5405//5405
f 5021//5021 5126//5126 5017//5017
f 5130//5130 5126//5126 5021//5021
f 5403//5403 5454//5454 5405//5405
f 5443//5443 5454//5454 5403//5403
f 5030//5030 5131//5131 5023//5023
f 5134//5134 5130//5130 5029//5029
f 5402//5402 5443//5443 5403//5403
f 5442//5442 5443//5443 5402//5402
f 5032//5032 5134//5134 5029//5029
f 5138//5138 5134//5134 5032//5032
f 5180//5180 5441//5441 5400//5400
f 5037//5037 5143//5143 5138//5138
f 5037//5037 5138//5138 5032//5032
f 5094//5094 5442//5442 5179//5179
f 5041//5041 5147//5147 5143//5143
f 5041//5041 5143//5143 5037//5037
f 5084//5084 5179//5179 5172//5172
f 5084//5084 5094//5094 5179//5179
f 5046//5046 5149//5149 5147//5147
f 5046//5046 5147//5147 5041//5041
f 5078//5078 5172//5172 5168//5168
f 5079//5079 5086//5086 5170//5170
f 5056//5056 5154//5154 5149//5149
f 5056//5056 5149//5149 5046//5046
f 5074//5074 5168//5168 5165//5165
f 5074//5074 5078//5078 5168//5168
f 5065//5065 5074//5074 5165//5165
f 5065//5065 5165//5165 5161//5161
f 5064//5064 5065//5065 5161//5161
f 5064//5064 5161//5161 5154//5154
f 5064//5064 5154//5154 5056//5056
f 5541//5541 5546//5546 5549//5549
f 5541//5541 5551//5551 5546//5546
f 5554//5554 5549//5549 5558//5558
f 5554//5554 5541//5541 5549//5549
f 5562//5562 5558//5558 5563//5563
f 5562//5562 5554//5554 5558//5558
f 5566//5566 5563//5563 5567//5567
f 5566//5566 5562//5562 5563//5563
f 5571//5571 5567//5567 5573//5573
f 5571//5571 5566//5566 5567//5567
f 5576//5576 5578//5578 5580//5580
f 5576//5576 5573//5573 5578//5578
f 5576//5576 5571//5571 5573//5573
f 5582//5582 5576//5576 5580//5580
f 5586//5586 5580//5580 5588//5588
f 5586//5586 5582//5582 5580//5580
f 5590//5590 5588//5588 5592//5592
f 5590//5590 5586//5586 5588//5588
f 5595//5595 5592//5592 5597//5597
f 5595//5595 5590//5590 5592//5592
f 5600//5600 5597//5597 5607//5607
f 5600//5600 5595//5595 5597//5597
f 5609//5609 5612//5612 5615//5615
f 5609//5609 5607//5607 5612//5612
f 5609//5609 5600//5600 5607//5607
f 5617//5617 5609//5609 5615//5615
f 5619//5619 5615//5615 5622//5622
f 5619//5619 5617//5617 5615//5615
f 5628//5628 5619//5619 5622//5622
f 5628//5628 5622//5622 5631//5631
f 5633//5633 5628//5628 5631//5631
f 5633//5633 5631//5631 5636//5636
f 5638//5638 5642//5642 5645//5645
f 5638//5638 5636//5636 5642//5642
f 5638//5638 5633//5633 5636//5636
f 5650//5650 5638//5638 5645//5645
f 5651//5651 5655//5655 5658//5658
f 5651//5651 5662//5662 5655//5655
f 5663//5663 5666//5666 5668//5668
f 5663//5663 5658//5658 5666//5666
f 5663//5663 5651//5651 5658//5658
f 5671//5671 5663//5663 5668//5668
f 5673//5673 5668//5668 5676//5676
f 5673//5673 5671//5671 5668//5668
f 5678//5678 5676//5676 5680//5680
f 5678//5678 5673//5673 5676//5676
f 5681//5681 5680//5680 5683//5683
f 5681//5681 5678//5678 5680//5680
f 5687//5687 5683//5683 5689//5689
f 5687//5687 5681//5681 5683//5683
f 5691//5691 5689//5689 5693//5693
f 5691//5691 5687//5687 5689//5689
f 5694//5694 5693//5693 5696//5696
f 5694//5694 5691//5691 5693//5693
f 5698//5698 5700//5700 5703//5703
f 5698//5698 5696//5696 5700//5700
f 5698//5698 5694//5694 5696//5696
f 5705//5705 5703//5703 5707//5707
f 5705//5705 5698//5698 5703//5703
f 5711//5711 5705//5705 5707//5707
f 5713//5713 5707//5707 5714//5714
f 5713//5713 5711//5711 5707//5707
f 5716//5716 5714//5714 5718//5718
f 5716//5716 5713//5713 5714//5714
f 5720//5720 5723//5723 5725//5725
f 5720//5720 5718//5718 5723//5723
f 5720//5720 5716//5716 5718//5718
f 5727//5727 5720//5720 5725//5725
f 5729//5729 5725//5725 5732//5732
f 5729//5729 5727//5727 5725//5725
f 5736//5736 5740//5740 5742//5742
f 5736//5736 5744//5744 5740//5740
f 5747//5747 5742//5742 5748//5748
f 5747//5747 5736//5736 5742//5742
f 5751//5751 5752//5752 5755//5755
f 5751//5751 5748//5748 5752//5752
f 5751//5751 5747//5747 5748//5748
f 5757//5757 5755//5755 5760//5760
f 5757//5757 5751//5751 5755//5755
f 5762//5762 5757//5757 5760//5760
f 5763//5763 5760//5760 5766//5766
f 5763//5763 5762//5762 5760//5760
f 5768//5768 5766//5766 5770//5770
f 5768//5768 5763//5763 5766//5766
f 5772//5772 5770//5770 5774//5774
f 5772//5772 5768//5768 5770//5770
f 5776//5776 5774//5774 5777//5777
f 5776//5776 5772//5772 5774//5774
f 5779//5779 5782//5782 5783//5783
f 5779//5779 5777//5777 5782//5782
f 5779//5779 5776//5776 5777//5777
f 5785//5785 5779//5779 5783//5783
f 5787//5787 5790//5790 5792//5792
f 5787//5787 5783//5783 5790//5790
f 5787//5787 5785//5785 5783//5783
f 5795//5795 5792//5792 5796//5796
f 5795//5795 5787//5787 5792//5792
f 5800//5800 5795//5795 5796//5796
f 5802//5802 5800//5800 5796//5796
f 5802//5802 5804//5804 5808//5808
f 5802//5802 5796//5796 5804//5804
f 5809//5809 5802//5802 5808//5808
f 5812//5812 5808//5808 5814//5814
f 5812//5812 5809//5809 5808//5808
f 5815//5815 5817//5817 5819//5819
f 5815//5815 5814//5814 5817//5817
f 5815//5815 5812//5812 5814//5814
f 5821//5821 5819//5819 5824//5824
f 5821//5821 5815//5815 5819//5819
f 5826//5826 5821//5821 5824//5824
f 5828//5828 5824//5824 5830//5830
f 5828//5828 5826//5826 5824//5824
f 5834//5834 5827//5827 5832//5832
f 5834//5834 5836//5836 5837//5837
f 5834//5834 5832//5832 5836//5836
f 5839//5839 5834//5834 5837//5837
f 5842//5842 5843//5843 5845//5845
f 5842//5842 5837//5837 5843//5843
f 5842//5842 5839//5839 5837//5837
f 5847//5847 5842//5842 5845//5845
f 5850//5850 5845//5845 5852//5852
f 5850//5850 5847//5847 5845//5845
f 5853//5853 5852//5852 5856//5856
f 5853//5853 5850//5850 5852//5852
f 5858//5858 5856//5856 5859//5859
f 5858//5858 5853//5853 5856//5856
f 5862//5862 5859//5859 5865//5865
f 5862//5862 5858//5858 5859//5859
f 5869//5869 5871//5871 5873//5873
f 5869//5869 5865//5865 5871//5871
f 5869//5869 5862//5862 5865//5865
f 5874//5874 5873//5873 5877//5877
f 5874//5874 5869//5869 5873//5873
f 5878//5878 5877//5877 5880//5880
f 5878//5878 5874//5874 5877//5877
f 5883//5883 5880//5880 5885//5885
f 5883//5883 5878//5878 5880//5880
f 5887//5887 5883//5883 5885//5885
f 5890//5890 5887//5887 5885//5885
f 5890//5890 5885//5885 5892//5892
f 5895//5895 5897//5897 5898//5898
f 5895//5895 5892//5892 5897//5897
f 5895//5895 5890//5890 5892//5892
f 5900//5900 5895//5895 5898//5898
f 5902//5902 5898//5898 5904//5904
f 5902//5902 5900//5900 5898//5898
f 5907//5907 5909//5909 5910//5910
f 5907//5907 5904//5904 5909//5909
f 5907//5907 5902//5902 5904//5904
f 5913//5913 5907//5907 5910//5910
f 5915//5915 5910//5910 5916//5916
f 5915//5915 5913//5913 5910//5910
f 5745//5745 5916//5916 5739//5739
f 5745//5745 5915//5915 5916//5916
f 5918//5918 5905//5905 5899//5899
f 5918//5918 5899//5899 5896//5896
f 5921//5921 5896//5896 5891//5891
f 5921//5921 5918//5918 5896//5896
f 5923//5923 5908//5908 5905//5905
f 5923//5923 5905//5905 5918//5918
f 5926//5926 5921//5921 5891//5891
f 5924//5924 5893//5893 5884//5884
f 5927//5927 5911//5911 5908//5908
f 5927//5927 5908//5908 5923//5923
f 5929//5929 5886//5886 5881//5881
f 5929//5929 5926//5926 5886//5886
f 5932//5932 5911//5911 5927//5927
f 5932//5932 5917//5917 5911//5911
f 5934//5934 5881//5881 5876//5876
f 5934//5934 5876//5876 5872//5872
f 5934//5934 5929//5929 5881//5881
f 5661//5661 5738//5738 5917//5917
f 5661//5661 5917//5917 5932//5932
f 5661//5661 5741//5741 5738//5738
f 5936//5936 5872//5872 5870//5870
f 5936//5936 5934//5934 5872//5872
f 5652//5652 5741//5741 5661//5661
f 5652//5652 5749//5749 5741//5741
f 5937//5937 5870//5870 5866//5866
f 5937//5937 5936//5936 5870//5870
f 5664//5664 5749//5749 5652//5652
f 5664//5664 5753//5753 5749//5749
f 5940//5940 5864//5864 5860//5860
f 5941//5941 5938//5938 5867//5867
f 5670//5670 5753//5753 5664//5664
f 5670//5670 5754//5754 5753//5753
f 5944//5944 5861//5861 5855//5855
f 5944//5944 5943//5943 5861//5861
f 5674//5674 5759//5759 5754//5754
f 5672//5672 5756//5756 5669//5669
f 5946//5946 5944//5944 5855//5855
f 5851//5851 5946//5946 5855//5855
f 5765//5765 5759//5759 5674//5674
f 5765//5765 5674//5674 5677//5677
f 5846//5846 5946//5946 5851//5851
f 5846//5846 5948//5948 5946//5946
f 5769//5769 5765//5765 5677//5677
f 5769//5769 5677//5677 5682//5682
f 5844//5844 5950//5950 5948//5948
f 5844//5844 5948//5948 5846//5846
f 5773//5773 5682//5682 5686//5686
f 5773//5773 5769//5769 5682//5682
f 5838//5838 5952//5952 5950//5950
f 5838//5838 5950//5950 5844//5844
f 5778//5778 5686//5686 5690//5690
f 5778//5778 5773//5773 5686//5686
f 5835//5835 5730//5730 5952//5952
f 5835//5835 5952//5952 5838//5838
f 5781//5781 5778//5778 5690//5690
f 5831//5831 5730//5730 5835//5835
f 5784//5784 5781//5781 5690//5690
f 5784//5784 5690//5690 5695//5695
f 5823//5823 5728//5728 5730//5730
f 5823//5823 5730//5730 5831//5831
f 5789//5789 5784//5784 5695//5695
f 5789//5789 5695//5695 5699//5699
f 5820//5820 5728//5728 5823//5823
f 5820//5820 5721//5721 5728//5728
f 5793//5793 5789//5789 5699//5699
f 5793//5793 5699//5699 5704//5704
f 5818//5818 5721//5721 5820//5820
f 5818//5818 5717//5717 5721//5721
f 5797//5797 5791//5791 5706//5706
f 5798//5798 5704//5704 5709//5709
f 5813//5813 5717//5717 5818//5818
f 5813//5813 5712//5712 5717//5717
f 5805//5805 5799//5799 5710//5710
f 5806//5806 5709//5709 5712//5712
f 5807//5807 5712//5712 5813//5813
f 5807//5807 5806//5806 5712//5712
f 5914//5914 5906//5906 5912//5912
f 5737//5737 5914//5914 5743//5743
f 5737//5737 5903//5903 5906//5906
f 5737//5737 5901//5901 5903//5903
f 5737//5737 5906//5906 5914//5914
f 5868//5868 5888//5888 5889//5889
f 5868//5868 5882//5882 5888//5888
f 5868//5868 5879//5879 5882//5882
f 5868//5868 5875//5875 5879//5879
f 5750//5750 5737//5737 5746//5746
f 5761//5761 5750//5750 5758//5758
f 5761//5761 5894//5894 5901//5901
f 5761//5761 5901//5901 5737//5737
f 5761//5761 5737//5737 5750//5750
f 5849//5849 5863//5863 5868//5868
f 5849//5849 5857//5857 5863//5863
f 5849//5849 5854//5854 5857//5857
f 5767//5767 5761//5761 5764//5764
f 5841//5841 5848//5848 5849//5849
f 5841//5841 5868//5868 5889//5889
f 5841//5841 5849//5849 5868//5868
f 5771//5771 5889//5889 5894//5894
f 5771//5771 5894//5894 5761//5761
f 5771//5771 5761//5761 5767//5767
f 5771//5771 5841//5841 5889//5889
f 5780//5780 5771//5771 5775//5775
f 5788//5788 5780//5780 5786//5786
f 5794//5794 5780//5780 5788//5788
f 5811//5811 5825//5825 5829//5829
f 5811//5811 5822//5822 5825//5825
f 5811//5811 5816//5816 5822//5822
f 5811//5811 5829//5829 5833//5833
f 5810//5810 5771//5771 5780//5780
f 5810//5810 5801//5801 5803//5803
f 5810//5810 5794//5794 5801//5801
f 5810//5810 5780//5780 5794//5794
f 5810//5810 5811//5811 5833//5833
f 5810//5810 5840//5840 5841//5841
f 5810//5810 5833//5833 5840//5840
f 5810//5810 5841//5841 5771//5771
f 5953//5953 5731//5731 5735//5735
f 5953//5953 5735//5735 5954//5954
f 5951//5951 5954//5954 5957//5957
f 5951//5951 5953//5953 5954//5954
f 5949//5949 5957//5957 5959//5959
f 5949//5949 5951//5951 5957//5957
f 5947//5947 5959//5959 5961//5961
f 5947//5947 5949//5949 5959//5959
f 5945//5945 5961//5961 5963//5963
f 5945//5945 5947//5947 5961//5961
f 5942//5942 5965//5965 5967//5967
f 5942//5942 5963//5963 5965//5965
f 5942//5942 5945//5945 5963//5963
f 5939//5939 5942//5942 5967//5967
f 5935//5935 5970//5970 5972//5972
f 5935//5935 5967//5967 5970//5970
f 5935//5935 5939//5939 5967//5967
f 5933//5933 5935//5935 5972//5972
f 5930//5930 5972//5972 5975//5975
f 5930//5930 5933//5933 5972//5972
f 5925//5925 5975//5975 5977//5977
f 5925//5925 5930//5930 5975//5975
f 5920//5920 5977//5977 5979//5979
f 5920//5920 5925//5925 5977//5977
f 5919//5919 5982//5982 5983//5983
f 5919//5919 5979//5979 5982//5982
f 5919//5919 5920//5920 5979//5979
f 5922//5922 5919//5919 5983//5983
f 5928//5928 5985//5985 5989//5989
f 5928//5928 5983//5983 5985//5985
f 5928//5928 5922//5922 5983//5983
f 5931//5931 5928//5928 5989//5989
f 5660//5660 5989//5989 5653//5653
f 5660//5660 5931//5931 5989//5989
f 5648//5648 5646//5646 5993//5993
f 5996//5996 5648//5648 5993//5993
f 5997//5997 6001//6001 6005//6005
f 5997//5997 5993//5993 6001//6001
f 5997//5997 5996//5996 5993//5993
f 6009//6009 5997//5997 6005//6005
f 6010//6010 6005//6005 6013//6013
f 6010//6010 6009//6009 6005//6005
f 6014//6014 6013//6013 6016//6016
f 6014//6014 6010//6010 6013//6013
f 6019//6019 6016//6016 6023//6023
f 6019//6019 6014//6014 6016//6016
f 6028//6028 6023//6023 6032//6032
f 6028//6028 6019//6019 6023//6023
f 6033//6033 6032//6032 6035//6035
f 6033//6033 6028//6028 6032//6032
f 6039//6039 6042//6042 6045//6045
f 6039//6039 6035//6035 6042//6042
f 6039//6039 6033//6033 6035//6035
f 6048//6048 6039//6039 6045//6045
f 6052//6052 6045//6045 6053//6053
f 6052//6052 6048//6048 6045//6045
f 6057//6057 6053//6053 6060//6060
f 6057//6057 6052//6052 6053//6053
f 6066//6066 6060//6060 6068//6068
f 6066//6066 6057//6057 6060//6060
f 6070//6070 6068//6068 6074//6074
f 6070//6070 6066//6066 6068//6068
f 6075//6075 6070//6070 6074//6074
f 6075//6075 6077//6077 6083//6083
f 6075//6075 6074//6074 6077//6077
f 6087//6087 6075//6075 6083//6083
f 6090//6090 6092//6092 5545//5545
f 6090//6090 6083//6083 6092//6092
f 6090//6090 6087//6087 6083//6083
f 5552//5552 6090//6090 5545//5545
f 6062//6062 6072//6072 6069//6069
f 6081//6081 6078//6078 6072//6072
f 6079//6079 6073//6073 6065//6065
f 5548//5548 5544//5544 6091//6091
f 6031//6031 6044//6044 6040//6040
f 6029//6029 6041//6041 6036//6036
f 5557//5557 6094//6094 6085//6085
f 5559//5559 5547//5547 6093//6093
f 6025//6025 6062//6062 6055//6055
f 6021//6021 6054//6054 6043//6043
f 6026//6026 6046//6046 6030//6030
f 5569//5569 5564//5564 5560//5560
f 5570//5570 5556//5556 6080//6080
f 6004//6004 6024//6024 6018//6018
f 6006//6006 6017//6017 6012//6012
f 5579//5579 5574//5574 5569//5569
f 6002//6002 6062//6062 6025//6025
f 5999//5999 6022//6022 6007//6007
f 5644//5644 5991//5991 5647//5647
f 5608//5608 5598//5598 5593//5593
f 5604//5604 5594//5594 5587//5587
f 5602//5602 5589//5589 5581//5581
f 5602//5602 5581//5581 5579//5579
f 5606//5606 6082//6082 6064//6064
f 5605//5605 5568//5568 6084//6084
f 5602//5602 5579//5579 5569//5569
f 5627//5627 6000//6000 5990//5990
f 5624//5624 5641//5641 5635//5635
f 5621//5621 5637//5637 5630//5630
f 5623//5623 6061//6061 6003//6003
f 5626//5626 5992//5992 5643//5643
f 5616//5616 6059//6059 5625//5625
f 5613//5613 5611//5611 5601//5601
f 5614//5614 5603//5603 6063//6063
f 5981//5981 6067//6067 6071//6071
f 5980//5980 6056//6056 6067//6067
f 5980//5980 6067//6067 5981//5981
f 5984//5984 6071//6071 6076//6076
f 5984//5984 5981//5981 6071//6071
f 5976//5976 6051//6051 6058//6058
f 5978//5978 6056//6056 5980//5980
f 5986//5986 6076//6076 6086//6086
f 5986//5986 5984//5984 6076//6076
f 5974//5974 6047//6047 6050//6050
f 5974//5974 6050//6050 5978//5978
f 5988//5988 6086//6086 6089//6089
f 5988//5988 5986//5986 6086//6086
f 5971//5971 6038//6038 6049//6049
f 5973//5973 6047//6047 5974//5974
f 5656//5656 5987//5987 6088//6088
f 5654//5654 6089//6089 5550//5550
f 5969//5969 6037//6037 5973//5973
f 6034//6034 6037//6037 5969//5969
f 5543//5543 5654//5654 5550//5550
f 5659//5659 5654//5654 5543//5543
f 5968//5968 6034//6034 5969//5969
f 6027//6027 6034//6034 5968//5968
f 5553//5553 5657//5657 5542//5542
f 5665//5665 5659//5659 5555//5555
f 5966//5966 6027//6027 5968//5968
f 6020//6020 6027//6027 5966//5966
f 5561//5561 5665//5665 5555//5555
f 5667//5667 5665//5665 5561//5561
f 5964//5964 6020//6020 5966//5966
f 6015//6015 6020//6020 5964//5964
f 5565//5565 5667//5667 5561//5561
f 5675//5675 5667//5667 5565//5565
f 5962//5962 6015//6015 5964//5964
f 6011//6011 6015//6015 5962//5962
f 5572//5572 5675//5675 5565//5565
f 5679//5679 5675//5675 5572//5572
f 5960//5960 6011//6011 5962//5962
f 6008//6008 6011//6011 5960//5960
f 5575//5575 5679//5679 5572//5572
f 5684//5684 5679//5679 5575//5575
f 5958//5958 6008//6008 5960//5960
f 5998//5998 6008//6008 5958//5958
f 5583//5583 5685//5685 5577//5577
f 5688//5688 5684//5684 5584//5584
f 5955//5955 5998//5998 5958//5958
f 5994//5994 5998//5998 5955//5955
f 5585//5585 5688//5688 5584//5584
f 5692//5692 5688//5688 5585//5585
f 5734//5734 5995//5995 5956//5956
f 5591//5591 5697//5697 5692//5692
f 5591//5591 5692//5692 5585//5585
f 5649//5649 5994//5994 5733//5733
f 5596//5596 5701//5701 5697//5697
f 5596//5596 5697//5697 5591//5591
f 5640//5640 5733//5733 5726//5726
f 5640//5640 5649//5649 5733//5733
f 5599//5599 5702//5702 5701//5701
f 5599//5599 5701//5701 5596//5596
f 5632//5632 5726//5726 5722//5722
f 5634//5634 5639//5639 5724//5724
f 5610//5610 5708//5708 5702//5702
f 5610//5610 5702//5702 5599//5599
f 5629//5629 5722//5722 5719//5719
f 5629//5629 5632//5632 5722//5722
f 5620//5620 5629//5629 5719//5719
f 5620//5620 5719//5719 5715//5715
f 5618//5618 5620//5620 5715//5715
f 5618//5618 5715//5715 5708//5708
f 5618//5618 5708//5708 5610//5610
f 6097//6097 6098//6098 6101//6101
f 6097//6097 6105//6105 6098//6098
f 6109//6109 6101//6101 6112//6112
f 6109//6109 6097//6097 6101//6101
f 6116//6116 6112//6112 6117//6117
f 6116//6116 6109//6109 6112//6112
f 6119//6119 6117//6117 6122//6122
f 6119//6119 6116//6116 6117//6117
f 6125//6125 6122//6122 6127//6127
f 6125//6125 6119//6119 6122//6122
f 6131//6131 6133//6133 6134//6134
f 6131//6131 6127//6127 6133//6133
f 6131//6131 6125//6125 6127//6127
f 6137//6137 6131//6131 6134//6134
f 6139//6139 6134//6134 6141//6141
f 6139//6139 6137//6137 6134//6134
f 6144//6144 6141//6141 6147//6147
f 6144//6144 6139//6139 6141//6141
f 6150//6150 6147//6147 6152//6152
f 6150//6150 6144//6144 6147//6147
f 6154//6154 6152//6152 6156//6156
f 6154//6154 6150//6150 6152//6152
f 6164//6164 6165//6165 6167//6167
f 6164//6164 6156//6156 6165//6165
f 6164//6164 6154//6154 6156//6156
f 6172//6172 6164//6164 6167//6167
f 6174//6174 6167//6167 6177//6177
f 6174//6174 6172//6172 6167//6167
f 6183//6183 6174//6174 6177//6177
f 6183//6183 6177//6177 6184//6184
f 6188//6188 6183//6183 6184//6184
f 6188//6188 6184//6184 6189//6189
f 6194//6194 6197//6197 6200//6200
f 6194//6194 6189//6189 6197//6197
f 6194//6194 6188//6188 6189//6189
f 6203//6203 6194//6194 6200//6200
f 6205//6205 6207//6207 6213//6213
f 6205//6205 6214//6214 6207//6207
f 6217//6217 6219//6219 6222//6222
f 6217//6217 6213//6213 6219//6219
f 6217//6217 6205//6205 6213//6213
f 6223//6223 6217//6217 6222//6222
f 6228//6228 6222//6222 6230//6230
f 6228//6228 6223//6223 6222//6222
f 6232//6232 6230//6230 6233//6233
f 6232//6232 6228//6228 6230//6230
f 6236//6236 6233//6233 6239//6239
f 6236//6236 6232//6232 6233//6233
f 6240//6240 6239//6239 6242//6242
f 6240//6240 6236//6236 6239//6239
f 6245//6245 6242//6242 6247//6247
f 6245//6245 6240//6240 6242//6242
f 6249//6249 6247//6247 6250//6250
f 6249//6249 6245//6245 6247//6247
f 6252//6252 6254//6254 6257//6257
f 6252//6252 6250//6250 6254//6254
f 6252//6252 6249//6249 6250//6250
f 6258//6258 6257//6257 6262//6262
f 6258//6258 6252//6252 6257//6257
f 6263//6263 6258//6258 6262//6262
f 6266//6266 6262//6262 6268//6268
f 6266//6266 6263//6263 6262//6262
f 6270//6270 6268//6268 6272//6272
f 6270//6270 6266//6266 6268//6268
f 6275//6275 6277//6277 6278//6278
f 6275//6275 6272//6272 6277//6277
f 6275//6275 6270//6270 6272//6272
f 6282//6282 6275//6275 6278//6278
f 6283//6283 6278//6278 6289//6289
f 6283//6283 6282//6282 6278//6278
f 6291//6291 6293//6293 6296//6296
f 6291//6291 6299//6299 6293//6293
f 6301//6301 6296//6296 6302//6302
f 6301//6301 6291//6291 6296//6296
f 6304//6304 6306//6306 6310//6310
f 6304//6304 6302//6302 6306//6306
f 6304//6304 6301//6301 6302//6302
f 6311//6311 6310//6310 6314//6314
f 6311//6311 6304//6304 6310//6310
f 6316//6316 6311//6311 6314//6314
f 6318//6318 6314//6314 6320//6320
f 6318//6318 6316//6316 6314//6314
f 6322//6322 6320//6320 6323//6323
f 6322//6322 6318//6318 6320//6320
f 6326//6326 6323//6323 6328//6328
f 6326//6326 6322//6322 6323//6323
f 6330//6330 6328//6328 6332//6332
f 6330//6330 6326//6326 6328//6328
f 6333//6333 6336//6336 6338//6338
f 6333//6333 6332//6332 6336//6336
f 6333//6333 6330//6330 6332//6332
f 6340//6340 6333//6333 6338//6338
f 6341//6341 6343//6343 6345//6345
f 6341//6341 6338//6338 6343//6343
f 6341//6341 6340//6340 6338//6338
f 6348//6348 6345//6345 6352//6352
f 6348//6348 6341//6341 6345//6345
f 6354//6354 6348//6348 6352//6352
f 6356//6356 6354//6354 6352//6352
f 6356//6356 6359//6359 6362//6362
f 6356//6356 6352//6352 6359//6359
f 6364//6364 6356//6356 6362//6362
f 6365//6365 6362//6362 6367//6367
f 6365//6365 6364//6364 6362//6362
f 6370//6370 6371//6371 6374//6374
f 6370//6370 6367//6367 6371//6371
f 6370//6370 6365//6365 6367//6367
f 6376//6376 6374//6374 6378//6378
f 6376//6376 6370//6370 6374//6374
f 6379//6379 6376//6376 6378//6378
f 6381//6381 6378//6378 6384//6384
f 6381//6381 6379//6379 6378//6378
f 6388//6388 6382//6382 6386//6386
f 6388//6388 6389//6389 6392//6392
f 6388//6388 6386//6386 6389//6389
f 6393//6393 6388//6388 6392//6392
f 6396//6396 6398//6398 6400//6400
f 6396//6396 6392//6392 6398//6398
f 6396//6396 6393//6393 6392//6392
f 6401//6401 6396//6396 6400//6400
f 6403//6403 6400//6400 6405//6405
f 6403//6403 6401//6401 6400//6400
f 6407//6407 6405//6405 6410//6410
f 6407//6407 6403//6403 6405//6405
f 6411//6411 6410//6410 6415//6415
f 6411//6411 6407//6407 6410//6410
f 6416//6416 6415//6415 6419//6419
f 6416//6416 6411//6411 6415//6415
f 6423//6423 6424//6424 6426//6426
f 6423//6423 6419//6419 6424//6424
f 6423//6423 6416//6416 6419//6419
f 6429//6429 6426//6426 6431//6431
f 6429//6429 6423//6423 6426//6426
f 6433//6433 6431//6431 6435//6435
f 6433//6433 6429//6429 6431//6431
f 6436//6436 6435//6435 6438//6438
f 6436//6436 6433//6433 6435//6435
f 6442//6442 6436//6436 6438//6438
f 6444//6444 6442//6442 6438//6438
f 6444//6444 6438//6438 6445//6445
f 6448//6448 6451//6451 6453//6453
f 6448//6448 6445//6445 6451//6451
f 6448//6448 6444//6444 6445//6445
f 6454//6454 6448//6448 6453//6453
f 6456//6456 6453//6453 6458//6458
f 6456//6456 6454//6454 6453//6453
f 6460//6460 6463//6463 6464//6464
f 6460//6460 6458//6458 6463//6463
f 6460//6460 6456//6456 6458//6458
f 6467//6467 6460//6460 6464//6464
f 6468//6468 6464//6464 6471//6471
f 6468//6468 6467//6467 6464//6464
f 6297//6297 6471//6471 6292//6292
f 6297//6297 6468//6468 6471//6471
f 6472//6472 6459//6459 6452//6452
f 6472//6472 6452//6452 6450//6450
f 6475//6475 6450//6450 6446//6446
f 6475//6475 6472//6472 6450//6450
f 6476//6476 6462//6462 6459//6459
f 6476//6476 6459//6459 6472//6472
f 6479//6479 6475//6475 6446//6446
f 6480//6480 6447//6447 6439//6439
f 6482//6482 6465//6465 6462//6462
f 6482//6482 6462//6462 6476//6476
f 6483//6483 6440//6440 6434//6434
f 6483//6483 6479//6479 6440//6440
f 6486//6486 6465//6465 6482//6482
f 6486//6486 6470//6470 6465//6465
f 6487//6487 6434//6434 6430//6430
f 6487//6487 6430//6430 6427//6427
f 6487//6487 6483//6483 6434//6434
f 6216//6216 6294//6294 6470//6470
f 6216//6216 6470//6470 6486//6486
f 6216//6216 6295//6295 6294//6294
f 6490//6490 6427//6427 6425//6425
f 6490//6490 6487//6487 6427//6427
f 6206//6206 6295//6295 6216//6216
f 6206//6206 6303//6303 6295//6295
f 6492//6492 6425//6425 6418//6418
f 6492//6492 6490//6490 6425//6425
f 6218//6218 6303//6303 6206//6206
f 6218//6218 6307//6307 6303//6303
f 6497//6497 6420//6420 6414//6414
f 6496//6496 6491//6491 6421//6421
f 6224//6224 6307//6307 6218//6218
f 6224//6224 6308//6308 6307//6307
f 6499//6499 6413//6413 6409//6409
f 6499//6499 6495//6495 6413//6413
f 6227//6227 6313//6313 6308//6308
f 6226//6226 6309//6309 6225//6225
f 6501//6501 6499//6499 6409//6409
f 6406//6406 6501//6501 6409//6409
f 6319//6319 6313//6313 6227//6227
f 6319//6319 6227//6227 6231//6231
f 6399//6399 6501//6501 6406//6406
f 6399//6399 6502//6502 6501//6501
f 6324//6324 6319//6319 6231//6231
f 6324//6324 6231//6231 6235//6235
f 6397//6397 6505//6505 6502//6502
f 6397//6397 6502//6502 6399//6399
f 6327//6327 6235//6235 6241//6241
f 6327//6327 6324//6324 6235//6235
f 6391//6391 6506//6506 6505//6505
f 6391//6391 6505//6505 6397//6397
f 6331//6331 6241//6241 6244//6244
f 6331//6331 6327//6327 6241//6241
f 6390//6390 6285//6285 6506//6506
f 6390//6390 6506//6506 6391//6391
f 6335//6335 6331//6331 6244//6244
f 6385//6385 6285//6285 6390//6390
f 6337//6337 6335//6335 6244//6244
f 6337//6337 6244//6244 6248//6248
f 6377//6377 6281//6281 6285//6285
f 6377//6377 6285//6285 6385//6385
f 6344//6344 6337//6337 6248//6248
f 6344//6344 6248//6248 6253//6253
f 6373//6373 6281//6281 6377//6377
f 6373//6373 6274//6274 6281//6281
f 6347//6347 6344//6344 6253//6253
f 6347//6347 6253//6253 6260//6260
f 6372//6372 6274//6274 6373//6373
f 6372//6372 6271//6271 6274//6274
f 6351//6351 6346//6346 6259//6259
f 6350//6350 6260//6260 6265//6265
f 6368//6368 6271//6271 6372//6372
f 6368//6368 6267//6267 6271//6271
f 6358//6358 6353//6353 6264//6264
f 6360//6360 6265//6265 6267//6267
f 6361//6361 6267//6267 6368//6368
f 6361//6361 6360//6360 6267//6267
f 6469//6469 6461//6461 6466//6466
f 6290//6290 6469//6469 6298//6298
f 6290//6290 6457//6457 6461//6461
f 6290//6290 6455//6455 6457//6457
f 6290//6290 6461//6461 6469//6469
f 6422//6422 6441//6441 6443//6443
f 6422//6422 6437//6437 6441//6441
f 6422//6422 6432//6432 6437//6437
f 6422//6422 6428//6428 6432//6432
f 6305//6305 6290//6290 6300//6300
f 6315//6315 6305//6305 6312//6312
f 6315//6315 6449//6449 6455//6455
f 6315//6315 6455//6455 6290//6290
f 6315//6315 6290//6290 6305//6305
f 6404//6404 6417//6417 6422//6422
f 6404//6404 6412//6412 6417//6417
f 6404//6404 6408//6408 6412//6412
f 6321//6321 6315//6315 6317//6317
f 6395//6395 6402//6402 6404//6404
f 6395//6395 6422//6422 6443//6443
f 6395//6395 6404//6404 6422//6422
f 6325//6325 6443//6443 6449//6449
f 6325//6325 6449//6449 6315//6315
f 6325//6325 6315//6315 6321//6321
f 6325//6325 6395//6395 6443//6443
f 6334//6334 6325//6325 6329//6329
f 6342//6342 6334//6334 6339//6339
f 6349//6349 6334//6334 6342//6342
f 6366//6366 6380//6380 6383//6383
f 6366//6366 6375//6375 6380//6380
f 6366//6366 6369//6369 6375//6375
f 6366//6366 6383//6383 6387//6387
f 6363//6363 6325//6325 6334//6334
f 6363//6363 6355//6355 6357//6357
f 6363//6363 6349//6349 6355//6355
f 6363//6363 6334//6334 6349//6349
f 6363//6363 6366//6366 6387//6387
f 6363//6363 6394//6394 6395//6395
f 6363//6363 6387//6387 6394//6394
f 6363//6363 6395//6395 6325//6325
f 6507//6507 6284//6284 6287//6287
f 6507//6507 6287//6287 6510//6510
f 6504//6504 6510//6510 6511//6511
f 6504//6504 6507//6507 6510//6510
f 6503//6503 6511//6511 6514//6514
f 6503//6503 6504//6504 6511//6511
f 6500//6500 6514//6514 6516//6516
f 6500//6500 6503//6503 6514//6514
f 6498//6498 6516//6516 6517//6517
f 6498//6498 6500//6500 6516//6516
f 6494//6494 6519//6519 6521//6521
f 6494//6494 6517//6517 6519//6519
f 6494//6494 6498//6498 6517//6517
f 6493//6493 6494//6494 6521//6521
f 6489//6489 6523//6523 6526//6526
f 6489//6489 6521//6521 6523//6523
f 6489//6489 6493//6493 6521//6521
f 6488//6488 6489//6489 6526//6526
f 6484//6484 6526//6526 6529//6529
f 6484//6484 6488//6488 6526//6526
f 6478//6478 6529//6529 6532//6532
f 6478//6478 6484//6484 6529//6529
f 6474//6474 6532//6532 6533//6533
f 6474//6474 6478//6478 6532//6532
f 6473//6473 6536//6536 6538//6538
f 6473//6473 6533//6533 6536//6536
f 6473//6473 6474//6474 6533//6533
f 6477//6477 6473//6473 6538//6538
f 6481//6481 6540//6540 6542//6542
f 6481//6481 6538//6538 6540//6540
f 6481//6481 6477//6477 6538//6538
f 6485//6485 6481//6481 6542//6542
f 6215//6215 6542//6542 6209//6209
f 6215//6215 6485//6485 6542//6542
f 6202//6202 6199//6199 6544//6544
f 6548//6548 6202//6202 6544//6544
f 6551//6551 6555//6555 6560//6560
f 6551//6551 6544//6544 6555//6555
f 6551//6551 6548//6548 6544//6544
f 6562//6562 6551//6551 6560//6560
f 6565//6565 6560//6560 6567//6567
f 6565//6565 6562//6562 6560//6560
f 6568//6568 6567//6567 6572//6572
f 6568//6568 6565//6565 6567//6567
f 6573//6573 6572//6572 6575//6575
f 6573//6573 6568//6568 6572//6572
f 6581//6581 6575//6575 6585//6585
f 6581//6581 6573//6573 6575//6575
f 6588//6588 6585//6585 6589//6589
f 6588//6588 6581//6581 6585//6585
f 6593//6593 6595//6595 6597//6597
f 6593//6593 6589//6589 6595//6595
f 6593//6593 6588//6588 6589//6589
f 6601//6601 6593//6593 6597//6597
f 6606//6606 6597//6597 6607//6607
f 6606//6606 6601//6601 6597//6597
f 6611//6611 6607//6607 6615//6615
f 6611//6611 6606//6606 6607//6607
f 6620//6620 6615//6615 6622//6622
f 6620//6620 6611//6611 6615//6615
f 6625//6625 6622//6622 6627//6627
f 6625//6625 6620//6620 6622//6622
f 6630//6630 6625//6625 6627//6627
f 6630//6630 6632//6632 6639//6639
f 6630//6630 6627//6627 6632//6632
f 6640//6640 6630//6630 6639//6639
f 6643//6643 6647//6647 6099//6099
f 6643//6643 6639//6639 6647//6647
f 6643//6643 6640//6640 6639//6639
f 6104//6104 6643//6643 6099//6099
f 6613//6613 6628//6628 6623//6623
f 6636//6636 6631//6631 6628//6628
f 6637//6637 6626//6626 6618//6618
f 6102//6102 6100//6100 6648//6648
f 6584//6584 6600//6600 6594//6594
f 6586//6586 6596//6596 6590//6590
f 6111//6111 6646//6646 6633//6633
f 6114//6114 6103//6103 6645//6645
f 6579//6579 6613//6613 6608//6608
f 6576//6576 6609//6609 6598//6598
f 6578//6578 6599//6599 6583//6583
f 6123//6123 6118//6118 6110//6110
f 6124//6124 6113//6113 6638//6638
f 6561//6561 6577//6577 6570//6570
f 6558//6558 6571//6571 6566//6566
f 6132//6132 6128//6128 6123//6123
f 6557//6557 6613//6613 6579//6579
f 6554//6554 6580//6580 6559//6559
f 6196//6196 6546//6546 6201//6201
f 6160//6160 6151//6151 6146//6146
f 6157//6157 6148//6148 6142//6142
f 6159//6159 6143//6143 6135//6135
f 6159//6159 6135//6135 6132//6132
f 6161//6161 6634//6634 6617//6617
f 6155//6155 6121//6121 6635//6635
f 6159//6159 6132//6132 6123//6123
f 6175//6175 6553//6553 6547//6547
f 6180//6180 6198//6198 6191//6191
f 6179//6179 6190//6190 6185//6185
f 6181//6181 6616//6616 6556//6556
f 6178//6178 6545//6545 6195//6195
f 6170//6170 6619//6619 6176//6176
f 6168//6168 6166//6166 6162//6162
f 6169//6169 6158//6158 6614//6614
f 6535//6535 6621//6621 6624//6624
f 6534//6534 6610//6610 6621//6621
f 6534//6534 6621//6621 6535//6535
f 6537//6537 6624//6624 6629//6629
f 6537//6537 6535//6535 6624//6624
f 6531//6531 6604//6604 6612//6612
f 6530//6530 6610//6610 6534//6534
f 6539//6539 6629//6629 6641//6641
f 6539//6539 6537//6537 6629//6629
f 6528//6528 6603//6603 6605//6605
f 6528//6528 6605//6605 6530//6530
f 6541//6541 6641//6641 6644//6644
f 6541//6541 6539//6539 6641//6641
f 6527//6527 6592//6592 6602//6602
f 6525//6525 6603//6603 6528//6528
f 6210//6210 6543//6543 6642//6642
f 6208//6208 6644//6644 6106//6106
f 6524//6524 6591//6591 6525//6525
f 6587//6587 6591//6591 6524//6524
f 6095//6095 6208//6208 6106//6106
f 6212//6212 6208//6208 6095//6095
f 6522//6522 6587//6587 6524//6524
f 6582//6582 6587//6587 6522//6522
f 6107//6107 6211//6211 6096//6096
f 6220//6220 6212//6212 6108//6108
f 6520//6520 6582//6582 6522//6522
f 6574//6574 6582//6582 6520//6520
f 6115//6115 6220//6220 6108//6108
f 6221//6221 6220//6220 6115//6115
f 6518//6518 6574//6574 6520//6520
f 6569//6569 6574//6574 6518//6518
f 6120//6120 6221//6221 6115//6115
f 6229//6229 6221//6221 6120//6120
f 6515//6515 6569//6569 6518//6518
f 6564//6564 6569//6569 6515//6515
f 6126//6126 6229//6229 6120//6120
f 6234//6234 6229//6229 6126//6126
f 6513//6513 6564//6564 6515//6515
f 6563//6563 6564//6564 6513//6513
f 6130//6130 6234//6234 6126//6126
f 6238//6238 6234//6234 6130//6130
f 6512//6512 6563//6563 6513//6513
f 6552//6552 6563//6563 6512//6512
f 6136//6136 6237//6237 6129//6129
f 6243//6243 6238//6238 6138//6138
f 6509//6509 6552//6552 6512//6512
f 6550//6550 6552//6552 6509//6509
f 6140//6140 6243//6243 6138//6138
f 6246//6246 6243//6243 6140//6140
f 6286//6286 6549//6549 6508//6508
f 6145//6145 6251//6251 6246//6246
f 6145//6145 6246//6246 6140//6140
f 6204//6204 6550//6550 6288//6288
f 6149//6149 6255//6255 6251//6251
f 6149//6149 6251//6251 6145//6145
f 6193//6193 6288//6288 6279//6279
f 6193//6193 6204//6204 6288//6288
f 6153//6153 6256//6256 6255//6255
f 6153//6153 6255//6255 6149//6149
f 6186//6186 6279//6279 6276//6276
f 6187//6187 6192//6192 6280//6280
f 6163//6163 6261//6261 6256//6256
f 6163//6163 6256//6256 6153//6153
f 6182//6182 6276//6276 6273//6273
f 6182//6182 6186//6186 6276//6276
f 6173//6173 6182//6182 6273//6273
f 6173//6173 6273//6273 6269//6269
f 6171//6171 6173//6173 6269//6269
f 6171//6171 6269//6269 6261//6261
f 6171//6171 6261//6261 6163//6163
f 6649//6649 6652//6652 6655//6655
f 6649//6649 6660//6660 6652//6652
f 6661//6661 6655//6655 6667//6667
f 6661//6661 6649//6649 6655//6655
f 6670//6670 6667//6667 6672//6672
f 6670//6670 6661//6661 6667//6667
f 6673//6673 6672//6672 6678//6678
f 6673//6673 6670//6670 6672//6672
f 6679//6679 6678//6678 6682//6682
f 6679//6679 6673//6673 6678//6678
f 6683//6683 6687//6687 6688//6688
f 6683//6683 6682//6682 6687//6687
f 6683//6683 6679//6679 6682//6682
f 6690//6690 6683//6683 6688//6688
f 6693//6693 6688//6688 6695//6695
f 6693//6693 6690//6690 6688//6688
f 6698//6698 6695//6695 6700//6700
f 6698//6698 6693//6693 6695//6695
f 6704//6704 6700//6700 6706//6706
f 6704//6704 6698//6698 6700//6700
f 6707//6707 6706//6706 6713//6713
f 6707//6707 6704//6704 6706//6706
f 6717//6717 6720//6720 6724//6724
f 6717//6717 6713//6713 6720//6720
f 6717//6717 6707//6707 6713//6713
f 6726//6726 6717//6717 6724//6724
f 6728//6728 6724//6724 6731//6731
f 6728//6728 6726//6726 6724//6724
f 6736//6736 6728//6728 6731//6731
f 6736//6736 6731//6731 6739//6739
f 6741//6741 6736//6736 6739//6739
f 6741//6741 6739//6739 6744//6744
f 6748//6748 6752//6752 6754//6754
f 6748//6748 6744//6744 6752//6752
f 6748//6748 6741//6741 6744//6744
f 6757//6757 6748//6748 6754//6754
f 6759//6759 6761//6761 6767//6767
f 6759//6759 6770//6770 6761//6761
f 6771//6771 6774//6774 6776//6776
f 6771//6771 6767//6767 6774//6774
f 6771//6771 6759//6759 6767//6767
f 6778//6778 6771//6771 6776//6776
f 6780//6780 6776//6776 6784//6784
f 6780//6780 6778//6778 6776//6776
f 6785//6785 6784//6784 6788//6788
f 6785//6785 6780//6780 6784//6784
f 6790//6790 6788//6788 6792//6792
f 6790//6790 6785//6785 6788//6788
f 6794//6794 6792//6792 6796//6796
f 6794//6794 6790//6790 6792//6792
f 6798//6798 6796//6796 6801//6801
f 6798//6798 6794//6794 6796//6796
f 6803//6803 6801//6801 6805//6805
f 6803//6803 6798//6798 6801//6801
f 6806//6806 6808//6808 6811//6811
f 6806//6806 6805//6805 6808//6808
f 6806//6806 6803//6803 6805//6805
f 6813//6813 6811//6811 6815//6815
f 6813//6813 6806//6806 6811//6811
f 6818//6818 6813//6813 6815//6815
f 6821//6821 6815//6815 6823//6823
f 6821//6821 6818//6818 6815//6815
f 6824//6824 6823//6823 6826//6826
f 6824//6824 6821//6821 6823//6823
f 6828//6828 6831//6831 6832//6832
f 6828//6828 6826//6826 6831//6831
f 6828//6828 6824//6824 6826//6826
f 6835//6835 6828//6828 6832//6832
f 6839//6839 6832//6832 6840//6840
f 6839//6839 6835//6835 6832//6832
f 6844//6844 6848//6848 6850//6850
f 6844//6844 6852//6852 6848//6848
f 6855//6855 6850//6850 6857//6857
f 6855//6855 6844//6844 6850//6850
f 6859//6859 6860//6860 6862//6862
f 6859//6859 6857//6857 6860//6860
f 6859//6859 6855//6855 6857//6857
f 6866//6866 6862//6862 6867//6867
f 6866//6866 6859//6859 6862//6862
f 6869//6869 6866//6866 6867//6867
f 6872//6872 6867//6867 6874//6874
f 6872//6872 6869//6869 6867//6867
f 6876//6876 6874//6874 6878//6878
f 6876//6876 6872//6872 6874//6874
f 6879//6879 6878//6878 6882//6882
f 6879//6879 6876//6876 6878//6878
f 6883//6883 6882//6882 6886//6886
f 6883//6883 6879//6879 6882//6882
f 6888//6888 6889//6889 6892//6892
f 6888//6888 6886//6886 6889//6889
f 6888//6888 6883//6883 6886//6886
f 6893//6893 6888//6888 6892//6892
f 6895//6895 6897//6897 6899//6899
f 6895//6895 6892//6892 6897//6897
f 6895//6895 6893//6893 6892//6892
f 6902//6902 6899//6899 6904//6904
f 6902//6902 6895//6895 6899//6899
f 6909//6909 6902//6902 6904//6904
f 6910//6910 6909//6909 6904//6904
f 6910//6910 6913//6913 6916//6916
f 6910//6910 6904//6904 6913//6913
f 6918//6918 6910//6910 6916//6916
f 6920//6920 6916//6916 6922//6922
f 6920//6920 6918//6918 6916//6916
f 6923//6923 6926//6926 6928//6928
f 6923//6923 6922//6922 6926//6926
f 6923//6923 6920//6920 6922//6922
f 6930//6930 6928//6928 6931//6931
f 6930//6930 6923//6923 6928//6928
f 6933//6933 6930//6930 6931//6931
f 6937//6937 6931//6931 6940//6940
f 6937//6937 6933//6933 6931//6931
f 6941//6941 6935//6935 6938//6938
f 6941//6941 6944//6944 6945//6945
f 6941//6941 6938//6938 6944//6944
f 6947//6947 6941//6941 6945//6945
f 6950//6950 6952//6952 6954//6954
f 6950//6950 6945//6945 6952//6952
f 6950//6950 6947//6947 6945//6945
f 6956//6956 6950//6950 6954//6954
f 6957//6957 6954//6954 6960//6960
f 6957//6957 6956//6956 6954//6954
f 6961//6961 6960//6960 6964//6964
f 6961//6961 6957//6957 6960//6960
f 6965//6965 6964//6964 6969//6969
f 6965//6965 6961//6961 6964//6964
f 6971//6971 6969//6969 6975//6975
f 6971//6971 6965//6965 6969//6969
f 6976//6976 6979//6979 6980//6980
f 6976//6976 6975//6975 6979//6979
f 6976//6976 6971//6971 6975//6975
f 6982//6982 6980//6980 6984//6984
f 6982//6982 6976//6976 6980//6980
f 6987//6987 6984//6984 6988//6988
f 6987//6987 6982//6982 6984//6984
f 6990//6990 6988//6988 6994//6994
f 6990//6990 6987//6987 6988//6988
f 6996//6996 6990//6990 6994//6994
f 6997//6997 6996//6996 6994//6994
f 6997//6997 6994//6994 6999//6999
f 7002//7002 7004//7004 7006//7006
f 7002//7002 6999//6999 7004//7004
f 7002//7002 6997//6997 6999//6999
f 7008//7008 7002//7002 7006//7006
f 7011//7011 7006//7006 7013//7013
f 7011//7011 7008//7008 7006//7006
f 7014//7014 7017//7017 7019//7019
f 7014//7014 7013//7013 7017//7017
f 7014//7014 7011//7011 7013//7013
f 7021//7021 7014//7014 7019//7019
f 7023//7023 7019//7019 7025//7025
f 7023//7023 7021//7021 7019//7019
f 6853//6853 7025//7025 6847//6847
f 6853//6853 7023//7023 7025//7025
f 7027//7027 7012//7012 7007//7007
f 7027//7027 7007//7007 7005//7005
f 7028//7028 7005//7005 7001//7001
f 7028//7028 7027//7027 7005//7005
f 7030//7030 7016//7016 7012//7012
f 7030//7030 7012//7012 7027//7027
f 7034//7034 7028//7028 7001//7001
f 7032//7032 7000//7000 6992//6992
f 7036//7036 7018//7018 7016//7016
f 7036//7036 7016//7016 7030//7030
f 7037//7037 6993//6993 6989//6989
f 7037//7037 7034//7034 6993//6993
f 7039//7039 7018//7018 7036//7036
f 7039//7039 7024//7024 7018//7018
f 7042//7042 6989//6989 6985//6985
f 7042//7042 6985//6985 6981//6981
f 7042//7042 7037//7037 6989//6989
f 6768//6768 6846//6846 7024//7024
f 6768//6768 7024//7024 7039//7039
f 6768//6768 6849//6849 6846//6846
f 7043//7043 6981//6981 6978//6978
f 7043//7043 7042//7042 6981//6981
f 6760//6760 6849//6849 6768//6768
f 6760//6760 6856//6856 6849//6849
f 7047//7047 6978//6978 6974//6974
f 7047//7047 7043//7043 6978//6978
f 6772//6772 6856//6856 6760//6760
f 6772//6772 6861//6861 6856//6856
f 7049//7049 6973//6973 6968//6968
f 7051//7051 7046//7046 6972//6972
f 6779//6779 6861//6861 6772//6772
f 6779//6779 6864//6864 6861//6861
f 7053//7053 6967//6967 6963//6963
f 7053//7053 7050//7050 6967//6967
f 6781//6781 6868//6868 6864//6864
f 6782//6782 6863//6863 6777//6777
f 7055//7055 7053//7053 6963//6963
f 6959//6959 7055//7055 6963//6963
f 6873//6873 6868//6868 6781//6781
f 6873//6873 6781//6781 6786//6786
f 6953//6953 7055//7055 6959//6959
f 6953//6953 7056//7056 7055//7055
f 6877//6877 6873//6873 6786//6786
f 6877//6877 6786//6786 6789//6789
f 6951//6951 7059//7059 7056//7056
f 6951//6951 7056//7056 6953//6953
f 6881//6881 6789//6789 6795//6795
f 6881//6881 6877//6877 6789//6789
f 6946//6946 7060//7060 7059//7059
f 6946//6946 7059//7059 6951//6951
f 6885//6885 6795//6795 6799//6799
f 6885//6885 6881//6881 6795//6795
f 6943//6943 6838//6838 7060//7060
f 6943//6943 7060//7060 6946//6946
f 6890//6890 6885//6885 6799//6799
f 6939//6939 6838//6838 6943//6943
f 6891//6891 6890//6890 6799//6799
f 6891//6891 6799//6799 6802//6802
f 6932//6932 6836//6836 6838//6838
f 6932//6932 6838//6838 6939//6939
f 6898//6898 6891//6891 6802//6802
f 6898//6898 6802//6802 6807//6807
f 6927//6927 6836//6836 6932//6932
f 6927//6927 6829//6829 6836//6836
f 6901//6901 6898//6898 6807//6807
f 6901//6901 6807//6807 6814//6814
f 6925//6925 6829//6829 6927//6927
f 6925//6925 6825//6825 6829//6829
f 6907//6907 6900//6900 6812//6812
f 6906//6906 6814//6814 6817//6817
f 6921//6921 6825//6825 6925//6925
f 6921//6921 6820//6820 6825//6825
f 6914//6914 6905//6905 6819//6819
f 6912//6912 6817//6817 6820//6820
f 6915//6915 6820//6820 6921//6921
f 6915//6915 6912//6912 6820//6820
f 7022//7022 7015//7015 7020//7020
f 6845//6845 7022//7022 6851//6851
f 6845//6845 7010//7010 7015//7015
f 6845//6845 7009//7009 7010//7010
f 6845//6845 7015//7015 7022//7022
f 6977//6977 6995//6995 6998//6998
f 6977//6977 6991//6991 6995//6995
f 6977//6977 6986//6986 6991//6991
f 6977//6977 6983//6983 6986//6986
f 6858//6858 6845//6845 6854//6854
f 6870//6870 6858//6858 6865//6865
f 6870//6870 7003//7003 7009//7009
f 6870//6870 7009//7009 6845//6845
f 6870//6870 6845//6845 6858//6858
f 6958//6958 6970//6970 6977//6977
f 6958//6958 6966//6966 6970//6970
f 6958//6958 6962//6962 6966//6966
f 6875//6875 6870//6870 6871//6871
f 6949//6949 6955//6955 6958//6958
f 6949//6949 6977//6977 6998//6998
f 6949//6949 6958//6958 6977//6977
f 6880//6880 6998//6998 7003//7003
f 6880//6880 7003//7003 6870//6870
f 6880//6880 6870//6870 6875//6875
f 6880//6880 6949//6949 6998//6998
f 6887//6887 6880//6880 6884//6884
f 6896//6896 6887//6887 6894//6894
f 6903//6903 6887//6887 6896//6896
f 6919//6919 6934//6934 6936//6936
f 6919//6919 6929//6929 6934//6934
f 6919//6919 6924//6924 6929//6929
f 6919//6919 6936//6936 6942//6942
f 6917//6917 6880//6880 6887//6887
f 6917//6917 6908//6908 6911//6911
f 6917//6917 6903//6903 6908//6908
f 6917//6917 6887//6887 6903//6903
f 6917//6917 6919//6919 6942//6942
f 6917//6917 6948//6948 6949//6949
f 6917//6917 6942//6942 6948//6948
f 6917//6917 6949//6949 6880//6880
f 7061//7061 6837//6837 6842//6842
f 7061//7061 6842//6842 7064//7064
f 7058//7058 7064//7064 7065//7065
f 7058//7058 7061//7061 7064//7064
f 7057//7057 7065//7065 7068//7068
f 7057//7057 7058//7058 7065//7065
f 7054//7054 7068//7068 7069//7069
f 7054//7054 7057//7057 7068//7068
f 7052//7052 7069//7069 7072//7072
f 7052//7052 7054//7054 7069//7069
f 7048//7048 7074//7074 7076//7076
f 7048//7048 7072//7072 7074//7074
f 7048//7048 7052//7052 7072//7072
f 7045//7045 7048//7048 7076//7076
f 7044//7044 7078//7078 7081//7081
f 7044//7044 7076//7076 7078//7078
f 7044//7044 7045//7045 7076//7076
f 7041//7041 7044//7044 7081//7081
f 7038//7038 7081//7081 7083//7083
f 7038//7038 7041//7041 7081//7081
f 7033//7033 7083//7083 7084//7084
f 7033//7033 7038//7038 7083//7083
f 7029//7029 7084//7084 7088//7088
f 7029//7029 7033//7033 7084//7084
f 7026//7026 7090//7090 7092//7092
f 7026//7026 7088//7088 7090//7090
f 7026//7026 7029//7029 7088//7088
f 7031//7031 7026//7026 7092//7092
f 7035//7035 7093//7093 7095//7095
f 7035//7035 7092//7092 7093//7093
f 7035//7035 7031//7031 7092//7092
f 7040//7040 7035//7035 7095//7095
f 6769//6769 7095//7095 6762//6762
f 6769//6769 7040//7040 7095//7095
f 6758//6758 6755//6755 7101//7101
f 7102//7102 6758//6758 7101//7101
f 7106//7106 7109//7109 7113//7113
f 7106//7106 7101//7101 7109//7109
f 7106//7106 7102//7102 7101//7101
f 7116//7116 7106//7106 7113//7113
f 7119//7119 7113//7113 7121//7121
f 7119//7119 7116//7116 7113//7113
f 7122//7122 7121//7121 7124//7124
f 7122//7122 7119//7119 7121//7121
f 7127//7127 7124//7124 7130//7130
f 7127//7127 7122//7122 7124//7124
f 7135//7135 7130//7130 7137//7137
f 7135//7135 7127//7127 7130//7130
f 7141//7141 7137//7137 7144//7144
f 7141//7141 7135//7135 7137//7137
f 7146//7146 7148//7148 7154//7154
f 7146//7146 7144//7144 7148//7148
f 7146//7146 7141//7141 7144//7144
f 7157//7157 7146//7146 7154//7154
f 7160//7160 7154//7154 7161//7161
f 7160//7160 7157//7157 7154//7154
f 7164//7164 7161//7161 7173//7173
f 7164//7164 7160//7160 7161//7161
f 7175//7175 7173//7173 7177//7177
f 7175//7175 7164//7164 7173//7173
f 7178//7178 7177//7177 7182//7182
f 7178//7178 7175//7175 7177//7177
f 7183//7183 7178//7178 7182//7182
f 7183//7183 7186//7186 7191//7191
f 7183//7183 7182//7182 7186//7186
f 7195//7195 7183//7183 7191//7191
f 7196//7196 7202//7202 6653//6653
f 7196//7196 7191//7191 7202//7202
f 7196//7196 7195//7195 7191//7191
f 6658//6658 7196//7196 6653//6653
f 7172//7172 7180//7180 7176//7176
f 7190//7190 7185//7185 7180//7180
f 7188//7188 7181//7181 7167//7167
f 6656//6656 6654//6654 7201//7201
f 7139//7139 7151//7151 7149//7149
f 7138//7138 7150//7150 7143//7143
f 6668//6668 7199//7199 7193//7193
f 6665//6665 6657//6657 7200//7200
f 7129//7129 7172//7172 7163//7163
f 7133//7133 7162//7162 7152//7152
f 7131//7131 7153//7153 7140//7140
f 6677//6677 6671//6671 6664//6664
f 6676//6676 6666//6666 7192//7192
f 7112//7112 7132//7132 7126//7126
f 7114//7114 7125//7125 7120//7120
f 6686//6686 6681//6681 6677//6677
f 7107//7107 7172//7172 7129//7129
f 7108//7108 7134//7134 7115//7115
f 6750//6750 7099//7099 6753//6753
f 6712//6712 6705//6705 6701//6701
f 6714//6714 6702//6702 6696//6696
f 6709//6709 6697//6697 6689//6689
f 6709//6709 6689//6689 6686//6686
f 6710//6710 7187//7187 7171//7171
f 6715//6715 6675//6675 7189//7189
f 6709//6709 6686//6686 6677//6677
f 6733//6733 7111//7111 7098//7098
f 6735//6735 6751//6751 6743//6743
f 6732//6732 6745//6745 6738//6738
f 6729//6729 7170//7170 7110//7110
f 6734//6734 7100//7100 6749//6749
f 6722//6722 7168//7168 6730//6730
f 6723//6723 6719//6719 6716//6716
f 6721//6721 6711//6711 7169//7169
f 7089//7089 7174//7174 7179//7179
f 7087//7087 7166//7166 7174//7174
f 7087//7087 7174//7174 7089//7089
f 7091//7091 7179//7179 7184//7184
f 7091//7091 7089//7089 7179//7179
f 7085//7085 7159//7159 7165//7165
f 7086//7086 7166//7166 7087//7087
f 7094//7094 7184//7184 7194//7194
f 7094//7094 7091//7091 7184//7184
f 7082//7082 7156//7156 7158//7158
f 7082//7082 7158//7158 7086//7086
f 7096//7096 7194//7194 7198//7198
f 7096//7096 7094//7094 7194//7194
f 7080//7080 7147//7147 7155//7155
f 7079//7079 7156//7156 7082//7082
f 6763//6763 7097//7097 7197//7197
f 6764//6764 7198//7198 6659//6659
f 7077//7077 7145//7145 7079//7079
f 7142//7142 7145//7145 7077//7077
f 6650//6650 6764//6764 6659//6659
f 6765//6765 6764//6764 6650//6650
f 7075//7075 7142//7142 7077//7077
f 7136//7136 7142//7142 7075//7075
f 6663//6663 6766//6766 6651//6651
f 6773//6773 6765//6765 6662//6662
f 7073//7073 7136//7136 7075//7075
f 7128//7128 7136//7136 7073//7073
f 6669//6669 6773//6773 6662//6662
f 6775//6775 6773//6773 6669//6669
f 7071//7071 7128//7128 7073//7073
f 7123//7123 7128//7128 7071//7071
f 6674//6674 6775//6775 6669//6669
f 6783//6783 6775//6775 6674//6674
f 7070//7070 7123//7123 7071//7071
f 7118//7118 7123//7123 7070//7070
f 6680//6680 6783//6783 6674//6674
f 6787//6787 6783//6783 6680//6680
f 7067//7067 7118//7118 7070//7070
f 7117//7117 7118//7118 7067//7067
f 6684//6684 6787//6787 6680//6680
f 6791//6791 6787//6787 6684//6684
f 7066//7066 7117//7117 7067//7067
f 7105//7105 7117//7117 7066//7066
f 6691//6691 6793//6793 6685//6685
f 6797//6797 6791//6791 6692//6692
f 7063//7063 7105//7105 7066//7066
f 7104//7104 7105//7105 7063//7063
f 6694//6694 6797//6797 6692//6692
f 6800//6800 6797//6797 6694//6694
f 6843//6843 7103//7103 7062//7062
f 6699//6699 6804//6804 6800//6800
f 6699//6699 6800//6800 6694//6694
f 6756//6756 7104//7104 6841//6841
f 6703//6703 6809//6809 6804//6804
f 6703//6703 6804//6804 6699//6699
f 6746//6746 6841//6841 6833//6833
f 6746//6746 6756//6756 6841//6841
f 6708//6708 6810//6810 6809//6809
f 6708//6708 6809//6809 6703//6703
f 6742//6742 6833//6833 6830//6830
f 6740//6740 6747//6747 6834//6834
f 6718//6718 6816//6816 6810//6810
f 6718//6718 6810//6810 6708//6708
f 6737//6737 6830//6830 6827//6827
f 6737//6737 6742//6742 6830//6830
f 6727//6727 6737//6737 6827//6827
f 6727//6727 6827//6827 6822//6822
f 6725//6725 6727//6727 6822//6822
f 6725//6725 6822//6822 6816//6816
f 6725//6725 6816//6816 6718//6718
f 7204//7204 7208//7208 7210//7210
f 7204//7204 7213//7213 7208//7208
f 7216//7216 7210//7210 7222//7222
f 7216//7216 7204//7204 7210//7210
f 7223//7223 7222//7222 7226//7226
f 7223//7223 7216//7216 7222//7222
f 7228//7228 7226//7226 7230//7230
f 7228//7228 7223//7223 7226//7226
f 7233//7233 7230//7230 7236//7236
f 7233//7233 7228//7228 7230//7230
f 7238//7238 7240//7240 7243//7243
f 7238//7238 7236//7236 7240//7240
f 7238//7238 7233//7233 7236//7236
f 7245//7245 7238//7238 7243//7243
f 7248//7248 7243//7243 7249//7249
f 7248//7248 7245//7245 7243//7243
f 7252//7252 7249//7249 7255//7255
f 7252//7252 7248//7248 7249//7249
f 7257//7257 7255//7255 7260//7260
f 7257//7257 7252//7252 7255//7255
f 7262//7262 7260//7260 7270//7270
f 7262//7262 7257//7257 7260//7260
f 7272//7272 7274//7274 7276//7276
f 7272//7272 7270//7270 7274//7274
f 7272//7272 7262//7262 7270//7270
f 7280//7280 7272//7272 7276//7276
f 7282//7282 7276//7276 7289//7289
f 7282//7282 7280//7280 7276//7276
f 7291//7291 7282//7282 7289//7289
f 7291//7291 7289//7289 7293//7293
f 7296//7296 7291//7291 7293//7293
f 7296//7296 7293//7293 7299//7299
f 7300//7300 7306//7306 7308//7308
f 7300//7300 7299//7299 7306//7306
f 7300//7300 7296//7296 7299//7299
f 7312//7312 7300//7300 7308//7308
f 7313//7313 7316//7316 7319//7319
f 7313//7313 7324//7324 7316//7316
f 7325//7325 7327//7327 7330//7330
f 7325//7325 7319//7319 7327//7327
f 7325//7325 7313//7313 7319//7319
f 7331//7331 7325//7325 7330//7330
f 7334//7334 7330//7330 7338//7338
f 7334//7334 7331//7331 7330//7330
f 7339//7339 7338//7338 7341//7341
f 7339//7339 7334//7334 7338//7338
f 7343//7343 7341//7341 7347//7347
f 7343//7343 7339//7339 7341//7341
f 7348//7348 7347//7347 7350//7350
f 7348//7348 7343//7343 7347//7347
f 7352//7352 7350//7350 7354//7354
f 7352//7352 7348//7348 7350//7350
f 7356//7356 7354//7354 7358//7358
f 7356//7356 7352//7352 7354//7354
f 7360//7360 7362//7362 7364//7364
f 7360//7360 7358//7358 7362//7362
f 7360//7360 7356//7356 7358//7358
f 7366//7366 7364//7364 7370//7370
f 7366//7366 7360//7360 7364//7364
f 7371//7371 7366//7366 7370//7370
f 7375//7375 7370//7370 7376//7376
f 7375//7375 7371//7371 7370//7370
f 7379//7379 7376//7376 7380//7380
f 7379//7379 7375//7375 7376//7376
f 7382//7382 7384//7384 7387//7387
f 7382//7382 7380//7380 7384//7384
f 7382//7382 7379//7379 7380//7380
f 7389//7389 7382//7382 7387//7387
f 7393//7393 7387//7387 7394//7394
f 7393//7393 7389//7389 7387//7387
f 7398//7398 7400//7400 7404//7404
f 7398//7398 7406//7406 7400//7400
f 7409//7409 7404//7404 7411//7411
f 7409//7409 7398//7398 7404//7404
f 7412//7412 7414//7414 7417//7417
f 7412//7412 7411//7411 7414//7414
f 7412//7412 7409//7409 7411//7411
f 7419//7419 7417//7417 7422//7422
f 7419//7419 7412//7412 7417//7417
f 7424//7424 7419//7419 7422//7422
f 7425//7425 7422//7422 7428//7428
f 7425//7425 7424//7424 7422//7422
f 7429//7429 7428//7428 7431//7431
f 7429//7429 7425//7425 7428//7428
f 7434//7434 7431//7431 7435//7435
f 7434//7434 7429//7429 7431//7431
f 7438//7438 7435//7435 7439//7439
f 7438//7438 7434//7434 7435//7435
f 7442//7442 7444//7444 7446//7446
f 7442//7442 7439//7439 7444//7444
f 7442//7442 7438//7438 7439//7439
f 7448//7448 7442//7442 7446//7446
f 7450//7450 7451//7451 7453//7453
f 7450//7450 7446//7446 7451//7451
f 7450//7450 7448//7448 7446//7446
f 7456//7456 7453//7453 7460//7460
f 7456//7456 7450//7450 7453//7453
f 7462//7462 7456//7456 7460//7460
f 7464//7464 7462//7462 7460//7460
f 7464//7464 7466//7466 7470//7470
f 7464//7464 7460//7460 7466//7466
f 7472//7472 7464//7464 7470//7470
f 7473//7473 7470//7470 7475//7475
f 7473//7473 7472//7472 7470//7470
f 7477//7477 7480//7480 7481//7481
f 7477//7477 7475//7475 7480//7480
f 7477//7477 7473//7473 7475//7475
f 7483//7483 7481//7481 7485//7485
f 7483//7483 7477//7477 7481//7481
f 7487//7487 7483//7483 7485//7485
f 7489//7489 7485//7485 7494//7494
f 7489//7489 7487//7487 7485//7485
f 7496//7496 7490//7490 7493//7493
f 7496//7496 7498//7498 7500//7500
f 7496//7496 7493//7493 7498//7498
f 7502//7502 7496//7496 7500//7500
f 7503//7503 7505//7505 7507//7507
f 7503//7503 7500//7500 7505//7505
f 7503//7503 7502//7502 7500//7500
f 7509//7509 7503//7503 7507//7507
f 7512//7512 7507//7507 7513//7513
f 7512//7512 7509//7509 7507//7507
f 7516//7516 7513//7513 7517//7517
f 7516//7516 7512//7512 7513//7513
f 7519//7519 7517//7517 7522//7522
f 7519//7519 7516//7516 7517//7517
f 7524//7524 7522//7522 7528//7528
f 7524//7524 7519//7519 7522//7522
f 7531//7531 7533//7533 7535//7535
f 7531//7531 7528//7528 7533//7533
f 7531//7531 7524//7524 7528//7528
f 7536//7536 7535//7535 7539//7539
f 7536//7536 7531//7531 7535//7535
f 7541//7541 7539//7539 7542//7542
f 7541//7541 7536//7536 7539//7539
f 7545//7545 7542//7542 7547//7547
f 7545//7545 7541//7541 7542//7542
f 7550//7550 7545//7545 7547//7547
f 7551//7551 7550//7550 7547//7547
f 7551//7551 7547//7547 7554//7554
f 7557//7557 7558//7558 7561//7561
f 7557//7557 7554//7554 7558//7558
f 7557//7557 7551//7551 7554//7554
f 7563//7563 7557//7557 7561//7561
f 7565//7565 7561//7561 7567//7567
f 7565//7565 7563//7563 7561//7561
f 7569//7569 7571//7571 7573//7573
f 7569//7569 7567//7567 7571//7571
f 7569//7569 7565//7565 7567//7567
f 7574//7574 7569//7569 7573//7573
f 7577//7577 7573//7573 7578//7578
f 7577//7577 7574//7574 7573//7573
f 7405//7405 7578//7578 7402//7402
f 7405//7405 7577//7577 7578//7578
f 7581//7581 7566//7566 7560//7560
f 7581//7581 7560//7560 7559//7559
f 7582//7582 7559//7559 7553//7553
f 7582//7582 7581//7581 7559//7559
f 7584//7584 7570//7570 7566//7566
f 7584//7584 7566//7566 7581//7581
f 7587//7587 7582//7582 7553//7553
f 7586//7586 7555//7555 7548//7548
f 7590//7590 7572//7572 7570//7570
f 7590//7590 7570//7570 7584//7584
f 7591//7591 7546//7546 7543//7543
f 7591//7591 7587//7587 7546//7546
f 7593//7593 7572//7572 7590//7590
f 7593//7593 7579//7579 7572//7572
f 7595//7595 7543//7543 7538//7538
f 7595//7595 7538//7538 7534//7534
f 7595//7595 7591//7591 7543//7543
f 7323//7323 7401//7401 7579//7579
f 7323//7323 7579//7579 7593//7593
f 7323//7323 7403//7403 7401//7401
f 7598//7598 7534//7534 7532//7532
f 7598//7598 7595//7595 7534//7534
f 7314//7314 7403//7403 7323//7323
f 7314//7314 7410//7410 7403//7403
f 7601//7601 7532//7532 7527//7527
f 7601//7601 7598//7598 7532//7532
f 7326//7326 7410//7410 7314//7314
f 7326//7326 7415//7415 7410//7410
f 7604//7604 7529//7529 7523//7523
f 7603//7603 7599//7599 7526//7526
f 7332//7332 7415//7415 7326//7326
f 7332//7332 7418//7418 7415//7415
f 7606//7606 7521//7521 7518//7518
f 7606//7606 7605//7605 7521//7521
f 7335//7335 7421//7421 7418//7418
f 7336//7336 7416//7416 7333//7333
f 7609//7609 7606//7606 7518//7518
f 7514//7514 7609//7609 7518//7518
f 7427//7427 7421//7421 7335//7335
f 7427//7427 7335//7335 7340//7340
f 7508//7508 7609//7609 7514//7514
f 7508//7508 7611//7611 7609//7609
f 7432//7432 7427//7427 7340//7340
f 7432//7432 7340//7340 7344//7344
f 7506//7506 7613//7613 7611//7611
f 7506//7506 7611//7611 7508//7508
f 7436//7436 7344//7344 7349//7349
f 7436//7436 7432//7432 7344//7344
f 7499//7499 7615//7615 7613//7613
f 7499//7499 7613//7613 7506//7506
f 7440//7440 7349//7349 7353//7353
f 7440//7440 7436//7436 7349//7349
f 7497//7497 7392//7392 7615//7615
f 7497//7497 7615//7615 7499//7499
f 7443//7443 7440//7440 7353//7353
f 7492//7492 7392//7392 7497//7497
f 7445//7445 7443//7443 7353//7353
f 7445//7445 7353//7353 7357//7357
f 7486//7486 7390//7390 7392//7392
f 7486//7486 7392//7392 7492//7492
f 7452//7452 7445//7445 7357//7357
f 7452//7452 7357//7357 7361//7361
f 7482//7482 7390//7390 7486//7486
f 7482//7482 7383//7383 7390//7390
f 7454//7454 7452//7452 7361//7361
f 7454//7454 7361//7361 7367//7367
f 7479//7479 7383//7383 7482//7482
f 7479//7479 7378//7378 7383//7383
f 7459//7459 7455//7455 7368//7368
f 7458//7458 7367//7367 7373//7373
f 7476//7476 7378//7378 7479//7479
f 7476//7476 7374//7374 7378//7378
f 7468//7468 7461//7461 7372//7372
f 7467//7467 7373//7373 7374//7374
f 7469//7469 7374//7374 7476//7476
f 7469//7469 7467//7467 7374//7374
f 7576//7576 7568//7568 7575//7575
f 7399//7399 7576//7576 7407//7407
f 7399//7399 7564//7564 7568//7568
f 7399//7399 7562//7562 7564//7564
f 7399//7399 7568//7568 7576//7576
f 7530//7530 7549//7549 7552//7552
f 7530//7530 7544//7544 7549//7549
f 7530//7530 7540//7540 7544//7544
f 7530//7530 7537//7537 7540//7540
f 7413//7413 7399//7399 7408//7408
f 7423//7423 7413//7413 7420//7420
f 7423//7423 7556//7556 7562//7562
f 7423//7423 7562//7562 7399//7399
f 7423//7423 7399//7399 7413//7413
f 7511//7511 7525//7525 7530//7530
f 7511//7511 7520//7520 7525//7525
f 7511//7511 7515//7515 7520//7520
f 7430//7430 7423//7423 7426//7426
f 7504//7504 7510//7510 7511//7511
f 7504//7504 7530//7530 7552//7552
f 7504//7504 7511//7511 7530//7530
f 7433//7433 7552//7552 7556//7556
f 7433//7433 7556//7556 7423//7423
f 7433//7433 7423//7423 7430//7430
f 7433//7433 7504//7504 7552//7552
f 7441//7441 7433//7433 7437//7437
f 7449//7449 7441//7441 7447//7447
f 7457//7457 7441//7441 7449//7449
f 7474//7474 7488//7488 7491//7491
f 7474//7474 7484//7484 7488//7488
f 7474//7474 7478//7478 7484//7484
f 7474//7474 7491//7491 7495//7495
f 7471//7471 7433//7433 7441//7441
f 7471//7471 7463//7463 7465//7465
f 7471//7471 7457//7457 7463//7463
f 7471//7471 7441//7441 7457//7457
f 7471//7471 7474//7474 7495//7495
f 7471//7471 7501//7501 7504//7504
f 7471//7471 7495//7495 7501//7501
f 7471//7471 7504//7504 7433//7433
f 7614//7614 7391//7391 7397//7397
f 7614//7614 7397//7397 7616//7616
f 7612//7612 7616//7616 7619//7619
f 7612//7612 7614//7614 7616//7616
f 7610//7610 7619//7619 7622//7622
f 7610//7610 7612//7612 7619//7619
f 7608//7608 7622//7622 7623//7623
f 7608//7608 7610//7610 7622//7622
f 7607//7607 7623//7623 7625//7625
f 7607//7607 7608//7608 7623//7623
f 7602//7602 7627//7627 7630//7630
f 7602//7602 7625//7625 7627//7627
f 7602//7602 7607//7607 7625//7625
f 7600//7600 7602//7602 7630//7630
f 7597//7597 7631//7631 7634//7634
f 7597//7597 7630//7630 7631//7631
f 7597//7597 7600//7600 7630//7630
f 7596//7596 7597//7597 7634//7634
f 7592//7592 7634//7634 7636//7636
f 7592//7592 7596//7596 7634//7634
f 7588//7588 7636//7636 7639//7639
f 7588//7588 7592//7592 7636//7636
f 7583//7583 7639//7639 7642//7642
f 7583//7583 7588//7588 7639//7639
f 7580//7580 7644//7644 7646//7646
f 7580//7580 7642//7642 7644//7644
f 7580//7580 7583//7583 7642//7642
f 7585//7585 7580//7580 7646//7646
f 7589//7589 7647//7647 7650//7650
f 7589//7589 7646//7646 7647//7647
f 7589//7589 7585//7585 7646//7646
f 7594//7594 7589//7589 7650//7650
f 7322//7322 7650//7650 7315//7315
f 7322//7322 7594//7594 7650//7650
f 7311//7311 7309//7309 7655//7655
f 7656//7656 7311//7311 7655//7655
f 7659//7659 7663//7663 7669//7669
f 7659//7659 7655//7655 7663//7663
f 7659//7659 7656//7656 7655//7655
f 7671//7671 7659//7659 7669//7669
f 7673//7673 7669//7669 7674//7674
f 7673//7673 7671//7671 7669//7669
f 7677//7677 7674//7674 7679//7679
f 7677//7677 7673//7673 7674//7674
f 7682//7682 7679//7679 7683//7683
f 7682//7682 7677//7677 7679//7679
f 7690//7690 7683//7683 7693//7693
f 7690//7690 7682//7682 7683//7683
f 7695//7695 7693//7693 7697//7697
f 7695//7695 7690//7690 7693//7693
f 7700//7700 7703//7703 7705//7705
f 7700//7700 7697//7697 7703//7703
f 7700//7700 7695//7695 7697//7697
f 7709//7709 7700//7700 7705//7705
f 7713//7713 7705//7705 7716//7716
f 7713//7713 7709//7709 7705//7705
f 7719//7719 7716//7716 7726//7726
f 7719//7719 7713//7713 7716//7716
f 7729//7729 7726//7726 7731//7731
f 7729//7729 7719//7719 7726//7726
f 7733//7733 7731//7731 7735//7735
f 7733//7733 7729//7729 7731//7731
f 7738//7738 7733//7733 7735//7735
f 7738//7738 7739//7739 7741//7741
f 7738//7738 7735//7735 7739//7739
f 7748//7748 7738//7738 7741//7741
f 7751//7751 7753//7753 7207//7207
f 7751//7751 7741//7741 7753//7753
f 7751//7751 7748//7748 7741//7741
f 7212//7212 7751//7751 7207//7207
f 7724//7724 7734//7734 7730//7730
f 7742//7742 7740//7740 7734//7734
f 7744//7744 7736//7736 7721//7721
f 7211//7211 7206//7206 7755//7755
f 7692//7692 7707//7707 7702//7702
f 7694//7694 7704//7704 7698//7698
f 7221//7221 7754//7754 7746//7746
f 7219//7219 7209//7209 7756//7756
f 7688//7688 7724//7724 7715//7715
f 7684//7684 7717//7717 7706//7706
f 7687//7687 7708//7708 7691//7691
f 7231//7231 7225//7225 7218//7218
f 7232//7232 7220//7220 7747//7747
f 7666//7666 7686//7686 7680//7680
f 7668//7668 7678//7678 7675//7675
f 7241//7241 7235//7235 7231//7231
f 7665//7665 7724//7724 7688//7688
f 7664//7664 7685//7685 7667//7667
f 7303//7303 7652//7652 7307//7307
f 7265//7265 7259//7259 7254//7254
f 7266//7266 7256//7256 7250//7250
f 7267//7267 7251//7251 7242//7242
f 7267//7267 7242//7242 7241//7241
f 7264//7264 7745//7745 7727//7727
f 7263//7263 7229//7229 7743//7743
f 7267//7267 7241//7241 7231//7231
f 7283//7283 7662//7662 7653//7653
f 7287//7287 7305//7305 7297//7297
f 7286//7286 7298//7298 7292//7292
f 7284//7284 7725//7725 7661//7661
f 7288//7288 7654//7654 7304//7304
f 7277//7277 7723//7723 7285//7285
f 7275//7275 7273//7273 7269//7269
f 7278//7278 7268//7268 7722//7722
f 7643//7643 7728//7728 7732//7732
f 7641//7641 7720//7720 7728//7728
f 7641//7641 7728//7728 7643//7643
f 7645//7645 7732//7732 7737//7737
f 7645//7645 7643//7643 7732//7732
f 7638//7638 7712//7712 7718//7718
f 7640//7640 7720//7720 7641//7641
f 7648//7648 7737//7737 7749//7749
f 7648//7648 7645//7645 7737//7737
f 7637//7637 7711//7711 7714//7714
f 7637//7637 7714//7714 7640//7640
f 7651//7651 7749//7749 7752//7752
f 7651//7651 7648//7648 7749//7749
f 7633//7633 7699//7699 7710//7710
f 7635//7635 7711//7711 7637//7637
f 7317//7317 7649//7649 7750//7750
f 7318//7318 7752//7752 7214//7214
f 7632//7632 7701//7701 7635//7635
f 7696//7696 7701//7701 7632//7632
f 7205//7205 7318//7318 7214//7214
f 7321//7321 7318//7318 7205//7205
f 7629//7629 7696//7696 7632//7632
f 7689//7689 7696//7696 7629//7629
f 7215//7215 7320//7320 7203//7203
f 7328//7328 7321//7321 7217//7217
f 7628//7628 7689//7689 7629//7629
f 7681//7681 7689//7689 7628//7628
f 7224//7224 7328//7328 7217//7217
f 7329//7329 7328//7328 7224//7224
f 7626//7626 7681//7681 7628//7628
f 7676//7676 7681//7681 7626//7626
f 7227//7227 7329//7329 7224//7224
f 7337//7337 7329//7329 7227//7227
f 7624//7624 7676//7676 7626//7626
f 7672//7672 7676//7676 7624//7624
f 7234//7234 7337//7337 7227//7227
f 7342//7342 7337//7337 7234//7234
f 7621//7621 7672//7672 7624//7624
f 7670//7670 7672//7672 7621//7621
f 7237//7237 7342//7342 7234//7234
f 7346//7346 7342//7342 7237//7237
f 7620//7620 7670//7670 7621//7621
f 7660//7660 7670//7670 7620//7620
f 7244//7244 7345//7345 7239//7239
f 7351//7351 7346//7346 7246//7246
f 7618//7618 7660//7660 7620//7620
f 7657//7657 7660//7660 7618//7618
f 7247//7247 7351//7351 7246//7246
f 7355//7355 7351//7351 7247//7247
f 7396//7396 7658//7658 7617//7617
f 7253//7253 7359//7359 7355//7355
f 7253//7253 7355//7355 7247//7247
f 7310//7310 7657//7657 7395//7395
f 7258//7258 7363//7363 7359//7359
f 7258//7258 7359//7359 7253//7253
f 7302//7302 7395//7395 7386//7386
f 7302//7302 7310//7310 7395//7395
f 7261//7261 7365//7365 7363//7363
f 7261//7261 7363//7363 7258//7258
f 7295//7295 7386//7386 7385//7385
f 7294//7294 7301//7301 7388//7388
f 7271//7271 7369//7369 7365//7365
f 7271//7271 7365//7365 7261//7261
f 7290//7290 7385//7385 7381//7381
f 7290//7290 7295//7295 7385//7385
f 7281//7281 7290//7290 7381//7381
f 7281//7281 7381//7381 7377//7377
f 7279//7279 7281//7281 7377//7377
f 7279//7279 7377//7377 7369//7369
f 7279//7279 7369//7369 7271//7271
f 7757//7757 7761//7761 7765//7765
f 7757//7757 7766//7766 7761//7761
f 7769//7769 7765//7765 7774//7774
f 7769//7769 7757//7757 7765//7765
f 7778//7778 7774//7774 7780//7780
f 7778//7778 7769//7769 7774//7774
f 7782//7782 7780//7780 7785//7785
f 7782//7782 7778//7778 7780//7780
f 7787//7787 7785//7785 7789//7789
f 7787//7787 7782//7782 7785//7785
f 7792//7792 7794//7794 7797//7797
f 7792//7792 7789//7789 7794//7794
f 7792//7792 7787//7787 7789//7789
f 7798//7798 7792//7792 7797//7797
f 7802//7802 7797//7797 7805//7805
f 7802//7802 7798//7798 7797//7797
f 7806//7806 7805//7805 7809//7809
f 7806//7806 7802//7802 7805//7805
f 7811//7811 7809//7809 7814//7814
f 7811//7811 7806//7806 7809//7809
f 7815//7815 7814//7814 7817//7817
f 7815//7815 7811//7811 7814//7814
f 7825//7825 7828//7828 7829//7829
f 7825//7825 7817//7817 7828//7828
f 7825//7825 7815//7815 7817//7817
f 7834//7834 7825//7825 7829//7829
f 7836//7836 7829//7829 7838//7838
f 7836//7836 7834//7834 7829//7829
f 7845//7845 7836//7836 7838//7838
f 7845//7845 7838//7838 7846//7846
f 7849//7849 7845//7845 7846//7846
f 7849//7849 7846//7846 7852//7852
f 7854//7854 7860//7860 7861//7861
f 7854//7854 7852//7852 7860//7860
f 7854//7854 7849//7849 7852//7852
f 7864//7864 7854//7854 7861//7861
f 7867//7867 7871//7871 7873//7873
f 7867//7867 7876//7876 7871//7871
f 7880//7880 7882//7882 7883//7883
f 7880//7880 7873//7873 7882//7882
f 7880//7880 7867//7867 7873//7873
f 7887//7887 7880//7880 7883//7883
f 7888//7888 7883//7883 7891//7891
f 7888//7888 7887//7887 7883//7883
f 7894//7894 7891//7891 7895//7895
f 7894//7894 7888//7888 7891//7891
f 7898//7898 7895//7895 7900//7900
f 7898//7898 7894//7894 7895//7895
f 7902//7902 7900//7900 7904//7904
f 7902//7902 7898//7898 7900//7900
f 7906//7906 7904//7904 7909//7909
f 7906//7906 7902//7902 7904//7904
f 7910//7910 7909//7909 7913//7913
f 7910//7910 7906//7906 7909//7909
f 7914//7914 7916//7916 7919//7919
f 7914//7914 7913//7913 7916//7916
f 7914//7914 7910//7910 7913//7913
f 7921//7921 7919//7919 7923//7923
f 7921//7921 7914//7914 7919//7919
f 7926//7926 7921//7921 7923//7923
f 7928//7928 7923//7923 7930//7930
f 7928//7928 7926//7926 7923//7923
f 7933//7933 7930//7930 7934//7934
f 7933//7933 7928//7928 7930//7930
f 7937//7937 7939//7939 7941//7941
f 7937//7937 7934//7934 7939//7939
f 7937//7937 7933//7933 7934//7934
f 7943//7943 7937//7937 7941//7941
f 7947//7947 7941//7941 7949//7949
f 7947//7947 7943//7943 7941//7941
f 7953//7953 7956//7956 7958//7958
f 7953//7953 7960//7960 7956//7956
f 7963//7963 7958//7958 7964//7964
f 7963//7963 7953//7953 7958//7958
f 7967//7967 7968//7968 7972//7972
f 7967//7967 7964//7964 7968//7968
f 7967//7967 7963//7963 7964//7964
f 7973//7973 7972//7972 7975//7975
f 7973//7973 7967//7967 7972//7972
f 7978//7978 7973//7973 7975//7975
f 7980//7980 7975//7975 7982//7982
f 7980//7980 7978//7978 7975//7975
f 7983//7983 7982//7982 7985//7985
f 7983//7983 7980//7980 7982//7982
f 7987//7987 7985//7985 7989//7989
f 7987//7987 7983//7983 7985//7985
f 7991//7991 7989//7989 7993//7993
f 7991//7991 7987//7987 7989//7989
f 7995//7995 7997//7997 8000//8000
f 7995//7995 7993//7993 7997//7997
f 7995//7995 7991//7991 7993//7993
f 8002//8002 7995//7995 8000//8000
f 8003//8003 8005//8005 8009//8009
f 8003//8003 8000//8000 8005//8005
f 8003//8003 8002//8002 8000//8000
f 8011//8011 8009//8009 8013//8013
f 8011//8011 8003//8003 8009//8009
f 8017//8017 8011//8011 8013//8013
f 8018//8018 8017//8017 8013//8013
f 8018//8018 8021//8021 8023//8023
f 8018//8018 8013//8013 8021//8021
f 8026//8026 8018//8018 8023//8023
f 8028//8028 8023//8023 8030//8030
f 8028//8028 8026//8026 8023//8023
f 8031//8031 8034//8034 8036//8036
f 8031//8031 8030//8030 8034//8034
f 8031//8031 8028//8028 8030//8030
f 8037//8037 8036//8036 8040//8040
f 8037//8037 8031//8031 8036//8036
f 8042//8042 8037//8037 8040//8040
f 8044//8044 8040//8040 8046//8046
f 8044//8044 8042//8042 8040//8040
f 8050//8050 8045//8045 8047//8047
f 8050//8050 8051//8051 8054//8054
f 8050//8050 8047//8047 8051//8051
f 8055//8055 8050//8050 8054//8054
f 8058//8058 8059//8059 8061//8061
f 8058//8058 8054//8054 8059//8059
f 8058//8058 8055//8055 8054//8054
f 8063//8063 8058//8058 8061//8061
f 8066//8066 8061//8061 8067//8067
f 8066//8066 8063//8063 8061//8061
f 8070//8070 8067//8067 8072//8072
f 8070//8070 8066//8066 8067//8067
f 8074//8074 8072//8072 8076//8076
f 8074//8074 8070//8070 8072//8072
f 8079//8079 8076//8076 8080//8080
f 8079//8079 8074//8074 8076//8076
f 8085//8085 8087//8087 8089//8089
f 8085//8085 8080//8080 8087//8087
f 8085//8085 8079//8079 8080//8080
f 8090//8090 8089//8089 8092//8092
f 8090//8090 8085//8085 8089//8089
f 8095//8095 8092//8092 8096//8096
f 8095//8095 8090//8090 8092//8092
f 8099//8099 8096//8096 8102//8102
f 8099//8099 8095//8095 8096//8096
f 8104//8104 8099//8099 8102//8102
f 8105//8105 8104//8104 8102//8102
f 8105//8105 8102//8102 8107//8107
f 8110//8110 8113//8113 8115//8115
f 8110//8110 8107//8107 8113//8113
f 8110//8110 8105//8105 8107//8107
f 8117//8117 8110//8110 8115//8115
f 8118//8118 8115//8115 8121//8121
f 8118//8118 8117//8117 8115//8115
f 8122//8122 8124//8124 8126//8126
f 8122//8122 8121//8121 8124//8124
f 8122//8122 8118//8118 8121//8121
f 8128//8128 8122//8122 8126//8126
f 8130//8130 8126//8126 8133//8133
f 8130//8130 8128//8128 8126//8126
f 7959//7959 8133//8133 7954//7954
f 7959//7959 8130//8130 8133//8133
f 8134//8134 8120//8120 8114//8114
f 8134//8134 8114//8114 8112//8112
f 8137//8137 8112//8112 8109//8109
f 8137//8137 8134//8134 8112//8112
f 8139//8139 8125//8125 8120//8120
f 8139//8139 8120//8120 8134//8134
f 8141//8141 8137//8137 8109//8109
f 8142//8142 8108//8108 8100//8100
f 8144//8144 8127//8127 8125//8125
f 8144//8144 8125//8125 8139//8139
f 8145//8145 8101//8101 8097//8097
f 8145//8145 8141//8141 8101//8101
f 8147//8147 8127//8127 8144//8144
f 8147//8147 8132//8132 8127//8127
f 8149//8149 8097//8097 8093//8093
f 8149//8149 8093//8093 8088//8088
f 8149//8149 8145//8145 8097//8097
f 7877//7877 7955//7955 8132//8132
f 7877//7877 8132//8132 8147//8147
f 7877//7877 7957//7957 7955//7955
f 8151//8151 8088//8088 8086//8086
f 8151//8151 8149//8149 8088//8088
f 7868//7868 7957//7957 7877//7877
f 7868//7868 7965//7965 7957//7957
f 8154//8154 8086//8086 8083//8083
f 8154//8154 8151//8151 8086//8086
f 7879//7879 7965//7965 7868//7868
f 7879//7879 7969//7969 7965//7965
f 8156//8156 8082//8082 8075//8075
f 8159//8159 8155//8155 8081//8081
f 7885//7885 7969//7969 7879//7879
f 7885//7885 7971//7971 7969//7969
f 8160//8160 8077//8077 8071//8071
f 8160//8160 8157//8157 8077//8077
f 7889//7889 7976//7976 7971//7971
f 7890//7890 7970//7970 7886//7886
f 8162//8162 8160//8160 8071//8071
f 8068//8068 8162//8162 8071//8071
f 7981//7981 7976//7976 7889//7889
f 7981//7981 7889//7889 7893//7893
f 8062//8062 8162//8162 8068//8068
f 8062//8062 8164//8164 8162//8162
f 7986//7986 7981//7981 7893//7893
f 7986//7986 7893//7893 7897//7897
f 8060//8060 8167//8167 8164//8164
f 8060//8060 8164//8164 8062//8062
f 7990//7990 7897//7897 7903//7903
f 7990//7990 7986//7986 7897//7897
f 8053//8053 8169//8169 8167//8167
f 8053//8053 8167//8167 8060//8060
f 7994//7994 7903//7903 7907//7907
f 7994//7994 7990//7990 7903//7903
f 8052//8052 7945//7945 8169//8169
f 8052//8052 8169//8169 8053//8053
f 7998//7998 7994//7994 7907//7907
f 8048//8048 7945//7945 8052//8052
f 7999//7999 7998//7998 7907//7907
f 7999//7999 7907//7907 7911//7911
f 8039//8039 7944//7944 7945//7945
f 8039//8039 7945//7945 8048//8048
f 8006//8006 7999//7999 7911//7911
f 8006//8006 7911//7911 7915//7915
f 8035//8035 7944//7944 8039//8039
f 8035//8035 7936//7936 7944//7944
f 8007//8007 8006//8006 7915//7915
f 8007//8007 7915//7915 7920//7920
f 8033//8033 7936//7936 8035//8035
f 8033//8033 7932//7932 7936//7936
f 8012//8012 8008//8008 7922//7922
f 8014//8014 7920//7920 7925//7925
f 8029//8029 7932//7932 8033//8033
f 8029//8029 7929//7929 7932//7932
f 8020//8020 8015//8015 7927//7927
f 8022//8022 7925//7925 7929//7929
f 8024//8024 7929//7929 8029//8029
f 8024//8024 8022//8022 7929//7929
f 8131//8131 8123//8123 8129//8129
f 7952//7952 8131//8131 7961//7961
f 7952//7952 8119//8119 8123//8123
f 7952//7952 8116//8116 8119//8119
f 7952//7952 8123//8123 8131//8131
f 8084//8084 8103//8103 8106//8106
f 8084//8084 8098//8098 8103//8103
f 8084//8084 8094//8094 8098//8098
f 8084//8084 8091//8091 8094//8094
f 7966//7966 7952//7952 7962//7962
f 7977//7977 7966//7966 7974//7974
f 7977//7977 8111//8111 8116//8116
f 7977//7977 8116//8116 7952//7952
f 7977//7977 7952//7952 7966//7966
f 8065//8065 8078//8078 8084//8084
f 8065//8065 8073//8073 8078//8078
f 8065//8065 8069//8069 8073//8073
f 7984//7984 7977//7977 7979//7979
f 8057//8057 8064//8064 8065//8065
f 8057//8057 8084//8084 8106//8106
f 8057//8057 8065//8065 8084//8084
f 7988//7988 8106//8106 8111//8111
f 7988//7988 8111//8111 7977//7977
f 7988//7988 7977//7977 7984//7984
f 7988//7988 8057//8057 8106//8106
f 7996//7996 7988//7988 7992//7992
f 8004//8004 7996//7996 8001//8001
f 8010//8010 7996//7996 8004//8004
f 8027//8027 8041//8041 8043//8043
f 8027//8027 8038//8038 8041//8041
f 8027//8027 8032//8032 8038//8038
f 8027//8027 8043//8043 8049//8049
f 8025//8025 7988//7988 7996//7996
f 8025//8025 8016//8016 8019//8019
f 8025//8025 8010//8010 8016//8016
f 8025//8025 7996//7996 8010//8010
f 8025//8025 8027//8027 8049//8049
f 8025//8025 8056//8056 8057//8057
f 8025//8025 8049//8049 8056//8056
f 8025//8025 8057//8057 7988//7988
f 8168//8168 7946//7946 7951//7951
f 8168//8168 7951//7951 8172//8172
f 8166//8166 8172//8172 8173//8173
f 8166//8166 8168//8168 8172//8172
f 8165//8165 8173//8173 8175//8175
f 8165//8165 8166//8166 8173//8173
f 8163//8163 8175//8175 8177//8177
f 8163//8163 8165//8165 8175//8175
f 8161//8161 8177//8177 8179//8179
f 8161//8161 8163//8163 8177//8177
f 8158//8158 8181//8181 8183//8183
f 8158//8158 8179//8179 8181//8181
f 8158//8158 8161//8161 8179//8179
f 8153//8153 8158//8158 8183//8183
f 8152//8152 8185//8185 8187//8187
f 8152//8152 8183//8183 8185//8185
f 8152//8152 8153//8153 8183//8183
f 8150//8150 8152//8152 8187//8187
f 8146//8146 8187//8187 8190//8190
f 8146//8146 8150//8150 8187//8187
f 8140//8140 8190//8190 8194//8194
f 8140//8140 8146//8146 8190//8190
f 8136//8136 8194//8194 8196//8196
f 8136//8136 8140//8140 8194//8194
f 8135//8135 8198//8198 8200//8200
f 8135//8135 8196//8196 8198//8198
f 8135//8135 8136//8136 8196//8196
f 8138//8138 8135//8135 8200//8200
f 8143//8143 8202//8202 8204//8204
f 8143//8143 8200//8200 8202//8202
f 8143//8143 8138//8138 8200//8200
f 8148//8148 8143//8143 8204//8204
f 7878//7878 8204//8204 7870//7870
f 7878//7878 8148//8148 8204//8204
f 7866//7866 7862//7862 8206//8206
f 8212//8212 7866//7866 8206//8206
f 8214//8214 8219//8219 8220//8220
f 8214//8214 8206//8206 8219//8219
f 8214//8214 8212//8212 8206//8206
f 8225//8225 8214//8214 8220//8220
f 8227//8227 8220//8220 8229//8229
f 8227//8227 8225//8225 8220//8220
f 8231//8231 8229//8229 8233//8233
f 8231//8231 8227//8227 8229//8229
f 8235//8235 8233//8233 8237//8237
f 8235//8235 8231//8231 8233//8233
f 8244//8244 8237//8237 8247//8247
f 8244//8244 8235//8235 8237//8237
f 8249//8249 8247//8247 8252//8252
f 8249//8249 8244//8244 8247//8247
f 8253//8253 8257//8257 8262//8262
f 8253//8253 8252//8252 8257//8257
f 8253//8253 8249//8249 8252//8252
f 8264//8264 8253//8253 8262//8262
f 8266//8266 8262//8262 8270//8270
f 8266//8266 8264//8264 8262//8262
f 8274//8274 8270//8270 8275//8275
f 8274//8274 8266//8266 8270//8270
f 8283//8283 8275//8275 8284//8284
f 8283//8283 8274//8274 8275//8275
f 8287//8287 8284//8284 8290//8290
f 8287//8287 8283//8283 8284//8284
f 8291//8291 8287//8287 8290//8290
f 8291//8291 8294//8294 8299//8299
f 8291//8291 8290//8290 8294//8294
f 8303//8303 8291//8291 8299//8299
f 8305//8305 8310//8310 7762//7762
f 8305//8305 8299//8299 8310//8310
f 8305//8305 8303//8303 8299//8299
f 7767//7767 8305//8305 7762//7762
f 8278//8278 8288//8288 8285//8285
f 8295//8295 8293//8293 8288//8288
f 8296//8296 8289//8289 8276//8276
f 7764//7764 7760//7760 8309//8309
f 8245//8245 8259//8259 8258//8258
f 8248//8248 8256//8256 8251//8251
f 7772//7772 8308//8308 8298//8298
f 7775//7775 7763//7763 8307//8307
f 8242//8242 8278//8278 8271//8271
f 8240//8240 8269//8269 8261//8261
f 8238//8238 8260//8260 8246//8246
f 7784//7784 7779//7779 7776//7776
f 7783//7783 7773//7773 8297//8297
f 8222//8222 8241//8241 8234//8234
f 8221//8221 8232//8232 8228//8228
f 7795//7795 7790//7790 7784//7784
f 8215//8215 8278//8278 8242//8242
f 8218//8218 8239//8239 8223//8223
f 7858//7858 8209//8209 7863//7863
f 7823//7823 7813//7813 7808//7808
f 7820//7820 7810//7810 7803//7803
f 7819//7819 7804//7804 7796//7796
f 7819//7819 7796//7796 7795//7795
f 7824//7824 8301//8301 8279//8279
f 7821//7821 7786//7786 8300//8300
f 7819//7819 7795//7795 7784//7784
f 7843//7843 8217//8217 8207//8207
f 7841//7841 7859//7859 7851//7851
f 7839//7839 7853//7853 7847//7847
f 7840//7840 8281//8281 8216//8216
f 7837//7837 8208//8208 7857//7857
f 7830//7830 8280//8280 7842//7842
f 7831//7831 7827//7827 7818//7818
f 7832//7832 7822//7822 8277//8277
f 8197//8197 8282//8282 8286//8286
f 8195//8195 8272//8272 8282//8282
f 8195//8195 8282//8282 8197//8197
f 8199//8199 8286//8286 8292//8292
f 8199//8199 8197//8197 8286//8286
f 8193//8193 8267//8267 8273//8273
f 8192//8192 8272//8272 8195//8195
f 8201//8201 8292//8292 8302//8302
f 8201//8201 8199//8199 8292//8292
f 8191//8191 8265//8265 8268//8268
f 8191//8191 8268//8268 8192//8192
f 8203//8203 8302//8302 8306//8306
f 8203//8203 8201//8201 8302//8302
f 8188//8188 8254//8254 8263//8263
f 8189//8189 8265//8265 8191//8191
f 7869//7869 8205//8205 8304//8304
f 7872//7872 8306//8306 7768//7768
f 8186//8186 8255//8255 8189//8189
f 8250//8250 8255//8255 8186//8186
f 7758//7758 7872//7872 7768//7768
f 7875//7875 7872//7872 7758//7758
f 8184//8184 8250//8250 8186//8186
f 8243//8243 8250//8250 8184//8184
f 7770//7770 7874//7874 7759//7759
f 7881//7881 7875//7875 7771//7771
f 8182//8182 8243//8243 8184//8184
f 8236//8236 8243//8243 8182//8182
f 7777//7777 7881//7881 7771//7771
f 7884//7884 7881//7881 7777//7777
f 8180//8180 8236//8236 8182//8182
f 8230//8230 8236//8236 8180//8180
f 7781//7781 7884//7884 7777//7777
f 7892//7892 7884//7884 7781//7781
f 8178//8178 8230//8230 8180//8180
f 8226//8226 8230//8230 8178//8178
f 7788//7788 7892//7892 7781//7781
f 7896//7896 7892//7892 7788//7788
f 8176//8176 8226//8226 8178//8178
f 8224//8224 8226//8226 8176//8176
f 7791//7791 7896//7896 7788//7788
f 7899//7899 7896//7896 7791//7791
f 8174//8174 8224//8224 8176//8176
f 8213//8213 8224//8224 8174//8174
f 7800//7800 7901//7901 7793//7793
f 7905//7905 7899//7899 7799//7799
f 8170//8170 8213//8213 8174//8174
f 8211//8211 8213//8213 8170//8170
f 7801//7801 7905//7905 7799//7799
f 7908//7908 7905//7905 7801//7801
f 7950//7950 8210//8210 8171//8171
f 7807//7807 7912//7912 7908//7908
f 7807//7807 7908//7908 7801//7801
f 7865//7865 8211//8211 7948//7948
f 7812//7812 7917//7917 7912//7912
f 7812//7812 7912//7912 7807//7807
f 7855//7855 7948//7948 7942//7942
f 7855//7855 7865//7865 7948//7948
f 7816//7816 7918//7918 7917//7917
f 7816//7816 7917//7917 7812//7812
f 7848//7848 7942//7942 7938//7938
f 7850//7850 7856//7856 7940//7940
f 7826//7826 7924//7924 7918//7918
f 7826//7826 7918//7918 7816//7816
f 7844//7844 7938//7938 7935//7935
f 7844//7844 7848//7848 7938//7938
f 7835//7835 7844//7844 7935//7935
f 7835//7835 7935//7935 7931//7931
f 7833//7833 7835//7835 7931//7931
f 7833//7833 7931//7931 7924//7924
f 7833//7833 7924//7924 7826//7826
f 8313//8313 8315//8315 8318//8318
f 8313//8313 8321//8321 8315//8315
f 8324//8324 8318//8318 8327//8327
f 8324//8324 8313//8313 8318//8318
f 8331//8331 8327//8327 8333//8333
f 8331//8331 8324//8324 8327//8327
f 8335//8335 8333//8333 8338//8338
f 8335//8335 8331//8331 8333//8333
f 8341//8341 8338//8338 8344//8344
f 8341//8341 8335//8335 8338//8338
f 8347//8347 8348//8348 8351//8351
f 8347//8347 8344//8344 8348//8348
f 8347//8347 8341//8341 8344//8344
f 8354//8354 8347//8347 8351//8351
f 8355//8355 8351//8351 8359//8359
f 8355//8355 8354//8354 8351//8351
f 8361//8361 8359//8359 8362//8362
f 8361//8361 8355//8355 8359//8359
f 8365//8365 8362//8362 8368//8368
f 8365//8365 8361//8361 8362//8362
f 8369//8369 8368//8368 8376//8376
f 8369//8369 8365//8365 8368//8368
f 8380//8380 8381//8381 8384//8384
f 8380//8380 8376//8376 8381//8381
f 8380//8380 8369//8369 8376//8376
f 8387//8387 8380//8380 8384//8384
f 8389//8389 8384//8384 8397//8397
f 8389//8389 8387//8387 8384//8384
f 8398//8398 8389//8389 8397//8397
f 8398//8398 8397//8397 8401//8401
f 8403//8403 8398//8398 8401//8401
f 8403//8403 8401//8401 8406//8406
f 8409//8409 8413//8413 8415//8415
f 8409//8409 8406//8406 8413//8413
f 8409//8409 8403//8403 8406//8406
f 8420//8420 8409//8409 8415//8415
f 8421//8421 8425//8425 8429//8429
f 8421//8421 8430//8430 8425//8425
f 8433//8433 8436//8436 8437//8437
f 8433//8433 8429//8429 8436//8436
f 8433//8433 8421//8421 8429//8429
f 8440//8440 8433//8433 8437//8437
f 8444//8444 8437//8437 8446//8446
f 8444//8444 8440//8440 8437//8437
f 8447//8447 8446//8446 8449//8449
f 8447//8447 8444//8444 8446//8446
f 8452//8452 8449//8449 8454//8454
f 8452//8452 8447//8447 8449//8449
f 8457//8457 8454//8454 8459//8459
f 8457//8457 8452//8452 8454//8454
f 8461//8461 8459//8459 8463//8463
f 8461//8461 8457//8457 8459//8459
f 8465//8465 8463//8463 8466//8466
f 8465//8465 8461//8461 8463//8463
f 8468//8468 8470//8470 8473//8473
f 8468//8468 8466//8466 8470//8470
f 8468//8468 8465//8465 8466//8466
f 8474//8474 8473//8473 8477//8477
f 8474//8474 8468//8468 8473//8473
f 8481//8481 8474//8474 8477//8477
f 8482//8482 8477//8477 8484//8484
f 8482//8482 8481//8481 8477//8477
f 8486//8486 8484//8484 8488//8488
f 8486//8486 8482//8482 8484//8484
f 8490//8490 8492//8492 8496//8496
f 8490//8490 8488//8488 8492//8492
f 8490//8490 8486//8486 8488//8488
f 8497//8497 8490//8490 8496//8496
f 8499//8499 8496//8496 8503//8503
f 8499//8499 8497//8497 8496//8496
f 8506//8506 8508//8508 8512//8512
f 8506//8506 8515//8515 8508//8508
f 8516//8516 8512//8512 8518//8518
f 8516//8516 8506//8506 8512//8512
f 8521//8521 8523//8523 8524//8524
f 8521//8521 8518//8518 8523//8523
f 8521//8521 8516//8516 8518//8518
f 8527//8527 8524//8524 8530//8530
f 8527//8527 8521//8521 8524//8524
f 8531//8531 8527//8527 8530//8530
f 8533//8533 8530//8530 8535//8535
f 8533//8533 8531//8531 8530//8530
f 8538//8538 8535//8535 8539//8539
f 8538//8538 8533//8533 8535//8535
f 8542//8542 8539//8539 8543//8543
f 8542//8542 8538//8538 8539//8539
f 8546//8546 8543//8543 8548//8548
f 8546//8546 8542//8542 8543//8543
f 8550//8550 8551//8551 8553//8553
f 8550//8550 8548//8548 8551//8551
f 8550//8550 8546//8546 8548//8548
f 8555//8555 8550//8550 8553//8553
f 8557//8557 8560//8560 8563//8563
f 8557//8557 8553//8553 8560//8560
f 8557//8557 8555//8555 8553//8553
f 8565//8565 8563//8563 8566//8566
f 8565//8565 8557//8557 8563//8563
f 8570//8570 8565//8565 8566//8566
f 8572//8572 8570//8570 8566//8566
f 8572//8572 8576//8576 8578//8578
f 8572//8572 8566//8566 8576//8576
f 8580//8580 8572//8572 8578//8578
f 8582//8582 8578//8578 8583//8583
f 8582//8582 8580//8580 8578//8578
f 8585//8585 8587//8587 8589//8589
f 8585//8585 8583//8583 8587//8587
f 8585//8585 8582//8582 8583//8583
f 8591//8591 8589//8589 8593//8593
f 8591//8591 8585//8585 8589//8589
f 8595//8595 8591//8591 8593//8593
f 8597//8597 8593//8593 8600//8600
f 8597//8597 8595//8595 8593//8593
f 8603//8603 8599//8599 8601//8601
f 8603//8603 8606//8606 8608//8608
f 8603//8603 8601//8601 8606//8606
f 8609//8609 8603//8603 8608//8608
f 8612//8612 8614//8614 8616//8616
f 8612//8612 8608//8608 8614//8614
f 8612//8612 8609//8609 8608//8608
f 8617//8617 8612//8612 8616//8616
f 8619//8619 8616//8616 8622//8622
f 8619//8619 8617//8617 8616//8616
f 8624//8624 8622//8622 8626//8626
f 8624//8624 8619//8619 8622//8622
f 8627//8627 8626//8626 8629//8629
f 8627//8627 8624//8624 8626//8626
f 8632//8632 8629//8629 8636//8636
f 8632//8632 8627//8627 8629//8629
f 8639//8639 8641//8641 8642//8642
f 8639//8639 8636//8636 8641//8641
f 8639//8639 8632//8632 8636//8636
f 8644//8644 8642//8642 8647//8647
f 8644//8644 8639//8639 8642//8642
f 8648//8648 8647//8647 8650//8650
f 8648//8648 8644//8644 8647//8647
f 8652//8652 8650//8650 8656//8656
f 8652//8652 8648//8648 8650//8650
f 8658//8658 8652//8652 8656//8656
f 8660//8660 8658//8658 8656//8656
f 8660//8660 8656//8656 8663//8663
f 8664//8664 8667//8667 8669//8669
f 8664//8664 8663//8663 8667//8667
f 8664//8664 8660//8660 8663//8663
f 8670//8670 8664//8664 8669//8669
f 8673//8673 8669//8669 8675//8675
f 8673//8673 8670//8670 8669//8669
f 8677//8677 8678//8678 8680//8680
f 8677//8677 8675//8675 8678//8678
f 8677//8677 8673//8673 8675//8675
f 8683//8683 8677//8677 8680//8680
f 8684//8684 8680//8680 8686//8686
f 8684//8684 8683//8683 8680//8680
f 8514//8514 8686//8686 8510//8510
f 8514//8514 8684//8684 8686//8686
f 8689//8689 8674//8674 8668//8668
f 8689//8689 8668//8668 8666//8666
f 8690//8690 8666//8666 8662//8662
f 8690//8690 8689//8689 8666//8666
f 8692//8692 8679//8679 8674//8674
f 8692//8692 8674//8674 8689//8689
f 8696//8696 8690//8690 8662//8662
f 8695//8695 8661//8661 8655//8655
f 8698//8698 8681//8681 8679//8679
f 8698//8698 8679//8679 8692//8692
f 8699//8699 8654//8654 8651//8651
f 8699//8699 8696//8696 8654//8654
f 8702//8702 8681//8681 8698//8698
f 8702//8702 8687//8687 8681//8681
f 8703//8703 8651//8651 8646//8646
f 8703//8703 8646//8646 8643//8643
f 8703//8703 8699//8699 8651//8651
f 8432//8432 8509//8509 8687//8687
f 8432//8432 8687//8687 8702//8702
f 8432//8432 8511//8511 8509//8509
f 8706//8706 8643//8643 8640//8640
f 8706//8706 8703//8703 8643//8643
f 8422//8422 8511//8511 8432//8432
f 8422//8422 8519//8519 8511//8511
f 8709//8709 8640//8640 8635//8635
f 8709//8709 8706//8706 8640//8640
f 8434//8434 8519//8519 8422//8422
f 8434//8434 8522//8522 8519//8519
f 8712//8712 8637//8637 8631//8631
f 8711//8711 8708//8708 8634//8634
f 8439//8439 8522//8522 8434//8434
f 8439//8439 8525//8525 8522//8522
f 8715//8715 8630//8630 8625//8625
f 8715//8715 8710//8710 8630//8630
f 8443//8443 8529//8529 8525//8525
f 8442//8442 8526//8526 8441//8441
f 8716//8716 8715//8715 8625//8625
f 8621//8621 8716//8716 8625//8625
f 8536//8536 8529//8529 8443//8443
f 8536//8536 8443//8443 8448//8448
f 8615//8615 8716//8716 8621//8621
f 8615//8615 8719//8719 8716//8716
f 8540//8540 8536//8536 8448//8448
f 8540//8540 8448//8448 8451//8451
f 8613//8613 8720//8720 8719//8719
f 8613//8613 8719//8719 8615//8615
f 8544//8544 8451//8451 8456//8456
f 8544//8544 8540//8540 8451//8451
f 8607//8607 8723//8723 8720//8720
f 8607//8607 8720//8720 8613//8613
f 8547//8547 8456//8456 8460//8460
f 8547//8547 8544//8544 8456//8456
f 8605//8605 8501//8501 8723//8723
f 8605//8605 8723//8723 8607//8607
f 8552//8552 8547//8547 8460//8460
f 8602//8602 8501//8501 8605//8605
f 8554//8554 8552//8552 8460//8460
f 8554//8554 8460//8460 8464//8464
f 8594//8594 8498//8498 8501//8501
f 8594//8594 8501//8501 8602//8602
f 8559//8559 8554//8554 8464//8464
f 8559//8559 8464//8464 8469//8469
f 8590//8590 8498//8498 8594//8594
f 8590//8590 8491//8491 8498//8498
f 8562//8562 8559//8559 8469//8469
f 8562//8562 8469//8469 8475//8475
f 8588//8588 8491//8491 8590//8590
f 8588//8588 8487//8487 8491//8491
f 8568//8568 8561//8561 8476//8476
f 8567//8567 8475//8475 8480//8480
f 8584//8584 8487//8487 8588//8588
f 8584//8584 8483//8483 8487//8487
f 8574//8574 8569//8569 8479//8479
f 8575//8575 8480//8480 8483//8483
f 8577//8577 8483//8483 8584//8584
f 8577//8577 8575//8575 8483//8483
f 8685//8685 8676//8676 8682//8682
f 8507//8507 8685//8685 8513//8513
f 8507//8507 8672//8672 8676//8676
f 8507//8507 8671//8671 8672//8672
f 8507//8507 8676//8676 8685//8685
f 8638//8638 8657//8657 8659//8659
f 8638//8638 8653//8653 8657//8657
f 8638//8638 8649//8649 8653//8653
f 8638//8638 8645//8645 8649//8649
f 8520//8520 8507//8507 8517//8517
f 8532//8532 8520//8520 8528//8528
f 8532//8532 8665//8665 8671//8671
f 8532//8532 8671//8671 8507//8507
f 8532//8532 8507//8507 8520//8520
f 8620//8620 8633//8633 8638//8638
f 8620//8620 8628//8628 8633//8633
f 8620//8620 8623//8623 8628//8628
f 8537//8537 8532//8532 8534//8534
f 8611//8611 8618//8618 8620//8620
f 8611//8611 8638//8638 8659//8659
f 8611//8611 8620//8620 8638//8638
f 8541//8541 8659//8659 8665//8665
f 8541//8541 8665//8665 8532//8532
f 8541//8541 8532//8532 8537//8537
f 8541//8541 8611//8611 8659//8659
f 8549//8549 8541//8541 8545//8545
f 8558//8558 8549//8549 8556//8556
f 8564//8564 8549//8549 8558//8558
f 8581//8581 8596//8596 8598//8598
f 8581//8581 8592//8592 8596//8596
f 8581//8581 8586//8586 8592//8592
f 8581//8581 8598//8598 8604//8604
f 8579//8579 8541//8541 8549//8549
f 8579//8579 8571//8571 8573//8573
f 8579//8579 8564//8564 8571//8571
f 8579//8579 8549//8549 8564//8564
f 8579//8579 8581//8581 8604//8604
f 8579//8579 8610//8610 8611//8611
f 8579//8579 8604//8604 8610//8610
f 8579//8579 8611//8611 8541//8541
f 8722//8722 8500//8500 8505//8505
f 8722//8722 8505//8505 8724//8724
f 8721//8721 8724//8724 8728//8728
f 8721//8721 8722//8722 8724//8724
f 8718//8718 8728//8728 8730//8730
f 8718//8718 8721//8721 8728//8728
f 8717//8717 8730//8730 8732//8732
f 8717//8717 8718//8718 8730//8730
f 8714//8714 8732//8732 8734//8734
f 8714//8714 8717//8717 8732//8732
f 8713//8713 8736//8736 8737//8737
f 8713//8713 8734//8734 8736//8736
f 8713//8713 8714//8714 8734//8734
f 8707//8707 8713//8713 8737//8737
f 8705//8705 8740//8740 8743//8743
f 8705//8705 8737//8737 8740//8740
f 8705//8705 8707//8707 8737//8737
f 8704//8704 8705//8705 8743//8743
f 8700//8700 8743//8743 8745//8745
f 8700//8700 8704//8704 8743//8743
f 8694//8694 8745//8745 8747//8747
f 8694//8694 8700//8700 8745//8745
f 8691//8691 8747//8747 8749//8749
f 8691//8691 8694//8694 8747//8747
f 8688//8688 8751//8751 8754//8754
f 8688//8688 8749//8749 8751//8751
f 8688//8688 8691//8691 8749//8749
f 8693//8693 8688//8688 8754//8754
f 8697//8697 8756//8756 8758//8758
f 8697//8697 8754//8754 8756//8756
f 8697//8697 8693//8693 8754//8754
f 8701//8701 8697//8697 8758//8758
f 8431//8431 8758//8758 8426//8426
f 8431//8431 8701//8701 8758//8758
f 8418//8418 8417//8417 8762//8762
f 8765//8765 8418//8418 8762//8762
f 8767//8767 8769//8769 8774//8774
f 8767//8767 8762//8762 8769//8769
f 8767//8767 8765//8765 8762//8762
f 8779//8779 8767//8767 8774//8774
f 8780//8780 8774//8774 8783//8783
f 8780//8780 8779//8779 8774//8774
f 8785//8785 8783//8783 8786//8786
f 8785//8785 8780//8780 8783//8783
f 8790//8790 8786//8786 8796//8796
f 8790//8790 8785//8785 8786//8786
f 8798//8798 8796//8796 8802//8802
f 8798//8798 8790//8790 8796//8796
f 8804//8804 8802//8802 8806//8806
f 8804//8804 8798//8798 8802//8802
f 8807//8807 8812//8812 8816//8816
f 8807//8807 8806//8806 8812//8812
f 8807//8807 8804//8804 8806//8806
f 8819//8819 8807//8807 8816//8816
f 8820//8820 8816//8816 8825//8825
f 8820//8820 8819//8819 8816//8816
f 8827//8827 8825//8825 8832//8832
f 8827//8827 8820//8820 8825//8825
f 8836//8836 8832//8832 8839//8839
f 8836//8836 8827//8827 8832//8832
f 8841//8841 8839//8839 8843//8843
f 8841//8841 8836//8836 8839//8839
f 8845//8845 8841//8841 8843//8843
f 8845//8845 8848//8848 8852//8852
f 8845//8845 8843//8843 8848//8848
f 8856//8856 8845//8845 8852//8852
f 8858//8858 8864//8864 8316//8316
f 8858//8858 8852//8852 8864//8864
f 8858//8858 8856//8856 8852//8852
f 8320//8320 8858//8858 8316//8316
f 8833//8833 8844//8844 8838//8838
f 8851//8851 8847//8847 8844//8844
f 8850//8850 8842//8842 8831//8831
f 8317//8317 8314//8314 8861//8861
f 8800//8800 8814//8814 8811//8811
f 8801//8801 8810//8810 8805//8805
f 8326//8326 8862//8862 8849//8849
f 8330//8330 8319//8319 8863//8863
f 8795//8795 8833//8833 8823//8823
f 8793//8793 8824//8824 8813//8813
f 8794//8794 8815//8815 8799//8799
f 8337//8337 8334//8334 8329//8329
f 8339//8339 8328//8328 8853//8853
f 8776//8776 8792//8792 8787//8787
f 8775//8775 8788//8788 8782//8782
f 8349//8349 8343//8343 8337//8337
f 8771//8771 8833//8833 8795//8795
f 8772//8772 8791//8791 8777//8777
f 8414//8414 8760//8760 8416//8416
f 8377//8377 8367//8367 8364//8364
f 8374//8374 8363//8363 8357//8357
f 8373//8373 8358//8358 8350//8350
f 8373//8373 8350//8350 8349//8349
f 8375//8375 8855//8855 8835//8835
f 8371//8371 8340//8340 8854//8854
f 8373//8373 8349//8349 8337//8337
f 8396//8396 8773//8773 8763//8763
f 8395//8395 8411//8411 8407//8407
f 8394//8394 8405//8405 8400//8400
f 8391//8391 8830//8830 8770//8770
f 8392//8392 8761//8761 8412//8412
f 8383//8383 8829//8829 8393//8393
f 8385//8385 8382//8382 8372//8372
f 8386//8386 8378//8378 8834//8834
f 8752//8752 8837//8837 8840//8840
f 8750//8750 8826//8826 8837//8837
f 8750//8750 8837//8837 8752//8752
f 8753//8753 8840//8840 8846//8846
f 8753//8753 8752//8752 8840//8840
f 8746//8746 8821//8821 8828//8828
f 8748//8748 8826//8826 8750//8750
f 8755//8755 8846//8846 8857//8857
f 8755//8755 8753//8753 8846//8846
f 8744//8744 8818//8818 8822//8822
f 8744//8744 8822//8822 8748//8748
f 8757//8757 8857//8857 8860//8860
f 8757//8757 8755//8755 8857//8857
f 8742//8742 8808//8808 8817//8817
f 8741//8741 8818//8818 8744//8744
f 8424//8424 8759//8759 8859//8859
f 8423//8423 8860//8860 8322//8322
f 8739//8739 8809//8809 8741//8741
f 8803//8803 8809//8809 8739//8739
f 8311//8311 8423//8423 8322//8322
f 8428//8428 8423//8423 8311//8311
f 8738//8738 8803//8803 8739//8739
f 8797//8797 8803//8803 8738//8738
f 8323//8323 8427//8427 8312//8312
f 8435//8435 8428//8428 8325//8325
f 8735//8735 8797//8797 8738//8738
f 8789//8789 8797//8797 8735//8735
f 8332//8332 8435//8435 8325//8325
f 8438//8438 8435//8435 8332//8332
f 8733//8733 8789//8789 8735//8735
f 8784//8784 8789//8789 8733//8733
f 8336//8336 8438//8438 8332//8332
f 8445//8445 8438//8438 8336//8336
f 8731//8731 8784//8784 8733//8733
f 8781//8781 8784//8784 8731//8731
f 8342//8342 8445//8445 8336//8336
f 8450//8450 8445//8445 8342//8342
f 8729//8729 8781//8781 8731//8731
f 8778//8778 8781//8781 8729//8729
f 8345//8345 8450//8450 8342//8342
f 8453//8453 8450//8450 8345//8345
f 8727//8727 8778//8778 8729//8729
f 8768//8768 8778//8778 8727//8727
f 8353//8353 8455//8455 8346//8346
f 8458//8458 8453//8453 8352//8352
f 8726//8726 8768//8768 8727//8727
f 8766//8766 8768//8768 8726//8726
f 8356//8356 8458//8458 8352//8352
f 8462//8462 8458//8458 8356//8356
f 8504//8504 8764//8764 8725//8725
f 8360//8360 8467//8467 8462//8462
f 8360//8360 8462//8462 8356//8356
f 8419//8419 8766//8766 8502//8502
f 8366//8366 8471//8471 8467//8467
f 8366//8366 8467//8467 8360//8360
f 8408//8408 8502//8502 8494//8494
f 8408//8408 8419//8419 8502//8502
f 8370//8370 8472//8472 8471//8471
f 8370//8370 8471//8471 8366//8366
f 8402//8402 8494//8494 8493//8493
f 8404//8404 8410//8410 8495//8495
f 8379//8379 8478//8478 8472//8472
f 8379//8379 8472//8472 8370//8370
f 8399//8399 8493//8493 8489//8489
f 8399//8399 8402//8402 8493//8493
f 8390//8390 8399//8399 8489//8489
f 8390//8390 8489//8489 8485//8485
f 8388//8388 8390//8390 8485//8485
f 8388//8388 8485//8485 8478//8478
f 8388//8388 8478//8478 8379//8379

