mtllib SimpleRodEndEffector.mtl
usemtl Material.001
v -0.03963303 -0.00244445 0.17482141
v -0.03968042 -0.00000000 0.17504610
v -0.03968042 -0.00000000 0.17504610
v -0.03999996 -0.00000000 0.17000000
v -0.03999996 -0.00000000 0.17000000
v -0.03999996 -0.00000000 0.17000000
v -0.03999996 -0.00000000 0.17000000
v -0.03970831 -0.00482142 0.17000000
v -0.03970831 -0.00482142 0.17000000
v -0.03903222 -0.00729638 0.17482141
v -0.03883767 -0.00957263 0.17000000
v -0.03883767 -0.00957263 0.17000000
v -0.03783971 -0.01203769 0.17482141
v -0.03740060 -0.01418417 0.17000000
v -0.03740060 -0.01418417 0.17000000
v -0.03854328 -0.00477266 0.17957260
v -0.03872680 -0.00000000 0.18001160
v -0.03872680 -0.00000000 0.18001160
v -0.03607362 -0.01659649 0.17482141
v -0.03541821 -0.01858890 0.17000000
v -0.03541821 -0.01858890 0.17000000
v -0.03766465 -0.00947302 0.17957260
v -0.03732967 -0.00230241 0.18418410
v -0.03715443 -0.00000000 0.18481711
v -0.03715443 -0.00000000 0.18481711
v -0.03376072 -0.02090370 0.17482141
v -0.03291934 -0.02272254 0.17000000
v -0.03291934 -0.02272254 0.17000000
v -0.03621500 -0.01402974 0.17957260
v -0.03676378 -0.00687230 0.18418410
v -0.03093600 -0.02489411 0.17482141
v -0.02994042 -0.02652490 0.17000000
v -0.02994042 -0.02652490 0.17000000
v -0.03421646 -0.01837384 0.17957260
v -0.03564059 -0.01133805 0.18418410
v -0.03514975 -0.00435245 0.18858890
v -0.03498834 -0.00000000 0.18938591
v -0.03498834 -0.00000000 0.18938591
v -0.02764230 -0.02850705 0.17482141
v -0.02652490 -0.02994042 0.17000000
v -0.02652490 -0.02994042 0.17000000
v -0.03169918 -0.02243936 0.17957260
v -0.03397715 -0.01563197 0.18418410
v -0.03434848 -0.00863898 0.18858890
v -0.03285688 -0.00202650 0.19272260
v -0.03226315 -0.00000000 0.19364500
v -0.03226315 -0.00000000 0.19364500
v -0.02392959 -0.03168791 0.17482141
v -0.02272254 -0.03291934 0.17000000
v -0.02272254 -0.03291934 0.17000000
v -0.02870136 -0.02616477 0.17957260
v -0.03179866 -0.01968890 0.18418410
v -0.03302651 -0.01279449 0.18858890
v -0.03235882 -0.00604886 0.19272260
v -0.01985412 -0.03438842 0.17482141
v -0.01858890 -0.03541821 0.17000000
v -0.01858890 -0.03541821 0.17000000
v -0.02526849 -0.02949351 0.17957260
v -0.02913808 -0.02344733 0.18418410
v -0.03120386 -0.01675611 0.18858890
v -0.03137022 -0.00997955 0.19272260
v -0.01547771 -0.03656762 0.17482141
v -0.01418417 -0.03740060 0.17000000
v -0.01418417 -0.03740060 0.17000000
v -0.02971345 -0.00367928 0.19652490
v -0.02902251 -0.00000000 0.19752620
v -0.02902251 -0.00000000 0.19752620
v -0.02145254 -0.03237515 0.17957260
v -0.02603584 -0.02685034 0.18418410
v -0.02890825 -0.02046370 0.18858890
v -0.02990609 -0.01375895 0.19272260
v -0.01086670 -0.03819251 0.17482141
v -0.00957263 -0.03883767 0.17000000
v -0.00957263 -0.03883767 0.17000000
v -0.02903610 -0.00730288 0.19652490
v -0.01731139 -0.03476601 0.17957260
v -0.02647459 -0.00163287 0.19994040
v -0.02531808 -0.00000000 0.20096759
v -0.02531808 -0.00000000 0.20096759
v -0.02253890 -0.02984631 0.18418410
v -0.02617436 -0.02386111 0.18858890
v -0.02798855 -0.01732981 0.19272260
v -0.00609088 -0.03923839 0.17482141
v -0.00482142 -0.03970831 0.17000000
v -0.00482142 -0.03970831 0.17000000
v -0.02791857 -0.01081568 0.19652490
v -0.01290786 -0.03662991 0.17957260
v -0.02607321 -0.00487393 0.19994040
v -0.01870030 -0.03238987 0.18418410
v -0.02304375 -0.02689677 0.18858890
v -0.02564680 -0.02063792 0.19272260
v -0.00122279 -0.03968948 0.17482141
v 0.00000000 -0.03999996 0.17000000
v 0.00000000 -0.03999996 0.17000000
v -0.02637785 -0.01416462 0.19652490
v -0.00830865 -0.03793847 0.17957260
v -0.02527666 -0.00804108 0.19994040
v -0.01457822 -0.03444242 0.18418410
v -0.02255034 -0.00279230 0.20291930
v -0.02120912 -0.00000000 0.20391419
v -0.02120912 -0.00000000 0.20391419
v -0.01956379 -0.02952468 0.18858890
v -0.02291625 -0.02363318 0.19272260
v 0.00366378 -0.03953891 0.17482141
v 0.00501329 -0.03968453 0.17000000
v 0.00501329 -0.03968453 0.17000000
v -0.02443724 -0.01729875 0.19652490
v -0.00358343 -0.03867197 0.17957260
v -0.02409690 -0.01108634 0.19994040
v -0.01023513 -0.03597289 0.18418410
v -0.02203625 -0.00554234 0.20291930
v -0.01578724 -0.03170508 0.18858890
v -0.01855367 -0.00114435 0.20541820
v -0.01676124 -0.00000000 0.20631880
v -0.01676124 -0.00000000 0.20631880
v -0.01983833 -0.02627021 0.19272260
v 0.00849491 -0.03878903 0.17482141
v 0.00994754 -0.03874331 0.17000000
v 0.00994754 -0.03874331 0.17000000
v -0.02212619 -0.02017068 0.19652490
v 0.00119597 -0.03881925 0.17957260
v -0.02255189 -0.01396352 0.19994040
v -0.00573695 -0.03695797 0.18418410
v -0.02118813 -0.00820833 0.20291930
v -0.01177138 -0.03340482 0.18858890
v -0.01827239 -0.00341570 0.20541820
v -0.01645964 -0.02850896 0.19272260
v 0.01319724 -0.03745108 0.17482141
v 0.01472496 -0.03719103 0.17000000
v 0.01472496 -0.03719103 0.17000000
v -0.01947975 -0.02273690 0.19652490
v 0.00595737 -0.03837800 0.17957260
v -0.02066498 -0.01662909 0.19994040
v -0.00115174 -0.03738290 0.18418410
v -0.02001887 -0.01074987 0.20291930
v -0.00757712 -0.03459823 0.18858890
v -0.01771414 -0.00563526 0.20541820
v -0.01283144 -0.03031557 0.19272260
v 0.01769953 -0.03554540 0.17482141
v 0.01927012 -0.03505223 0.17000000
v 0.01927012 -0.03505223 0.17000000
v -0.01407665 -0.00174302 0.20740060
v -0.01204556 -0.00000000 0.20814320
v -0.01204556 -0.00000000 0.20814320
v -0.01653802 -0.02495837 0.19652490
v 0.01062840 -0.03735506 0.17957260
v -0.01846486 -0.01904255 0.19994040
v 0.00345087 -0.03724110 0.18418410
v -0.01854610 -0.01312851 0.20291930
v -0.00326794 -0.03526711 0.18858890
v -0.01688736 -0.00776940 0.20541820
v -0.00900877 -0.03166264 0.19272260
v 0.02193349 -0.03310096 0.17482141
v 0.02351140 -0.03236067 0.17000000
v 0.02351140 -0.03236067 0.17000000
v -0.01375573 -0.00345969 0.20740060
v -0.01334559 -0.02680152 0.19652490
v 0.01513832 -0.03576582 0.17957260
v -0.00955444 -0.00058930 0.20883760
v -0.00713742 -0.00000000 0.20935801
v -0.00713742 -0.00000000 0.20935801
v -0.01598483 -0.02116733 0.19994040
v 0.00800121 -0.03653472 0.18418410
v -0.01679217 -0.01530808 0.20291930
v 0.00109071 -0.03540140 0.18858890
v -0.01580458 -0.00978577 0.20541820
v -0.00504953 -0.03252977 0.19272260
v 0.02583497 -0.03015470 0.17482141
v 0.02738183 -0.02915871 0.17000000
v 0.02738183 -0.02915871 0.17000000
v -0.01322633 -0.00512391 0.20740060
v -0.00995082 -0.02823841 0.19652490
v 0.01941883 -0.03363436 0.17957260
v -0.00940961 -0.00175893 0.20883760
v -0.01326245 -0.02297121 0.19994040
v 0.01243025 -0.03527456 0.18418410
v -0.01478368 -0.01725560 0.20291930
v 0.00543284 -0.03499907 0.18858890
v -0.01448225 -0.01165384 0.20541820
v -0.00101370 -0.03290373 0.19272260
v 0.02934479 -0.02675133 0.17482141
v 0.03082048 -0.02549695 0.17000000
v 0.03082048 -0.02549695 0.17000000
v -0.01249641 -0.00671041 0.20740060
v -0.00640523 -0.02924722 0.19652490
v 0.02340489 -0.03099310 0.17957260
v -0.00912213 -0.00290191 0.20883760
v -0.01033902 -0.02442693 0.19994040
v 0.01667088 -0.03347969 0.18418410
v -0.00478488 -0.00059250 0.20970830
v -0.00358313 -0.00000000 0.20983920
v -0.00358313 -0.00000000 0.20983920
v 0.00000000 -0.00000000 0.20999999
v 0.00000000 -0.00000000 0.20999999
v -0.01255112 -0.01894158 0.20291930
v 0.00969261 -0.03406614 0.18858890
v -0.01294034 -0.01334518 0.20541820
v 0.00303739 -0.03277891 0.19272260
v 0.03240978 -0.02294242 0.17482141
v 0.03377306 -0.02143305 0.17000000
v 0.03377306 -0.02143305 0.17000000
v -0.01157706 -0.00819522 0.20740060
v -0.00276250 -0.02981269 0.19652490
v 0.02703619 -0.02788197 0.17957260
v -0.00869638 -0.00400096 0.20883760
v -0.00725883 -0.02551233 0.19994040
v 0.02065879 -0.03117722 0.18418410
v -0.00467581 -0.00117600 0.20970830
v -0.01012831 -0.02034038 0.20291930
v 0.01380550 -0.03261685 0.18858890
v -0.01120233 -0.01483428 0.20541820
v 0.00704253 -0.03215718 0.19272260
v 0.03498351 -0.01878571 0.17482141
v 0.03619307 -0.01703113 0.17000000
v 0.03619307 -0.01703113 0.17000000
v -0.01048225 -0.00955582 0.20740060
v 0.00092202 -0.02992618 0.19652490
v 0.03025764 -0.02434825 0.17957260
v -0.00813877 -0.00503933 0.20883760
v -0.00406867 -0.02621096 0.19994040
v 0.02433353 -0.02840220 0.18418410
v -0.00449586 -0.00174171 0.20970830
v -0.00755191 -0.02143090 0.20291930
v 0.01770907 -0.03067308 0.18858890
v -0.00929445 -0.01609843 0.20541820
v 0.01094090 -0.03104799 0.19272260
v 0.03702694 -0.01434427 0.17482141
v 0.03804224 -0.01236063 0.17000000
v 0.03804224 -0.01236063 0.17000000
v -0.00922847 -0.01077151 0.20740060
v 0.00459260 -0.02958607 0.19652490
v 0.03302043 -0.02044540 0.17957260
v -0.00745779 -0.00600129 0.20883760
v -0.00081684 -0.02651232 0.19994040
v 0.02763938 -0.02519661 0.18418410
v -0.00424773 -0.00228095 0.20970830
v -0.00486106 -0.02219647 0.20291930
v 0.02134424 -0.02826434 0.18858890
v -0.00724566 -0.01711863 0.20541820
v 0.01467341 -0.02946817 0.19272260
v 0.03850901 -0.00968540 0.17482141
v 0.03929144 -0.00749522 0.17000000
v 0.03929144 -0.00749522 0.17000000
v -0.00783485 -0.01182395 0.20740060
v 0.00819355 -0.02879744 0.19652490
v 0.03528267 -0.01623260 0.17957260
v -0.00666380 -0.00687230 0.20883760
v 0.00244737 -0.02641171 0.19994040
v 0.03052628 -0.02160906 0.18418410
v -0.00393522 -0.00278568 0.20970830
v -0.00209653 -0.02262562 0.20291930
v 0.02465581 -0.02542716 0.18858890
v -0.00508708 -0.01787930 0.20541820
v 0.01818346 -0.02744162 0.19272260
v 0.03940737 -0.00487965 0.17482141
v 0.03992104 -0.00251162 0.17000000
v 0.03992104 -0.00251162 0.17000000
v -0.00632238 -0.01269716 0.20740060
v 0.01167035 -0.02757227 0.19652490
v 0.03701001 -0.01177370 0.17957260
v -0.00576878 -0.00763911 0.20883760
v 0.00567454 -0.02591079 0.19994040
v 0.03295040 -0.01769399 0.18418410
v -0.00356311 -0.00324815 0.20970830
v 0.00069974 -0.02271181 0.20291930
v 0.02759361 -0.02220451 0.18858890
v -0.00285137 -0.01836889 0.20541820
v 0.02141791 -0.02499908 0.19272260
v 0.03970831 -0.00000000 0.17482141
v 0.03992104 0.00251162 0.17000000
v 0.03992104 0.00251162 0.17000000
v -0.00471413 -0.01337784 0.20740060
v 0.01497018 -0.02592915 0.19652490
v 0.03817635 -0.00713634 0.17957260
v -0.00478631 -0.00829011 0.20883760
v 0.00881565 -0.02501708 0.19994040
v 0.03487503 -0.01351064 0.18418410
v -0.00313693 -0.00366139 0.20970830
v 0.00348544 -0.02245366 0.20291930
v 0.03011316 -0.01864528 0.18858890
v -0.00057245 -0.01858007 0.20541820
v 0.02432769 -0.02217757 0.19272260
v 0.03940737 0.00487965 0.17482141
v 0.03929144 0.00749522 0.17000000
v 0.03929144 0.00749522 0.17000000
v -0.00303441 -0.01385575 0.20740060
v 0.01804310 -0.02389293 0.19652490
v 0.03876399 -0.00239086 0.17957260
v -0.00373125 -0.00881547 0.20883760
v 0.01182311 -0.02374410 0.19994040
v 0.03627103 -0.00912249 0.18418410
v -0.00266319 -0.00401914 0.20970830
v 0.00621831 -0.02185517 0.20291930
v 0.03217619 -0.01480340 0.18858890
v 0.00171512 -0.01850962 0.20541820
v 0.02686864 -0.01901990 0.19272260
v 0.03850901 0.00968540 0.17482141
v 0.03804224 0.01236063 0.17000000
v 0.03804224 0.01236063 0.17000000
v -0.00130874 -0.01412367 0.20740060
v 0.02084255 -0.02149456 0.19652490
v 0.03876399 0.00239086 0.17957260
v -0.00261962 -0.00920719 0.20883760
v 0.01465141 -0.02211117 0.19994040
v 0.03711712 -0.00459605 0.18418410
v -0.00214911 -0.00431597 0.20970830
v 0.00885689 -0.02092534 0.20291930
v 0.03375148 -0.01073712 0.18858890
v 0.00397676 -0.01815855 0.20541820
v 0.02900230 -0.01557391 0.19272260
v 0.03702694 0.01434427 0.17482141
v 0.03619307 0.01703113 0.17000000
v 0.03619307 0.01703113 0.17000000
v 0.00043680 -0.01417744 0.20740060
v 0.02332597 -0.01877033 0.19652490
v 0.03817635 0.00713634 0.17957260
v -0.00146836 -0.00945932 0.20883760
v 0.01725757 -0.02014309 0.19994040
v 0.03740060 -0.00000000 0.18418410
v -0.00160241 -0.00454736 0.20970830
v 0.01136124 -0.01967829 0.20291930
v 0.03481513 -0.00650805 0.18858890
v 0.00617808 -0.01753222 0.20541820
v 0.03069633 -0.01189184 0.19272260
v 0.03498351 0.01878571 0.17482141
v 0.03377306 0.02143305 0.17000000
v 0.03377306 0.02143305 0.17000000
v 0.00217569 -0.01401633 0.20740060
v 0.02545583 -0.01576155 0.19652490
v 0.03701001 0.01177370 0.17957260
v -0.00029479 -0.00956803 0.20883760
v 0.01960211 -0.01786971 0.19994040
v 0.03711712 0.00459605 0.18418410
v -0.00103146 -0.00470984 0.20970830
v 0.01369339 -0.01813298 0.20291930
v 0.03535103 -0.00218034 0.18858890
v 0.00828576 -0.01664012 0.20541820
v 0.03192508 -0.00802946 0.19272260
v 0.03240978 0.02294242 0.17482141
v 0.03082048 0.02549695 0.17000000
v 0.03082048 0.02549695 0.17000000
v 0.00388163 -0.01364266 0.20740060
v 0.02719980 -0.01251387 0.19652490
v 0.03528267 0.01623260 0.17957260
v 0.00088325 -0.00953174 0.20883760
v 0.02164953 -0.01532536 0.19994040
v 0.03627103 0.00912249 0.18418410
v -0.00044487 -0.00480086 0.20970830
v 0.01581794 -0.01631277 0.20291930
v 0.03535103 0.00218034 0.18858890
v 0.01026785 -0.01549577 0.20541820
v 0.03266984 -0.00404537 0.19272260
v 0.02934479 0.02675133 0.17482141
v 0.02738183 0.02915871 0.17000000
v 0.02738183 0.02915871 0.17000000
v 0.00552875 -0.01306229 0.20740060
v 0.02853149 -0.00907648 0.19652490
v 0.03302043 0.02044540 0.17957260
v 0.00204790 -0.00935095 0.20883760
v 0.02336871 -0.01254874 0.19994040
v 0.03487503 0.01351064 0.18418410
v 0.00014848 -0.00481915 0.20970830
v 0.01770269 -0.01424533 0.20291930
v 0.03481513 0.00650805 0.18858890
v 0.01209425 -0.01411652 0.20541820
v 0.03291934 -0.00000000 0.19272260
v 0.02583497 0.03015470 0.17482141
v 0.02351140 0.03236067 0.17000000
v 0.02351140 0.03236067 0.17000000
v 0.00709206 -0.01228386 0.20740060
v 0.02943062 -0.00550151 0.19652490
v 0.03025764 0.02434825 0.17957260
v 0.00318146 -0.00902843 0.20883760
v 0.02473372 -0.00958186 0.19994040
v 0.03295040 0.01769399 0.18418410
v 0.00073957 -0.00476438 0.20970830
v 0.01931911 -0.01196187 0.20291930
v 0.03375148 0.01073712 0.18858890
v 0.01373738 -0.01252323 0.20541820
v 0.03266984 0.00404537 0.19272260
v 0.02193349 0.03310096 0.17482141
v 0.01927012 0.03505223 0.17000000
v 0.01927012 0.03505223 0.17000000
v 0.00854784 -0.01131922 0.20740060
v 0.02988362 -0.00184315 0.19652490
v 0.02703619 0.02788197 0.17957260
v 0.00426686 -0.00856906 0.20883760
v 0.02572375 -0.00646979 0.19994040
v 0.03052628 0.02160906 0.18418410
v 0.00131941 -0.00463736 0.20970830
v 0.02064263 -0.00949711 0.20291930
v 0.03217619 0.01480340 0.18858890
v 0.01517218 -0.01074016 0.20541820
v 0.03192508 0.00802946 0.19272260
v 0.01769953 0.03554540 0.17482141
v 0.01472496 0.03719103 0.17000000
v 0.01472496 0.03719103 0.17000000
v 0.00987404 -0.01018297 0.20740060
v 0.02988362 0.00184315 0.19652490
v 0.02340489 0.03099310 0.17957260
v 0.00528753 -0.00797975 0.20883760
v 0.02632385 -0.00325960 0.19994040
v 0.02763938 0.02519661 0.18418410
v 0.00187933 -0.00444007 0.20970830
v 0.02165329 -0.00688839 0.20291930
v 0.03011316 0.01864528 0.18858890
v 0.01637703 -0.00879425 0.20541820
v 0.03069633 0.01189184 0.19272260
v 0.01319724 0.03745108 0.17482141
v 0.00994754 0.03874331 0.17000000
v 0.00994754 0.03874331 0.17000000
v 0.01105058 -0.00889236 0.20740060
v 0.02943062 0.00550151 0.19652490
v 0.01941883 0.03363436 0.17957260
v 0.00622809 -0.00726944 0.20883760
v 0.02652490 -0.00000000 0.19994040
v 0.02433353 0.02840220 0.18418410
v 0.00241071 -0.00417548 0.20970830
v 0.02233564 -0.00417524 0.20291930
v 0.02759361 0.02220451 0.18858890
v 0.01733362 -0.00671506 0.20541820
v 0.02900230 0.01557391 0.19272260
v 0.00849491 0.03878903 0.17482141
v 0.00501329 0.03968453 0.17000000
v 0.00501329 0.03968453 0.17000000
v 0.01205962 -0.00746697 0.20740060
v 0.02853149 0.00907648 0.19652490
v 0.01513832 0.03576582 0.17957260
v 0.00707424 -0.00644898 0.20883760
v 0.02632385 0.00325960 0.19994040
v 0.02065879 0.03117722 0.18418410
v 0.00290555 -0.00384760 0.20970830
v 0.02267944 -0.00139880 0.20291930
v 0.02465581 0.02542716 0.18858890
v 0.01802748 -0.00453406 0.20541820
v 0.02686864 0.01901990 0.19272260
v 0.00366378 0.03953891 0.17482141
v 0.00000000 0.03999996 0.17000000
v 0.00000000 0.03999996 0.17000000
v 0.01288580 -0.00592840 0.20740060
v 0.02719980 0.01251387 0.19652490
v 0.01062840 0.03735506 0.17957260
v 0.00781310 -0.00553077 0.20883760
v 0.02572375 0.00646979 0.19994040
v 0.01667088 0.03347969 0.18418410
v 0.00335634 -0.00346136 0.20970830
v 0.02267944 0.00139880 0.20291930
v 0.02134424 0.02826434 0.18858890
v 0.01844799 -0.00228435 0.20541820
v 0.02432769 0.02217757 0.19272260
v -0.00122279 0.03968948 0.17482141
v -0.00482142 0.03970831 0.17000000
v -0.00482142 0.03970831 0.17000000
v 0.01351666 -0.00429994 0.20740060
v 0.02545583 0.01576155 0.19652490
v 0.00595737 0.03837800 0.17957260
v 0.00843358 -0.00452870 0.20883760
v 0.02473372 0.00958186 0.19994040
v 0.01243025 0.03527456 0.18418410
v 0.00375628 -0.00302267 0.20970830
v 0.02233564 0.00417524 0.20291930
v 0.01770907 0.03067308 0.18858890
v 0.01858890 -0.00000000 0.20541820
v 0.02141791 0.02499908 0.19272260
v -0.00609088 0.03923839 0.17482141
v -0.00957263 0.03883767 0.17000000
v -0.00957263 0.03883767 0.17000000
v 0.01394265 -0.00260633 0.20740060
v 0.02332597 0.01877033 0.19652490
v 0.00119597 0.03881925 0.17957260
v 0.00892615 -0.00345802 0.20883760
v 0.02336871 0.01254874 0.19994040
v 0.00800121 0.03653472 0.18418410
v 0.00409925 -0.00253814 0.20970830
v 0.02165329 0.00688839 0.20291930
v 0.01380550 0.03261685 0.18858890
v 0.01844799 0.00228435 0.20541820
v 0.01818346 0.02744162 0.19272260
v -0.01086670 0.03819251 0.17482141
v -0.01418417 0.03740060 0.17000000
v -0.01418417 0.03740060 0.17000000
v 0.01415729 -0.00087319 0.20740060
v 0.02084255 0.02149456 0.19652490
v -0.00358343 0.03867197 0.17957260
v 0.00928348 -0.00233489 0.20883760
v 0.02164953 0.01532536 0.19994040
v 0.00345087 0.03724110 0.18418410
v 0.00438011 -0.00201517 0.20970830
v 0.02064263 0.00949711 0.20291930
v 0.00969261 0.03406614 0.18858890
v 0.01802748 0.00453406 0.20541820
v 0.01467341 0.02946817 0.19272260
v -0.01547771 0.03656762 0.17482141
v -0.01858890 0.03541821 0.17000000
v -0.01858890 0.03541821 0.17000000
v 0.01415729 0.00087319 0.20740060
v 0.01804310 0.02389293 0.19652490
v -0.00830865 0.03793847 0.17957260
v 0.00950003 -0.00117636 0.20883760
v 0.01960211 0.01786971 0.19994040
v -0.00115174 0.03738290 0.18418410
v 0.00459456 -0.00146162 0.20970830
v 0.01931911 0.01196187 0.20291930
v 0.00543284 0.03499907 0.18858890
v 0.01733362 0.00671506 0.20541820
v 0.01094090 0.03104799 0.19272260
v -0.01985412 0.03438842 0.17482141
v -0.02272254 0.03291934 0.17000000
v -0.02272254 0.03291934 0.17000000
v 0.01394265 0.00260633 0.20740060
v 0.01497018 0.02592915 0.19652490
v -0.01290786 0.03662991 0.17957260
v 0.00957263 -0.00000000 0.20883760
v 0.01725757 0.02014309 0.19994040
v -0.00573695 0.03695797 0.18418410
v 0.00473934 -0.00088594 0.20970830
v 0.01770269 0.01424533 0.20291930
v 0.00109071 0.03540140 0.18858890
v 0.01637703 0.00879425 0.20541820
v 0.00704253 0.03215718 0.19272260
v -0.02392959 0.03168791 0.17482141
v -0.02652490 0.02994042 0.17000000
v -0.02652490 0.02994042 0.17000000
v 0.01351666 0.00429994 0.20740060
v 0.01167035 0.02757227 0.19652490
v -0.01731139 0.03476601 0.17957260
v 0.00950003 0.00117636 0.20883760
v 0.01465141 0.02211117 0.19994040
v -0.01023513 0.03597289 0.18418410
v 0.00481230 -0.00029681 0.20970830
v 0.01581794 0.01631277 0.20291930
v -0.00326794 0.03526711 0.18858890
v 0.01517218 0.01074016 0.20541820
v 0.00303739 0.03277891 0.19272260
v -0.02764230 0.02850705 0.17482141
v -0.02994042 0.02652490 0.17000000
v -0.02994042 0.02652490 0.17000000
v 0.01288580 0.00592840 0.20740060
v 0.00819355 0.02879744 0.19652490
v -0.02145254 0.03237515 0.17957260
v 0.00928348 0.00233489 0.20883760
v 0.01182311 0.02374410 0.19994040
v -0.01457822 0.03444242 0.18418410
v 0.00481230 0.00029681 0.20970830
v 0.01369339 0.01813298 0.20291930
v -0.00757712 0.03459823 0.18858890
v 0.01373738 0.01252323 0.20541820
v -0.00101370 0.03290373 0.19272260
v -0.03093600 0.02489411 0.17482141
v -0.03291934 0.02272254 0.17000000
v -0.03291934 0.02272254 0.17000000
v 0.01205962 0.00746697 0.20740060
v 0.00459260 0.02958607 0.19652490
v -0.02526849 0.02949351 0.17957260
v 0.00892615 0.00345802 0.20883760
v 0.00881565 0.02501708 0.19994040
v -0.01870030 0.03238987 0.18418410
v 0.00473934 0.00088594 0.20970830
v 0.01136124 0.01967829 0.20291930
v -0.01177138 0.03340482 0.18858890
v 0.01209425 0.01411652 0.20541820
v -0.00504953 0.03252977 0.19272260
v -0.03376072 0.02090370 0.17482141
v -0.03541821 0.01858890 0.17000000
v -0.03541821 0.01858890 0.17000000
v 0.01105058 0.00889236 0.20740060
v 0.00092202 0.02992618 0.19652490
v -0.02870136 0.02616477 0.17957260
v 0.00843358 0.00452870 0.20883760
v 0.00567454 0.02591079 0.19994040
v -0.02253890 0.02984631 0.18418410
v 0.00459456 0.00146162 0.20970830
v 0.00885689 0.02092534 0.20291930
v -0.01578724 0.03170508 0.18858890
v 0.01026785 0.01549577 0.20541820
v -0.00900877 0.03166264 0.19272260
v -0.03607362 0.01659649 0.17482141
v -0.03740060 0.01418417 0.17000000
v -0.03740060 0.01418417 0.17000000
v 0.00987404 0.01018297 0.20740060
v -0.00276250 0.02981269 0.19652490
v -0.03169918 0.02243936 0.17957260
v 0.00781310 0.00553077 0.20883760
v 0.00244737 0.02641171 0.19994040
v -0.02603584 0.02685034 0.18418410
v 0.00438011 0.00201517 0.20970830
v 0.00621831 0.02185517 0.20291930
v -0.01956379 0.02952468 0.18858890
v 0.00828576 0.01664012 0.20541820
v -0.01283144 0.03031557 0.19272260
v -0.03783971 0.01203769 0.17482141
v -0.03883767 0.00957263 0.17000000
v -0.03883767 0.00957263 0.17000000
v 0.00854784 0.01131922 0.20740060
v -0.00640523 0.02924722 0.19652490
v -0.03421646 0.01837384 0.17957260
v 0.00707424 0.00644898 0.20883760
v -0.00081684 0.02651232 0.19994040
v -0.02913808 0.02344733 0.18418410
v 0.00409925 0.00253814 0.20970830
v 0.00348544 0.02245366 0.20291930
v -0.02304375 0.02689677 0.18858890
v 0.00617808 0.01753222 0.20541820
v -0.01645964 0.02850896 0.19272260
v -0.03903222 0.00729638 0.17482141
v -0.03970831 0.00482142 0.17000000
v -0.03970831 0.00482142 0.17000000
v 0.00709206 0.01228386 0.20740060
v -0.00995082 0.02823841 0.19652490
v -0.03621500 0.01402974 0.17957260
v 0.00622809 0.00726944 0.20883760
v -0.00406867 0.02621096 0.19994040
v -0.03179866 0.01968890 0.18418410
v 0.00375628 0.00302267 0.20970830
v 0.00069974 0.02271181 0.20291930
v -0.02617436 0.02386111 0.18858890
v 0.00397676 0.01815855 0.20541820
v -0.01983833 0.02627021 0.19272260
v -0.03963303 0.00244445 0.17482141
v 0.00552875 0.01306229 0.20740060
v -0.01334559 0.02680152 0.19652490
v -0.03766465 0.00947302 0.17957260
v 0.00528753 0.00797975 0.20883760
v -0.00725883 0.02551233 0.19994040
v -0.03397715 0.01563197 0.18418410
v 0.00335634 0.00346136 0.20970830
v -0.00209653 0.02262562 0.20291930
v -0.02890825 0.02046370 0.18858890
v 0.00171512 0.01850962 0.20541820
v -0.02291625 0.02363318 0.19272260
v 0.00388163 0.01364266 0.20740060
v -0.01653802 0.02495837 0.19652490
v -0.03854328 0.00477266 0.17957260
v 0.00426686 0.00856906 0.20883760
v -0.01033902 0.02442693 0.19994040
v -0.03564059 0.01133805 0.18418410
v 0.00290555 0.00384760 0.20970830
v -0.00486106 0.02219647 0.20291930
v -0.03120386 0.01675611 0.18858890
v -0.00057245 0.01858007 0.20541820
v -0.02564680 0.02063792 0.19272260
v 0.00217569 0.01401633 0.20740060
v -0.01947975 0.02273690 0.19652490
v 0.00318146 0.00902843 0.20883760
v -0.01326245 0.02297121 0.19994040
v -0.03676378 0.00687230 0.18418410
v 0.00241071 0.00417548 0.20970830
v -0.00755191 0.02143090 0.20291930
v -0.03302651 0.01279449 0.18858890
v -0.00285137 0.01836889 0.20541820
v -0.02798855 0.01732981 0.19272260
v 0.00043680 0.01417744 0.20740060
v -0.02212619 0.02017068 0.19652490
v 0.00204790 0.00935095 0.20883760
v -0.01598483 0.02116733 0.19994040
v -0.03732967 0.00230241 0.18418410
v 0.00187933 0.00444007 0.20970830
v -0.01012831 0.02034038 0.20291930
v -0.03434848 0.00863898 0.18858890
v -0.00508708 0.01787930 0.20541820
v -0.02990609 0.01375895 0.19272260
v -0.00130874 0.01412367 0.20740060
v -0.02443724 0.01729875 0.19652490
v 0.00088325 0.00953174 0.20883760
v -0.01846486 0.01904255 0.19994040
v 0.00131941 0.00463736 0.20970830
v -0.01255112 0.01894158 0.20291930
v -0.03514975 0.00435245 0.18858890
v -0.00724566 0.01711863 0.20541820
v -0.03137022 0.00997955 0.19272260
v -0.00303441 0.01385575 0.20740060
v -0.02637785 0.01416462 0.19652490
v -0.00029479 0.00956803 0.20883760
v -0.02066498 0.01662909 0.19994040
v 0.00073957 0.00476438 0.20970830
v -0.01478368 0.01725560 0.20291930
v -0.00929445 0.01609843 0.20541820
v -0.03235882 0.00604886 0.19272260
v -0.00471413 0.01337784 0.20740060
v -0.02791857 0.01081568 0.19652490
v -0.00146836 0.00945932 0.20883760
v -0.02255189 0.01396352 0.19994040
v 0.00014848 0.00481915 0.20970830
v -0.01679217 0.01530808 0.20291930
v -0.01120233 0.01483428 0.20541820
v -0.03285688 0.00202650 0.19272260
v -0.00632238 0.01269716 0.20740060
v -0.02903610 0.00730288 0.19652490
v -0.00261962 0.00920719 0.20883760
v -0.02409690 0.01108634 0.19994040
v -0.00044487 0.00480086 0.20970830
v -0.01854610 0.01312851 0.20291930
v -0.01294034 0.01334518 0.20541820
v -0.00783485 0.01182395 0.20740060
v -0.02971345 0.00367928 0.19652490
v -0.00373125 0.00881547 0.20883760
v -0.02527666 0.00804108 0.19994040
v -0.00103146 0.00470984 0.20970830
v -0.02001887 0.01074987 0.20291930
v -0.01448225 0.01165384 0.20541820
v -0.00922847 0.01077151 0.20740060
v -0.00478631 0.00829011 0.20883760
v -0.02607321 0.00487393 0.19994040
v -0.00160241 0.00454736 0.20970830
v -0.02118813 0.00820833 0.20291930
v -0.01580458 0.00978577 0.20541820
v -0.01048225 0.00955582 0.20740060
v -0.00576878 0.00763911 0.20883760
v -0.02647459 0.00163287 0.19994040
v -0.00214911 0.00431597 0.20970830
v -0.02203625 0.00554234 0.20291930
v -0.01688736 0.00776940 0.20541820
v -0.01157706 0.00819522 0.20740060
v -0.00666380 0.00687230 0.20883760
v -0.00266319 0.00401914 0.20970830
v -0.02255034 0.00279230 0.20291930
v -0.01771414 0.00563526 0.20541820
v -0.01249641 0.00671041 0.20740060
v -0.00745779 0.00600129 0.20883760
v -0.00313693 0.00366139 0.20970830
v -0.01827239 0.00341570 0.20541820
v -0.01322633 0.00512391 0.20740060
v -0.00813877 0.00503933 0.20883760
v -0.00356311 0.00324815 0.20970830
v -0.01855367 0.00114435 0.20541820
v -0.01375573 0.00345969 0.20740060
v -0.00869638 0.00400096 0.20883760
v -0.00393522 0.00278568 0.20970830
v -0.01407665 0.00174302 0.20740060
v -0.00912213 0.00290191 0.20883760
v -0.00424773 0.00228095 0.20970830
v -0.00940961 0.00175893 0.20883760
v -0.00449586 0.00174171 0.20970830
v -0.00955444 0.00058930 0.20883760
v -0.00467581 0.00117600 0.20970830
v -0.00478488 0.00059250 0.20970830
v -0.03983914 -0.00000000 0.16641679
v -0.03983914 -0.00000000 0.16641679
v -0.00481230 -0.00029681 0.13029160
v -0.00504607 -0.00000000 0.13031951
v -0.00504607 -0.00000000 0.13031951
v 0.00000000 -0.00000000 0.12999991
v 0.00000000 -0.00000000 0.12999991
v -0.00473934 -0.00088594 0.13029160
v -0.00459456 -0.00146162 0.13029160
v -0.00950003 -0.00117636 0.13116230
v -0.01001155 -0.00000000 0.13127320
v -0.01001155 -0.00000000 0.13127320
v -0.00438011 -0.00201517 0.13029160
v -0.00928348 -0.00233489 0.13116230
v -0.01415729 -0.00087319 0.13259929
v -0.01481711 -0.00000000 0.13284551
v -0.01481711 -0.00000000 0.13284551
v -0.00409925 -0.00253814 0.13029160
v -0.00892615 -0.00345802 0.13116230
v -0.01394265 -0.00260633 0.13259929
v -0.00375628 -0.00302267 0.13029160
v -0.00843358 -0.00452870 0.13116230
v -0.01351666 -0.00429994 0.13259929
v -0.01844799 -0.00228435 0.13458180
v -0.01938593 -0.00000000 0.13501160
v -0.01938593 -0.00000000 0.13501160
v -0.00335634 -0.00346136 0.13029160
v -0.00781310 -0.00553077 0.13116230
v -0.01288580 -0.00592840 0.13259929
v -0.01802748 -0.00453406 0.13458180
v -0.02267944 -0.00139880 0.13708059
v -0.02364498 -0.00000000 0.13773669
v -0.02364498 -0.00000000 0.13773669
v -0.00290555 -0.00384760 0.13029160
v -0.00707424 -0.00644898 0.13116230
v -0.01205962 -0.00746697 0.13259929
v -0.01733362 -0.00671506 0.13458180
v -0.02233564 -0.00417524 0.13708059
v -0.00241071 -0.00417548 0.13029160
v -0.00622809 -0.00726944 0.13116230
v -0.01105058 -0.00889236 0.13259929
v -0.01637703 -0.00879425 0.13458180
v -0.02165329 -0.00688839 0.13708059
v -0.00187933 -0.00444007 0.13029160
v -0.02632385 -0.00325960 0.14005950
v -0.02752619 -0.00000000 0.14097750
v -0.02752619 -0.00000000 0.14097750
v -0.00528753 -0.00797975 0.13116230
v -0.00987404 -0.01018297 0.13259929
v -0.01517218 -0.01074016 0.13458180
v -0.02064263 -0.00949711 0.13708059
v -0.00131941 -0.00463736 0.13029160
v -0.02572375 -0.00646979 0.14005950
v -0.00426686 -0.00856906 0.13116230
v -0.02988362 -0.00184315 0.14347510
v -0.03096759 -0.00000000 0.14468190
v -0.03096759 -0.00000000 0.14468190
v -0.00854784 -0.01131922 0.13259929
v -0.01373738 -0.01252323 0.13458180
v -0.01931911 -0.01196187 0.13708059
v -0.00073957 -0.00476438 0.13029160
v -0.02473372 -0.00958186 0.14005950
v -0.00318146 -0.00902843 0.13116230
v -0.02943062 -0.00550151 0.14347510
v -0.00709206 -0.01228386 0.13259929
v -0.01209425 -0.01411652 0.13458180
v -0.01770269 -0.01424533 0.13708059
v -0.00014848 -0.00481915 0.13029160
v -0.02336871 -0.01254874 0.14005950
v -0.00204790 -0.00935095 0.13116230
v -0.02853149 -0.00907648 0.14347510
v -0.00552875 -0.01306229 0.13259929
v -0.03266984 -0.00404537 0.14727740
v -0.03391414 -0.00000000 0.14879081
v -0.03391414 -0.00000000 0.14879081
v -0.01026785 -0.01549577 0.13458180
v -0.01581794 -0.01631277 0.13708059
v 0.00044487 -0.00480086 0.13029160
v -0.02164953 -0.01532536 0.14005950
v -0.00088325 -0.00953174 0.13116230
v -0.02719980 -0.01251387 0.14347510
v -0.00388163 -0.01364266 0.13259929
v -0.03192508 -0.00802946 0.14727740
v -0.00828576 -0.01664012 0.13458180
v -0.03535103 -0.00218034 0.15141110
v -0.03631883 -0.00000000 0.15323870
v -0.03631883 -0.00000000 0.15323870
v -0.01369339 -0.01813298 0.13708059
v 0.00103146 -0.00470984 0.13029160
v -0.01960211 -0.01786971 0.14005950
v 0.00029479 -0.00956803 0.13116230
v -0.02545583 -0.01576155 0.14347510
v -0.00217569 -0.01401633 0.13259929
v -0.03069633 -0.01189184 0.14727740
v -0.00617808 -0.01753222 0.13458180
v -0.03481513 -0.00650805 0.15141110
v -0.01136124 -0.01967829 0.13708059
v 0.00160241 -0.00454736 0.13029160
v -0.01725757 -0.02014309 0.14005950
v 0.00146836 -0.00945932 0.13116230
v -0.02332597 -0.01877033 0.14347510
v -0.00043680 -0.01417744 0.13259929
v -0.02900230 -0.01557391 0.14727740
v -0.00397676 -0.01815855 0.13458180
v -0.03375148 -0.01073712 0.15141110
v -0.00885689 -0.02092534 0.13708059
v 0.00214911 -0.00431597 0.13029160
v -0.03711712 -0.00459605 0.15581580
v -0.03814315 -0.00000000 0.15795430
v -0.03814315 -0.00000000 0.15795430
v -0.01465141 -0.02211117 0.14005950
v 0.00261962 -0.00920719 0.13116230
v -0.02084255 -0.02149456 0.14347510
v 0.00130874 -0.01412367 0.13259929
v -0.02686864 -0.01901990 0.14727740
v -0.00171512 -0.01850962 0.13458180
v -0.03217619 -0.01480340 0.15141110
v -0.00621831 -0.02185517 0.13708059
v 0.00266319 -0.00401914 0.13029160
v -0.03627103 -0.00912249 0.15581580
v -0.01182311 -0.02374410 0.14005950
v 0.00373125 -0.00881547 0.13116230
v -0.03876399 -0.00239086 0.16042730
v -0.03935801 -0.00000000 0.16286249
v -0.03935801 -0.00000000 0.16286249
v -0.01804310 -0.02389293 0.14347510
v 0.00303441 -0.01385575 0.13259929
v -0.02432769 -0.02217757 0.14727740
v 0.00057245 -0.01858007 0.13458180
v -0.03011316 -0.01864528 0.15141110
v -0.00348544 -0.02245366 0.13708059
v 0.00313693 -0.00366139 0.13029160
v -0.03487503 -0.01351064 0.15581580
v -0.00881565 -0.02501708 0.14005950
v 0.00478631 -0.00829011 0.13116230
v -0.03817635 -0.00713634 0.16042730
v -0.01497018 -0.02592915 0.14347510
v 0.00471413 -0.01337784 0.13259929
v -0.02141791 -0.02499908 0.14727740
v 0.00285137 -0.01836889 0.13458180
v -0.02759361 -0.02220451 0.15141110
v -0.00069974 -0.02271181 0.13708059
v 0.00356311 -0.00324815 0.13029160
v -0.03295040 -0.01769399 0.15581580
v -0.00567454 -0.02591079 0.14005950
v 0.00576878 -0.00763911 0.13116230
v -0.03701001 -0.01177370 0.16042730
v -0.01167035 -0.02757227 0.14347510
v 0.00632238 -0.01269716 0.13259929
v -0.03940737 -0.00487965 0.16517849
v -0.01818346 -0.02744162 0.14727740
v 0.00508708 -0.01787930 0.13458180
v -0.02465581 -0.02542716 0.15141110
v 0.00209653 -0.02262562 0.13708059
v 0.00393522 -0.00278568 0.13029160
v -0.03052628 -0.02160906 0.15581580
v -0.00244737 -0.02641171 0.14005950
v 0.00666380 -0.00687230 0.13116230
v -0.03528267 -0.01623260 0.16042730
v -0.00819355 -0.02879744 0.14347510
v 0.00783485 -0.01182395 0.13259929
v -0.03850901 -0.00968540 0.16517849
v -0.01467341 -0.02946817 0.14727740
v 0.00724566 -0.01711863 0.13458180
v -0.02134424 -0.02826434 0.15141110
v 0.00486106 -0.02219647 0.13708059
v 0.00424773 -0.00228095 0.13029160
v -0.02763938 -0.02519661 0.15581580
v 0.00081684 -0.02651232 0.14005950
v 0.00745779 -0.00600129 0.13116230
v -0.03302043 -0.02044540 0.16042730
v -0.00459260 -0.02958607 0.14347510
v 0.00922847 -0.01077151 0.13259929
v -0.03702694 -0.01434427 0.16517849
v -0.01094090 -0.03104799 0.14727740
v 0.00929445 -0.01609843 0.13458180
v -0.01770907 -0.03067308 0.15141110
v 0.00755191 -0.02143090 0.13708059
v 0.00449586 -0.00174171 0.13029160
v -0.02433353 -0.02840220 0.15581580
v 0.00406867 -0.02621096 0.14005950
v 0.00813877 -0.00503933 0.13116230
v -0.03025764 -0.02434825 0.16042730
v -0.00092202 -0.02992618 0.14347510
v 0.01048225 -0.00955582 0.13259929
v -0.03498351 -0.01878571 0.16517849
v -0.00704253 -0.03215718 0.14727740
v 0.01120233 -0.01483428 0.13458180
v -0.01380550 -0.03261685 0.15141110
v 0.01012831 -0.02034038 0.13708059
v 0.00467581 -0.00117600 0.13029160
v -0.02065879 -0.03117722 0.15581580
v 0.00725883 -0.02551233 0.14005950
v 0.00869638 -0.00400096 0.13116230
v -0.02703619 -0.02788197 0.16042730
v 0.00276250 -0.02981269 0.14347510
v 0.01157706 -0.00819522 0.13259929
v -0.03240978 -0.02294242 0.16517849
v -0.00303739 -0.03277891 0.14727740
v 0.01294034 -0.01334518 0.13458180
v -0.00969261 -0.03406614 0.15141110
v 0.01255112 -0.01894158 0.13708059
v 0.00478488 -0.00059250 0.13029160
v -0.01667088 -0.03347969 0.15581580
v 0.01033902 -0.02442693 0.14005950
v 0.00912213 -0.00290191 0.13116230
v -0.02340489 -0.03099310 0.16042730
v 0.00640523 -0.02924722 0.14347510
v 0.01249641 -0.00671041 0.13259929
v -0.02934479 -0.02675133 0.16517849
v 0.00101370 -0.03290373 0.14727740
v 0.01448225 -0.01165384 0.13458180
v -0.00543284 -0.03499907 0.15141110
v 0.01478368 -0.01725560 0.13708059
v 0.00482142 -0.00000000 0.13029160
v -0.01243025 -0.03527456 0.15581580
v 0.01326245 -0.02297121 0.14005950
v 0.00940961 -0.00175893 0.13116230
v -0.01941883 -0.03363436 0.16042730
v 0.00995082 -0.02823841 0.14347510
v 0.01322633 -0.00512391 0.13259929
v -0.02583497 -0.03015470 0.16517849
v 0.00504953 -0.03252977 0.14727740
v 0.01580458 -0.00978577 0.13458180
v -0.00109071 -0.03540140 0.15141110
v 0.01679217 -0.01530808 0.13708059
v 0.00478488 0.00059250 0.13029160
v -0.00800121 -0.03653472 0.15581580
v 0.01598483 -0.02116733 0.14005950
v 0.00955444 -0.00058930 0.13116230
v -0.01513832 -0.03576582 0.16042730
v 0.01334559 -0.02680152 0.14347510
v 0.01375573 -0.00345969 0.13259929
v -0.02193349 -0.03310096 0.16517849
v 0.00900877 -0.03166264 0.14727740
v 0.01688736 -0.00776940 0.13458180
v 0.00326794 -0.03526711 0.15141110
v 0.01854610 -0.01312851 0.13708059
v 0.00467581 0.00117600 0.13029160
v -0.00345087 -0.03724110 0.15581580
v 0.01846486 -0.01904255 0.14005950
v 0.00955444 0.00058930 0.13116230
v -0.01062840 -0.03735506 0.16042730
v 0.01653802 -0.02495837 0.14347510
v 0.01407665 -0.00174302 0.13259929
v -0.01769953 -0.03554540 0.16517849
v 0.01283144 -0.03031557 0.14727740
v 0.01771414 -0.00563526 0.13458180
v 0.00757712 -0.03459823 0.15141110
v 0.02001887 -0.01074987 0.13708059
v 0.00449586 0.00174171 0.13029160
v 0.00115174 -0.03738290 0.15581580
v 0.02066498 -0.01662909 0.14005950
v 0.00940961 0.00175893 0.13116230
v -0.00595737 -0.03837800 0.16042730
v 0.01947975 -0.02273690 0.14347510
v 0.01418417 -0.00000000 0.13259929
v -0.01319724 -0.03745108 0.16517849
v 0.01645964 -0.02850896 0.14727740
v 0.01827239 -0.00341570 0.13458180
v 0.01177138 -0.03340482 0.15141110
v 0.02118813 -0.00820833 0.13708059
v 0.00424773 0.00228095 0.13029160
v 0.00573695 -0.03695797 0.15581580
v 0.02255189 -0.01396352 0.14005950
v 0.00912213 0.00290191 0.13116230
v -0.00119597 -0.03881925 0.16042730
v 0.02212619 -0.02017068 0.14347510
v 0.01407665 0.00174302 0.13259929
v -0.00849491 -0.03878903 0.16517849
v 0.01983833 -0.02627021 0.14727740
v 0.01855367 -0.00114435 0.13458180
v 0.01578724 -0.03170508 0.15141110
v 0.02203625 -0.00554234 0.13708059
v 0.00393522 0.00278568 0.13029160
v 0.01023513 -0.03597289 0.15581580
v 0.02409690 -0.01108634 0.14005950
v 0.00869638 0.00400096 0.13116230
v 0.00358343 -0.03867197 0.16042730
v 0.02443724 -0.01729875 0.14347510
v 0.01375573 0.00345969 0.13259929
v -0.00366378 -0.03953891 0.16517849
v 0.02291625 -0.02363318 0.14727740
v 0.01855367 0.00114435 0.13458180
v 0.01956379 -0.02952468 0.15141110
v 0.02255034 -0.00279230 0.13708059
v 0.00356311 0.00324815 0.13029160
v 0.01457822 -0.03444242 0.15581580
v 0.02527666 -0.00804108 0.14005950
v 0.00813877 0.00503933 0.13116230
v 0.00830865 -0.03793847 0.16042730
v 0.02637785 -0.01416462 0.14347510
v 0.01322633 0.00512391 0.13259929
v 0.00122279 -0.03968948 0.16517849
v 0.02564680 -0.02063792 0.14727740
v 0.01827239 0.00341570 0.13458180
v 0.02304375 -0.02689677 0.15141110
v 0.02272254 -0.00000000 0.13708059
v 0.00313693 0.00366139 0.13029160
v 0.01870030 -0.03238987 0.15581580
v 0.02607321 -0.00487393 0.14005950
v 0.00745779 0.00600129 0.13116230
v 0.01290786 -0.03662991 0.16042730
v 0.02791857 -0.01081568 0.14347510
v 0.01249641 0.00671041 0.13259929
v 0.00609088 -0.03923839 0.16517849
v 0.02798855 -0.01732981 0.14727740
v 0.01771414 0.00563526 0.13458180
v 0.02617436 -0.02386111 0.15141110
v 0.02255034 0.00279230 0.13708059
v 0.00266319 0.00401914 0.13029160
v 0.02253890 -0.02984631 0.15581580
v 0.02647459 -0.00163287 0.14005950
v 0.00666380 0.00687230 0.13116230
v 0.01731139 -0.03476601 0.16042730
v 0.02903610 -0.00730288 0.14347510
v 0.01157706 0.00819522 0.13259929
v 0.01086670 -0.03819251 0.16517849
v 0.02990609 -0.01375895 0.14727740
v 0.01688736 0.00776940 0.13458180
v 0.02890825 -0.02046370 0.15141110
v 0.02203625 0.00554234 0.13708059
v 0.00214911 0.00431597 0.13029160
v 0.02603584 -0.02685034 0.15581580
v 0.02647459 0.00163287 0.14005950
v 0.00576878 0.00763911 0.13116230
v 0.02145254 -0.03237515 0.16042730
v 0.02971345 -0.00367928 0.14347510
v 0.01048225 0.00955582 0.13259929
v 0.01547771 -0.03656762 0.16517849
v 0.03137022 -0.00997955 0.14727740
v 0.01580458 0.00978577 0.13458180
v 0.03120386 -0.01675611 0.15141110
v 0.02118813 0.00820833 0.13708059
v 0.00160241 0.00454736 0.13029160
v 0.02913808 -0.02344733 0.15581580
v 0.02607321 0.00487393 0.14005950
v 0.00478631 0.00829011 0.13116230
v 0.02526849 -0.02949351 0.16042730
v 0.02994042 -0.00000000 0.14347510
v 0.00922847 0.01077151 0.13259929
v 0.01985412 -0.03438842 0.16517849
v 0.03235882 -0.00604886 0.14727740
v 0.01448225 0.01165384 0.13458180
v 0.03302651 -0.01279449 0.15141110
v 0.02001887 0.01074987 0.13708059
v 0.00103146 0.00470984 0.13029160
v 0.03179866 -0.01968890 0.15581580
v 0.02527666 0.00804108 0.14005950
v 0.00373125 0.00881547 0.13116230
v 0.02870136 -0.02616477 0.16042730
v 0.02971345 0.00367928 0.14347510
v 0.00783485 0.01182395 0.13259929
v 0.02392959 -0.03168791 0.16517849
v 0.03285688 -0.00202650 0.14727740
v 0.01294034 0.01334518 0.13458180
v 0.03434848 -0.00863898 0.15141110
v 0.01854610 0.01312851 0.13708059
v 0.00044487 0.00480086 0.13029160
v 0.03397715 -0.01563197 0.15581580
v 0.02409690 0.01108634 0.14005950
v 0.00261962 0.00920719 0.13116230
v 0.03169918 -0.02243936 0.16042730
v 0.02903610 0.00730288 0.14347510
v 0.00632238 0.01269716 0.13259929
v 0.02764230 -0.02850705 0.16517849
v 0.03285688 0.00202650 0.14727740
v 0.01120233 0.01483428 0.13458180
v 0.03514975 -0.00435245 0.15141110
v 0.01679217 0.01530808 0.13708059
v -0.00014848 0.00481915 0.13029160
v 0.03564059 -0.01133805 0.15581580
v 0.02255189 0.01396352 0.14005950
v 0.00146836 0.00945932 0.13116230
v 0.03421646 -0.01837384 0.16042730
v 0.02791857 0.01081568 0.14347510
v 0.00471413 0.01337784 0.13259929
v 0.03093600 -0.02489411 0.16517849
v 0.03235882 0.00604886 0.14727740
v 0.00929445 0.01609843 0.13458180
v 0.03541821 -0.00000000 0.15141110
v 0.01478368 0.01725560 0.13708059
v -0.00073957 0.00476438 0.13029160
v 0.03676378 -0.00687230 0.15581580
v 0.02066498 0.01662909 0.14005950
v 0.00029479 0.00956803 0.13116230
v 0.03621500 -0.01402974 0.16042730
v 0.02637785 0.01416462 0.14347510
v 0.00303441 0.01385575 0.13259929
v 0.03376072 -0.02090370 0.16517849
v 0.03137022 0.00997955 0.14727740
v 0.00724566 0.01711863 0.13458180
v 0.03514975 0.00435245 0.15141110
v 0.01255112 0.01894158 0.13708059
v -0.00131941 0.00463736 0.13029160
v 0.03732967 -0.00230241 0.15581580
v 0.01846486 0.01904255 0.14005950
v -0.00088325 0.00953174 0.13116230
v 0.03766465 -0.00947302 0.16042730
v 0.02443724 0.01729875 0.14347510
v 0.00130874 0.01412367 0.13259929
v 0.03607362 -0.01659649 0.16517849
v 0.02990609 0.01375895 0.14727740
v 0.00508708 0.01787930 0.13458180
v 0.03434848 0.00863898 0.15141110
v 0.01012831 0.02034038 0.13708059
v -0.00187933 0.00444007 0.13029160
v 0.03732967 0.00230241 0.15581580
v 0.01598483 0.02116733 0.14005950
v -0.00204790 0.00935095 0.13116230
v 0.03854328 -0.00477266 0.16042730
v 0.02212619 0.02017068 0.14347510
v -0.00043680 0.01417744 0.13259929
v 0.03783971 -0.01203769 0.16517849
v 0.02798855 0.01732981 0.14727740
v 0.00285137 0.01836889 0.13458180
v 0.03302651 0.01279449 0.15141110
v 0.00755191 0.02143090 0.13708059
v -0.00241071 0.00417548 0.13029160
v 0.03676378 0.00687230 0.15581580
v 0.01326245 0.02297121 0.14005950
v -0.00318146 0.00902843 0.13116230
v 0.03883767 -0.00000000 0.16042730
v 0.01947975 0.02273690 0.14347510
v -0.00217569 0.01401633 0.13259929
v 0.03903222 -0.00729638 0.16517849
v 0.02564680 0.02063792 0.14727740
v 0.00057245 0.01858007 0.13458180
v 0.03120386 0.01675611 0.15141110
v 0.00486106 0.02219647 0.13708059
v -0.00290555 0.00384760 0.13029160
v 0.03564059 0.01133805 0.15581580
v 0.01033902 0.02442693 0.14005950
v -0.00426686 0.00856906 0.13116230
v 0.03854328 0.00477266 0.16042730
v 0.01653802 0.02495837 0.14347510
v -0.00388163 0.01364266 0.13259929
v 0.03963303 -0.00244445 0.16517849
v 0.02291625 0.02363318 0.14727740
v -0.00171512 0.01850962 0.13458180
v 0.02890825 0.02046370 0.15141110
v 0.00209653 0.02262562 0.13708059
v -0.00335634 0.00346136 0.13029160
v 0.03397715 0.01563197 0.15581580
v 0.00725883 0.02551233 0.14005950
v -0.00528753 0.00797975 0.13116230
v 0.03766465 0.00947302 0.16042730
v 0.01334559 0.02680152 0.14347510
v -0.00552875 0.01306229 0.13259929
v 0.03963303 0.00244445 0.16517849
v 0.01983833 0.02627021 0.14727740
v -0.00397676 0.01815855 0.13458180
v 0.02617436 0.02386111 0.15141110
v -0.00069974 0.02271181 0.13708059
v -0.00375628 0.00302267 0.13029160
v 0.03179866 0.01968890 0.15581580
v 0.00406867 0.02621096 0.14005950
v -0.00622809 0.00726944 0.13116230
v 0.03621500 0.01402974 0.16042730
v 0.00995082 0.02823841 0.14347510
v -0.00709206 0.01228386 0.13259929
v 0.03903222 0.00729638 0.16517849
v 0.01645964 0.02850896 0.14727740
v -0.00617808 0.01753222 0.13458180
v 0.02304375 0.02689677 0.15141110
v -0.00348544 0.02245366 0.13708059
v -0.00409925 0.00253814 0.13029160
v 0.02913808 0.02344733 0.15581580
v 0.00081684 0.02651232 0.14005950
v -0.00707424 0.00644898 0.13116230
v 0.03421646 0.01837384 0.16042730
v 0.00640523 0.02924722 0.14347510
v -0.00854784 0.01131922 0.13259929
v 0.03783971 0.01203769 0.16517849
v 0.01283144 0.03031557 0.14727740
v -0.00828576 0.01664012 0.13458180
v 0.01956379 0.02952468 0.15141110
v -0.00621831 0.02185517 0.13708059
v -0.00438011 0.00201517 0.13029160
v 0.02603584 0.02685034 0.15581580
v -0.00244737 0.02641171 0.14005950
v -0.00781310 0.00553077 0.13116230
v 0.03169918 0.02243936 0.16042730
v 0.00276250 0.02981269 0.14347510
v -0.00987404 0.01018297 0.13259929
v 0.03607362 0.01659649 0.16517849
v 0.00900877 0.03166264 0.14727740
v -0.01026785 0.01549577 0.13458180
v 0.01578724 0.03170508 0.15141110
v -0.00885689 0.02092534 0.13708059
v -0.00459456 0.00146162 0.13029160
v 0.02253890 0.02984631 0.15581580
v -0.00567454 0.02591079 0.14005950
v -0.00843358 0.00452870 0.13116230
v 0.02870136 0.02616477 0.16042730
v -0.00092202 0.02992618 0.14347510
v -0.01105058 0.00889236 0.13259929
v 0.03376072 0.02090370 0.16517849
v 0.00504953 0.03252977 0.14727740
v -0.01209425 0.01411652 0.13458180
v 0.01177138 0.03340482 0.15141110
v -0.01136124 0.01967829 0.13708059
v -0.00473934 0.00088594 0.13029160
v 0.01870030 0.03238987 0.15581580
v -0.00881565 0.02501708 0.14005950
v -0.00892615 0.00345802 0.13116230
v 0.02526849 0.02949351 0.16042730
v -0.00459260 0.02958607 0.14347510
v -0.01205962 0.00746697 0.13259929
v 0.03093600 0.02489411 0.16517849
v 0.00101370 0.03290373 0.14727740
v -0.01373738 0.01252323 0.13458180
v 0.00757712 0.03459823 0.15141110
v -0.01369339 0.01813298 0.13708059
v -0.00481230 0.00029681 0.13029160
v 0.01457822 0.03444242 0.15581580
v -0.01182311 0.02374410 0.14005950
v -0.00928348 0.00233489 0.13116230
v 0.02145254 0.03237515 0.16042730
v -0.00819355 0.02879744 0.14347510
v -0.01288580 0.00592840 0.13259929
v 0.02764230 0.02850705 0.16517849
v -0.00303739 0.03277891 0.14727740
v -0.01517218 0.01074016 0.13458180
v 0.00326794 0.03526711 0.15141110
v -0.01581794 0.01631277 0.13708059
v 0.01023513 0.03597289 0.15581580
v -0.01465141 0.02211117 0.14005950
v -0.00950003 0.00117636 0.13116230
v 0.01731139 0.03476601 0.16042730
v -0.01167035 0.02757227 0.14347510
v -0.01351666 0.00429994 0.13259929
v 0.02392959 0.03168791 0.16517849
v -0.00704253 0.03215718 0.14727740
v -0.01637703 0.00879425 0.13458180
v -0.00109071 0.03540140 0.15141110
v -0.01770269 0.01424533 0.13708059
v 0.00573695 0.03695797 0.15581580
v -0.01725757 0.02014309 0.14005950
v 0.01290786 0.03662991 0.16042730
v -0.01497018 0.02592915 0.14347510
v -0.01394265 0.00260633 0.13259929
v 0.01985412 0.03438842 0.16517849
v -0.01094090 0.03104799 0.14727740
v -0.01733362 0.00671506 0.13458180
v -0.00543284 0.03499907 0.15141110
v -0.01931911 0.01196187 0.13708059
v 0.00115174 0.03738290 0.15581580
v -0.01960211 0.01786971 0.14005950
v 0.00830865 0.03793847 0.16042730
v -0.01804310 0.02389293 0.14347510
v -0.01415729 0.00087319 0.13259929
v 0.01547771 0.03656762 0.16517849
v -0.01467341 0.02946817 0.14727740
v -0.01802748 0.00453406 0.13458180
v -0.00969261 0.03406614 0.15141110
v -0.02064263 0.00949711 0.13708059
v -0.00345087 0.03724110 0.15581580
v -0.02164953 0.01532536 0.14005950
v 0.00358343 0.03867197 0.16042730
v -0.02084255 0.02149456 0.14347510
v 0.01086670 0.03819251 0.16517849
v -0.01818346 0.02744162 0.14727740
v -0.01844799 0.00228435 0.13458180
v -0.01380550 0.03261685 0.15141110
v -0.02165329 0.00688839 0.13708059
v -0.00800121 0.03653472 0.15581580
v -0.02336871 0.01254874 0.14005950
v -0.00119597 0.03881925 0.16042730
v -0.02332597 0.01877033 0.14347510
v 0.00609088 0.03923839 0.16517849
v -0.02141791 0.02499908 0.14727740
v -0.01770907 0.03067308 0.15141110
v -0.02233564 0.00417524 0.13708059
v -0.01243025 0.03527456 0.15581580
v -0.02473372 0.00958186 0.14005950
v -0.00595737 0.03837800 0.16042730
v -0.02545583 0.01576155 0.14347510
v 0.00122279 0.03968948 0.16517849
v -0.02432769 0.02217757 0.14727740
v -0.02134424 0.02826434 0.15141110
v -0.02267944 0.00139880 0.13708059
v -0.01667088 0.03347969 0.15581580
v -0.02572375 0.00646979 0.14005950
v -0.01062840 0.03735506 0.16042730
v -0.02719980 0.01251387 0.14347510
v -0.00366378 0.03953891 0.16517849
v -0.02686864 0.01901990 0.14727740
v -0.02465581 0.02542716 0.15141110
v -0.02065879 0.03117722 0.15581580
v -0.02632385 0.00325960 0.14005950
v -0.01513832 0.03576582 0.16042730
v -0.02853149 0.00907648 0.14347510
v -0.00849491 0.03878903 0.16517849
v -0.02900230 0.01557391 0.14727740
v -0.02759361 0.02220451 0.15141110
v -0.02433353 0.02840220 0.15581580
v -0.01941883 0.03363436 0.16042730
v -0.02943062 0.00550151 0.14347510
v -0.01319724 0.03745108 0.16517849
v -0.03069633 0.01189184 0.14727740
v -0.03011316 0.01864528 0.15141110
v -0.02763938 0.02519661 0.15581580
v -0.02340489 0.03099310 0.16042730
v -0.02988362 0.00184315 0.14347510
v -0.01769953 0.03554540 0.16517849
v -0.03192508 0.00802946 0.14727740
v -0.03217619 0.01480340 0.15141110
v -0.03052628 0.02160906 0.15581580
v -0.02703619 0.02788197 0.16042730
v -0.02193349 0.03310096 0.16517849
v -0.03266984 0.00404537 0.14727740
v -0.03375148 0.01073712 0.15141110
v -0.03295040 0.01769399 0.15581580
v -0.03025764 0.02434825 0.16042730
v -0.02583497 0.03015470 0.16517849
v -0.03481513 0.00650805 0.15141110
v -0.03487503 0.01351064 0.15581580
v -0.03302043 0.02044540 0.16042730
v -0.02934479 0.02675133 0.16517849
v -0.03535103 0.00218034 0.15141110
v -0.03627103 0.00912249 0.15581580
v -0.03528267 0.01623260 0.16042730
v -0.03240978 0.02294242 0.16517849
v -0.03711712 0.00459605 0.15581580
v -0.03701001 0.01177370 0.16042730
v -0.03498351 0.01878571 0.16517849
v -0.03817635 0.00713634 0.16042730
v -0.03702694 0.01434427 0.16517849
v -0.03876399 0.00239086 0.16042730
v -0.03850901 0.00968540 0.16517849
v -0.03940737 0.00487965 0.16517849
vn -0.99082512 -0.06112033 0.12054070
vn -0.99200982 -0.00003199 0.12616120
vn -0.99200988 0.00003204 0.12616099
vn -1.00000000 -0.00000556 -0.00001046
vn -1.00000000 0.00001214 -0.00000159
vn -1.00000000 0.00000609 0.00000568
vn -1.00000000 -0.00000630 0.00000546
vn -0.99270862 -0.12053870 0.00000414
vn -0.99270910 -0.12053470 -0.00000228
vn -0.97582680 -0.18234940 0.12046040
vn -0.97094130 -0.23931789 0.00001819
vn -0.97094208 -0.23931470 -0.00001149
vn -0.94603622 -0.30084601 0.12044600
vn -0.93501657 -0.35460401 0.00000302
vn -0.93501580 -0.35460600 -0.00001197
vn -0.96359593 -0.11928820 0.23927660
vn -0.96817261 -0.00001639 0.25028360
vn -0.96817237 0.00001646 0.25028411
vn -0.90191448 -0.41478699 0.12042400
vn -0.88545471 -0.46472579 0.00000214
vn -0.88545728 -0.46472070 0.00000305
vn -0.94172198 -0.23685180 0.23887441
vn -0.93324357 -0.05754387 0.35460559
vn -0.92885828 0.00003017 0.37043551
vn -0.92885828 -0.00003016 0.37043551
vn -0.84412909 -0.52244741 0.12039450
vn -0.82298440 -0.56806421 -0.00001361
vn -0.82298261 -0.56806678 0.00001516
vn -0.90539962 -0.35075361 0.23921420
vn -0.91920131 -0.17182849 0.35432190
vn -0.77355462 -0.62219572 0.12035690
vn -0.74850959 -0.66312403 -0.00000668
vn -0.74851251 -0.66312081 -0.00001181
vn -0.85543352 -0.45935819 0.23921430
vn -0.89100063 -0.28344780 0.35464829
vn -0.87876290 -0.10879980 0.46469179
vn -0.87471110 -0.00003213 0.48464480
vn -0.87471122 0.00003213 0.48464471
vn -0.69105202 -0.71268261 0.12054390
vn -0.66312343 -0.74851012 -0.00003911
vn -0.66312140 -0.74851191 0.00003622
vn -0.79250008 -0.56099939 0.23921411
vn -0.84944677 -0.39080760 0.35455531
vn -0.85874671 -0.21598341 0.46465620
vn -0.82142591 -0.05068409 0.56805879
vn -0.80657983 -0.00000483 0.59112543
vn -0.80657989 0.00000491 0.59112531
vn -0.59827071 -0.79218137 0.12050270
vn -0.56806290 -0.82298517 -0.00000373
vn -0.56806582 -0.82298320 0.00000399
vn -0.71752667 -0.65411210 0.23935971
vn -0.79498303 -0.49223271 0.35455471
vn -0.82565272 -0.31985959 0.46474460
vn -0.80895120 -0.15121910 0.56809402
vn -0.49633101 -0.85972071 0.12056450
vn -0.46472219 -0.88545662 0.00002132
vn -0.46472710 -0.88545400 -0.00002845
vn -0.63170540 -0.73732990 0.23935980
vn -0.72863263 -0.58632928 0.35399520
vn -0.78012818 -0.41892001 0.46465701
vn -0.78423709 -0.24948379 0.56809342
vn -0.38705420 -0.91416299 0.12039570
vn -0.35460490 -0.93501627 -0.00003727
vn -0.35460460 -0.93501639 0.00001485
vn -0.74285722 -0.09197860 0.66310120
vn -0.72556728 -0.00002754 0.68815130
vn -0.72556752 0.00002750 0.68815112
vn -0.53632832 -0.80940020 0.23921420
vn -0.65090972 -0.67127299 0.35455501
vn -0.72269708 -0.51158673 0.46474519
vn -0.74763417 -0.34396639 0.56809360
vn -0.27161431 -0.95481861 0.12061200
vn -0.23931600 -0.97094172 -0.00002022
vn -0.23931549 -0.97094190 0.00002550
vn -0.72595698 -0.18258560 0.66306031
vn -0.43283430 -0.86924863 0.23887520
vn -0.66187120 -0.04082810 0.74850488
vn -0.63295138 -0.00000859 0.77419162
vn -0.63295102 0.00000842 0.77419192
vn -0.56350589 -0.74620259 0.35446140
vn -0.65433413 -0.59650463 0.46478951
vn -0.69974607 -0.43326461 0.56801170
vn -0.15237400 -0.98096478 0.12037550
vn -0.12053680 -0.99270892 -0.00002779
vn -0.12053750 -0.99270880 0.00000636
vn -0.69798738 -0.27040169 0.66309619
vn -0.32269350 -0.91573793 0.23935971
vn -0.65189630 -0.12186060 0.74845260
vn -0.46749991 -0.80973363 0.35464811
vn -0.57608628 -0.67241103 0.46474540
vn -0.64119971 -0.51597160 0.56801081
vn -0.03053855 -0.99223191 0.12059610
vn 0.00000031 -1.00000000 0.00000129
vn 0.00000053 -1.00000000 -0.00000662
vn -0.65946740 -0.35412639 0.66309673
vn -0.20771420 -0.94845229 0.23936009
vn -0.63198030 -0.20104749 0.74845231
vn -0.36447719 -0.86111182 0.35446131
vn -0.56376952 -0.06980413 0.82297719
vn -0.53022778 0.00001349 0.84785521
vn -0.53022981 -0.00001363 0.84785402
vn -0.48912680 -0.73816639 0.46461311
vn -0.57289338 -0.59081602 0.56809312
vn 0.09161454 -0.98846859 0.12056860
vn 0.12533639 -0.99211443 0.00001995
vn 0.12532960 -0.99211532 -0.00002659
vn -0.61092383 -0.43246421 0.66313422
vn -0.08958613 -0.96678913 0.23935990
vn -0.60241681 -0.27715579 0.74851757
vn -0.25589430 -0.89937520 0.35446089
vn -0.55090493 -0.13855819 0.82298571
vn -0.39470720 -0.79267931 0.46461359
vn -0.46384201 -0.02860718 0.88545603
vn -0.41902891 0.00001267 0.90797287
vn -0.41902909 -0.00001271 0.90797281
vn -0.49599791 -0.65680742 0.56797022
vn 0.21238790 -0.96971983 0.12056080
vn 0.24869271 -0.96858251 0.00002550
vn 0.24868821 -0.96858358 0.00000766
vn -0.55314863 -0.50426167 0.66313410
vn 0.02990096 -0.97050643 0.23921411
vn -0.56379038 -0.34908411 0.74851900
vn -0.14342649 -0.92396981 0.35455450
vn -0.52970201 -0.20520750 0.82298583
vn -0.29428169 -0.83511072 0.46474579
vn -0.45683160 -0.08539658 0.88544470
vn -0.41148230 -0.71270812 0.56809312
vn 0.32991430 -0.93628770 0.12050770
vn 0.36812720 -0.92977548 0.00000304
vn 0.36812231 -0.92977738 -0.00003423
vn -0.48700962 -0.56844008 0.66309690
vn 0.14893819 -0.95947582 0.23921440
vn -0.51667690 -0.41576850 0.74845278
vn -0.02879548 -0.93462718 0.35446131
vn -0.50046903 -0.26874629 0.82298631
vn -0.18942089 -0.86492223 0.46478969
vn -0.44279191 -0.14086230 0.88549042
vn -0.32077989 -0.75787258 0.56809282
vn 0.44250929 -0.88862127 0.12057340
vn 0.48175469 -0.87630612 -0.00000082
vn 0.48175499 -0.87630600 -0.00000319
vn -0.35193089 -0.04354536 0.93501252
vn -0.30113691 -0.00000381 0.95358098
vn -0.30113670 0.00000380 0.95358098
vn -0.41344541 -0.62395167 0.66313428
vn 0.26574090 -0.93398100 0.23887530
vn -0.46164259 -0.47608471 0.74848491
vn 0.08627086 -0.93101138 0.35464799
vn -0.46368289 -0.32823449 0.82295829
vn -0.08169627 -0.88164413 0.46478981
vn -0.42216510 -0.19422680 0.88546753
vn -0.22523040 -0.79160303 0.56801069
vn 0.54830408 -0.82755637 0.12047130
vn 0.58778471 -0.80901748 0.00001501
vn 0.58778513 -0.80901712 -0.00000199
vn -0.34392619 -0.08650094 0.93500400
vn -0.33363521 -0.67002982 0.66313469
vn 0.37845519 -0.89413571 0.23936000
vn -0.23886400 -0.01473402 0.97094130
vn -0.17844079 0.00000760 0.98395067
vn -0.17844079 -0.00000761 0.98395067
vn -0.39966020 -0.52923578 0.74845260
vn 0.20002741 -0.91335332 0.35464749
vn -0.41980231 -0.38270041 0.82298642
vn 0.02726870 -0.88507062 0.46465748
vn -0.39513320 -0.24465610 0.88544530
vn -0.12624881 -0.81330907 0.56796992
vn 0.64583498 -0.75391632 0.12044720
vn 0.68454611 -0.72896957 -0.00002997
vn 0.68454772 -0.72896820 0.00000039
vn -0.33068991 -0.12811010 0.93500382
vn -0.24876750 -0.70595121 0.66313481
vn 0.48552579 -0.84095383 0.23887520
vn -0.23529290 -0.04398393 0.97092879
vn -0.33157581 -0.57430607 0.74848509
vn 0.31077519 -0.88191611 0.35446119
vn -0.36959061 -0.43138829 0.82298660
vn 0.13582680 -0.87501121 0.46465760
vn -0.36207300 -0.29135910 0.88544518
vn -0.02534574 -0.82265919 0.56796962
vn 0.73363751 -0.66875672 0.12058440
vn 0.77051342 -0.63742399 0.00000367
vn 0.77051198 -0.63742572 0.00000881
vn -0.31244150 -0.16777749 0.93500328
vn -0.16014290 -0.73123538 0.66306049
vn 0.58518940 -0.77491432 0.23887500
vn -0.22810981 -0.07256692 0.97092742
vn -0.25850171 -0.61073422 0.74845219
vn 0.41676539 -0.83697772 0.35464778
vn -0.11961340 -0.01483416 0.99270970
vn -0.08956891 0.00002679 0.99598062
vn -0.08957016 -0.00002719 0.99598050
vn -0.00038845 0.02934432 0.99956942
vn -0.00000021 0.00001357 1.00000000
vn -0.31380001 -0.47357169 0.82295770
vn 0.24229410 -0.85157621 0.46487820
vn -0.32349271 -0.33361289 0.88546890
vn 0.07593363 -0.81945407 0.56809259
vn 0.81024993 -0.57355231 0.12055260
vn 0.84432942 -0.53582472 0.00002306
vn 0.84432810 -0.53582668 -0.00003463
vn -0.28938091 -0.20484860 0.93503791
vn -0.06906288 -0.74530721 0.66313481
vn 0.67592323 -0.69706851 0.23921430
vn -0.21745861 -0.10004690 0.97092873
vn -0.18149000 -0.63787162 0.74845260
vn 0.51648063 -0.77944762 0.35455480
vn -0.11688260 -0.02939724 0.99271071
vn -0.25320691 -0.50850809 0.82298601
vn 0.34513360 -0.81541038 0.46474579
vn -0.28004420 -0.37083840 0.88546842
vn 0.17605931 -0.80391163 0.56809282
vn 0.87458539 -0.46965641 0.12051290
vn 0.90482628 -0.42578101 -0.00001412
vn 0.90482700 -0.42577949 0.00000934
vn -0.26208091 -0.23891839 0.93500358
vn 0.02305227 -0.74821109 0.66306019
vn 0.75643343 -0.60869992 0.23935939
vn -0.20351440 -0.12601100 0.97092903
vn -0.10172740 -0.65534002 0.74845242
vn 0.60832810 -0.71004349 0.35464799
vn -0.11238090 -0.04353797 0.99271101
vn -0.18879799 -0.53577012 0.82298601
vn 0.44275701 -0.76687741 0.46461320
vn -0.23239391 -0.40251821 0.88542199
vn 0.27354440 -0.77626258 0.56796998
vn 0.92567420 -0.35860020 0.12055430
vn 0.95105749 -0.30901429 0.00001245
vn 0.95105690 -0.30901590 -0.00003031
vn -0.23073401 -0.26931411 0.93500358
vn 0.11481380 -0.73964208 0.66313457
vn 0.82550222 -0.51112938 0.23935939
vn -0.18645240 -0.15003771 0.97093988
vn -0.02042287 -0.66287398 0.74845242
vn 0.69099933 -0.62992930 0.35455480
vn -0.10618140 -0.05701839 0.99271071
vn -0.12152700 -0.55491012 0.82298601
vn 0.53359938 -0.70659971 0.46474579
vn -0.18115060 -0.42798510 0.88544518
vn 0.36682680 -0.73668748 0.56809312
vn 0.96272361 -0.24211890 0.12058940
vn 0.98228770 -0.18737949 -0.00003472
vn 0.98228699 -0.18738310 0.00003061
vn -0.19591710 -0.29566830 0.93498492
vn 0.20483680 -0.71992678 0.66313451
vn 0.88203537 -0.40580091 0.23945630
vn -0.16663270 -0.17184570 0.97092873
vn 0.06119143 -0.66035950 0.74845248
vn 0.76314402 -0.54021817 0.35464829
vn -0.09833568 -0.06961053 0.99271578
vn -0.05241018 -0.56559777 0.82301432
vn 0.61642009 -0.63570428 0.46465731
vn -0.12717120 -0.44696030 0.88546830
vn 0.45457670 -0.68602490 0.56809318
vn 0.98517692 -0.12197980 0.12061350
vn 0.99802679 -0.06278949 0.00001520
vn 0.99802661 -0.06279295 -0.00001300
vn -0.15805630 -0.31741971 0.93502033
vn 0.29175481 -0.68929809 0.66313451
vn 0.92521822 -0.29433331 0.23945610
vn -0.14422320 -0.19098251 0.97094041
vn 0.14186201 -0.64776212 0.74851823
vn 0.82373071 -0.44233391 0.35469481
vn -0.08907234 -0.08119577 0.99271011
vn 0.01749360 -0.56779218 0.82298613
vn 0.68986869 -0.55513519 0.46465710
vn -0.07128769 -0.45924371 0.88544530
vn 0.53543538 -0.62496310 0.56809330
vn 0.99269849 -0.00000000 0.12062220
vn 0.99802691 0.06278878 -0.00002894
vn 0.99802679 0.06278985 0.00001520
vn -0.11786580 -0.33447891 0.93500358
vn 0.37425041 -0.64822048 0.66313422
vn 0.95439911 -0.17840821 0.23935960
vn -0.11968480 -0.20730030 0.97092849
vn 0.22041389 -0.62548918 0.74845242
vn 0.87192708 -0.33778670 0.35446221
vn -0.07841944 -0.09153199 0.99270958
vn 0.08714836 -0.56141943 0.82292980
vn 0.75295788 -0.46621159 0.46443641
vn -0.01431173 -0.46452341 0.88544518
vn 0.60817808 -0.55442751 0.56809312
vn 0.98517692 0.12197980 0.12061350
vn 0.98228681 0.18738350 0.00003061
vn 0.98228759 0.18737949 -0.00003470
vn -0.07585912 -0.34638420 0.93502063
vn 0.45107219 -0.59731609 0.66313457
vn 0.96906573 -0.05976992 0.23945650
vn -0.09332078 -0.22047959 0.97091711
vn 0.29560849 -0.59366202 0.74845248
vn 0.90679407 -0.22806780 0.35455540
vn -0.06657481 -0.10047170 0.99271011
vn 0.15545750 -0.54637629 0.82298613
vn 0.80439562 -0.37008071 0.46474519
vn 0.04287701 -0.46271750 0.88546842
vn 0.67174709 -0.47552002 0.56801110
vn 0.96273041 0.24216330 0.12044650
vn 0.95105708 0.30901510 -0.00003029
vn 0.95105732 0.30901489 0.00001245
vn -0.03272199 -0.35312739 0.93500280
vn 0.52105641 -0.53735727 0.66313457
vn 0.96906561 0.05976992 0.23945650
vn -0.06550663 -0.23023181 0.97092861
vn 0.36632219 -0.55283552 0.74845231
vn 0.92798299 -0.11490930 0.35446221
vn -0.05371499 -0.10788800 0.99271101
vn 0.22142230 -0.52313107 0.82298601
vn 0.84382141 -0.26843879 0.46465719
vn 0.09942412 -0.45398399 0.88544542
vn 0.72504163 -0.38933900 0.56809318
vn 0.92567420 0.35860020 0.12055420
vn 0.90482611 0.42578140 -0.00001411
vn 0.90482670 0.42578021 0.00000935
vn 0.01092118 -0.35447201 0.93500292
vn 0.58316761 -0.46927321 0.66309750
vn 0.95439911 0.17840810 0.23935960
vn -0.03670996 -0.23648950 0.97094041
vn 0.43145820 -0.50360018 0.74848563
vn 0.93503523 -0.00000000 0.35455501
vn -0.04005736 -0.11367440 0.99271029
vn 0.28401029 -0.49192041 0.82301432
vn 0.87036830 -0.16270000 0.46474490
vn 0.15444540 -0.43828389 0.88546830
vn 0.76744431 -0.29730949 0.56801093
vn 0.87458539 0.46965641 0.12051290
vn 0.84432793 0.53582692 -0.00003467
vn 0.84432942 0.53582472 0.00002306
vn 0.05439877 -0.35044309 0.93500298
vn 0.63644379 -0.39406919 0.66306013
vn 0.92521822 0.29433331 0.23945610
vn -0.00737148 -0.23925540 0.97092873
vn 0.49007460 -0.44676191 0.74848563
vn 0.92794788 0.11490490 0.35455549
vn -0.02578324 -0.11772870 0.99271113
vn 0.34235841 -0.45335561 0.82295781
vn 0.88381147 -0.05451160 0.46465659
vn 0.20715420 -0.41602179 0.88544518
vn 0.79810810 -0.20073220 0.56809342
vn 0.81019741 0.57367122 0.12033930
vn 0.77051181 0.63742578 0.00000877
vn 0.77051300 0.63742441 0.00000367
vn 0.09703940 -0.34105799 0.93502021
vn 0.67998630 -0.31284341 0.66313481
vn 0.88205707 0.40581071 0.23935930
vn 0.02209013 -0.23839440 0.97091722
vn 0.54126167 -0.38315120 0.74848592
vn 0.90679419 0.22806790 0.35455531
vn -0.01112061 -0.12000610 0.99271089
vn 0.39544711 -0.40781841 0.82298601
vn 0.88376528 0.05450880 0.46474481
vn 0.25670821 -0.38741150 0.88544518
vn 0.81681043 -0.10114310 0.56797081
vn 0.73360830 0.66880369 0.12050120
vn 0.68454742 0.72896838 0.00000042
vn 0.68454599 0.72896981 -0.00003007
vn 0.13823441 -0.32659140 0.93500233
vn 0.71334070 -0.22692990 0.66305959
vn 0.82553279 0.51114798 0.23921411
vn 0.05120843 -0.23382530 0.97092921
vn 0.58424461 -0.31373280 0.74848521
vn 0.87186122 0.33776090 0.35464871
vn 0.00371152 -0.12046590 0.99271059
vn 0.44256601 -0.35613149 0.82298601
vn 0.87036830 0.16270000 0.46474469
vn 0.30237079 -0.35292879 0.88544518
vn 0.82302082 -0.00000000 0.56801122
vn 0.64583492 0.75391638 0.12044720
vn 0.58778501 0.80901718 0.00001510
vn 0.58778483 0.80901742 -0.00000191
vn 0.17732041 -0.30712801 0.93500262
vn 0.73575562 -0.13753660 0.66313457
vn 0.75643361 0.60869992 0.23935950
vn 0.07955431 -0.22575919 0.97092950
vn 0.61833590 -0.23954450 0.74851811
vn 0.82374632 0.44234231 0.35464829
vn 0.01848697 -0.11909560 0.99271071
vn 0.48300949 -0.29906681 0.82295871
vn 0.84377730 0.26842490 0.46474510
vn 0.34341809 -0.31306681 0.88546783
vn 0.81678248 0.10113960 0.56801170
vn 0.54826212 0.82759601 0.12038980
vn 0.48175529 0.87630582 -0.00000322
vn 0.48175451 0.87630618 -0.00000072
vn 0.21371770 -0.28300780 0.93500340
vn 0.74711388 -0.04608029 0.66309690
vn 0.67592323 0.69706851 0.23921411
vn 0.10669450 -0.21427161 0.97092950
vn 0.64308578 -0.16174260 0.74851853
vn 0.76314402 0.54021841 0.35464841
vn 0.03298383 -0.11592220 0.99271059
vn 0.51602793 -0.23741040 0.82301378
vn 0.80439562 0.37008071 0.46474519
vn 0.37932309 -0.26851699 0.88544500
vn 0.79816312 0.20074600 0.56801140
vn 0.44248611 0.88863832 0.12053250
vn 0.36812231 0.92977750 -0.00003415
vn 0.36812690 0.92977572 0.00000305
vn 0.24687520 -0.25459841 0.93500388
vn 0.74711388 0.04608041 0.66309690
vn 0.58513838 0.77484822 0.23921420
vn 0.13219211 -0.19949800 0.97094083
vn 0.65816212 -0.08149814 0.74845231
vn 0.69097322 0.62990540 0.35464811
vn 0.04698002 -0.11099460 0.99271011
vn 0.54133052 -0.17220961 0.82298559
vn 0.75291872 0.46618721 0.46452460
vn 0.40944520 -0.21986730 0.88544518
vn 0.76739150 0.29728910 0.56809282
vn 0.32991421 0.93628770 0.12050770
vn 0.24868859 0.96858358 0.00000748
vn 0.24869260 0.96858251 0.00002541
vn 0.27629250 -0.22233160 0.93500328
vn 0.73575532 0.13753641 0.66313487
vn 0.48552591 0.84095383 0.23887511
vn 0.15573600 -0.18177590 0.97092938
vn 0.66315019 0.00000013 0.74848652
vn 0.60835111 0.71007049 0.35455450
vn 0.06026709 -0.10438550 0.99270928
vn 0.55838990 -0.10438120 0.82298571
vn 0.68986881 0.55513519 0.46465689
vn 0.43336290 -0.16788550 0.88544411
vn 0.72504163 0.38933909 0.56809312
vn 0.21238790 0.96971983 0.12056080
vn 0.12533030 0.99211508 -0.00002660
vn 0.12533580 0.99211443 0.00001996
vn 0.30148011 -0.18666840 0.93502128
vn 0.71327758 0.22690980 0.66313422
vn 0.37844580 0.89411372 0.23945691
vn 0.17689469 -0.16126069 0.97092909
vn 0.65808809 0.08148908 0.74851829
vn 0.51646119 0.77941817 0.35464811
vn 0.07264125 -0.09617942 0.99270987
vn 0.56698441 -0.03497022 0.82298601
vn 0.61638790 0.63567120 0.46474519
vn 0.45070931 -0.11335780 0.88544411
vn 0.67174721 0.47552010 0.56801093
vn 0.09161466 0.98846853 0.12056850
vn 0.00000090 1.00000000 -0.00000652
vn -0.00000017 1.00000000 0.00000139
vn 0.32217661 -0.14822470 0.93500358
vn 0.67998618 0.31284329 0.66313487
vn 0.26574081 0.93398100 0.23887530
vn 0.19537459 -0.13830280 0.97092801
vn 0.64308548 0.16174249 0.74851882
vn 0.41678101 0.83700931 0.35455471
vn 0.08389890 -0.08652359 0.99271083
vn 0.56698400 0.03497034 0.82298631
vn 0.53362721 0.70663673 0.46465760
vn 0.46122199 -0.05711144 0.88544488
vn 0.60821992 0.55446571 0.56801099
vn -0.03053855 0.99223191 0.12059610
vn -0.12053680 0.99270892 -0.00002788
vn -0.12053740 0.99270892 0.00000645
vn 0.33799309 -0.10752330 0.93498641
vn 0.63638783 0.39403480 0.66313451
vn 0.14893261 0.95944041 0.23935990
vn 0.21088851 -0.11324450 0.97092831
vn 0.61833531 0.23954430 0.74851853
vn 0.31076351 0.88188273 0.35455450
vn 0.09390175 -0.07555890 0.99271011
vn 0.55843008 0.10438870 0.82295740
vn 0.44274530 0.76685751 0.46465740
vn 0.46470061 0.00000016 0.88546801
vn 0.53549069 0.62502748 0.56797051
vn -0.15245339 0.98096812 0.12024860
vn -0.23931670 0.97094160 -0.00002013
vn -0.23931541 0.97094202 0.00002559
vn 0.34860081 -0.06516480 0.93500328
vn 0.58314210 0.46925280 0.66313451
vn 0.02989983 0.97047049 0.23935939
vn 0.22316170 -0.08645313 0.97094011
vn 0.58424491 0.31373289 0.74848491
vn 0.20004240 0.91342241 0.35446101
vn 0.10247290 -0.06344825 0.99271029
vn 0.54133058 0.17220969 0.82298541
vn 0.34515169 0.81545311 0.46465760
vn 0.46122211 0.05711174 0.88544482
vn 0.45457661 0.68602490 0.56809342
vn -0.27161419 0.95481873 0.12061200
vn -0.35460460 0.93501639 0.00001477
vn -0.35460430 0.93501651 -0.00003746
vn 0.35396600 -0.02183169 0.93500352
vn 0.52105641 0.53735721 0.66313469
vn -0.08958411 0.96676540 0.23945680
vn 0.23213950 -0.05838519 0.97092873
vn 0.54123169 0.38313001 0.74851841
vn 0.08627092 0.93101138 0.35464799
vn 0.10952810 -0.05039101 0.99270552
vn 0.51606518 0.23742780 0.82298541
vn 0.24229410 0.85157621 0.46487811
vn 0.45066729 0.11334720 0.88546681
vn 0.36682671 0.73668760 0.56809312
vn -0.38696310 0.91418618 0.12051210
vn -0.46472201 0.88545662 0.00002131
vn -0.46472681 0.88545412 -0.00002854
vn 0.35401201 0.02183479 0.93498600
vn 0.45107210 0.59731603 0.66313469
vn -0.20772190 0.94848722 0.23921470
vn 0.23755410 -0.02941536 0.97092891
vn 0.49007460 0.44676200 0.74848563
vn -0.02879542 0.93462729 0.35446131
vn 0.11484840 -0.03653573 0.99271101
vn 0.48297510 0.29904559 0.82298660
vn 0.13581970 0.87496543 0.46474579
vn 0.43336350 0.16788580 0.88544369
vn 0.27353501 0.77623588 0.56801099
vn -0.49642429 0.85968250 0.12045350
vn -0.56806290 0.82298517 -0.00000372
vn -0.56806582 0.82298320 0.00000395
vn 0.34860119 0.06516492 0.93500310
vn 0.37425029 0.64822048 0.66313422
vn -0.32269350 0.91573793 0.23935971
vn 0.23936650 -0.00000000 0.97092932
vn 0.43145800 0.50360018 0.74848580
vn -0.14342120 0.92393482 0.35464778
vn 0.11842780 -0.02213716 0.99271601
vn 0.44256630 0.35613191 0.82298559
vn 0.02726733 0.88502431 0.46474579
vn 0.40944540 0.21986760 0.88544488
vn 0.17605940 0.80391151 0.56809282
vn -0.59827071 0.79218137 0.12050270
vn -0.66312301 0.74851048 0.00001002
vn -0.66312170 0.74851167 0.00003624
vn 0.33794999 0.10750980 0.93500352
vn 0.29178041 0.68935871 0.66306031
vn -0.43278119 0.86914182 0.23935990
vn 0.23755310 0.02941560 0.97092909
vn 0.36628100 0.55277360 0.74851841
vn -0.25589430 0.89937520 0.35446081
vn 0.12029450 -0.00741953 0.99271059
vn 0.39541921 0.40778959 0.82301372
vn -0.08169841 0.88166708 0.46474561
vn 0.37928709 0.26849180 0.88546801
vn 0.07593876 0.81951040 0.56801063
vn -0.69125777 0.71252221 0.12031140
vn -0.74850929 0.66312438 -0.00000668
vn -0.74851161 0.66312182 -0.00001184
vn 0.32217681 0.14822480 0.93500358
vn 0.20483680 0.71992678 0.66313457
vn -0.53630823 0.80937052 0.23935960
vn 0.23213880 0.05838531 0.97092891
vn 0.29560849 0.59366202 0.74845242
vn -0.36447719 0.86111182 0.35446131
vn 0.12033100 0.00742185 0.99270612
vn 0.34233361 0.45332310 0.82298601
vn -0.18943579 0.86499012 0.46465731
vn 0.34345001 0.31309620 0.88544512
vn -0.02534496 0.82263100 0.56801051
vn -0.77355462 0.62219578 0.12035690
vn -0.82298392 0.56806457 -0.00001365
vn -0.82298261 0.56806660 0.00001517
vn 0.30151951 0.18669300 0.93500358
vn 0.11481380 0.73964202 0.66313457
vn -0.63172883 0.73735690 0.23921440
vn 0.22320430 0.08647000 0.97092891
vn 0.22040141 0.62545413 0.74848551
vn -0.46753529 0.80979490 0.35446161
vn 0.11847270 0.02214658 0.99271029
vn 0.28405100 0.49199089 0.82295811
vn -0.29428169 0.83511061 0.46474561
vn 0.30234200 0.35289499 0.88546860
vn -0.12623590 0.81322509 0.56809282
vn -0.84412909 0.52244741 0.12039450
vn -0.88545698 0.46472141 0.00000218
vn -0.88545728 0.46472079 0.00000304
vn 0.27629319 0.22233240 0.93500292
vn 0.02304995 0.74814522 0.66313457
vn -0.71750891 0.65409601 0.23945659
vn 0.21088880 0.11324480 0.97092831
vn 0.14186201 0.64776188 0.74851841
vn -0.56348461 0.74617428 0.35455480
vn 0.11484620 0.03653544 0.99271131
vn 0.22142211 0.52313071 0.82298642
vn -0.39469719 0.79265863 0.46465748
vn 0.25670821 0.38741159 0.88544530
vn -0.22521500 0.79154837 0.56809282
vn -0.90191448 0.41478699 0.12042400
vn -0.93501568 0.35460621 -0.00001198
vn -0.93501657 0.35460401 0.00000301
vn 0.24687600 0.25459960 0.93500352
vn -0.06906288 0.74530721 0.66313481
vn -0.79247087 0.56097859 0.23935939
vn 0.19533740 0.13827640 0.97093922
vn 0.06118094 0.66024840 0.74855119
vn -0.65093422 0.67129850 0.35446179
vn 0.10949180 0.05037415 0.99271041
vn 0.15545720 0.54637611 0.82298631
vn -0.48908839 0.73810852 0.46474570
vn 0.20715420 0.41602179 0.88544518
vn -0.32077989 0.75787270 0.56809270
vn -0.94603622 0.30084601 0.12044600
vn -0.97094208 0.23931470 -0.00001148
vn -0.97094130 0.23931770 0.00001819
vn 0.21371740 0.28300801 0.93500352
vn -0.16012900 0.73117089 0.66313487
vn -0.85550708 0.45939800 0.23887490
vn 0.17686170 0.16123059 0.97094011
vn -0.02042293 0.66287398 0.74845242
vn -0.72849530 0.58621812 0.35446149
vn 0.10247950 0.06345283 0.99270928
vn 0.08713579 0.56133908 0.82298601
vn -0.57608628 0.67241079 0.46474540
vn 0.15445980 0.43832511 0.88544518
vn -0.41148230 0.71270812 0.56809288
vn -0.97582692 0.18234940 0.12046040
vn -0.99270862 0.12053930 0.00000416
vn -0.99270922 0.12053510 -0.00000228
vn 0.17732030 0.30712801 0.93500262
vn -0.24876750 0.70595098 0.66313481
vn -0.90536618 0.35074070 0.23935939
vn 0.15576890 0.18181440 0.97091693
vn -0.10172760 0.65534002 0.74845242
vn -0.79498321 0.49223271 0.35455442
vn 0.09389984 0.07556098 0.99271011
vn 0.01749092 0.56771058 0.82304251
vn -0.65435129 0.59652001 0.46474549
vn 0.09942394 0.45398411 0.88544542
vn -0.49599791 0.65680742 0.56797022
vn -0.99082488 0.06111961 0.12054190
vn 0.13823441 0.32659131 0.93500239
vn -0.33364990 0.67005950 0.66309750
vn -0.94172198 0.23685180 0.23887441
vn 0.13221870 0.19953790 0.97092891
vn -0.18149009 0.63787162 0.74845248
vn -0.84944689 0.39080760 0.35455531
vn 0.08389890 0.08652359 0.99271083
vn -0.05241805 0.56567901 0.82295787
vn -0.72269708 0.51158661 0.46474510
vn 0.04287701 0.46271750 0.88546830
vn -0.57289338 0.59081590 0.56809312
vn 0.09703940 0.34105799 0.93502033
vn -0.41344541 0.62395167 0.66313440
vn -0.96359593 0.11928800 0.23927671
vn 0.10671560 0.21431470 0.97091770
vn -0.25850171 0.61073411 0.74845242
vn -0.89100063 0.28344771 0.35464820
vn 0.07263493 0.09618425 0.99270987
vn -0.12151840 0.55487031 0.82301432
vn -0.78012830 0.41891989 0.46465680
vn -0.01431190 0.46452341 0.88544518
vn -0.64115572 0.51593602 0.56809288
vn 0.05439865 0.35044309 0.93500298
vn -0.48698801 0.56841493 0.66313440
vn 0.07955402 0.22575930 0.97092950
vn -0.33157581 0.57430601 0.74848533
vn -0.91920131 0.17182849 0.35432190
vn 0.06026709 0.10438560 0.99270928
vn -0.18879799 0.53577012 0.82298583
vn -0.82571751 0.31988451 0.46461231
vn -0.07128101 0.45920029 0.88546830
vn -0.69974631 0.43326441 0.56801152
vn 0.01092112 0.35447201 0.93500292
vn -0.55314881 0.50426167 0.66313398
vn 0.05120825 0.23382540 0.97092921
vn -0.39963779 0.52920598 0.74848563
vn -0.93324357 0.05754387 0.35460559
vn 0.04697996 0.11099460 0.99271011
vn -0.25320670 0.50850761 0.82298631
vn -0.85874659 0.21598320 0.46465641
vn -0.12718309 0.44700250 0.88544518
vn -0.74763429 0.34396631 0.56809342
vn -0.03272205 0.35312739 0.93500292
vn -0.61092401 0.43246409 0.66313398
vn 0.02208983 0.23839440 0.97091722
vn -0.46166840 0.47611120 0.74845213
vn 0.03298330 0.11592510 0.99271017
vn -0.31377691 0.47353700 0.82298660
vn -0.87876290 0.10880000 0.46469161
vn -0.18116771 0.42802560 0.88542223
vn -0.78423709 0.24948371 0.56809342
vn -0.07586932 0.34642941 0.93500310
vn -0.65943819 0.35411081 0.66313410
vn -0.00737172 0.23925540 0.97092879
vn -0.51664817 0.41574529 0.74848551
vn 0.01848733 0.11909710 0.99271047
vn -0.36959079 0.43138811 0.82298672
vn -0.23237220 0.40248010 0.88544512
vn -0.80903441 0.15123481 0.56797141
vn -0.11786580 0.33447891 0.93500358
vn -0.69798732 0.27040151 0.66309643
vn -0.03671014 0.23648950 0.97094029
vn -0.56379050 0.34908429 0.74851888
vn 0.00370759 0.12046600 0.99271059
vn -0.41977251 0.38267312 0.82301420
vn -0.28001761 0.37080321 0.88549161
vn -0.82142621 0.05068391 0.56805849
vn -0.15807690 0.31746101 0.93500280
vn -0.72589332 0.18256940 0.66313457
vn -0.06550675 0.23023181 0.97092861
vn -0.60248411 0.27718651 0.74845213
vn -0.01112061 0.12000620 0.99271089
vn -0.46364999 0.32821080 0.82298631
vn -0.32349279 0.33361271 0.88546890
vn -0.19589070 0.29562870 0.93500298
vn -0.74285722 0.09197914 0.66310108
vn -0.09332114 0.22047950 0.97091711
vn -0.63194489 0.20103620 0.74848521
vn -0.02578336 0.11773070 0.99271089
vn -0.50046891 0.26874611 0.82298631
vn -0.36207300 0.29135910 0.88544518
vn -0.23073290 0.26931271 0.93500441
vn -0.11968520 0.20730020 0.97092861
vn -0.65189672 0.12186050 0.74845231
vn -0.04005825 0.11367750 0.99270987
vn -0.52973902 0.20522180 0.82295853
vn -0.39513320 0.24465610 0.88544518
vn -0.26208091 0.23891830 0.93500358
vn -0.14422320 0.19098251 0.97094041
vn -0.66187131 0.04082810 0.74850488
vn -0.05372065 0.10788510 0.99271101
vn -0.55090469 0.13855800 0.82298601
vn -0.42220521 0.19424510 0.88544440
vn -0.28945550 0.20490129 0.93500322
vn -0.16663270 0.17184570 0.97092873
vn -0.06657481 0.10047160 0.99271011
vn -0.56376958 0.06980425 0.82297713
vn -0.44287521 0.14088860 0.88544458
vn -0.31244099 0.16777740 0.93500352
vn -0.18652730 0.15009750 0.97091627
vn -0.07841974 0.09153169 0.99270958
vn -0.45683101 0.08539658 0.88544500
vn -0.33069041 0.12810990 0.93500358
vn -0.20351429 0.12601051 0.97092909
vn -0.08907234 0.08119577 0.99271011
vn -0.46384290 0.02860784 0.88545549
vn -0.34392601 0.08650070 0.93500412
vn -0.21741420 0.10002640 0.97094083
vn -0.09836912 0.06963413 0.99271083
vn -0.35191041 0.04359018 0.93501830
vn -0.22806279 0.07255184 0.97093952
vn -0.10617400 0.05701428 0.99271172
vn -0.23529200 0.04398369 0.97092903
vn -0.11238130 0.04353684 0.99271101
vn -0.23886441 0.01473408 0.97094119
vn -0.11683300 0.02938455 0.99271691
vn -0.11963220 0.01478987 0.99270821
vn -0.99597973 -0.00000447 -0.08957892
vn -0.99597990 0.00000449 -0.08957868
vn -0.12029700 -0.00741148 -0.99271041
vn -0.12615080 -0.00000328 -0.99201107
vn -0.12615000 0.00000234 -0.99201119
vn -0.00000092 0.00003708 -1.00000000
vn -0.00010449 -0.07548660 -0.99714678
vn -0.11847470 -0.02214682 -0.99271011
vn -0.11485600 -0.03653848 -0.99270987
vn -0.23748329 -0.02939355 -0.97094691
vn -0.25029781 -0.00001822 -0.96816897
vn -0.25029749 0.00001836 -0.96816897
vn -0.10949110 -0.05037409 -0.99271059
vn -0.23209409 -0.05837410 -0.97094017
vn -0.35393441 -0.02183073 -0.93501550
vn -0.37043691 -0.00000925 -0.92885780
vn -0.37043571 0.00001019 -0.92885822
vn -0.10246960 -0.06344640 -0.99271071
vn -0.22316170 -0.08645331 -0.97094011
vn -0.34864461 -0.06517308 -0.93498641
vn -0.09389638 -0.07555842 -0.99271071
vn -0.21084639 -0.11322230 -0.97094011
vn -0.33795041 -0.10750990 -0.93500328
vn -0.46118990 -0.05709481 -0.88546258
vn -0.48465100 0.00000632 -0.87470758
vn -0.48465061 -0.00000638 -0.87470788
vn -0.08390033 -0.08652538 -0.99271059
vn -0.19537459 -0.13830300 -0.97092801
vn -0.32217619 -0.14822461 -0.93500370
vn -0.45066530 -0.11334680 -0.88546783
vn -0.56696928 -0.03497970 -0.82299590
vn -0.59112698 -0.00000540 -0.80657852
vn -0.59112608 0.00000599 -0.80657917
vn -0.07263261 -0.09618151 -0.99271017
vn -0.17689779 -0.16126370 -0.97092801
vn -0.30151901 -0.18669270 -0.93500382
vn -0.43336120 -0.16788510 -0.88544488
vn -0.55838758 -0.10438090 -0.82298720
vn -0.06026232 -0.10437790 -0.99271041
vn -0.15570749 -0.18174291 -0.97094017
vn -0.27629161 -0.22233111 -0.93500358
vn -0.40944430 -0.21986690 -0.88544571
vn -0.54136717 -0.17222130 -0.82295889
vn -0.04697924 -0.11099270 -0.99271017
vn -0.65810090 -0.08131778 -0.74852568
vn -0.68815410 0.00000516 -0.72556448
vn -0.68815517 -0.00000508 -0.72556359
vn -0.13222019 -0.19954030 -0.97092819
vn -0.24684440 -0.25456670 -0.93502080
vn -0.37932211 -0.26851639 -0.88544548
vn -0.51602668 -0.23741010 -0.82301462
vn -0.03298294 -0.11592320 -0.99271041
vn -0.64315963 -0.16176110 -0.74845117
vn -0.10669700 -0.21427630 -0.97092807
vn -0.74709618 -0.04606223 -0.66311812
vn -0.77419311 0.00001930 -0.63294959
vn -0.77419311 -0.00001924 -0.63294947
vn -0.21371899 -0.28300941 -0.93500262
vn -0.34344920 -0.31309530 -0.88544571
vn -0.48297501 -0.29904541 -0.82298672
vn -0.01848745 -0.11909780 -0.99271041
vn -0.61833698 -0.23954511 -0.74851692
vn -0.07955527 -0.22576140 -0.97092891
vn -0.73578823 -0.13754269 -0.66309708
vn -0.17732020 -0.30712759 -0.93500280
vn -0.30237010 -0.35292789 -0.88544577
vn -0.44256479 -0.35613051 -0.82298702
vn -0.00371134 -0.12046730 -0.99271041
vn -0.58421272 -0.31371570 -0.74851722
vn -0.05120915 -0.23382770 -0.97092861
vn -0.71327752 -0.22690980 -0.66313440
vn -0.13823350 -0.32658941 -0.93500322
vn -0.81678271 -0.10107340 -0.56802309
vn -0.84785563 -0.00000407 -0.53022742
vn -0.84785533 0.00000411 -0.53022760
vn -0.25670800 -0.38741139 -0.88544542
vn -0.39547461 -0.40784669 -0.82295883
vn 0.01112055 -0.12001100 -0.99271041
vn -0.54129368 -0.38317370 -0.74845117
vn -0.02208626 -0.23834910 -0.97092837
vn -0.68004632 -0.31287089 -0.66306031
vn -0.09705185 -0.34110191 -0.93500298
vn -0.79810852 -0.20073220 -0.56809300
vn -0.20715401 -0.41602120 -0.88544548
vn -0.88377768 -0.05449789 -0.46472251
vn -0.90797317 -0.00001949 -0.41902819
vn -0.90797341 0.00001940 -0.41902801
vn -0.34233329 -0.45332220 -0.82298672
vn 0.02578431 -0.11773480 -0.99271041
vn -0.49010318 -0.44678810 -0.74845117
vn 0.00737148 -0.23925650 -0.97092837
vn -0.63638788 -0.39403480 -0.66313440
vn -0.05439895 -0.35044309 -0.93500298
vn -0.76747018 -0.29731950 -0.56797057
vn -0.15443020 -0.43824199 -0.88549161
vn -0.87041378 -0.16270840 -0.46465680
vn -0.28405091 -0.49199051 -0.82295841
vn 0.04005777 -0.11367570 -0.99271011
vn -0.43148300 -0.50362909 -0.74845189
vn 0.03671735 -0.23653729 -0.97092837
vn -0.58314228 -0.46925300 -0.66313398
vn -0.01092100 -0.35447201 -0.93500292
vn -0.72504139 -0.38933900 -0.56809342
vn -0.09942370 -0.45398289 -0.88544589
vn -0.84382159 -0.26843879 -0.46465680
vn -0.22142200 -0.52313071 -0.82298642
vn 0.05370175 -0.10784740 -0.99271607
vn -0.92800170 -0.11474310 -0.35446730
vn -0.95357883 0.00001624 -0.30114379
vn -0.95357871 -0.00001621 -0.30114391
vn -0.36630231 -0.55280572 -0.74848419
vn 0.06549370 -0.23018640 -0.97094017
vn -0.52105671 -0.53735739 -0.66313422
vn 0.03271758 -0.35308099 -0.93502051
vn -0.67170101 -0.47548711 -0.56809318
vn -0.04288095 -0.46276000 -0.88544601
vn -0.80443788 -0.37009999 -0.46465650
vn -0.15545741 -0.54637623 -0.82298613
vn 0.06657308 -0.10046860 -0.99271059
vn -0.90679419 -0.22806780 -0.35455510
vn -0.29560921 -0.59366292 -0.74845147
vn 0.09332138 -0.22048070 -0.97091681
vn -0.96910042 -0.05977445 -0.23931460
vn -0.98395181 0.00000524 -0.17843480
vn -0.98395193 -0.00000522 -0.17843460
vn -0.45111179 -0.59736848 -0.66306031
vn 0.07586890 -0.34642899 -0.93500322
vn -0.60821980 -0.55446547 -0.56801122
vn 0.01431316 -0.46456590 -0.88542283
vn -0.75287932 -0.46616301 -0.46461260
vn -0.08713579 -0.56133890 -0.82298619
vn 0.07838261 -0.09148848 -0.99271661
vn -0.87186140 -0.33776090 -0.35464811
vn -0.22038940 -0.62541962 -0.74851781
vn 0.11968300 -0.20729759 -0.97092938
vn -0.95443440 -0.17841470 -0.23921379
vn -0.37425029 -0.64822030 -0.66313440
vn 0.11786620 -0.33448040 -0.93500298
vn -0.53549081 -0.62502772 -0.56797010
vn 0.07128089 -0.45919910 -0.88546902
vn -0.68981451 -0.55509168 -0.46478951
vn -0.01749342 -0.56779218 -0.82298601
vn 0.08906996 -0.08119815 -0.99271011
vn -0.82380849 -0.44237590 -0.35446161
vn -0.14186220 -0.64776278 -0.74851751
vn 0.14422239 -0.19098140 -0.97094089
vn -0.92524087 -0.29434031 -0.23935939
vn -0.29175490 -0.68929821 -0.66313440
vn 0.15807609 -0.31746009 -0.93500328
vn -0.98518390 -0.12201480 -0.12052080
vn -0.45457661 -0.68602490 -0.56809318
vn 0.12715870 -0.44691661 -0.88549203
vn -0.61638790 -0.63567120 -0.46474519
vn 0.05241769 -0.56567877 -0.82295811
vn 0.09832984 -0.06960594 -0.99271673
vn -0.76314408 -0.54021847 -0.35464811
vn -0.06118440 -0.66028631 -0.74851757
vn 0.16666760 -0.17188160 -0.97091639
vn -0.88203537 -0.40580070 -0.23945659
vn -0.20483691 -0.71992689 -0.66313440
vn 0.19586390 -0.29558831 -0.93502140
vn -0.96272743 -0.24213570 -0.12052480
vn -0.36682671 -0.73668742 -0.56809318
vn 0.18115030 -0.42798489 -0.88544542
vn -0.53362739 -0.70663673 -0.46465731
vn 0.12152700 -0.55490982 -0.82298631
vn 0.10618040 -0.05701780 -0.99271089
vn -0.69102550 -0.62995321 -0.35446140
vn 0.02042281 -0.66287488 -0.74845171
vn 0.18648771 -0.15006600 -0.97092873
vn -0.82553268 -0.51114821 -0.23921440
vn -0.11481360 -0.73964220 -0.66313451
vn 0.23073390 -0.26931390 -0.93500382
vn -0.92567420 -0.35860869 -0.12052860
vn -0.27353480 -0.77623588 -0.56801099
vn 0.23235001 -0.40244210 -0.88546813
vn -0.44274530 -0.76685739 -0.46465748
vn 0.18878430 -0.53573090 -0.82301462
vn 0.11238520 -0.04353821 -0.99271041
vn -0.60837400 -0.71009737 -0.35446131
vn 0.10171620 -0.65526742 -0.74851757
vn 0.20351660 -0.12601210 -0.97092837
vn -0.75652701 -0.60877413 -0.23887479
vn -0.02305096 -0.74817812 -0.66309750
vn 0.26208061 -0.23891830 -0.93500358
vn -0.87458670 -0.46964100 -0.12056330
vn -0.17607149 -0.80396682 -0.56801081
vn 0.28007051 -0.37087330 -0.88544542
vn -0.34512469 -0.81538928 -0.46478969
vn 0.25320670 -0.50850737 -0.82298642
vn 0.11688500 -0.02939754 -0.99271041
vn -0.51646119 -0.77941817 -0.35464799
vn 0.18146990 -0.63780111 -0.74851751
vn 0.21746109 -0.10004770 -0.97092801
vn -0.67589807 -0.69704282 -0.23935990
vn 0.06906884 -0.74537289 -0.66306019
vn 0.28941819 -0.20487510 -0.93502063
vn -0.81024641 -0.57356203 -0.12053000
vn -0.07593876 -0.81951040 -0.56801069
vn 0.32352379 -0.33364499 -0.88544530
vn -0.24230701 -0.85162091 -0.46478960
vn 0.31377700 -0.47353700 -0.82298648
vn 0.11956530 -0.01480537 -0.99271601
vn -0.41676539 -0.83697760 -0.35464799
vn 0.25848749 -0.61070073 -0.74848437
vn 0.22810601 -0.07256555 -0.97092837
vn -0.58513838 -0.77484822 -0.23921430
vn 0.16013590 -0.73120338 -0.66309750
vn 0.31244201 -0.16777749 -0.93500322
vn -0.73362052 -0.66878527 -0.12052900
vn 0.02534586 -0.82265919 -0.56796968
vn 0.36207271 -0.29135889 -0.88544542
vn -0.13581620 -0.87494260 -0.46478990
vn 0.36961719 -0.43141931 -0.82295853
vn 0.12052160 -0.00000000 -0.99271071
vn -0.31076351 -0.88188273 -0.35455450
vn 0.33157611 -0.57430673 -0.74848449
vn 0.23524800 -0.04397541 -0.97094011
vn -0.48548350 -0.84088182 -0.23921440
vn 0.24878959 -0.70601350 -0.66306013
vn 0.33069030 -0.12811020 -0.93500358
vn -0.64587301 -0.75387341 -0.12051160
vn 0.12624881 -0.81330901 -0.56796992
vn 0.39509639 -0.24463320 -0.88546801
vn -0.02726733 -0.88502407 -0.46474591
vn 0.41986191 -0.38275501 -0.82293052
vn 0.11956520 0.01480543 -0.99271601
vn -0.20004250 -0.91342223 -0.35446131
vn 0.39968339 -0.52926618 -0.74841869
vn 0.23886840 -0.01473307 -0.97094017
vn -0.37845519 -0.89413571 -0.23935990
vn 0.33363509 -0.67003000 -0.66313451
vn 0.34392709 -0.08650112 -0.93500358
vn -0.54833072 -0.82753748 -0.12047880
vn 0.22521490 -0.79154831 -0.56809282
vn 0.42220390 -0.19424470 -0.88544512
vn 0.08169227 -0.88159788 -0.46487820
vn 0.46364981 -0.32821080 -0.82298648
vn 0.11688490 0.02939802 -0.99271041
vn -0.08627092 -0.93101132 -0.35464820
vn 0.46164250 -0.47608459 -0.74848491
vn 0.23886810 0.01473301 -0.97094029
vn -0.26574060 -0.93398100 -0.23887530
vn 0.41340879 -0.62389648 -0.66320908
vn 0.35195050 -0.04358094 -0.93500358
vn -0.44249621 -0.88862729 -0.12057650
vn 0.32080200 -0.75792468 -0.56801081
vn 0.44283280 -0.14087540 -0.88546783
vn 0.18944059 -0.86501253 -0.46461341
vn 0.50054038 -0.26878470 -0.82293022
vn 0.11238720 0.04353898 -0.99271017
vn 0.02879548 -0.93462718 -0.35446131
vn 0.51661992 -0.41572261 -0.74851781
vn 0.23524760 0.04397541 -0.97094011
vn -0.14895140 -0.95955831 -0.23887530
vn 0.48698801 -0.56841481 -0.66313457
vn 0.35463819 0.00000014 -0.93500358
vn -0.32991341 -0.93629283 -0.12046980
vn 0.41148219 -0.71270812 -0.56809288
vn 0.45674539 -0.08538037 -0.88549077
vn 0.29425839 -0.83504522 -0.46487820
vn 0.52969980 -0.20520680 -0.82298762
vn 0.10618210 0.05701887 -0.99271071
vn 0.14342660 -0.92396969 -0.35455471
vn 0.56379241 -0.34908560 -0.74851692
vn 0.22810499 0.07256525 -0.97092873
vn -0.02989983 -0.97047073 -0.23935920
vn 0.55314839 -0.50426149 -0.66313451
vn 0.35195029 0.04358094 -0.93500358
vn -0.21232460 -0.96975350 -0.12040100
vn 0.49599770 -0.65680730 -0.56797057
vn 0.46381941 -0.02860742 -0.88546783
vn 0.39469731 -0.79265863 -0.46465731
vn 0.55090302 -0.13855749 -0.82298720
vn 0.09836930 0.06963449 -0.99271071
vn 0.25588459 -0.89934111 -0.35455421
vn 0.60248482 -0.27718699 -0.74845147
vn 0.21741550 0.10002720 -0.97094041
vn 0.08958381 -0.96676540 -0.23945680
vn 0.61092442 -0.43246439 -0.66313350
vn 0.34388220 0.08648973 -0.93502122
vn -0.09164237 -0.98845708 -0.12064090
vn 0.57289320 -0.59081572 -0.56809348
vn 0.46377590 0.02860462 -0.88549072
vn 0.48911411 -0.73814708 -0.46465731
vn 0.56375480 -0.06980800 -0.82298690
vn 0.08906990 0.08119821 -0.99271011
vn 0.36446351 -0.86107928 -0.35455450
vn 0.63198161 -0.20104770 -0.74845117
vn 0.20351569 0.12601160 -0.97092873
vn 0.20771420 -0.94845229 -0.23936000
vn 0.65946728 -0.35412651 -0.66309673
vn 0.33073360 0.12812699 -0.93498600
vn 0.03060007 -0.99224353 -0.12048450
vn 0.64115548 -0.51593608 -0.56809312
vn 0.45674521 0.08538025 -0.88549101
vn 0.57608628 -0.67241079 -0.46474540
vn 0.56806028 -0.00000000 -0.82298702
vn 0.07841438 0.09152585 -0.99271059
vn 0.46751761 -0.80976433 -0.35455480
vn 0.65189779 -0.12186080 -0.74845117
vn 0.18648771 0.15006600 -0.97092873
vn 0.32268551 -0.91571552 -0.23945650
vn 0.69798678 -0.27040139 -0.66309690
vn 0.31244129 0.16777740 -0.93500328
vn 0.15232760 -0.98096478 -0.12043420
vn 0.69969869 -0.43323511 -0.56809270
vn 0.44287410 0.14088820 -0.88544512
vn 0.65435141 -0.59652001 -0.46474531
vn 0.56371421 0.06980282 -0.82301521
vn 0.06657314 0.10046880 -0.99271047
vn 0.56348461 -0.74617428 -0.35455480
vn 0.66189492 -0.04082411 -0.74848419
vn 0.16666891 0.17188279 -0.97091591
vn 0.43279719 -0.86917382 -0.23921430
vn 0.72589338 -0.18256950 -0.66313451
vn 0.28941771 0.20487450 -0.93502092
vn 0.27170300 -0.95481211 -0.12046390
vn 0.74758309 -0.34394270 -0.56817502
vn 0.42220381 0.19424470 -0.88544512
vn 0.72269690 -0.51158661 -0.46474570
vn 0.55086303 0.13854760 -0.82301557
vn 0.05372327 0.10789160 -0.99271011
vn 0.65093428 -0.67129850 -0.35446149
vn 0.66193181 0.04082667 -0.74845147
vn 0.14428170 0.19105969 -0.97091663
vn 0.53637493 -0.80946952 -0.23887479
vn 0.74282682 -0.09198188 -0.66313481
vn 0.26208159 0.23891900 -0.93500322
vn 0.38694641 -0.91419083 -0.12053080
vn 0.78429103 -0.24950100 -0.56801152
vn 0.39509600 0.24463309 -0.88546813
vn 0.78008717 -0.41889799 -0.46474570
vn 0.52973789 0.20522150 -0.82295930
vn 0.04005771 0.11367570 -0.99271011
vn 0.72849548 -0.58621812 -0.35446131
vn 0.65182441 0.12184700 -0.74851727
vn 0.11970890 0.20734200 -0.97091663
vn 0.63170540 -0.73732990 -0.23935990
vn 0.74850053 -0.00000000 -0.66313428
vn 0.23073390 0.26931390 -0.93500358
vn 0.49635240 -0.85971171 -0.12054160
vn 0.80900681 -0.15122960 -0.56801188
vn 0.36203870 0.29133150 -0.88546819
vn 0.82569557 -0.31987611 -0.46465680
vn 0.50050467 0.26876539 -0.82295817
vn 0.02578419 0.11773480 -0.99271041
vn 0.79501289 -0.49225131 -0.35446161
vn 0.63198131 0.20104770 -0.74845147
vn 0.09328460 0.22039390 -0.97093999
vn 0.71752667 -0.65411198 -0.23935980
vn 0.74282700 0.09198182 -0.66313457
vn 0.19586401 0.29558840 -0.93502140
vn 0.59822351 -0.79220402 -0.12058820
vn 0.82148778 -0.05066758 -0.56797069
vn 0.32349381 0.33361399 -0.88546789
vn 0.85874617 -0.21598330 -0.46465701
vn 0.46364960 0.32821080 -0.82298660
vn 0.01112049 0.12001100 -0.99271041
vn 0.84944719 -0.39080769 -0.35455471
vn 0.60245109 0.27717140 -0.74848437
vn 0.06550687 0.23023240 -0.97092837
vn 0.79247087 -0.56097877 -0.23935920
vn 0.72589338 0.18256959 -0.66313428
vn 0.15807590 0.31745928 -0.93500358
vn 0.69106132 -0.71267641 -0.12052660
vn 0.82140303 0.05066233 -0.56809372
vn 0.28007090 0.37087369 -0.88544512
vn 0.87873328 -0.10881090 -0.46474510
vn 0.41980180 0.38269991 -0.82298678
vn -0.00371176 0.12046730 -0.99271041
vn 0.89100063 -0.28344759 -0.35464841
vn 0.56382382 0.34910491 -0.74848408
vn 0.03671729 0.23653729 -0.97092837
vn 0.85543382 -0.45935810 -0.23921379
vn 0.69801748 0.27041331 -0.66305977
vn 0.11786600 0.33447939 -0.93500328
vn 0.77339852 -0.62235367 -0.12054380
vn 0.80895108 0.15121920 -0.56809402
vn 0.23237190 0.40247980 -0.88544518
vn 0.88544458 -0.00000000 -0.46474510
vn 0.36961740 0.43141910 -0.82295841
vn -0.01848751 0.11909780 -0.99271041
vn 0.91907972 -0.17180561 -0.35464841
vn 0.51664871 0.41574559 -0.74848503
vn 0.00737154 0.23925650 -0.97092837
vn 0.90547770 -0.35078341 -0.23887490
vn 0.65940911 0.35409519 -0.66317141
vn 0.07587885 0.34647420 -0.93498558
vn 0.84402651 -0.52258980 -0.12049580
vn 0.78423691 0.24948371 -0.56809360
vn 0.18113320 0.42794421 -0.88546860
vn 0.87873328 0.10881070 -0.46474519
vn 0.31375429 0.47350261 -0.82301492
vn -0.03296971 0.11587650 -0.99271637
vn 0.93322653 -0.05755943 -0.35464811
vn 0.46166849 0.47611150 -0.74845171
vn -0.02208620 0.23834910 -0.97092837
vn 0.94172180 -0.23685201 -0.23887479
vn 0.61092401 0.43246421 -0.66313392
vn 0.03272187 0.35312709 -0.93500310
vn 0.90185177 -0.41490749 -0.12047850
vn 0.74760878 0.34395450 -0.56813413
vn 0.12718271 0.44700101 -0.88544607
vn 0.85870141 0.21597201 -0.46474519
vn 0.25322470 0.50854379 -0.82295853
vn -0.04697930 0.11099270 -0.99271029
vn 0.93322653 0.05755943 -0.35464811
vn 0.39966109 0.52923679 -0.74845141
vn -0.05120933 0.23382860 -0.97092837
vn 0.96360749 -0.11932040 -0.23921411
vn 0.55314833 0.50426132 -0.66313469
vn -0.01092112 0.35447201 -0.93500292
vn 0.94599360 -0.30094230 -0.12053980
vn 0.69977069 0.43327960 -0.56796992
vn 0.07127404 0.45915571 -0.88549203
vn 0.82569569 0.31987619 -0.46465680
vn 0.18878430 0.53573102 -0.82301462
vn -0.06026268 0.10437760 -0.99271041
vn 0.91907972 0.17180561 -0.35464841
vn 0.33157620 0.57430691 -0.74848437
vn -0.07953965 0.22571769 -0.97094017
vn 0.97096688 -0.00000000 -0.23921420
vn 0.48703101 0.56846487 -0.66306001
vn -0.05439871 0.35044309 -0.93500298
vn 0.97580689 -0.18240930 -0.12053160
vn 0.64119959 0.51597148 -0.56801110
vn 0.01431161 0.46452221 -0.88544589
vn 0.78008741 0.41889799 -0.46474549
vn 0.12152730 0.55490982 -0.82298631
vn -0.07263261 0.09618127 -0.99271017
vn 0.89100063 0.28344759 -0.35464850
vn 0.25848749 0.61070073 -0.74848437
vn -0.10669690 0.21427630 -0.97092807
vn 0.96369040 0.11933060 -0.23887479
vn 0.41340890 0.62389660 -0.66320902
vn -0.09706455 0.34114629 -0.93498552
vn 0.99083120 -0.06111001 -0.12049600
vn 0.57289332 0.59081590 -0.56809330
vn -0.04288113 0.46276000 -0.88544601
vn 0.72269702 0.51158661 -0.46474549
vn 0.05241394 0.56563818 -0.82298631
vn -0.08390021 0.08652508 -0.99271059
vn 0.84944707 0.39080769 -0.35455471
vn 0.18147001 0.63780117 -0.74851739
vn -0.13219290 0.19949921 -0.97094029
vn 0.94172180 0.23685190 -0.23887479
vn 0.33364990 0.67005938 -0.66309750
vn -0.13823339 0.32658920 -0.93500328
vn 0.99082428 0.06111258 -0.12055130
vn 0.49599770 0.65680742 -0.56797051
vn -0.09942388 0.45398289 -0.88544601
vn 0.65440279 0.59656668 -0.46461290
vn -0.01749354 0.56779218 -0.82298601
vn -0.09389668 0.07555806 -0.99271071
vn 0.79501301 0.49225131 -0.35446149
vn 0.10172770 0.65534091 -0.74845171
vn -0.15570570 0.18174049 -0.97094101
vn 0.90539962 0.35075361 -0.23921411
vn 0.24876750 0.70595127 -0.66313457
vn -0.17734300 0.30716699 -0.93498558
vn 0.97580689 0.18240950 -0.12053160
vn 0.41148219 0.71270812 -0.56809312
vn -0.15445970 0.43832421 -0.88544571
vn 0.57611650 0.67244589 -0.46465719
vn -0.08713579 0.56133890 -0.82298619
vn -0.10246960 0.06344634 -0.99271071
vn 0.72849548 0.58621812 -0.35446131
vn 0.02042275 0.66287482 -0.74845171
vn -0.17686140 0.16123050 -0.97094017
vn 0.85543382 0.45935801 -0.23921379
vn 0.16013590 0.73120332 -0.66309750
vn -0.21371850 0.28300881 -0.93500298
vn 0.94599360 0.30094260 -0.12053970
vn 0.32080209 0.75792468 -0.56801081
vn -0.20715369 0.41602081 -0.88544571
vn 0.48911390 0.73814708 -0.46465731
vn -0.15545741 0.54637641 -0.82298613
vn -0.10948920 0.05037295 -0.99271089
vn 0.65090972 0.67127311 -0.35455480
vn -0.06118810 0.66032332 -0.74848461
vn -0.19537480 0.13830280 -0.97092801
vn 0.79250038 0.56099922 -0.23921379
vn 0.06906896 0.74537289 -0.66306019
vn -0.24684530 0.25456750 -0.93502033
vn 0.90185201 0.41490731 -0.12047860
vn 0.22521511 0.79154837 -0.56809282
vn -0.25670809 0.38741130 -0.88544542
vn 0.39467651 0.79261720 -0.46474561
vn -0.22142200 0.52313071 -0.82298642
vn -0.11480850 0.03652328 -0.99271607
vn 0.56348461 0.74617422 -0.35455480
vn -0.14186230 0.64776289 -0.74851739
vn -0.21088880 0.11324470 -0.97092831
vn 0.71755320 0.65413612 -0.23921430
vn -0.02305102 0.74817812 -0.66309750
vn -0.27629250 0.22233160 -0.93500328
vn 0.84401637 0.52259493 -0.12054460
vn 0.12624461 0.81328118 -0.56801069
vn -0.30234209 0.35289499 -0.88546848
vn 0.29428160 0.83511072 -0.46474570
vn -0.28407100 0.49202591 -0.82293028
vn -0.11842850 0.02213817 -0.99271578
vn 0.46749991 0.80973369 -0.35464811
vn -0.22038950 0.62541968 -0.74851757
vn -0.22316229 0.08645361 -0.97093999
vn 0.63170540 0.73732978 -0.23936000
vn -0.11481360 0.73964220 -0.66313451
vn -0.30151919 0.18669270 -0.93500370
vn 0.77339852 0.62235361 -0.12054380
vn 0.02534580 0.82265919 -0.56796962
vn -0.34341711 0.31306630 -0.88546842
vn 0.18943571 0.86498988 -0.46465740
vn -0.34233299 0.45332229 -0.82298672
vn -0.12029710 0.00741202 -0.99271017
vn 0.36446360 0.86107928 -0.35455450
vn -0.29560921 0.59366298 -0.74845141
vn -0.23209471 0.05837410 -0.97094011
vn 0.53632820 0.80940032 -0.23921411
vn -0.20483691 0.71992701 -0.66313428
vn -0.32217649 0.14822470 -0.93500358
vn 0.69106108 0.71267670 -0.12052670
vn -0.07593882 0.81951040 -0.56801081
vn -0.37928659 0.26849121 -0.88546842
vn 0.08169847 0.88166708 -0.46474570
vn -0.39544609 0.40781730 -0.82298702
vn 0.25588459 0.89934111 -0.35455421
vn -0.36628169 0.55277443 -0.74851727
vn -0.23748320 0.02939355 -0.97094691
vn 0.43283510 0.86924827 -0.23887490
vn -0.29178071 0.68935901 -0.66305977
vn -0.33795080 0.10750990 -0.93500322
vn 0.59823942 0.79219931 -0.12054120
vn -0.17605931 0.80391139 -0.56809282
vn -0.40944481 0.21986739 -0.88544530
vn -0.02726852 0.88507050 -0.46465769
vn -0.44259611 0.35615590 -0.82295918
vn 0.14342649 0.92396963 -0.35455471
vn -0.43143451 0.50357228 -0.74851811
vn 0.32270560 0.91577172 -0.23921420
vn -0.37428331 0.64827758 -0.66305977
vn -0.34855351 0.06515598 -0.93502152
vn 0.49635229 0.85971159 -0.12054160
vn -0.27353468 0.77623588 -0.56801110
vn -0.43336129 0.16788520 -0.88544482
vn -0.13581979 0.87496543 -0.46474591
vn -0.48297459 0.29904529 -0.82298702
vn 0.02879548 0.93462729 -0.35446131
vn -0.49007571 0.44676310 -0.74848419
vn 0.20772199 0.94848722 -0.23921460
vn -0.45107201 0.59731591 -0.66313481
vn -0.35393450 0.02182942 -0.93501538
vn 0.38696659 0.91418833 -0.12048500
vn -0.36680171 0.73663652 -0.56817532
vn -0.45070750 0.11335730 -0.88544500
vn -0.24231330 0.85164303 -0.46474570
vn -0.51610082 0.23744400 -0.82295829
vn -0.08627098 0.93101138 -0.35464820
vn -0.54129350 0.38317362 -0.74845141
vn 0.08958160 0.96674162 -0.23955371
vn -0.52105671 0.53735721 -0.66313440
vn 0.27168110 0.95481259 -0.12050880
vn -0.45460782 0.68607217 -0.56801122
vn -0.46116170 0.05705755 -0.88547981
vn -0.34513369 0.81541049 -0.46474561
vn -0.54132861 0.17220900 -0.82298702
vn -0.20004240 0.91342229 -0.35446131
vn -0.58427811 0.31375051 -0.74845171
vn -0.02990084 0.97050643 -0.23921379
vn -0.58316791 0.46927351 -0.66309708
vn 0.15232749 0.98096478 -0.12043420
vn -0.53549123 0.62502778 -0.56796968
vn -0.44274521 0.76685733 -0.46465740
vn -0.55842757 0.10438810 -0.82295913
vn -0.31075180 0.88184941 -0.35464778
vn -0.61837161 0.23955850 -0.74848401
vn -0.14893261 0.95944053 -0.23936000
vn -0.63638771 0.39403471 -0.66313457
vn 0.03057551 0.99223900 -0.12052760
vn -0.60817802 0.55442751 -0.56809312
vn -0.53362751 0.70663673 -0.46465731
vn -0.56696910 0.03497940 -0.82299608
vn -0.41679671 0.83704108 -0.35446140
vn -0.64308792 0.16174310 -0.74851668
vn -0.26574040 0.93398112 -0.23887530
vn -0.67998618 0.31284350 -0.66313481
vn -0.09164226 0.98845720 -0.12064090
vn -0.67170078 0.47548711 -0.56809342
vn -0.61643660 0.63572091 -0.46461269
vn -0.51646119 0.77941817 -0.35464811
vn -0.65810102 0.08131778 -0.74852568
vn -0.37845519 0.89413559 -0.23935990
vn -0.71327752 0.22690991 -0.66313440
vn -0.21232460 0.96975362 -0.12040100
vn -0.72504151 0.38933909 -0.56809330
vn -0.68983263 0.55510622 -0.46474540
vn -0.60837400 0.71009737 -0.35446140
vn -0.48552561 0.84095401 -0.23887511
vn -0.73582089 0.13754880 -0.66305971
vn -0.32992610 0.93628222 -0.12051700
vn -0.76739132 0.29728901 -0.56809342
vn -0.75287932 0.46616301 -0.46461290
vn -0.69102538 0.62995321 -0.35446140
vn -0.58513838 0.77484822 -0.23921430
vn -0.74709600 0.04606205 -0.66311830
vn -0.44248700 0.88863838 -0.12052890
vn -0.79816341 0.20074619 -0.56801093
vn -0.80443788 0.37009999 -0.46465650
vn -0.76317293 0.54023892 -0.35455480
vn -0.67592287 0.69706857 -0.23921449
vn -0.54833651 0.82752669 -0.12052750
vn -0.81678271 0.10107330 -0.56802309
vn -0.84377718 0.26842481 -0.46474519
vn -0.82377750 0.44235921 -0.35455471
vn -0.75646150 0.60872221 -0.23921411
vn -0.64587319 0.75387323 -0.12051160
vn -0.87036818 0.16270000 -0.46474498
vn -0.87189448 0.33777371 -0.35455471
vn -0.82560372 0.51119220 -0.23887500
vn -0.73362052 0.66879410 -0.12047980
vn -0.88377780 0.05449795 -0.46472219
vn -0.90675998 0.22805920 -0.35464841
vn -0.88203537 0.40580070 -0.23945650
vn -0.81024808 0.57356989 -0.12048070
vn -0.92800170 0.11474310 -0.35446730
vn -0.92524099 0.29434040 -0.23935939
vn -0.87458670 0.46964109 -0.12056330
vn -0.95443440 0.17841460 -0.23921379
vn -0.92567432 0.35860860 -0.12052860
vn -0.96910018 0.05977451 -0.23931530
vn -0.96272761 0.24213560 -0.12052480
vn -0.98518390 0.12201470 -0.12052070
f 1//1 2//2 7//7
f 1//1 7//7 9//9
f 10//10 9//9 11//11
f 10//10 1//1 9//9
f 13//13 10//10 11//11
f 13//13 11//11 14//14
f 16//16 2//2 1//1
f 16//16 17//17 2//2
f 16//16 1//1 10//10
f 19//19 14//14 20//20
f 19//19 13//13 14//14
f 22//22 16//16 10//10
f 22//22 10//10 13//13
f 23//23 17//17 16//16
f 23//23 25//25 17//17
f 26//26 20//20 28//28
f 26//26 19//19 20//20
f 29//29 22//22 13//13
f 29//29 13//13 19//19
f 30//30 23//23 16//16
f 30//30 16//16 22//22
f 31//31 28//28 32//32
f 31//31 26//26 28//28
f 34//34 29//29 19//19
f 34//34 19//19 26//26
f 35//35 22//22 29//29
f 35//35 30//30 22//22
f 36//36 37//37 25//25
f 36//36 25//25 23//23
f 36//36 23//23 30//30
f 39//39 32//32 41//41
f 39//39 31//31 32//32
f 42//42 34//34 26//26
f 42//42 26//26 31//31
f 43//43 35//35 29//29
f 43//43 29//29 34//34
f 44//44 36//36 30//30
f 44//44 30//30 35//35
f 45//45 46//46 37//37
f 45//45 37//37 36//36
f 48//48 39//39 41//41
f 48//48 41//41 49//49
f 51//51 31//31 39//39
f 51//51 42//42 31//31
f 52//52 34//34 42//42
f 52//52 43//43 34//34
f 53//53 44//44 35//35
f 53//53 35//35 43//43
f 54//54 45//45 36//36
f 54//54 36//36 44//44
f 55//55 48//48 49//49
f 55//55 49//49 56//56
f 58//58 51//51 39//39
f 58//58 39//39 48//48
f 59//59 42//42 51//51
f 59//59 52//52 42//42
f 60//60 43//43 52//52
f 60//60 53//53 43//43
f 61//61 44//44 53//53
f 61//61 54//54 44//44
f 62//62 56//56 64//64
f 62//62 55//55 56//56
f 65//65 46//46 45//45
f 65//65 45//45 54//54
f 65//65 66//66 46//46
f 68//68 58//58 48//48
f 68//68 48//48 55//55
f 69//69 59//59 51//51
f 69//69 51//51 58//58
f 70//70 52//52 59//59
f 70//70 60//60 52//52
f 71//71 53//53 60//60
f 71//71 61//61 53//53
f 72//72 62//62 64//64
f 72//72 64//64 74//74
f 75//75 65//65 54//54
f 75//75 54//54 61//61
f 76//76 68//68 55//55
f 76//76 55//55 62//62
f 77//77 66//66 65//65
f 77//77 78//78 66//66
f 80//80 69//69 58//58
f 80//80 58//58 68//68
f 81//81 70//70 59//59
f 81//81 59//59 69//69
f 82//82 71//71 60//60
f 82//82 60//60 70//70
f 83//83 72//72 74//74
f 83//83 74//74 85//85
f 86//86 61//61 71//71
f 86//86 75//75 61//61
f 87//87 62//62 72//72
f 87//87 76//76 62//62
f 88//88 65//65 75//75
f 88//88 77//77 65//65
f 89//89 80//80 68//68
f 89//89 68//68 76//76
f 90//90 81//81 69//69
f 90//90 69//69 80//80
f 91//91 70//70 81//81
f 91//91 82//82 70//70
f 92//92 85//85 93//93
f 92//92 83//83 85//85
f 95//95 86//86 71//71
f 95//95 71//71 82//82
f 96//96 87//87 72//72
f 96//96 72//72 83//83
f 97//97 75//75 86//86
f 97//97 88//88 75//75
f 98//98 89//89 76//76
f 98//98 76//76 87//87
f 99//99 100//100 78//78
f 99//99 78//78 77//77
f 99//99 77//77 88//88
f 102//102 90//90 80//80
f 102//102 80//80 89//89
f 103//103 91//91 81//81
f 103//103 81//81 90//90
f 104//104 93//93 105//105
f 104//104 92//92 93//93
f 107//107 95//95 82//82
f 107//107 82//82 91//91
f 108//108 96//96 83//83
f 108//108 83//83 92//92
f 109//109 86//86 95//95
f 109//109 97//97 86//86
f 110//110 98//98 87//87
f 110//110 87//87 96//96
f 111//111 88//88 97//97
f 111//111 99//99 88//88
f 112//112 102//102 89//89
f 112//112 89//89 98//98
f 113//113 115//115 100//100
f 113//113 100//100 99//99
f 116//116 103//103 90//90
f 116//116 90//90 102//102
f 117//117 105//105 118//118
f 117//117 104//104 105//105
f 120//120 91//91 103//103
f 120//120 107//107 91//91
f 121//121 108//108 92//92
f 121//121 92//92 104//104
f 122//122 109//109 95//95
f 122//122 95//95 107//107
f 123//123 110//110 96//96
f 123//123 96//96 108//108
f 124//124 111//111 97//97
f 124//124 97//97 109//109
f 125//125 112//112 98//98
f 125//125 98//98 110//110
f 126//126 99//99 111//111
f 126//126 113//113 99//99
f 127//127 102//102 112//112
f 127//127 116//116 102//102
f 128//128 117//117 118//118
f 128//128 118//118 129//129
f 131//131 120//120 103//103
f 131//131 103//103 116//116
f 132//132 121//121 104//104
f 132//132 104//104 117//117
f 133//133 122//122 107//107
f 133//133 107//107 120//120
f 134//134 123//123 108//108
f 134//134 108//108 121//121
f 135//135 124//124 109//109
f 135//135 109//109 122//122
f 136//136 110//110 123//123
f 136//136 125//125 110//110
f 137//137 111//111 124//124
f 137//137 126//126 111//111
f 138//138 127//127 112//112
f 138//138 112//112 125//125
f 139//139 129//129 140//140
f 139//139 128//128 129//129
f 142//142 143//143 115//115
f 142//142 115//115 113//113
f 142//142 113//113 126//126
f 145//145 131//131 116//116
f 145//145 116//116 127//127
f 146//146 117//117 128//128
f 146//146 132//132 117//117
f 147//147 120//120 131//131
f 147//147 133//133 120//120
f 148//148 121//121 132//132
f 148//148 134//134 121//121
f 149//149 122//122 133//133
f 149//149 135//135 122//122
f 150//150 136//136 123//123
f 150//150 123//123 134//134
f 151//151 137//137 124//124
f 151//151 124//124 135//135
f 152//152 125//125 136//136
f 152//152 138//138 125//125
f 153//153 140//140 154//154
f 153//153 139//139 140//140
f 156//156 142//142 126//126
f 156//156 126//126 137//137
f 157//157 145//145 127//127
f 157//157 127//127 138//138
f 158//158 146//146 128//128
f 158//158 128//128 139//139
f 159//159 161//161 143//143
f 159//159 143//143 142//142
f 162//162 147//147 131//131
f 162//162 131//131 145//145
f 163//163 132//132 146//146
f 163//163 148//148 132//132
f 164//164 133//133 147//147
f 164//164 149//149 133//133
f 165//165 134//134 148//148
f 165//165 150//150 134//134
f 166//166 135//135 149//149
f 166//166 151//151 135//135
f 167//167 152//152 136//136
f 167//167 136//136 150//150
f 168//168 153//153 154//154
f 168//168 154//154 170//170
f 171//171 156//156 137//137
f 171//171 137//137 151//151
f 172//172 157//157 138//138
f 172//172 138//138 152//152
f 173//173 139//139 153//153
f 173//173 158//158 139//139
f 174//174 159//159 142//142
f 174//174 142//142 156//156
f 175//175 145//145 157//157
f 175//175 162//162 145//145
f 176//176 146//146 158//158
f 176//176 163//163 146//146
f 177//177 147//147 162//162
f 177//177 164//164 147//147
f 178//178 165//165 148//148
f 178//178 148//148 163//163
f 179//179 149//149 164//164
f 179//179 166//166 149//149
f 180//180 167//167 150//150
f 180//180 150//150 165//165
f 181//181 168//168 170//170
f 181//181 170//170 182//182
f 184//184 151//151 166//166
f 184//184 171//171 151//151
f 185//185 172//172 152//152
f 185//185 152//152 167//167
f 186//186 153//153 168//168
f 186//186 173//173 153//153
f 187//187 174//174 156//156
f 187//187 156//156 171//171
f 188//188 157//157 172//172
f 188//188 175//175 157//157
f 189//189 158//158 173//173
f 189//189 176//176 158//158
f 190//190 192//192 161//161
f 190//190 194//194 192//192
f 190//190 161//161 159//159
f 190//190 159//159 174//174
f 195//195 162//162 175//175
f 195//195 177//177 162//162
f 196//196 163//163 176//176
f 196//196 178//178 163//163
f 197//197 179//179 164//164
f 197//197 164//164 177//177
f 198//198 165//165 178//178
f 198//198 180//180 165//165
f 199//199 182//182 200//200
f 199//199 181//181 182//182
f 202//202 184//184 166//166
f 202//202 166//166 179//179
f 203//203 167//167 180//180
f 203//203 185//185 167//167
f 204//204 168//168 181//181
f 204//204 186//186 168//168
f 205//205 187//187 171//171
f 205//205 171//171 184//184
f 206//206 172//172 185//185
f 206//206 188//188 172//172
f 207//207 189//189 173//173
f 207//207 173//173 186//186
f 208//208 194//194 190//190
f 208//208 190//190 174//174
f 208//208 174//174 187//187
f 209//209 175//175 188//188
f 209//209 195//195 175//175
f 210//210 196//196 176//176
f 210//210 176//176 189//189
f 211//211 177//177 195//195
f 211//211 197//197 177//177
f 212//212 178//178 196//196
f 212//212 198//198 178//178
f 213//213 200//200 215//215
f 213//213 199//199 200//200
f 216//216 202//202 179//179
f 216//216 179//179 197//197
f 217//217 180//180 198//198
f 217//217 203//203 180//180
f 218//218 181//181 199//199
f 218//218 204//204 181//181
f 219//219 184//184 202//202
f 219//219 205//205 184//184
f 220//220 185//185 203//203
f 220//220 206//206 185//185
f 221//221 186//186 204//204
f 221//221 207//207 186//186
f 222//222 194//194 208//208
f 222//222 208//208 187//187
f 222//222 187//187 205//205
f 223//223 188//188 206//206
f 223//223 209//209 188//188
f 224//224 210//210 189//189
f 224//224 189//189 207//207
f 225//225 195//195 209//209
f 225//225 211//211 195//195
f 226//226 212//212 196//196
f 226//226 196//196 210//210
f 227//227 213//213 215//215
f 227//227 215//215 228//228
f 230//230 216//216 197//197
f 230//230 197//197 211//211
f 231//231 217//217 198//198
f 231//231 198//198 212//212
f 232//232 199//199 213//213
f 232//232 218//218 199//199
f 233//233 202//202 216//216
f 233//233 219//219 202//202
f 234//234 220//220 203//203
f 234//234 203//203 217//217
f 235//235 204//204 218//218
f 235//235 221//221 204//204
f 236//236 205//205 219//219
f 236//236 194//194 222//222
f 236//236 222//222 205//205
f 237//237 206//206 220//220
f 237//237 223//223 206//206
f 238//238 207//207 221//221
f 238//238 224//224 207//207
f 239//239 225//225 209//209
f 239//239 209//209 223//223
f 240//240 210//210 224//224
f 240//240 226//226 210//210
f 241//241 228//228 243//243
f 241//241 227//227 228//228
f 244//244 211//211 225//225
f 244//244 230//230 211//211
f 245//245 231//231 212//212
f 245//245 212//212 226//226
f 246//246 232//232 213//213
f 246//246 213//213 227//227
f 247//247 233//233 216//216
f 247//247 216//216 230//230
f 248//248 234//234 217//217
f 248//248 217//217 231//231
f 249//249 218//218 232//232
f 249//249 235//235 218//218
f 250//250 219//219 233//233
f 250//250 194//194 236//236
f 250//250 236//236 219//219
f 251//251 220//220 234//234
f 251//251 237//237 220//220
f 252//252 238//238 221//221
f 252//252 221//221 235//235
f 253//253 239//239 223//223
f 253//253 223//223 237//237
f 254//254 224//224 238//238
f 254//254 240//240 224//224
f 255//255 241//241 243//243
f 255//255 243//243 256//256
f 258//258 244//244 225//225
f 258//258 225//225 239//239
f 259//259 245//245 226//226
f 259//259 226//226 240//240
f 260//260 246//246 227//227
f 260//260 227//227 241//241
f 261//261 247//247 230//230
f 261//261 230//230 244//244
f 262//262 231//231 245//245
f 262//262 248//248 231//231
f 263//263 232//232 246//246
f 263//263 249//249 232//232
f 264//264 194//194 250//250
f 264//264 233//233 247//247
f 264//264 250//250 233//233
f 265//265 251//251 234//234
f 265//265 234//234 248//248
f 266//266 235//235 249//249
f 266//266 252//252 235//235
f 267//267 237//237 251//251
f 267//267 253//253 237//237
f 268//268 238//238 252//252
f 268//268 254//254 238//238
f 269//269 255//255 256//256
f 269//269 256//256 271//271
f 272//272 258//258 239//239
f 272//272 239//239 253//253
f 273//273 240//240 254//254
f 273//273 259//259 240//240
f 274//274 241//241 255//255
f 274//274 260//260 241//241
f 275//275 261//261 244//244
f 275//275 244//244 258//258
f 276//276 262//262 245//245
f 276//276 245//245 259//259
f 277//277 246//246 260//260
f 277//277 263//263 246//246
f 278//278 247//247 261//261
f 278//278 194//194 264//264
f 278//278 264//264 247//247
f 279//279 265//265 248//248
f 279//279 248//248 262//262
f 280//280 266//266 249//249
f 280//280 249//249 263//263
f 281//281 267//267 251//251
f 281//281 251//251 265//265
f 282//282 268//268 252//252
f 282//282 252//252 266//266
f 283//283 271//271 284//284
f 283//283 269//269 271//271
f 286//286 272//272 253//253
f 286//286 253//253 267//267
f 287//287 254//254 268//268
f 287//287 273//273 254//254
f 288//288 274//274 255//255
f 288//288 255//255 269//269
f 289//289 275//275 258//258
f 289//289 258//258 272//272
f 290//290 259//259 273//273
f 290//290 276//276 259//259
f 291//291 260//260 274//274
f 291//291 277//277 260//260
f 292//292 278//278 261//261
f 292//292 194//194 278//278
f 292//292 261//261 275//275
f 293//293 262//262 276//276
f 293//293 279//279 262//262
f 294//294 263//263 277//277
f 294//294 280//280 263//263
f 295//295 265//265 279//279
f 295//295 281//281 265//265
f 296//296 282//282 266//266
f 296//296 266//266 280//280
f 297//297 283//283 284//284
f 297//297 284//284 299//299
f 300//300 267//267 281//281
f 300//300 286//286 267//267
f 301//301 268//268 282//282
f 301//301 287//287 268//268
f 302//302 288//288 269//269
f 302//302 269//269 283//283
f 303//303 272//272 286//286
f 303//303 289//289 272//272
f 304//304 273//273 287//287
f 304//304 290//290 273//273
f 305//305 274//274 288//288
f 305//305 291//291 274//274
f 306//306 194//194 292//292
f 306//306 275//275 289//289
f 306//306 292//292 275//275
f 307//307 293//293 276//276
f 307//307 276//276 290//290
f 308//308 294//294 277//277
f 308//308 277//277 291//291
f 309//309 295//295 279//279
f 309//309 279//279 293//293
f 310//310 296//296 280//280
f 310//310 280//280 294//294
f 311//311 299//299 313//313
f 311//311 297//297 299//299
f 314//314 281//281 295//295
f 314//314 300//300 281//281
f 315//315 282//282 296//296
f 315//315 301//301 282//282
f 316//316 302//302 283//283
f 316//316 283//283 297//297
f 317//317 286//286 300//300
f 317//317 303//303 286//286
f 318//318 287//287 301//301
f 318//318 304//304 287//287
f 319//319 305//305 288//288
f 319//319 288//288 302//302
f 320//320 306//306 289//289
f 320//320 194//194 306//306
f 320//320 289//289 303//303
f 321//321 307//307 290//290
f 321//321 290//290 304//304
f 322//322 291//291 305//305
f 322//322 308//308 291//291
f 323//323 293//293 307//307
f 323//323 309//309 293//293
f 324//324 294//294 308//308
f 324//324 310//310 294//294
f 325//325 313//313 327//327
f 325//325 311//311 313//313
f 328//328 295//295 309//309
f 328//328 314//314 295//295
f 329//329 315//315 296//296
f 329//329 296//296 310//310
f 330//330 316//316 297//297
f 330//330 297//297 311//311
f 331//331 300//300 314//314
f 331//331 317//317 300//300
f 332//332 301//301 315//315
f 332//332 318//318 301//301
f 333//333 319//319 302//302
f 333//333 302//302 316//316
f 334//334 303//303 317//317
f 334//334 320//320 303//303
f 334//334 194//194 320//320
f 335//335 321//321 304//304
f 335//335 304//304 318//318
f 336//336 322//322 305//305
f 336//336 305//305 319//319
f 337//337 307//307 321//321
f 337//337 323//323 307//307
f 338//338 324//324 308//308
f 338//338 308//308 322//322
f 339//339 325//325 327//327
f 339//339 327//327 341//341
f 342//342 328//328 309//309
f 342//342 309//309 323//323
f 343//343 329//329 310//310
f 343//343 310//310 324//324
f 344//344 311//311 325//325
f 344//344 330//330 311//311
f 345//345 314//314 328//328
f 345//345 331//331 314//314
f 346//346 332//332 315//315
f 346//346 315//315 329//329
f 347//347 316//316 330//330
f 347//347 333//333 316//316
f 348//348 194//194 334//334
f 348//348 317//317 331//331
f 348//348 334//334 317//317
f 349//349 335//335 318//318
f 349//349 318//318 332//332
f 350//350 319//319 333//333
f 350//350 336//336 319//319
f 351//351 321//321 335//335
f 351//351 337//337 321//321
f 352//352 322//322 336//336
f 352//352 338//338 322//322
f 353//353 339//339 341//341
f 353//353 341//341 354//354
f 356//356 323//323 337//337
f 356//356 342//342 323//323
f 357//357 324//324 338//338
f 357//357 343//343 324//324
f 358//358 325//325 339//339
f 358//358 344//344 325//325
f 359//359 328//328 342//342
f 359//359 345//345 328//328
f 360//360 346//346 329//329
f 360//360 329//329 343//343
f 361//361 347//347 330//330
f 361//361 330//330 344//344
f 362//362 348//348 331//331
f 362//362 194//194 348//348
f 362//362 331//331 345//345
f 363//363 332//332 346//346
f 363//363 349//349 332//332
f 364//364 333//333 347//347
f 364//364 350//350 333//333
f 365//365 351//351 335//335
f 365//365 335//335 349//349
f 366//366 336//336 350//350
f 366//366 352//352 336//336
f 367//367 354//354 368//368
f 367//367 353//353 354//354
f 370//370 337//337 351//351
f 370//370 356//356 337//337
f 371//371 338//338 352//352
f 371//371 357//357 338//338
f 372//372 358//358 339//339
f 372//372 339//339 353//353
f 373//373 342//342 356//356
f 373//373 359//359 342//342
f 374//374 343//343 357//357
f 374//374 360//360 343//343
f 375//375 344//344 358//358
f 375//375 361//361 344//344
f 376//376 345//345 359//359
f 376//376 194//194 362//362
f 376//376 362//362 345//345
f 377//377 363//363 346//346
f 377//377 346//346 360//360
f 378//378 347//347 361//361
f 378//378 364//364 347//347
f 379//379 349//349 363//363
f 379//379 365//365 349//349
f 380//380 366//366 350//350
f 380//380 350//350 364//364
f 381//381 368//368 383//383
f 381//381 367//367 368//368
f 384//384 351//351 365//365
f 384//384 370//370 351//351
f 385//385 352//352 366//366
f 385//385 371//371 352//352
f 386//386 353//353 367//367
f 386//386 372//372 353//353
f 387//387 356//356 370//370
f 387//387 373//373 356//356
f 388//388 357//357 371//371
f 388//388 374//374 357//357
f 389//389 358//358 372//372
f 389//389 375//375 358//358
f 390//390 194//194 376//376
f 390//390 376//376 359//359
f 390//390 359//359 373//373
f 391//391 377//377 360//360
f 391//391 360//360 374//374
f 392//392 361//361 375//375
f 392//392 378//378 361//361
f 393//393 363//363 377//377
f 393//393 379//379 363//363
f 394//394 364//364 378//378
f 394//394 380//380 364//364
f 395//395 381//381 383//383
f 395//395 383//383 397//397
f 398//398 365//365 379//379
f 398//398 384//384 365//365
f 399//399 385//385 366//366
f 399//399 366//366 380//380
f 400//400 386//386 367//367
f 400//400 367//367 381//381
f 401//401 387//387 370//370
f 401//401 370//370 384//384
f 402//402 371//371 385//385
f 402//402 388//388 371//371
f 403//403 372//372 386//386
f 403//403 389//389 372//372
f 404//404 373//373 387//387
f 404//404 390//390 373//373
f 404//404 194//194 390//390
f 405//405 391//391 374//374
f 405//405 374//374 388//388
f 406//406 375//375 389//389
f 406//406 392//392 375//375
f 407//407 393//393 377//377
f 407//407 377//377 391//391
f 408//408 378//378 392//392
f 408//408 394//394 378//378
f 409//409 395//395 397//397
f 409//409 397//397 411//411
f 412//412 398//398 379//379
f 412//412 379//379 393//393
f 413//413 380//380 394//394
f 413//413 399//399 380//380
f 414//414 381//381 395//395
f 414//414 400//400 381//381
f 415//415 401//401 384//384
f 415//415 384//384 398//398
f 416//416 402//402 385//385
f 416//416 385//385 399//399
f 417//417 403//403 386//386
f 417//417 386//386 400//400
f 418//418 387//387 401//401
f 418//418 194//194 404//404
f 418//418 404//404 387//387
f 419//419 388//388 402//402
f 419//419 405//405 388//388
f 420//420 389//389 403//403
f 420//420 406//406 389//389
f 421//421 391//391 405//405
f 421//421 407//407 391//391
f 422//422 392//392 406//406
f 422//422 408//408 392//392
f 423//423 409//409 411//411
f 423//423 411//411 425//425
f 426//426 393//393 407//407
f 426//426 412//412 393//393
f 427//427 394//394 408//408
f 427//427 413//413 394//394
f 428//428 414//414 395//395
f 428//428 395//395 409//409
f 429//429 398//398 412//412
f 429//429 415//415 398//398
f 430//430 399//399 413//413
f 430//430 416//416 399//399
f 431//431 400//400 414//414
f 431//431 417//417 400//400
f 432//432 194//194 418//418
f 432//432 401//401 415//415
f 432//432 418//418 401//401
f 433//433 419//419 402//402
f 433//433 402//402 416//416
f 434//434 403//403 417//417
f 434//434 420//420 403//403
f 435//435 405//405 419//419
f 435//435 421//421 405//405
f 436//436 422//422 406//406
f 436//436 406//406 420//420
f 437//437 423//423 425//425
f 437//437 425//425 439//439
f 440//440 407//407 421//421
f 440//440 426//426 407//407
f 441//441 427//427 408//408
f 441//441 408//408 422//422
f 442//442 428//428 409//409
f 442//442 409//409 423//423
f 443//443 412//412 426//426
f 443//443 429//429 412//412
f 444//444 430//430 413//413
f 444//444 413//413 427//427
f 445//445 431//431 414//414
f 445//445 414//414 428//428
f 446//446 415//415 429//429
f 446//446 194//194 432//432
f 446//446 432//432 415//415
f 447//447 416//416 430//430
f 447//447 433//433 416//416
f 448//448 417//417 431//431
f 448//448 434//434 417//417
f 449//449 419//419 433//433
f 449//449 435//435 419//419
f 450//450 436//436 420//420
f 450//450 420//420 434//434
f 451//451 437//437 439//439
f 451//451 439//439 453//453
f 454//454 440//440 421//421
f 454//454 421//421 435//435
f 455//455 422//422 436//436
f 455//455 441//441 422//422
f 456//456 423//423 437//437
f 456//456 442//442 423//423
f 457//457 443//443 426//426
f 457//457 426//426 440//440
f 458//458 427//427 441//441
f 458//458 444//444 427//427
f 459//459 428//428 442//442
f 459//459 445//445 428//428
f 460//460 194//194 446//446
f 460//460 429//429 443//443
f 460//460 446//446 429//429
f 461//461 430//430 444//444
f 461//461 447//447 430//430
f 462//462 431//431 445//445
f 462//462 448//448 431//431
f 463//463 449//449 433//433
f 463//463 433//433 447//447
f 464//464 434//434 448//448
f 464//464 450//450 434//434
f 465//465 451//451 453//453
f 465//465 453//453 467//467
f 468//468 435//435 449//449
f 468//468 454//454 435//435
f 469//469 455//455 436//436
f 469//469 436//436 450//450
f 470//470 437//437 451//451
f 470//470 456//456 437//437
f 471//471 440//440 454//454
f 471//471 457//457 440//440
f 472//472 441//441 455//455
f 472//472 458//458 441//441
f 473//473 459//459 442//442
f 473//473 442//442 456//456
f 474//474 443//443 457//457
f 474//474 194//194 460//460
f 474//474 460//460 443//443
f 475//475 444//444 458//458
f 475//475 461//461 444//444
f 476//476 462//462 445//445
f 476//476 445//445 459//459
f 477//477 447//447 461//461
f 477//477 463//463 447//447
f 478//478 448//448 462//462
f 478//478 464//464 448//448
f 479//479 467//467 480//480
f 479//479 465//465 467//467
f 482//482 468//468 449//449
f 482//482 449//449 463//463
f 483//483 469//469 450//450
f 483//483 450//450 464//464
f 484//484 470//470 451//451
f 484//484 451//451 465//465
f 485//485 454//454 468//468
f 485//485 471//471 454//454
f 486//486 455//455 469//469
f 486//486 472//472 455//455
f 487//487 456//456 470//470
f 487//487 473//473 456//456
f 488//488 474//474 457//457
f 488//488 457//457 471//471
f 488//488 194//194 474//474
f 489//489 458//458 472//472
f 489//489 475//475 458//458
f 490//490 476//476 459//459
f 490//490 459//459 473//473
f 491//491 477//477 461//461
f 491//491 461//461 475//475
f 492//492 462//462 476//476
f 492//492 478//478 462//462
f 493//493 480//480 494//494
f 493//493 479//479 480//480
f 496//496 482//482 463//463
f 496//496 463//463 477//477
f 497//497 483//483 464//464
f 497//497 464//464 478//478
f 498//498 484//484 465//465
f 498//498 465//465 479//479
f 499//499 485//485 468//468
f 499//499 468//468 482//482
f 500//500 469//469 483//483
f 500//500 486//486 469//469
f 501//501 487//487 470//470
f 501//501 470//470 484//484
f 502//502 471//471 485//485
f 502//502 488//488 471//471
f 502//502 194//194 488//488
f 503//503 472//472 486//486
f 503//503 489//489 472//472
f 504//504 473//473 487//487
f 504//504 490//490 473//473
f 505//505 491//491 475//475
f 505//505 475//475 489//489
f 506//506 476//476 490//490
f 506//506 492//492 476//476
f 507//507 494//494 508//508
f 507//507 493//493 494//494
f 510//510 477//477 491//491
f 510//510 496//496 477//477
f 511//511 478//478 492//492
f 511//511 497//497 478//478
f 512//512 479//479 493//493
f 512//512 498//498 479//479
f 513//513 482//482 496//496
f 513//513 499//499 482//482
f 514//514 500//500 483//483
f 514//514 483//483 497//497
f 515//515 484//484 498//498
f 515//515 501//501 484//484
f 516//516 194//194 502//502
f 516//516 485//485 499//499
f 516//516 502//502 485//485
f 517//517 503//503 486//486
f 517//517 486//486 500//500
f 518//518 487//487 501//501
f 518//518 504//504 487//487
f 519//519 489//489 503//503
f 519//519 505//505 489//489
f 520//520 490//490 504//504
f 520//520 506//506 490//490
f 521//521 508//508 523//523
f 521//521 507//507 508//508
f 524//524 510//510 491//491
f 524//524 491//491 505//505
f 525//525 511//511 492//492
f 525//525 492//492 506//506
f 526//526 493//493 507//507
f 526//526 512//512 493//493
f 527//527 496//496 510//510
f 527//527 513//513 496//496
f 528//528 497//497 511//511
f 528//528 514//514 497//497
f 529//529 498//498 512//512
f 529//529 515//515 498//498
f 530//530 194//194 516//516
f 530//530 499//499 513//513
f 530//530 516//516 499//499
f 531//531 500//500 514//514
f 531//531 517//517 500//500
f 532//532 501//501 515//515
f 532//532 518//518 501//501
f 533//533 519//519 503//503
f 533//533 503//503 517//517
f 534//534 504//504 518//518
f 534//534 520//520 504//504
f 535//535 523//523 536//536
f 535//535 521//521 523//523
f 538//538 505//505 519//519
f 538//538 524//524 505//505
f 539//539 525//525 506//506
f 539//539 506//506 520//520
f 540//540 526//526 507//507
f 540//540 507//507 521//521
f 541//541 510//510 524//524
f 541//541 527//527 510//510
f 542//542 528//528 511//511
f 542//542 511//511 525//525
f 543//543 529//529 512//512
f 543//543 512//512 526//526
f 544//544 193//193 194//194
f 544//544 513//513 527//527
f 544//544 194//194 530//530
f 544//544 530//530 513//513
f 545//545 514//514 528//528
f 545//545 531//531 514//514
f 546//546 515//515 529//529
f 546//546 532//532 515//515
f 547//547 533//533 517//517
f 547//547 517//517 531//531
f 548//548 534//534 518//518
f 548//548 518//518 532//532
f 549//549 536//536 551//551
f 549//549 535//535 536//536
f 552//552 538//538 519//519
f 552//552 519//519 533//533
f 553//553 520//520 534//534
f 553//553 539//539 520//520
f 554//554 521//521 535//535
f 554//554 540//540 521//521
f 555//555 524//524 538//538
f 555//555 541//541 524//524
f 556//556 542//542 525//525
f 556//556 525//525 539//539
f 557//557 543//543 526//526
f 557//557 526//526 540//540
f 558//558 544//544 527//527
f 558//558 527//527 541//541
f 558//558 193//193 544//544
f 559//559 545//545 528//528
f 559//559 528//528 542//542
f 560//560 529//529 543//543
f 560//560 546//546 529//529
f 561//561 531//531 545//545
f 561//561 547//547 531//531
f 562//562 548//548 532//532
f 562//562 532//532 546//546
f 563//563 551//551 564//564
f 563//563 549//549 551//551
f 566//566 533//533 547//547
f 566//566 552//552 533//533
f 567//567 534//534 548//548
f 567//567 553//553 534//534
f 568//568 554//554 535//535
f 568//568 535//535 549//549
f 569//569 538//538 552//552
f 569//569 555//555 538//538
f 570//570 556//556 539//539
f 570//570 539//539 553//553
f 571//571 540//540 554//554
f 571//571 557//557 540//540
f 572//572 541//541 555//555
f 572//572 558//558 541//541
f 572//572 193//193 558//558
f 573//573 542//542 556//556
f 573//573 559//559 542//542
f 574//574 560//560 543//543
f 574//574 543//543 557//557
f 575//575 545//545 559//559
f 575//575 561//561 545//545
f 576//576 546//546 560//560
f 576//576 562//562 546//546
f 577//577 564//564 579//579
f 577//577 563//563 564//564
f 580//580 547//547 561//561
f 580//580 566//566 547//547
f 581//581 548//548 562//562
f 581//581 567//567 548//548
f 582//582 549//549 563//563
f 582//582 568//568 549//549
f 583//583 569//569 552//552
f 583//583 552//552 566//566
f 584//584 553//553 567//567
f 584//584 570//570 553//553
f 585//585 571//571 554//554
f 585//585 554//554 568//568
f 586//586 555//555 569//569
f 586//586 572//572 555//555
f 586//586 193//193 572//572
f 587//587 556//556 570//570
f 587//587 573//573 556//556
f 588//588 557//557 571//571
f 588//588 574//574 557//557
f 589//589 559//559 573//573
f 589//589 575//575 559//559
f 590//590 560//560 574//574
f 590//590 576//576 560//560
f 591//591 579//579 593//593
f 591//591 577//577 579//579
f 594//594 561//561 575//575
f 594//594 580//580 561//561
f 595//595 581//581 562//562
f 595//595 562//562 576//576
f 596//596 582//582 563//563
f 596//596 563//563 577//577
f 597//597 566//566 580//580
f 597//597 583//583 566//566
f 598//598 584//584 567//567
f 598//598 567//567 581//581
f 599//599 585//585 568//568
f 599//599 568//568 582//582
f 600//600 569//569 583//583
f 600//600 193//193 586//586
f 600//600 586//586 569//569
f 601//601 570//570 584//584
f 601//601 587//587 570//570
f 602//602 571//571 585//585
f 602//602 588//588 571//571
f 603//603 573//573 587//587
f 603//603 589//589 573//573
f 604//604 574//574 588//588
f 604//604 590//590 574//574
f 605//605 593//593 607//607
f 605//605 591//591 593//593
f 608//608 575//575 589//589
f 608//608 594//594 575//575
f 609//609 595//595 576//576
f 609//609 576//576 590//590
f 610//610 577//577 591//591
f 610//610 596//596 577//577
f 611//611 597//597 580//580
f 611//611 580//580 594//594
f 612//612 598//598 581//581
f 612//612 581//581 595//595
f 613//613 582//582 596//596
f 613//613 599//599 582//582
f 614//614 583//583 597//597
f 614//614 600//600 583//583
f 614//614 193//193 600//600
f 615//615 584//584 598//598
f 615//615 601//601 584//584
f 616//616 602//602 585//585
f 616//616 585//585 599//599
f 617//617 587//587 601//601
f 617//617 603//603 587//587
f 618//618 604//604 588//588
f 618//618 588//588 602//602
f 619//619 607//607 6//6
f 619//619 6//6 3//3
f 619//619 605//605 607//607
f 620//620 608//608 589//589
f 620//620 589//589 603//603
f 621//621 590//590 604//604
f 621//621 609//609 590//590
f 622//622 591//591 605//605
f 622//622 610//610 591//591
f 623//623 594//594 608//608
f 623//623 611//611 594//594
f 624//624 612//612 595//595
f 624//624 595//595 609//609
f 625//625 613//613 596//596
f 625//625 596//596 610//610
f 626//626 597//597 611//611
f 626//626 614//614 597//597
f 626//626 193//193 614//614
f 627//627 598//598 612//612
f 627//627 615//615 598//598
f 628//628 599//599 613//613
f 628//628 616//616 599//599
f 629//629 601//601 615//615
f 629//629 617//617 601//601
f 630//630 618//618 602//602
f 630//630 602//602 616//616
f 631//631 620//620 603//603
f 631//631 603//603 617//617
f 632//632 621//621 604//604
f 632//632 604//604 618//618
f 633//633 619//619 3//3
f 633//633 605//605 619//619
f 633//633 3//3 18//18
f 633//633 622//622 605//605
f 634//634 623//623 608//608
f 634//634 608//608 620//620
f 635//635 624//624 609//609
f 635//635 609//609 621//621
f 636//636 610//610 622//622
f 636//636 625//625 610//610
f 637//637 626//626 611//611
f 637//637 611//611 623//623
f 637//637 193//193 626//626
f 638//638 627//627 612//612
f 638//638 612//612 624//624
f 639//639 613//613 625//625
f 639//639 628//628 613//613
f 640//640 615//615 627//627
f 640//640 629//629 615//615
f 641//641 616//616 628//628
f 641//641 630//630 616//616
f 642//642 617//617 629//629
f 642//642 631//631 617//617
f 643//643 632//632 618//618
f 643//643 618//618 630//630
f 644//644 634//634 620//620
f 644//644 620//620 631//631
f 645//645 635//635 621//621
f 645//645 621//621 632//632
f 646//646 622//622 633//633
f 646//646 636//636 622//622
f 647//647 637//637 623//623
f 647//647 193//193 637//637
f 647//647 623//623 634//634
f 648//648 624//624 635//635
f 648//648 638//638 624//624
f 649//649 639//639 625//625
f 649//649 625//625 636//636
f 650//650 627//627 638//638
f 650//650 640//640 627//627
f 651//651 628//628 639//639
f 651//651 641//641 628//628
f 652//652 642//642 629//629
f 652//652 629//629 640//640
f 653//653 630//630 641//641
f 653//653 643//643 630//630
f 654//654 631//631 642//642
f 654//654 644//644 631//631
f 655//655 632//632 643//643
f 655//655 645//645 632//632
f 656//656 18//18 24//24
f 656//656 633//633 18//18
f 656//656 646//646 633//633
f 657//657 634//634 644//644
f 657//657 193//193 647//647
f 657//657 647//647 634//634
f 658//658 648//648 635//635
f 658//658 635//635 645//645
f 659//659 636//636 646//646
f 659//659 649//649 636//636
f 660//660 638//638 648//648
f 660//660 650//650 638//638
f 661//661 639//639 649//649
f 661//661 651//651 639//639
f 662//662 652//652 640//640
f 662//662 640//640 650//650
f 663//663 653//653 641//641
f 663//663 641//641 651//651
f 664//664 654//654 642//642
f 664//664 642//642 652//652
f 665//665 643//643 653//653
f 665//665 655//655 643//643
f 666//666 644//644 654//654
f 666//666 657//657 644//644
f 666//666 193//193 657//657
f 667//667 645//645 655//655
f 667//667 658//658 645//645
f 668//668 646//646 656//656
f 668//668 24//24 38//38
f 668//668 656//656 24//24
f 668//668 659//659 646//646
f 669//669 660//660 648//648
f 669//669 648//648 658//658
f 670//670 649//649 659//659
f 670//670 661//661 649//649
f 671//671 650//650 660//660
f 671//671 662//662 650//650
f 672//672 663//663 651//651
f 672//672 651//651 661//661
f 673//673 664//664 652//652
f 673//673 652//652 662//662
f 674//674 653//653 663//663
f 674//674 665//665 653//653
f 675//675 654//654 664//664
f 675//675 666//666 654//654
f 675//675 193//193 666//666
f 676//676 655//655 665//665
f 676//676 667//667 655//655
f 677//677 658//658 667//667
f 677//677 669//669 658//658
f 678//678 659//659 668//668
f 678//678 670//670 659//659
f 679//679 671//671 660//660
f 679//679 660//660 669//669
f 680//680 661//661 670//670
f 680//680 672//672 661//661
f 681//681 662//662 671//671
f 681//681 673//673 662//662
f 682//682 663//663 672//672
f 682//682 674//674 663//663
f 683//683 193//193 675//675
f 683//683 664//664 673//673
f 683//683 675//675 664//664
f 684//684 665//665 674//674
f 684//684 676//676 665//665
f 685//685 667//667 676//676
f 685//685 677//677 667//667
f 686//686 38//38 47//47
f 686//686 668//668 38//38
f 686//686 678//678 668//668
f 687//687 669//669 677//677
f 687//687 679//679 669//669
f 688//688 670//670 678//678
f 688//688 680//680 670//670
f 689//689 671//671 679//679
f 689//689 681//681 671//671
f 690//690 672//672 680//680
f 690//690 682//682 672//672
f 691//691 193//193 683//683
f 691//691 673//673 681//681
f 691//691 683//683 673//673
f 692//692 674//674 682//682
f 692//692 684//684 674//674
f 693//693 676//676 684//684
f 693//693 685//685 676//676
f 694//694 677//677 685//685
f 694//694 687//687 677//677
f 695//695 686//686 47//47
f 695//695 678//678 686//686
f 695//695 47//47 67//67
f 695//695 688//688 678//678
f 696//696 689//689 679//679
f 696//696 679//679 687//687
f 697//697 680//680 688//688
f 697//697 690//690 680//680
f 698//698 681//681 689//689
f 698//698 691//691 681//681
f 698//698 193//193 691//691
f 699//699 692//692 682//682
f 699//699 682//682 690//690
f 700//700 684//684 692//692
f 700//700 693//693 684//684
f 701//701 694//694 685//685
f 701//701 685//685 693//693
f 702//702 696//696 687//687
f 702//702 687//687 694//694
f 703//703 697//697 688//688
f 703//703 688//688 695//695
f 704//704 689//689 696//696
f 704//704 698//698 689//689
f 704//704 193//193 698//698
f 705//705 699//699 690//690
f 705//705 690//690 697//697
f 706//706 700//700 692//692
f 706//706 692//692 699//699
f 707//707 701//701 693//693
f 707//707 693//693 700//700
f 708//708 702//702 694//694
f 708//708 694//694 701//701
f 709//709 67//67 79//79
f 709//709 695//695 67//67
f 709//709 703//703 695//695
f 710//710 704//704 696//696
f 710//710 696//696 702//702
f 710//710 193//193 704//704
f 711//711 697//697 703//703
f 711//711 705//705 697//697
f 712//712 699//699 705//705
f 712//712 706//706 699//699
f 713//713 700//700 706//706
f 713//713 707//707 700//700
f 714//714 708//708 701//701
f 714//714 701//701 707//707
f 715//715 702//702 708//708
f 715//715 193//193 710//710
f 715//715 710//710 702//702
f 716//716 79//79 101//101
f 716//716 709//709 79//79
f 716//716 703//703 709//709
f 716//716 711//711 703//703
f 717//717 705//705 711//711
f 717//717 712//712 705//705
f 718//718 713//713 706//706
f 718//718 706//706 712//712
f 719//719 707//707 713//713
f 719//719 714//714 707//707
f 720//720 708//708 714//714
f 720//720 715//715 708//708
f 720//720 193//193 715//715
f 721//721 711//711 716//716
f 721//721 717//717 711//711
f 722//722 712//712 717//717
f 722//722 718//718 712//712
f 723//723 719//719 713//713
f 723//723 713//713 718//718
f 724//724 193//193 720//720
f 724//724 714//714 719//719
f 724//724 720//720 714//714
f 725//725 721//721 716//716
f 725//725 101//101 114//114
f 725//725 716//716 101//101
f 726//726 722//722 717//717
f 726//726 717//717 721//721
f 727//727 718//718 722//722
f 727//727 723//723 718//718
f 728//728 724//724 719//719
f 728//728 719//719 723//723
f 728//728 193//193 724//724
f 729//729 725//725 114//114
f 729//729 114//114 144//144
f 729//729 721//721 725//725
f 729//729 726//726 721//721
f 730//730 727//727 722//722
f 730//730 722//722 726//726
f 731//731 728//728 723//723
f 731//731 723//723 727//727
f 731//731 193//193 728//728
f 732//732 726//726 729//729
f 732//732 730//730 726//726
f 733//733 727//727 730//730
f 733//733 731//731 727//727
f 733//733 193//193 731//731
f 734//734 144//144 160//160
f 734//734 729//729 144//144
f 734//734 732//732 729//729
f 735//735 733//733 730//730
f 735//735 730//730 732//732
f 735//735 193//193 733//733
f 736//736 193//193 735//735
f 736//736 160//160 191//191
f 736//736 191//191 193//193
f 736//736 734//734 160//160
f 736//736 732//732 734//734
f 736//736 735//735 732//732
f 8//8 4//4 738//738
f 5//5 606//606 737//737
f 739//739 741//741 743//743
f 744//744 739//739 743//743
f 745//745 744//744 743//743
f 746//746 739//739 744//744
f 746//746 747//747 741//741
f 746//746 741//741 739//739
f 749//749 745//745 743//743
f 750//750 746//746 744//744
f 750//750 744//744 745//745
f 751//751 747//747 746//746
f 751//751 752//752 747//747
f 754//754 749//749 743//743
f 755//755 750//750 745//745
f 755//755 745//745 749//749
f 756//756 751//751 746//746
f 756//756 746//746 750//750
f 757//757 754//754 743//743
f 758//758 755//755 749//749
f 758//758 749//749 754//754
f 759//759 750//750 755//755
f 759//759 756//756 750//750
f 760//760 752//752 751//751
f 760//760 751//751 756//756
f 760//760 762//762 752//752
f 763//763 757//757 743//743
f 764//764 758//758 754//754
f 764//764 754//754 757//757
f 765//765 755//755 758//758
f 765//765 759//759 755//755
f 766//766 756//756 759//759
f 766//766 760//760 756//756
f 767//767 768//768 762//762
f 767//767 762//762 760//760
f 770//770 763//763 743//743
f 771//771 764//764 757//757
f 771//771 757//757 763//763
f 772//772 758//758 764//764
f 772//772 765//765 758//758
f 773//773 766//766 759//759
f 773//773 759//759 765//765
f 774//774 767//767 760//760
f 774//774 760//760 766//766
f 775//775 770//770 743//743
f 776//776 771//771 763//763
f 776//776 763//763 770//770
f 777//777 764//764 771//771
f 777//777 772//772 764//764
f 778//778 765//765 772//772
f 778//778 773//773 765//765
f 779//779 766//766 773//773
f 779//779 774//774 766//766
f 780//780 775//775 743//743
f 781//781 782//782 768//768
f 781//781 767//767 774//774
f 781//781 768//768 767//767
f 784//784 770//770 775//775
f 784//784 776//776 770//770
f 785//785 777//777 771//771
f 785//785 771//771 776//776
f 786//786 772//772 777//777
f 786//786 778//778 772//772
f 787//787 779//779 773//773
f 787//787 773//773 778//778
f 788//788 780//780 743//743
f 789//789 781//781 774//774
f 789//789 774//774 779//779
f 790//790 775//775 780//780
f 790//790 784//784 775//775
f 791//791 782//782 781//781
f 791//791 793//793 782//782
f 794//794 776//776 784//784
f 794//794 785//785 776//776
f 795//795 777//777 785//785
f 795//795 786//786 777//777
f 796//796 778//778 786//786
f 796//796 787//787 778//778
f 797//797 788//788 743//743
f 798//798 779//779 787//787
f 798//798 789//789 779//779
f 799//799 780//780 788//788
f 799//799 790//790 780//780
f 800//800 791//791 781//781
f 800//800 781//781 789//789
f 801//801 784//784 790//790
f 801//801 794//794 784//784
f 802//802 785//785 794//794
f 802//802 795//795 785//785
f 803//803 786//786 795//795
f 803//803 796//796 786//786
f 804//804 797//797 743//743
f 805//805 798//798 787//787
f 805//805 787//787 796//796
f 806//806 788//788 797//797
f 806//806 799//799 788//788
f 807//807 789//789 798//798
f 807//807 800//800 789//789
f 808//808 790//790 799//799
f 808//808 801//801 790//790
f 809//809 811//811 793//793
f 809//809 793//793 791//791
f 809//809 791//791 800//800
f 812//812 794//794 801//801
f 812//812 802//802 794//794
f 813//813 795//795 802//802
f 813//813 803//803 795//795
f 814//814 804//804 743//743
f 815//815 796//796 803//803
f 815//815 805//805 796//796
f 816//816 797//797 804//804
f 816//816 806//806 797//797
f 817//817 798//798 805//805
f 817//817 807//807 798//798
f 818//818 799//799 806//806
f 818//818 808//808 799//799
f 819//819 809//809 800//800
f 819//819 800//800 807//807
f 820//820 801//801 808//808
f 820//820 812//812 801//801
f 821//821 811//811 809//809
f 821//821 822//822 811//811
f 824//824 802//802 812//812
f 824//824 813//813 802//802
f 825//825 814//814 743//743
f 826//826 815//815 803//803
f 826//826 803//803 813//813
f 827//827 804//804 814//814
f 827//827 816//816 804//804
f 828//828 805//805 815//815
f 828//828 817//817 805//805
f 829//829 806//806 816//816
f 829//829 818//818 806//806
f 830//830 819//819 807//807
f 830//830 807//807 817//817
f 831//831 820//820 808//808
f 831//831 808//808 818//818
f 832//832 809//809 819//819
f 832//832 821//821 809//809
f 833//833 812//812 820//820
f 833//833 824//824 812//812
f 834//834 825//825 743//743
f 835//835 826//826 813//813
f 835//835 813//813 824//824
f 836//836 827//827 814//814
f 836//836 814//814 825//825
f 837//837 828//828 815//815
f 837//837 815//815 826//826
f 838//838 829//829 816//816
f 838//838 816//816 827//827
f 839//839 830//830 817//817
f 839//839 817//817 828//828
f 840//840 818//818 829//829
f 840//840 831//831 818//818
f 841//841 819//819 830//830
f 841//841 832//832 819//819
f 842//842 833//833 820//820
f 842//842 820//820 831//831
f 843//843 834//834 743//743
f 844//844 821//821 832//832
f 844//844 822//822 821//821
f 844//844 846//846 822//822
f 847//847 824//824 833//833
f 847//847 835//835 824//824
f 848//848 825//825 834//834
f 848//848 836//836 825//825
f 849//849 826//826 835//835
f 849//849 837//837 826//826
f 850//850 827//827 836//836
f 850//850 838//838 827//827
f 851//851 839//839 828//828
f 851//851 828//828 837//837
f 852//852 829//829 838//838
f 852//852 840//840 829//829
f 853//853 830//830 839//839
f 853//853 841//841 830//830
f 854//854 831//831 840//840
f 854//854 842//842 831//831
f 855//855 843//843 743//743
f 856//856 832//832 841//841
f 856//856 844//844 832//832
f 857//857 833//833 842//842
f 857//857 847//847 833//833
f 858//858 834//834 843//843
f 858//858 848//848 834//834
f 859//859 846//846 844//844
f 859//859 861//861 846//846
f 862//862 835//835 847//847
f 862//862 849//849 835//835
f 863//863 836//836 848//848
f 863//863 850//850 836//836
f 864//864 837//837 849//849
f 864//864 851//851 837//837
f 865//865 838//838 850//850
f 865//865 852//852 838//838
f 866//866 839//839 851//851
f 866//866 853//853 839//839
f 867//867 854//854 840//840
f 867//867 840//840 852//852
f 868//868 855//855 743//743
f 869//869 856//856 841//841
f 869//869 841//841 853//853
f 870//870 842//842 854//854
f 870//870 857//857 842//842
f 871//871 858//858 843//843
f 871//871 843//843 855//855
f 872//872 859//859 844//844
f 872//872 844//844 856//856
f 873//873 847//847 857//857
f 873//873 862//862 847//847
f 874//874 863//863 848//848
f 874//874 848//848 858//858
f 875//875 849//849 862//862
f 875//875 864//864 849//849
f 876//876 850//850 863//863
f 876//876 865//865 850//850
f 877//877 866//866 851//851
f 877//877 851//851 864//864
f 878//878 852//852 865//865
f 878//878 867//867 852//852
f 879//879 868//868 743//743
f 880//880 869//869 853//853
f 880//880 853//853 866//866
f 881//881 854//854 867//867
f 881//881 870//870 854//854
f 882//882 855//855 868//868
f 882//882 871//871 855//855
f 883//883 856//856 869//869
f 883//883 872//872 856//856
f 884//884 857//857 870//870
f 884//884 873//873 857//857
f 885//885 858//858 871//871
f 885//885 874//874 858//858
f 886//886 8//8 738//738
f 886//886 12//12 8//8
f 886//886 861//861 859//859
f 886//886 859//859 872//872
f 886//886 738//738 861//861
f 887//887 875//875 862//862
f 887//887 862//862 873//873
f 888//888 863//863 874//874
f 888//888 876//876 863//863
f 889//889 864//864 875//875
f 889//889 877//877 864//864
f 890//890 865//865 876//876
f 890//890 878//878 865//865
f 891//891 879//879 743//743
f 892//892 880//880 866//866
f 892//892 866//866 877//877
f 893//893 881//881 867//867
f 893//893 867//867 878//878
f 894//894 882//882 868//868
f 894//894 868//868 879//879
f 895//895 883//883 869//869
f 895//895 869//869 880//880
f 896//896 870//870 881//881
f 896//896 884//884 870//870
f 897//897 871//871 882//882
f 897//897 885//885 871//871
f 898//898 872//872 883//883
f 898//898 12//12 886//886
f 898//898 15//15 12//12
f 898//898 886//886 872//872
f 899//899 887//887 873//873
f 899//899 873//873 884//884
f 900//900 874//874 885//885
f 900//900 888//888 874//874
f 901//901 875//875 887//887
f 901//901 889//889 875//875
f 902//902 876//876 888//888
f 902//902 890//890 876//876
f 903//903 891//891 743//743
f 904//904 877//877 889//889
f 904//904 892//892 877//877
f 905//905 893//893 878//878
f 905//905 878//878 890//890
f 906//906 879//879 891//891
f 906//906 894//894 879//879
f 907//907 895//895 880//880
f 907//907 880//880 892//892
f 908//908 881//881 893//893
f 908//908 896//896 881//881
f 909//909 897//897 882//882
f 909//909 882//882 894//894
f 910//910 21//21 15//15
f 910//910 883//883 895//895
f 910//910 898//898 883//883
f 910//910 15//15 898//898
f 911//911 884//884 896//896
f 911//911 899//899 884//884
f 912//912 885//885 897//897
f 912//912 900//900 885//885
f 913//913 901//901 887//887
f 913//913 887//887 899//899
f 914//914 888//888 900//900
f 914//914 902//902 888//888
f 915//915 903//903 743//743
f 916//916 889//889 901//901
f 916//916 904//904 889//889
f 917//917 890//890 902//902
f 917//917 905//905 890//890
f 918//918 906//906 891//891
f 918//918 891//891 903//903
f 919//919 892//892 904//904
f 919//919 907//907 892//892
f 920//920 908//908 893//893
f 920//920 893//893 905//905
f 921//921 894//894 906//906
f 921//921 909//909 894//894
f 922//922 27//27 21//21
f 922//922 895//895 907//907
f 922//922 21//21 910//910
f 922//922 910//910 895//895
f 923//923 896//896 908//908
f 923//923 911//911 896//896
f 924//924 897//897 909//909
f 924//924 912//912 897//897
f 925//925 913//913 899//899
f 925//925 899//899 911//911
f 926//926 914//914 900//900
f 926//926 900//900 912//912
f 927//927 915//915 743//743
f 928//928 916//916 901//901
f 928//928 901//901 913//913
f 929//929 917//917 902//902
f 929//929 902//902 914//914
f 930//930 918//918 903//903
f 930//930 903//903 915//915
f 931//931 904//904 916//916
f 931//931 919//919 904//904
f 932//932 905//905 917//917
f 932//932 920//920 905//905
f 933//933 906//906 918//918
f 933//933 921//921 906//906
f 934//934 907//907 919//919
f 934//934 33//33 27//27
f 934//934 27//27 922//922
f 934//934 922//922 907//907
f 935//935 908//908 920//920
f 935//935 923//923 908//908
f 936//936 909//909 921//921
f 936//936 924//924 909//909
f 937//937 911//911 923//923
f 937//937 925//925 911//911
f 938//938 912//912 924//924
f 938//938 926//926 912//912
f 939//939 927//927 743//743
f 940//940 928//928 913//913
f 940//940 913//913 925//925
f 941//941 929//929 914//914
f 941//941 914//914 926//926
f 942//942 930//930 915//915
f 942//942 915//915 927//927
f 943//943 916//916 928//928
f 943//943 931//931 916//916
f 944//944 917//917 929//929
f 944//944 932//932 917//917
f 945//945 933//933 918//918
f 945//945 918//918 930//930
f 946//946 33//33 934//934
f 946//946 40//40 33//33
f 946//946 934//934 919//919
f 946//946 919//919 931//931
f 947//947 935//935 920//920
f 947//947 920//920 932//932
f 948//948 921//921 933//933
f 948//948 936//936 921//921
f 949//949 923//923 935//935
f 949//949 937//937 923//923
f 950//950 924//924 936//936
f 950//950 938//938 924//924
f 951//951 939//939 743//743
f 951//951 743//743 742//742
f 952//952 925//925 937//937
f 952//952 940//940 925//925
f 953//953 926//926 938//938
f 953//953 941//941 926//926
f 954//954 942//942 927//927
f 954//954 927//927 939//939
f 955//955 928//928 940//940
f 955//955 943//943 928//928
f 956//956 929//929 941//941
f 956//956 944//944 929//929
f 957//957 930//930 942//942
f 957//957 945//945 930//930
f 958//958 50//50 40//40
f 958//958 931//931 943//943
f 958//958 40//40 946//946
f 958//958 946//946 931//931
f 959//959 932//932 944//944
f 959//959 947//947 932//932
f 960//960 948//948 933//933
f 960//960 933//933 945//945
f 961//961 949//949 935//935
f 961//961 935//935 947//947
f 962//962 936//936 948//948
f 962//962 950//950 936//936
f 963//963 951//951 742//742
f 964//964 937//937 949//949
f 964//964 952//952 937//937
f 965//965 938//938 950//950
f 965//965 953//953 938//938
f 966//966 939//939 951//951
f 966//966 954//954 939//939
f 967//967 955//955 940//940
f 967//967 940//940 952//952
f 968//968 941//941 953//953
f 968//968 956//956 941//941
f 969//969 942//942 954//954
f 969//969 957//957 942//942
f 970//970 943//943 955//955
f 970//970 57//57 50//50
f 970//970 50//50 958//958
f 970//970 958//958 943//943
f 971//971 944//944 956//956
f 971//971 959//959 944//944
f 972//972 960//960 945//945
f 972//972 945//945 957//957
f 973//973 961//961 947//947
f 973//973 947//947 959//959
f 974//974 962//962 948//948
f 974//974 948//948 960//960
f 975//975 963//963 742//742
f 976//976 949//949 961//961
f 976//976 964//964 949//949
f 977//977 950//950 962//962
f 977//977 965//965 950//950
f 978//978 966//966 951//951
f 978//978 951//951 963//963
f 979//979 952//952 964//964
f 979//979 967//967 952//952
f 980//980 968//968 953//953
f 980//980 953//953 965//965
f 981//981 969//969 954//954
f 981//981 954//954 966//966
f 982//982 63//63 57//57
f 982//982 955//955 967//967
f 982//982 970//970 955//955
f 982//982 57//57 970//970
f 983//983 956//956 968//968
f 983//983 971//971 956//956
f 984//984 957//957 969//969
f 984//984 972//972 957//957
f 985//985 959//959 971//971
f 985//985 973//973 959//959
f 986//986 960//960 972//972
f 986//986 974//974 960//960
f 987//987 975//975 742//742
f 988//988 961//961 973//973
f 988//988 976//976 961//961
f 989//989 962//962 974//974
f 989//989 977//977 962//962
f 990//990 963//963 975//975
f 990//990 978//978 963//963
f 991//991 964//964 976//976
f 991//991 979//979 964//964
f 992//992 965//965 977//977
f 992//992 980//980 965//965
f 993//993 981//981 966//966
f 993//993 966//966 978//978
f 994//994 982//982 967//967
f 994//994 73//73 63//63
f 994//994 63//63 982//982
f 994//994 967//967 979//979
f 995//995 983//983 968//968
f 995//995 968//968 980//980
f 996//996 984//984 969//969
f 996//996 969//969 981//981
f 997//997 971//971 983//983
f 997//997 985//985 971//971
f 998//998 972//972 984//984
f 998//998 986//986 972//972
f 999//999 987//987 742//742
f 1000//1000 973//973 985//985
f 1000//1000 988//988 973//973
f 1001//1001 974//974 986//986
f 1001//1001 989//989 974//974
f 1002//1002 975//975 987//987
f 1002//1002 990//990 975//975
f 1003//1003 976//976 988//988
f 1003//1003 991//991 976//976
f 1004//1004 977//977 989//989
f 1004//1004 992//992 977//977
f 1005//1005 993//993 978//978
f 1005//1005 978//978 990//990
f 1006//1006 84//84 73//73
f 1006//1006 979//979 991//991
f 1006//1006 994//994 979//979
f 1006//1006 73//73 994//994
f 1007//1007 995//995 980//980
f 1007//1007 980//980 992//992
f 1008//1008 981//981 993//993
f 1008//1008 996//996 981//981
f 1009//1009 983//983 995//995
f 1009//1009 997//997 983//983
f 1010//1010 998//998 984//984
f 1010//1010 984//984 996//996
f 1011//1011 999//999 742//742
f 1012//1012 1000//1000 985//985
f 1012//1012 985//985 997//997
f 1013//1013 1001//1001 986//986
f 1013//1013 986//986 998//998
f 1014//1014 1002//1002 987//987
f 1014//1014 987//987 999//999
f 1015//1015 1003//1003 988//988
f 1015//1015 988//988 1000//1000
f 1016//1016 1004//1004 989//989
f 1016//1016 989//989 1001//1001
f 1017//1017 990//990 1002//1002
f 1017//1017 1005//1005 990//990
f 1018//1018 94//94 84//84
f 1018//1018 84//84 1006//1006
f 1018//1018 991//991 1003//1003
f 1018//1018 1006//1006 991//991
f 1019//1019 992//992 1004//1004
f 1019//1019 1007//1007 992//992
f 1020//1020 1008//1008 993//993
f 1020//1020 993//993 1005//1005
f 1021//1021 995//995 1007//1007
f 1021//1021 1009//1009 995//995
f 1022//1022 996//996 1008//1008
f 1022//1022 1010//1010 996//996
f 1023//1023 1011//1011 742//742
f 1024//1024 997//997 1009//1009
f 1024//1024 1012//1012 997//997
f 1025//1025 998//998 1010//1010
f 1025//1025 1013//1013 998//998
f 1026//1026 999//999 1011//1011
f 1026//1026 1014//1014 999//999
f 1027//1027 1015//1015 1000//1000
f 1027//1027 1000//1000 1012//1012
f 1028//1028 1016//1016 1001//1001
f 1028//1028 1001//1001 1013//1013
f 1029//1029 1017//1017 1002//1002
f 1029//1029 1002//1002 1014//1014
f 1030//1030 106//106 94//94
f 1030//1030 1018//1018 1003//1003
f 1030//1030 94//94 1018//1018
f 1030//1030 1003//1003 1015//1015
f 1031//1031 1004//1004 1016//1016
f 1031//1031 1019//1019 1004//1004
f 1032//1032 1005//1005 1017//1017
f 1032//1032 1020//1020 1005//1005
f 1033//1033 1007//1007 1019//1019
f 1033//1033 1021//1021 1007//1007
f 1034//1034 1008//1008 1020//1020
f 1034//1034 1022//1022 1008//1008
f 1035//1035 1023//1023 742//742
f 1036//1036 1009//1009 1021//1021
f 1036//1036 1024//1024 1009//1009
f 1037//1037 1010//1010 1022//1022
f 1037//1037 1025//1025 1010//1010
f 1038//1038 1011//1011 1023//1023
f 1038//1038 1026//1026 1011//1011
f 1039//1039 1012//1012 1024//1024
f 1039//1039 1027//1027 1012//1012
f 1040//1040 1028//1028 1013//1013
f 1040//1040 1013//1013 1025//1025
f 1041//1041 1014//1014 1026//1026
f 1041//1041 1029//1029 1014//1014
f 1042//1042 119//119 106//106
f 1042//1042 1015//1015 1027//1027
f 1042//1042 1030//1030 1015//1015
f 1042//1042 106//106 1030//1030
f 1043//1043 1016//1016 1028//1028
f 1043//1043 1031//1031 1016//1016
f 1044//1044 1017//1017 1029//1029
f 1044//1044 1032//1032 1017//1017
f 1045//1045 1033//1033 1019//1019
f 1045//1045 1019//1019 1031//1031
f 1046//1046 1020//1020 1032//1032
f 1046//1046 1034//1034 1020//1020
f 1047//1047 1035//1035 742//742
f 1048//1048 1036//1036 1021//1021
f 1048//1048 1021//1021 1033//1033
f 1049//1049 1037//1037 1022//1022
f 1049//1049 1022//1022 1034//1034
f 1050//1050 1038//1038 1023//1023
f 1050//1050 1023//1023 1035//1035
f 1051//1051 1024//1024 1036//1036
f 1051//1051 1039//1039 1024//1024
f 1052//1052 1025//1025 1037//1037
f 1052//1052 1040//1040 1025//1025
f 1053//1053 1041//1041 1026//1026
f 1053//1053 1026//1026 1038//1038
f 1054//1054 130//130 119//119
f 1054//1054 1042//1042 1027//1027
f 1054//1054 1027//1027 1039//1039
f 1054//1054 119//119 1042//1042
f 1055//1055 1028//1028 1040//1040
f 1055//1055 1043//1043 1028//1028
f 1056//1056 1044//1044 1029//1029
f 1056//1056 1029//1029 1041//1041
f 1057//1057 1031//1031 1043//1043
f 1057//1057 1045//1045 1031//1031
f 1058//1058 1032//1032 1044//1044
f 1058//1058 1046//1046 1032//1032
f 1059//1059 1047//1047 742//742
f 1060//1060 1033//1033 1045//1045
f 1060//1060 1048//1048 1033//1033
f 1061//1061 1049//1049 1034//1034
f 1061//1061 1034//1034 1046//1046
f 1062//1062 1035//1035 1047//1047
f 1062//1062 1050//1050 1035//1035
f 1063//1063 1051//1051 1036//1036
f 1063//1063 1036//1036 1048//1048
f 1064//1064 1037//1037 1049//1049
f 1064//1064 1052//1052 1037//1037
f 1065//1065 1038//1038 1050//1050
f 1065//1065 1053//1053 1038//1038
f 1066//1066 141//141 130//130
f 1066//1066 1039//1039 1051//1051
f 1066//1066 1054//1054 1039//1039
f 1066//1066 130//130 1054//1054
f 1067//1067 1040//1040 1052//1052
f 1067//1067 1055//1055 1040//1040
f 1068//1068 1041//1041 1053//1053
f 1068//1068 1056//1056 1041//1041
f 1069//1069 1043//1043 1055//1055
f 1069//1069 1057//1057 1043//1043
f 1070//1070 1044//1044 1056//1056
f 1070//1070 1058//1058 1044//1044
f 1071//1071 1059//1059 742//742
f 1072//1072 1060//1060 1045//1045
f 1072//1072 1045//1045 1057//1057
f 1073//1073 1046//1046 1058//1058
f 1073//1073 1061//1061 1046//1046
f 1074//1074 1062//1062 1047//1047
f 1074//1074 1047//1047 1059//1059
f 1075//1075 1048//1048 1060//1060
f 1075//1075 1063//1063 1048//1048
f 1076//1076 1049//1049 1061//1061
f 1076//1076 1064//1064 1049//1049
f 1077//1077 1065//1065 1050//1050
f 1077//1077 1050//1050 1062//1062
f 1078//1078 141//141 1066//1066
f 1078//1078 155//155 141//141
f 1078//1078 1051//1051 1063//1063
f 1078//1078 1066//1066 1051//1051
f 1079//1079 1052//1052 1064//1064
f 1079//1079 1067//1067 1052//1052
f 1080//1080 1053//1053 1065//1065
f 1080//1080 1068//1068 1053//1053
f 1081//1081 1055//1055 1067//1067
f 1081//1081 1069//1069 1055//1055
f 1082//1082 1056//1056 1068//1068
f 1082//1082 1070//1070 1056//1056
f 1083//1083 1071//1071 742//742
f 1084//1084 1057//1057 1069//1069
f 1084//1084 1072//1072 1057//1057
f 1085//1085 1073//1073 1058//1058
f 1085//1085 1058//1058 1070//1070
f 1086//1086 1074//1074 1059//1059
f 1086//1086 1059//1059 1071//1071
f 1087//1087 1060//1060 1072//1072
f 1087//1087 1075//1075 1060//1060
f 1088//1088 1061//1061 1073//1073
f 1088//1088 1076//1076 1061//1061
f 1089//1089 1062//1062 1074//1074
f 1089//1089 1077//1077 1062//1062
f 1090//1090 169//169 155//155
f 1090//1090 155//155 1078//1078
f 1090//1090 1063//1063 1075//1075
f 1090//1090 1078//1078 1063//1063
f 1091//1091 1079//1079 1064//1064
f 1091//1091 1064//1064 1076//1076
f 1092//1092 1065//1065 1077//1077
f 1092//1092 1080//1080 1065//1065
f 1093//1093 1067//1067 1079//1079
f 1093//1093 1081//1081 1067//1067
f 1094//1094 1082//1082 1068//1068
f 1094//1094 1068//1068 1080//1080
f 1095//1095 1083//1083 742//742
f 1096//1096 1084//1084 1069//1069
f 1096//1096 1069//1069 1081//1081
f 1097//1097 1070//1070 1082//1082
f 1097//1097 1085//1085 1070//1070
f 1098//1098 1071//1071 1083//1083
f 1098//1098 1086//1086 1071//1071
f 1099//1099 1072//1072 1084//1084
f 1099//1099 1087//1087 1072//1072
f 1100//1100 1088//1088 1073//1073
f 1100//1100 1073//1073 1085//1085
f 1101//1101 1074//1074 1086//1086
f 1101//1101 1089//1089 1074//1074
f 1102//1102 183//183 169//169
f 1102//1102 1075//1075 1087//1087
f 1102//1102 1090//1090 1075//1075
f 1102//1102 169//169 1090//1090
f 1103//1103 1076//1076 1088//1088
f 1103//1103 1091//1091 1076//1076
f 1104//1104 1077//1077 1089//1089
f 1104//1104 1092//1092 1077//1077
f 1105//1105 1079//1079 1091//1091
f 1105//1105 1093//1093 1079//1079
f 1106//1106 1080//1080 1092//1092
f 1106//1106 1094//1094 1080//1080
f 1107//1107 1095//1095 742//742
f 1108//1108 1081//1081 1093//1093
f 1108//1108 1096//1096 1081//1081
f 1109//1109 1082//1082 1094//1094
f 1109//1109 1097//1097 1082//1082
f 1110//1110 1098//1098 1083//1083
f 1110//1110 1083//1083 1095//1095
f 1111//1111 1099//1099 1084//1084
f 1111//1111 1084//1084 1096//1096
f 1112//1112 1085//1085 1097//1097
f 1112//1112 1100//1100 1085//1085
f 1113//1113 1101//1101 1086//1086
f 1113//1113 1086//1086 1098//1098
f 1114//1114 183//183 1102//1102
f 1114//1114 201//201 183//183
f 1114//1114 1087//1087 1099//1099
f 1114//1114 1102//1102 1087//1087
f 1115//1115 1103//1103 1088//1088
f 1115//1115 1088//1088 1100//1100
f 1116//1116 1104//1104 1089//1089
f 1116//1116 1089//1089 1101//1101
f 1117//1117 1091//1091 1103//1103
f 1117//1117 1105//1105 1091//1091
f 1118//1118 1092//1092 1104//1104
f 1118//1118 1106//1106 1092//1092
f 1119//1119 1107//1107 742//742
f 1120//1120 1108//1108 1093//1093
f 1120//1120 1093//1093 1105//1105
f 1121//1121 1094//1094 1106//1106
f 1121//1121 1109//1109 1094//1094
f 1122//1122 1095//1095 1107//1107
f 1122//1122 1110//1110 1095//1095
f 1123//1123 1096//1096 1108//1108
f 1123//1123 1111//1111 1096//1096
f 1124//1124 1097//1097 1109//1109
f 1124//1124 1112//1112 1097//1097
f 1125//1125 1113//1113 1098//1098
f 1125//1125 1098//1098 1110//1110
f 1126//1126 214//214 201//201
f 1126//1126 201//201 1114//1114
f 1126//1126 1099//1099 1111//1111
f 1126//1126 1114//1114 1099//1099
f 1127//1127 1100//1100 1112//1112
f 1127//1127 1115//1115 1100//1100
f 1128//1128 1116//1116 1101//1101
f 1128//1128 1101//1101 1113//1113
f 1129//1129 1103//1103 1115//1115
f 1129//1129 1117//1117 1103//1103
f 1130//1130 1118//1118 1104//1104
f 1130//1130 1104//1104 1116//1116
f 1131//1131 1119//1119 742//742
f 1132//1132 1105//1105 1117//1117
f 1132//1132 1120//1120 1105//1105
f 1133//1133 1121//1121 1106//1106
f 1133//1133 1106//1106 1118//1118
f 1134//1134 1107//1107 1119//1119
f 1134//1134 1122//1122 1107//1107
f 1135//1135 1108//1108 1120//1120
f 1135//1135 1123//1123 1108//1108
f 1136//1136 1124//1124 1109//1109
f 1136//1136 1109//1109 1121//1121
f 1137//1137 1125//1125 1110//1110
f 1137//1137 1110//1110 1122//1122
f 1138//1138 229//229 214//214
f 1138//1138 1111//1111 1123//1123
f 1138//1138 1126//1126 1111//1111
f 1138//1138 214//214 1126//1126
f 1139//1139 1112//1112 1124//1124
f 1139//1139 1127//1127 1112//1112
f 1140//1140 1128//1128 1113//1113
f 1140//1140 1113//1113 1125//1125
f 1141//1141 1115//1115 1127//1127
f 1141//1141 1129//1129 1115//1115
f 1142//1142 1116//1116 1128//1128
f 1142//1142 1130//1130 1116//1116
f 1143//1143 1131//1131 742//742
f 1144//1144 1132//1132 1117//1117
f 1144//1144 1117//1117 1129//1129
f 1145//1145 1118//1118 1130//1130
f 1145//1145 1133//1133 1118//1118
f 1146//1146 1134//1134 1119//1119
f 1146//1146 1119//1119 1131//1131
f 1147//1147 1120//1120 1132//1132
f 1147//1147 1135//1135 1120//1120
f 1148//1148 1136//1136 1121//1121
f 1148//1148 1121//1121 1133//1133
f 1149//1149 1122//1122 1134//1134
f 1149//1149 1137//1137 1122//1122
f 1150//1150 242//242 229//229
f 1150//1150 229//229 1138//1138
f 1150//1150 1123//1123 1135//1135
f 1150//1150 1138//1138 1123//1123
f 1151//1151 1139//1139 1124//1124
f 1151//1151 1124//1124 1136//1136
f 1152//1152 1140//1140 1125//1125
f 1152//1152 1125//1125 1137//1137
f 1153//1153 1127//1127 1139//1139
f 1153//1153 1141//1141 1127//1127
f 1154//1154 1142//1142 1128//1128
f 1154//1154 1128//1128 1140//1140
f 1155//1155 1143//1143 742//742
f 1156//1156 1129//1129 1141//1141
f 1156//1156 1144//1144 1129//1129
f 1157//1157 1130//1130 1142//1142
f 1157//1157 1145//1145 1130//1130
f 1158//1158 1131//1131 1143//1143
f 1158//1158 1146//1146 1131//1131
f 1159//1159 1132//1132 1144//1144
f 1159//1159 1147//1147 1132//1132
f 1160//1160 1133//1133 1145//1145
f 1160//1160 1148//1148 1133//1133
f 1161//1161 1149//1149 1134//1134
f 1161//1161 1134//1134 1146//1146
f 1162//1162 1150//1150 1135//1135
f 1162//1162 257//257 242//242
f 1162//1162 242//242 1150//1150
f 1162//1162 1135//1135 1147//1147
f 1163//1163 1151//1151 1136//1136
f 1163//1163 1136//1136 1148//1148
f 1164//1164 1152//1152 1137//1137
f 1164//1164 1137//1137 1149//1149
f 1165//1165 1153//1153 1139//1139
f 1165//1165 1139//1139 1151//1151
f 1166//1166 1140//1140 1152//1152
f 1166//1166 1154//1154 1140//1140
f 1167//1167 1155//1155 742//742
f 1168//1168 1141//1141 1153//1153
f 1168//1168 1156//1156 1141//1141
f 1169//1169 1142//1142 1154//1154
f 1169//1169 1157//1157 1142//1142
f 1170//1170 1143//1143 1155//1155
f 1170//1170 1158//1158 1143//1143
f 1171//1171 1144//1144 1156//1156
f 1171//1171 1159//1159 1144//1144
f 1172//1172 1145//1145 1157//1157
f 1172//1172 1160//1160 1145//1145
f 1173//1173 1161//1161 1146//1146
f 1173//1173 1146//1146 1158//1158
f 1174//1174 257//257 1162//1162
f 1174//1174 1147//1147 1159//1159
f 1174//1174 1162//1162 1147//1147
f 1175//1175 1163//1163 1148//1148
f 1175//1175 1148//1148 1160//1160
f 1176//1176 1164//1164 1149//1149
f 1176//1176 1149//1149 1161//1161
f 1177//1177 1165//1165 1151//1151
f 1177//1177 1151//1151 1163//1163
f 1178//1178 1166//1166 1152//1152
f 1178//1178 1152//1152 1164//1164
f 1179//1179 1167//1167 742//742
f 1180//1180 1153//1153 1165//1165
f 1180//1180 1168//1168 1153//1153
f 1181//1181 1154//1154 1166//1166
f 1181//1181 1169//1169 1154//1154
f 1182//1182 1155//1155 1167//1167
f 1182//1182 1170//1170 1155//1155
f 1183//1183 1156//1156 1168//1168
f 1183//1183 1171//1171 1156//1156
f 1184//1184 1157//1157 1169//1169
f 1184//1184 1172//1172 1157//1157
f 1185//1185 1173//1173 1158//1158
f 1185//1185 1158//1158 1170//1170
f 1186//1186 270//270 257//257
f 1186//1186 257//257 1174//1174
f 1186//1186 1159//1159 1171//1171
f 1186//1186 1174//1174 1159//1159
f 1187//1187 1160//1160 1172//1172
f 1187//1187 1175//1175 1160//1160
f 1188//1188 1176//1176 1161//1161
f 1188//1188 1161//1161 1173//1173
f 1189//1189 1177//1177 1163//1163
f 1189//1189 1163//1163 1175//1175
f 1190//1190 1164//1164 1176//1176
f 1190//1190 1178//1178 1164//1164
f 1191//1191 1179//1179 742//742
f 1192//1192 1165//1165 1177//1177
f 1192//1192 1180//1180 1165//1165
f 1193//1193 1181//1181 1166//1166
f 1193//1193 1166//1166 1178//1178
f 1194//1194 1182//1182 1167//1167
f 1194//1194 1167//1167 1179//1179
f 1195//1195 1183//1183 1168//1168
f 1195//1195 1168//1168 1180//1180
f 1196//1196 1184//1184 1169//1169
f 1196//1196 1169//1169 1181//1181
f 1197//1197 1170//1170 1182//1182
f 1197//1197 1185//1185 1170//1170
f 1198//1198 1171//1171 1183//1183
f 1198//1198 285//285 270//270
f 1198//1198 1186//1186 1171//1171
f 1198//1198 270//270 1186//1186
f 1199//1199 1187//1187 1172//1172
f 1199//1199 1172//1172 1184//1184
f 1200//1200 1188//1188 1173//1173
f 1200//1200 1173//1173 1185//1185
f 1201//1201 1175//1175 1187//1187
f 1201//1201 1189//1189 1175//1175
f 1202//1202 1176//1176 1188//1188
f 1202//1202 1190//1190 1176//1176
f 1203//1203 1191//1191 742//742
f 1204//1204 1177//1177 1189//1189
f 1204//1204 1192//1192 1177//1177
f 1205//1205 1178//1178 1190//1190
f 1205//1205 1193//1193 1178//1178
f 1206//1206 1194//1194 1179//1179
f 1206//1206 1179//1179 1191//1191
f 1207//1207 1180//1180 1192//1192
f 1207//1207 1195//1195 1180//1180
f 1208//1208 1196//1196 1181//1181
f 1208//1208 1181//1181 1193//1193
f 1209//1209 1197//1197 1182//1182
f 1209//1209 1182//1182 1194//1194
f 1210//1210 285//285 1198//1198
f 1210//1210 298//298 285//285
f 1210//1210 1183//1183 1195//1195
f 1210//1210 1198//1198 1183//1183
f 1211//1211 1184//1184 1196//1196
f 1211//1211 1199//1199 1184//1184
f 1212//1212 1185//1185 1197//1197
f 1212//1212 1200//1200 1185//1185
f 1213//1213 1187//1187 1199//1199
f 1213//1213 1201//1201 1187//1187
f 1214//1214 1202//1202 1188//1188
f 1214//1214 1188//1188 1200//1200
f 1215//1215 1203//1203 742//742
f 1216//1216 1204//1204 1189//1189
f 1216//1216 1189//1189 1201//1201
f 1217//1217 1205//1205 1190//1190
f 1217//1217 1190//1190 1202//1202
f 1218//1218 1191//1191 1203//1203
f 1218//1218 1206//1206 1191//1191
f 1219//1219 1192//1192 1204//1204
f 1219//1219 1207//1207 1192//1192
f 1220//1220 1193//1193 1205//1205
f 1220//1220 1208//1208 1193//1193
f 1221//1221 1209//1209 1194//1194
f 1221//1221 1194//1194 1206//1206
f 1222//1222 312//312 298//298
f 1222//1222 298//298 1210//1210
f 1222//1222 1195//1195 1207//1207
f 1222//1222 1210//1210 1195//1195
f 1223//1223 1196//1196 1208//1208
f 1223//1223 1211//1211 1196//1196
f 1224//1224 1197//1197 1209//1209
f 1224//1224 1212//1212 1197//1197
f 1225//1225 1213//1213 1199//1199
f 1225//1225 1199//1199 1211//1211
f 1226//1226 1200//1200 1212//1212
f 1226//1226 1214//1214 1200//1200
f 1227//1227 1215//1215 742//742
f 1228//1228 1201//1201 1213//1213
f 1228//1228 1216//1216 1201//1201
f 1229//1229 1202//1202 1214//1214
f 1229//1229 1217//1217 1202//1202
f 1230//1230 1218//1218 1203//1203
f 1230//1230 1203//1203 1215//1215
f 1231//1231 1219//1219 1204//1204
f 1231//1231 1204//1204 1216//1216
f 1232//1232 1205//1205 1217//1217
f 1232//1232 1220//1220 1205//1205
f 1233//1233 1221//1221 1206//1206
f 1233//1233 1206//1206 1218//1218
f 1234//1234 1207//1207 1219//1219
f 1234//1234 326//326 312//312
f 1234//1234 1222//1222 1207//1207
f 1234//1234 312//312 1222//1222
f 1235//1235 1208//1208 1220//1220
f 1235//1235 1223//1223 1208//1208
f 1236//1236 1224//1224 1209//1209
f 1236//1236 1209//1209 1221//1221
f 1237//1237 1211//1211 1223//1223
f 1237//1237 1225//1225 1211//1211
f 1238//1238 1212//1212 1224//1224
f 1238//1238 1226//1226 1212//1212
f 1239//1239 1227//1227 742//742
f 1240//1240 1228//1228 1213//1213
f 1240//1240 1213//1213 1225//1225
f 1241//1241 1229//1229 1214//1214
f 1241//1241 1214//1214 1226//1226
f 1242//1242 1230//1230 1215//1215
f 1242//1242 1215//1215 1227//1227
f 1243//1243 1216//1216 1228//1228
f 1243//1243 1231//1231 1216//1216
f 1244//1244 1217//1217 1229//1229
f 1244//1244 1232//1232 1217//1217
f 1245//1245 1218//1218 1230//1230
f 1245//1245 1233//1233 1218//1218
f 1246//1246 340//340 326//326
f 1246//1246 326//326 1234//1234
f 1246//1246 1219//1219 1231//1231
f 1246//1246 1234//1234 1219//1219
f 1247//1247 1235//1235 1220//1220
f 1247//1247 1220//1220 1232//1232
f 1248//1248 1221//1221 1233//1233
f 1248//1248 1236//1236 1221//1221
f 1249//1249 1223//1223 1235//1235
f 1249//1249 1237//1237 1223//1223
f 1250//1250 1224//1224 1236//1236
f 1250//1250 1238//1238 1224//1224
f 1251//1251 742//742 740//740
f 1251//1251 1239//1239 742//742
f 1252//1252 1225//1225 1237//1237
f 1252//1252 1240//1240 1225//1225
f 1253//1253 1241//1241 1226//1226
f 1253//1253 1226//1226 1238//1238
f 1254//1254 1227//1227 1239//1239
f 1254//1254 1242//1242 1227//1227
f 1255//1255 1228//1228 1240//1240
f 1255//1255 1243//1243 1228//1228
f 1256//1256 1244//1244 1229//1229
f 1256//1256 1229//1229 1241//1241
f 1257//1257 1230//1230 1242//1242
f 1257//1257 1245//1245 1230//1230
f 1258//1258 340//340 1246//1246
f 1258//1258 355//355 340//340
f 1258//1258 1231//1231 1243//1243
f 1258//1258 1246//1246 1231//1231
f 1259//1259 1232//1232 1244//1244
f 1259//1259 1247//1247 1232//1232
f 1260//1260 1248//1248 1233//1233
f 1260//1260 1233//1233 1245//1245
f 1261//1261 1249//1249 1235//1235
f 1261//1261 1235//1235 1247//1247
f 1262//1262 1250//1250 1236//1236
f 1262//1262 1236//1236 1248//1248
f 1263//1263 1252//1252 1237//1237
f 1263//1263 1237//1237 1249//1249
f 1264//1264 1253//1253 1238//1238
f 1264//1264 1238//1238 1250//1250
f 1265//1265 1251//1251 740//740
f 1265//1265 1239//1239 1251//1251
f 1265//1265 740//740 748//748
f 1265//1265 1254//1254 1239//1239
f 1266//1266 1240//1240 1252//1252
f 1266//1266 1255//1255 1240//1240
f 1267//1267 1241//1241 1253//1253
f 1267//1267 1256//1256 1241//1241
f 1268//1268 1242//1242 1254//1254
f 1268//1268 1257//1257 1242//1242
f 1269//1269 1243//1243 1255//1255
f 1269//1269 369//369 355//355
f 1269//1269 355//355 1258//1258
f 1269//1269 1258//1258 1243//1243
f 1270//1270 1244//1244 1256//1256
f 1270//1270 1259//1259 1244//1244
f 1271//1271 1245//1245 1257//1257
f 1271//1271 1260//1260 1245//1245
f 1272//1272 1247//1247 1259//1259
f 1272//1272 1261//1261 1247//1247
f 1273//1273 1248//1248 1260//1260
f 1273//1273 1262//1262 1248//1248
f 1274//1274 1249//1249 1261//1261
f 1274//1274 1263//1263 1249//1249
f 1275//1275 1264//1264 1250//1250
f 1275//1275 1250//1250 1262//1262
f 1276//1276 1266//1266 1252//1252
f 1276//1276 1252//1252 1263//1263
f 1277//1277 1253//1253 1264//1264
f 1277//1277 1267//1267 1253//1253
f 1278//1278 1254//1254 1265//1265
f 1278//1278 1268//1268 1254//1254
f 1279//1279 1255//1255 1266//1266
f 1279//1279 382//382 369//369
f 1279//1279 369//369 1269//1269
f 1279//1279 1269//1269 1255//1255
f 1280//1280 1256//1256 1267//1267
f 1280//1280 1270//1270 1256//1256
f 1281//1281 1257//1257 1268//1268
f 1281//1281 1271//1271 1257//1257
f 1282//1282 1259//1259 1270//1270
f 1282//1282 1272//1272 1259//1259
f 1283//1283 1260//1260 1271//1271
f 1283//1283 1273//1273 1260//1260
f 1284//1284 1274//1274 1261//1261
f 1284//1284 1261//1261 1272//1272
f 1285//1285 1262//1262 1273//1273
f 1285//1285 1275//1275 1262//1262
f 1286//1286 1263//1263 1274//1274
f 1286//1286 1276//1276 1263//1263
f 1287//1287 1264//1264 1275//1275
f 1287//1287 1277//1277 1264//1264
f 1288//1288 1265//1265 748//748
f 1288//1288 1278//1278 1265//1265
f 1288//1288 748//748 753//753
f 1289//1289 396//396 382//382
f 1289//1289 1279//1279 1266//1266
f 1289//1289 382//382 1279//1279
f 1289//1289 1266//1266 1276//1276
f 1290//1290 1280//1280 1267//1267
f 1290//1290 1267//1267 1277//1277
f 1291//1291 1281//1281 1268//1268
f 1291//1291 1268//1268 1278//1278
f 1292//1292 1270//1270 1280//1280
f 1292//1292 1282//1282 1270//1270
f 1293//1293 1271//1271 1281//1281
f 1293//1293 1283//1283 1271//1271
f 1294//1294 1284//1284 1272//1272
f 1294//1294 1272//1272 1282//1282
f 1295//1295 1285//1285 1273//1273
f 1295//1295 1273//1273 1283//1283
f 1296//1296 1286//1286 1274//1274
f 1296//1296 1274//1274 1284//1284
f 1297//1297 1287//1287 1275//1275
f 1297//1297 1275//1275 1285//1285
f 1298//1298 1276//1276 1286//1286
f 1298//1298 410//410 396//396
f 1298//1298 1289//1289 1276//1276
f 1298//1298 396//396 1289//1289
f 1299//1299 1277//1277 1287//1287
f 1299//1299 1290//1290 1277//1277
f 1300//1300 1278//1278 1288//1288
f 1300//1300 1288//1288 753//753
f 1300//1300 753//753 761//761
f 1300//1300 1291//1291 1278//1278
f 1301//1301 1280//1280 1290//1290
f 1301//1301 1292//1292 1280//1280
f 1302//1302 1281//1281 1291//1291
f 1302//1302 1293//1293 1281//1281
f 1303//1303 1294//1294 1282//1282
f 1303//1303 1282//1282 1292//1292
f 1304//1304 1295//1295 1283//1283
f 1304//1304 1283//1283 1293//1293
f 1305//1305 1284//1284 1294//1294
f 1305//1305 1296//1296 1284//1284
f 1306//1306 1297//1297 1285//1285
f 1306//1306 1285//1285 1295//1295
f 1307//1307 410//410 1298//1298
f 1307//1307 424//424 410//410
f 1307//1307 1298//1298 1286//1286
f 1307//1307 1286//1286 1296//1296
f 1308//1308 1299//1299 1287//1287
f 1308//1308 1287//1287 1297//1297
f 1309//1309 1290//1290 1299//1299
f 1309//1309 1301//1301 1290//1290
f 1310//1310 1302//1302 1291//1291
f 1310//1310 1291//1291 1300//1300
f 1311//1311 1303//1303 1292//1292
f 1311//1311 1292//1292 1301//1301
f 1312//1312 1293//1293 1302//1302
f 1312//1312 1304//1304 1293//1293
f 1313//1313 1294//1294 1303//1303
f 1313//1313 1305//1305 1294//1294
f 1314//1314 1295//1295 1304//1304
f 1314//1314 1306//1306 1295//1295
f 1315//1315 438//438 424//424
f 1315//1315 1296//1296 1305//1305
f 1315//1315 424//424 1307//1307
f 1315//1315 1307//1307 1296//1296
f 1316//1316 1308//1308 1297//1297
f 1316//1316 1297//1297 1306//1306
f 1317//1317 1299//1299 1308//1308
f 1317//1317 1309//1309 1299//1299
f 1318//1318 1300//1300 761//761
f 1318//1318 1310//1310 1300//1300
f 1318//1318 761//761 769//769
f 1319//1319 1301//1301 1309//1309
f 1319//1319 1311//1311 1301//1301
f 1320//1320 1302//1302 1310//1310
f 1320//1320 1312//1312 1302//1302
f 1321//1321 1303//1303 1311//1311
f 1321//1321 1313//1313 1303//1303
f 1322//1322 1304//1304 1312//1312
f 1322//1322 1314//1314 1304//1304
f 1323//1323 1305//1305 1313//1313
f 1323//1323 438//438 1315//1315
f 1323//1323 1315//1315 1305//1305
f 1323//1323 452//452 438//438
f 1324//1324 1316//1316 1306//1306
f 1324//1324 1306//1306 1314//1314
f 1325//1325 1317//1317 1308//1308
f 1325//1325 1308//1308 1316//1316
f 1326//1326 1319//1319 1309//1309
f 1326//1326 1309//1309 1317//1317
f 1327//1327 1310//1310 1318//1318
f 1327//1327 1318//1318 769//769
f 1327//1327 769//769 783//783
f 1327//1327 1320//1320 1310//1310
f 1328//1328 1311//1311 1319//1319
f 1328//1328 1321//1321 1311//1311
f 1329//1329 1312//1312 1320//1320
f 1329//1329 1322//1322 1312//1312
f 1330//1330 452//452 1323//1323
f 1330//1330 1313//1313 1321//1321
f 1330//1330 466//466 452//452
f 1330//1330 1323//1323 1313//1313
f 1331//1331 1314//1314 1322//1322
f 1331//1331 1324//1324 1314//1314
f 1332//1332 1325//1325 1316//1316
f 1332//1332 1316//1316 1324//1324
f 1333//1333 1326//1326 1317//1317
f 1333//1333 1317//1317 1325//1325
f 1334//1334 1328//1328 1319//1319
f 1334//1334 1319//1319 1326//1326
f 1335//1335 1320//1320 1327//1327
f 1335//1335 1329//1329 1320//1320
f 1336//1336 1330//1330 1321//1321
f 1336//1336 1321//1321 1328//1328
f 1336//1336 466//466 1330//1330
f 1336//1336 481//481 466//466
f 1337//1337 1322//1322 1329//1329
f 1337//1337 1331//1331 1322//1322
f 1338//1338 1324//1324 1331//1331
f 1338//1338 1332//1332 1324//1324
f 1339//1339 1325//1325 1332//1332
f 1339//1339 1333//1333 1325//1325
f 1340//1340 1334//1334 1326//1326
f 1340//1340 1326//1326 1333//1333
f 1341//1341 1327//1327 783//783
f 1341//1341 783//783 792//792
f 1341//1341 1335//1335 1327//1327
f 1342//1342 1328//1328 1334//1334
f 1342//1342 481//481 1336//1336
f 1342//1342 495//495 481//481
f 1342//1342 1336//1336 1328//1328
f 1343//1343 1329//1329 1335//1335
f 1343//1343 1337//1337 1329//1329
f 1344//1344 1331//1331 1337//1337
f 1344//1344 1338//1338 1331//1331
f 1345//1345 1332//1332 1338//1338
f 1345//1345 1339//1339 1332//1332
f 1346//1346 1340//1340 1333//1333
f 1346//1346 1333//1333 1339//1339
f 1347//1347 1334//1334 1340//1340
f 1347//1347 1342//1342 1334//1334
f 1347//1347 509//509 495//495
f 1347//1347 495//495 1342//1342
f 1348//1348 792//792 810//810
f 1348//1348 1341//1341 792//792
f 1348//1348 1335//1335 1341//1341
f 1348//1348 1343//1343 1335//1335
f 1349//1349 1337//1337 1343//1343
f 1349//1349 1344//1344 1337//1337
f 1350//1350 1345//1345 1338//1338
f 1350//1350 1338//1338 1344//1344
f 1351//1351 1339//1339 1345//1345
f 1351//1351 1346//1346 1339//1339
f 1352//1352 522//522 509//509
f 1352//1352 1347//1347 1340//1340
f 1352//1352 1340//1340 1346//1346
f 1352//1352 509//509 1347//1347
f 1353//1353 1349//1349 1343//1343
f 1353//1353 1343//1343 1348//1348
f 1354//1354 1350//1350 1344//1344
f 1354//1354 1344//1344 1349//1349
f 1355//1355 1345//1345 1350//1350
f 1355//1355 1351//1351 1345//1345
f 1356//1356 522//522 1352//1352
f 1356//1356 1346//1346 1351//1351
f 1356//1356 537//537 522//522
f 1356//1356 1352//1352 1346//1346
f 1357//1357 1348//1348 810//810
f 1357//1357 810//810 823//823
f 1357//1357 1353//1353 1348//1348
f 1358//1358 1354//1354 1349//1349
f 1358//1358 1349//1349 1353//1353
f 1359//1359 1355//1355 1350//1350
f 1359//1359 1350//1350 1354//1354
f 1360//1360 1356//1356 1351//1351
f 1360//1360 537//537 1356//1356
f 1360//1360 550//550 537//537
f 1360//1360 1351//1351 1355//1355
f 1361//1361 1358//1358 1353//1353
f 1361//1361 1353//1353 1357//1357
f 1361//1361 823//823 845//845
f 1361//1361 1357//1357 823//823
f 1362//1362 1354//1354 1358//1358
f 1362//1362 1359//1359 1354//1354
f 1363//1363 550//550 1360//1360
f 1363//1363 1360//1360 1355//1355
f 1363//1363 565//565 550//550
f 1363//1363 1355//1355 1359//1359
f 1364//1364 1362//1362 1358//1358
f 1364//1364 1358//1358 1361//1361
f 1365//1365 1359//1359 1362//1362
f 1365//1365 1363//1363 1359//1359
f 1365//1365 565//565 1363//1363
f 1365//1365 578//578 565//565
f 1366//1366 1364//1364 1361//1361
f 1366//1366 1361//1361 845//845
f 1366//1366 845//845 860//860
f 1367//1367 1362//1362 1364//1364
f 1367//1367 1365//1365 1362//1362
f 1367//1367 578//578 1365//1365
f 1367//1367 592//592 578//578
f 1368//1368 1364//1364 1366//1366
f 1368//1368 737//737 606//606
f 1368//1368 1367//1367 1364//1364
f 1368//1368 1366//1366 860//860
f 1368//1368 592//592 1367//1367
f 1368//1368 860//860 737//737
f 1368//1368 606//606 592//592

