mtllib upperarm.mtl
usemtl Metal_DarkGray.001
v 0.01175966 0.05294780 0.83209992
v 0.01175966 0.05294780 0.83209992
v 0.02312013 0.05641907 0.83209992
v 0.02312013 0.05641907 0.83209992
v 0.02312013 0.05635595 0.83658105
v 0.03353389 0.06190991 0.83891624
v 0.03353389 0.06197303 0.83209992
v 0.03353389 0.06197303 0.83209992
v 0.04268534 0.06942046 0.84200877
v 0.04268534 0.06948358 0.83209992
v 0.04268534 0.06948358 0.83209992
v 0.05019588 0.07850879 0.84579551
v 0.05019588 0.07863504 0.83209992
v 0.05019588 0.07863504 0.83209992
v 0.05581297 0.08892257 0.85015053
v 0.05581298 0.08911192 0.83209997
v 0.05581298 0.08911192 0.83209997
v 0.05922109 0.10015684 0.85482091
v 0.05922110 0.10040924 0.83209997
v 0.05922110 0.10040924 0.83209997
v 0.06042028 0.11189593 0.85968059
v 0.06042029 0.11221144 0.83209997
v 0.06042029 0.11221144 0.83209997
v 0.05922109 0.12357194 0.86454040
v 0.05922110 0.12395064 0.83209997
v 0.05922110 0.12395064 0.83209997
v 0.05922110 0.12395064 0.83209997
v 0.05581295 0.13486934 0.86927378
v 0.05581297 0.13531102 0.83209997
v 0.05581297 0.13531102 0.83209997
v 0.05581297 0.13531102 0.83209997
v 0.05019586 0.14528303 0.87356555
v 0.05019588 0.14572483 0.83209992
v 0.05019588 0.14572483 0.83209992
v 0.05019588 0.14572483 0.83209992
v 0.04268532 0.15437143 0.87735236
v 0.04268534 0.15487634 0.83209992
v 0.04268534 0.15487634 0.83209992
v 0.04268534 0.15487634 0.83209992
v 0.03353385 0.16181873 0.88044506
v 0.03353388 0.16238684 0.83209992
v 0.03353388 0.16238684 0.83209992
v 0.03353388 0.16238684 0.83209992
v 0.02312009 0.16737273 0.88278025
v 0.02312012 0.16800393 0.83209992
v 0.02312012 0.16800393 0.83209992
v 0.01175962 0.17078093 0.88423186
v 0.01175965 0.17141204 0.83209992
v 0.01175965 0.17141204 0.83209992
v 0.00002054 0.17198013 0.88467365
v 0.00002057 0.17261124 0.83209992
v 0.00002057 0.17261124 0.83209992
v -0.01178164 0.17078093 0.88423186
v -0.01178161 0.17141204 0.83209992
v -0.01178161 0.17141204 0.83209992
v -0.02307899 0.16737273 0.88278025
v -0.02314208 0.16800393 0.83209992
v -0.02314208 0.16800393 0.83209992
v -0.03355587 0.16181873 0.88044506
v -0.03355584 0.16238684 0.83209992
v -0.03355584 0.16238684 0.83209992
v -0.03355584 0.16238684 0.83209992
v -0.04270732 0.15437143 0.87735236
v -0.04270730 0.15487634 0.83209992
v -0.04270730 0.15487634 0.83209992
v -0.04270730 0.15487634 0.83209992
v 0.00002058 0.11221143 0.83209992
v 0.00002058 0.11221143 0.83209992
v 0.00002058 0.11221143 0.83209992
v 0.00002058 0.11221143 0.83209992
v 0.00002058 0.11221143 0.83209992
v 0.00002058 0.11221143 0.83209992
v 0.00002058 0.11221143 0.83209992
v 0.00002058 0.11221143 0.83209992
v 0.00002058 0.11221143 0.83209992
v 0.00002058 0.11221143 0.83209992
v 0.00002058 0.11221143 0.83209992
v 0.00002058 0.05181175 0.83209992
v 0.00002058 0.05181175 0.83209992
v 0.00002058 0.05181175 0.83209992
v -0.01178160 0.05294780 0.83209992
v -0.01178160 0.05294780 0.83209992
v -0.01178160 0.05294780 0.83209992
v -0.02314207 0.05641906 0.83209992
v -0.02314207 0.05641906 0.83209992
v -0.02314207 0.05641906 0.83209992
v -0.01178160 0.05294780 0.83519244
v 0.00002058 0.05181175 0.83468765
v 0.00002058 0.05181175 0.83468765
v 0.01175966 0.05294780 0.83519244
v 0.01175966 0.05288469 0.83803266
v 0.02312012 0.05629283 0.84036785
v 0.03353388 0.06172061 0.84415466
v 0.04268534 0.06904179 0.84920377
v 0.05019587 0.07800389 0.85538882
v 0.05581296 0.08816522 0.86239451
v 0.05922109 0.09927320 0.87003130
v 0.06042027 0.11075984 0.87798363
v 0.05922107 0.12224653 0.88593590
v 0.05581294 0.13335453 0.89357263
v 0.05019584 0.14351583 0.90064132
v 0.04268530 0.15247802 0.90682656
v 0.03353384 0.15979913 0.91187555
v 0.02312007 0.16522694 0.91566247
v 0.01175960 0.16857193 0.91793442
v 0.00002053 0.16970792 0.91875494
v -0.01178166 0.16857193 0.91793442
v -0.02314213 0.16522694 0.91566247
v -0.03355588 0.15979913 0.91187555
v -0.04270734 0.15247802 0.90682656
v -0.05021789 0.14351583 0.90064132
v -0.05021787 0.14521983 0.87356555
v -0.05021785 0.14572483 0.83209992
v -0.05021785 0.14572483 0.83209992
v -0.05021785 0.14572483 0.83209992
v -0.05577187 0.13531102 0.83209986
v -0.05577187 0.13531102 0.83209986
v -0.05577187 0.13531102 0.83209986
v -0.05924306 0.12395062 0.83209986
v -0.05924306 0.12395062 0.83209986
v -0.05924306 0.12395062 0.83209986
v -0.06037913 0.11221142 0.83209986
v -0.06037913 0.11221142 0.83209986
v -0.05924305 0.10040923 0.83209986
v -0.05924305 0.10040923 0.83209986
v -0.05577186 0.08911191 0.83209986
v -0.05577186 0.08911191 0.83209986
v -0.05021784 0.07863502 0.83209992
v -0.05021784 0.07863502 0.83209992
v -0.04270729 0.06948356 0.83209992
v -0.04270729 0.06948356 0.83209992
v -0.03355583 0.06197302 0.83209992
v -0.03355583 0.06197302 0.83209992
v -0.03355583 0.06197302 0.83209992
v -0.02307895 0.05635594 0.83658105
v -0.01178160 0.05288469 0.83803266
v 0.00002058 0.05174863 0.83727527
v 0.00002058 0.05174863 0.83727527
v 0.01175966 0.05244290 0.83929497
v 0.02312012 0.05566167 0.84200877
v 0.03353388 0.06096321 0.84642673
v 0.04268533 0.06815821 0.85235941
v 0.05019587 0.07680476 0.85961741
v 0.05581296 0.08677667 0.86794847
v 0.05922108 0.09750605 0.87691063
v 0.06042026 0.10874024 0.88625151
v 0.05922107 0.11991133 0.89565527
v 0.05581294 0.13070373 0.90461749
v 0.05019584 0.14061263 0.91288537
v 0.04268529 0.14932233 0.92014337
v 0.03353383 0.15645413 0.92613923
v 0.02312007 0.16175573 0.93055713
v 0.01175960 0.16497444 0.93327105
v 0.00002052 0.16611053 0.93421775
v -0.01178166 0.16497444 0.93327105
v -0.02314213 0.16175573 0.93055713
v -0.03355589 0.15645413 0.92613923
v -0.04270735 0.14932233 0.92014337
v -0.05021789 0.14061263 0.91288537
v -0.05577191 0.13070373 0.90461737
v -0.05577190 0.13335453 0.89357251
v -0.05577189 0.13486934 0.86927366
v -0.05924307 0.12357192 0.86454028
v -0.06037914 0.11189592 0.85968047
v -0.05924306 0.10015682 0.85482079
v -0.05577187 0.08885942 0.85015041
v -0.05021785 0.07850878 0.84579551
v -0.04270730 0.06942044 0.84200877
v -0.03355584 0.06190990 0.83891624
v -0.02314208 0.05629282 0.84036785
v -0.01178160 0.05244290 0.83929497
v 0.00002058 0.05130684 0.83834815
v 0.00002058 0.05130684 0.83834815
v 0.00002058 0.05048637 0.83904243
v 0.00002058 0.05048637 0.83904243
v 0.01175965 0.05149620 0.84005225
v 0.02312012 0.05458873 0.84314471
v 0.03353388 0.05951160 0.84806764
v 0.04268533 0.06620169 0.85475767
v 0.05019587 0.07434332 0.86283624
v 0.05581295 0.08362103 0.87211400
v 0.05922108 0.09371918 0.88214898
v 0.06042027 0.10419614 0.89262599
v 0.05922106 0.11467294 0.90310282
v 0.05581293 0.12470803 0.91313791
v 0.05019583 0.13398562 0.92241556
v 0.04268529 0.14212733 0.93049407
v 0.03353383 0.14881733 0.93718415
v 0.02312006 0.15380333 0.94210696
v 0.01175959 0.15683283 0.94519955
v 0.00002051 0.15784264 0.94620937
v -0.01178167 0.15683283 0.94519955
v -0.02314214 0.15380333 0.94210696
v -0.03355590 0.14881733 0.93718415
v -0.04270735 0.14212733 0.93049407
v -0.05021790 0.13398562 0.92241556
v -0.05577191 0.12470802 0.91313779
v -0.05924309 0.11467292 0.90310270
v -0.05924309 0.11991132 0.89565516
v -0.05924309 0.12224652 0.88593578
v -0.06037915 0.11075983 0.87798351
v -0.05924307 0.09927319 0.87003118
v -0.05577188 0.08816521 0.86239439
v -0.05021786 0.07800388 0.85538882
v -0.04270730 0.06904177 0.84920377
v -0.03355584 0.06172060 0.84415466
v -0.02314208 0.05566166 0.84200877
v -0.01178161 0.05149620 0.84005225
v -0.01178161 0.04998147 0.84036785
v 0.00002058 0.04909782 0.83923173
v 0.00002058 0.04909782 0.83923173
v 0.01175965 0.04998147 0.84036785
v 0.02312012 0.05269533 0.84358656
v 0.03353388 0.05711329 0.84888816
v 0.04268534 0.06304598 0.85595691
v 0.05019587 0.07024091 0.86466652
v 0.05581295 0.07850879 0.87451237
v 0.05922108 0.08740783 0.88524169
v 0.06042026 0.09674866 0.89641279
v 0.05922106 0.10602634 0.90752071
v 0.05581293 0.11492544 0.91825002
v 0.05019583 0.12319323 0.92809576
v 0.04268529 0.13038823 0.93680537
v 0.03353382 0.13632093 0.94387412
v 0.02312006 0.14073883 0.94917566
v 0.01175959 0.14345273 0.95239454
v 0.00002051 0.14433633 0.95353055
v -0.01178167 0.14345273 0.95239454
v -0.02314214 0.14073883 0.94917566
v -0.03355590 0.13632093 0.94387412
v -0.04270735 0.13038823 0.93680537
v -0.05021790 0.12319322 0.92809576
v -0.05577191 0.11492542 0.91824991
v -0.05924309 0.10602632 0.90752059
v -0.06037915 0.10419612 0.89262587
v -0.06037916 0.10874022 0.88625139
v -0.05924308 0.09750603 0.87691051
v -0.05577188 0.08677666 0.86794835
v -0.05021786 0.07680474 0.85961741
v -0.04270731 0.06815819 0.85235941
v -0.03355584 0.06096320 0.84642673
v -0.02314208 0.05458872 0.84314471
v -0.02314208 0.05269532 0.84358656
v -0.02314208 0.05067568 0.84358656
v -0.01178161 0.04834048 0.84024155
v 0.00002058 0.04758316 0.83910555
v 0.00002058 0.04758316 0.83910555
v 0.01175965 0.04834048 0.84024155
v 0.02312012 0.05067569 0.84358656
v 0.03353388 0.05439943 0.84901446
v 0.04268534 0.05944848 0.85633552
v 0.05019587 0.06557054 0.86523461
v 0.05581295 0.07257617 0.87539601
v 0.05922107 0.08014978 0.88644081
v 0.06042026 0.08803899 0.89786440
v 0.05922106 0.09592820 0.90935111
v 0.05581293 0.10350183 0.92033291
v 0.05019583 0.11050744 0.93049407
v 0.04268529 0.11662944 0.93939304
v 0.03353382 0.12161543 0.94671416
v 0.02312006 0.12540223 0.95214206
v 0.01175959 0.12767433 0.95548701
v 0.00002051 0.12843172 0.95662302
v -0.01178167 0.12767433 0.95548701
v -0.02314214 0.12540223 0.95214206
v -0.03355590 0.12161543 0.94671416
v -0.04270735 0.11662942 0.93939304
v -0.05021790 0.11050742 0.93049407
v -0.05577191 0.10350182 0.92033279
v -0.05924309 0.09592818 0.90935099
v -0.06037916 0.09674864 0.89641267
v -0.05924308 0.09371917 0.88214886
v -0.05577189 0.08362101 0.87211388
v -0.05021786 0.07434331 0.86283624
v -0.04270731 0.06620167 0.85475767
v -0.03355584 0.05951159 0.84806764
v -0.03355584 0.05711328 0.84888816
v -0.03355584 0.05439942 0.84901446
v -0.03355584 0.04922406 0.84926677
v -0.02314208 0.04688887 0.84371287
v -0.01178160 0.04543727 0.84030473
v 0.00002058 0.04499548 0.83916867
v 0.00002058 0.04499548 0.83916867
v 0.01175966 0.04543727 0.84030473
v 0.02312012 0.04688888 0.84371287
v 0.03353388 0.04922407 0.84926677
v 0.04268534 0.05231666 0.85671425
v 0.05019587 0.05616658 0.86573946
v 0.05581296 0.06052142 0.87609011
v 0.05922107 0.06525499 0.88732439
v 0.06042026 0.07011474 0.89900053
v 0.05922106 0.07503760 0.91067642
v 0.05581293 0.07977111 0.92191070
v 0.05019583 0.08412594 0.93226123
v 0.04268529 0.08791274 0.94128645
v 0.03353382 0.09106844 0.94873387
v 0.02312006 0.09340363 0.95428795
v 0.01175959 0.09479212 0.95769596
v 0.00002051 0.09529703 0.95883203
v -0.01178167 0.09479212 0.95769596
v -0.02314214 0.09340363 0.95428795
v -0.03355590 0.09106844 0.94873387
v -0.04270735 0.08791272 0.94128645
v -0.05021790 0.08412592 0.93226123
v -0.05577191 0.07977109 0.92191058
v -0.05924309 0.07503758 0.91067630
v -0.06037916 0.08803897 0.89786428
v -0.05924308 0.08740781 0.88524157
v -0.05577189 0.07850878 0.87451225
v -0.05021786 0.07024090 0.86466652
v -0.04270730 0.06304596 0.85595691
v -0.04270730 0.05944847 0.85633552
v -0.04270730 0.05231665 0.85671425
v -0.04270730 0.04139797 0.85677737
v -0.04270730 0.04139797 0.85677737
v -0.04270730 0.04139797 0.85677737
v -0.03355584 0.04139797 0.84926677
v -0.03355584 0.04139797 0.84926677
v -0.03355584 0.04139797 0.84926677
v -0.02314208 0.04139797 0.84371287
v -0.02314208 0.04139797 0.84371287
v -0.02314208 0.04139797 0.84371287
v -0.01178160 0.04139798 0.84030473
v -0.01178160 0.04139798 0.84030473
v 0.00002058 0.04139798 0.83916867
v 0.00002058 0.04139798 0.83916867
v 0.00002058 0.04139798 0.83916867
v 0.01175966 0.04139798 0.84030473
v 0.01175966 0.04139798 0.84030473
v 0.01175966 0.04139798 0.84030473
v 0.02312012 0.04139798 0.84371287
v 0.02312012 0.04139798 0.84371287
v 0.02312012 0.04139798 0.84371287
v 0.03353388 0.04139798 0.84926677
v 0.03353388 0.04139798 0.84926677
v 0.03353388 0.04139798 0.84926677
v 0.04268534 0.04139798 0.85677737
v 0.04268534 0.04139798 0.85677737
v 0.04268534 0.04139798 0.85677737
v 0.05019587 0.04139798 0.86586577
v 0.05019587 0.04139798 0.86586577
v 0.05581296 0.04139798 0.87627947
v 0.05581296 0.04139798 0.87627947
v 0.05581296 0.04139798 0.87627947
v 0.05922108 0.04139798 0.88751370
v 0.05922108 0.04139798 0.88751370
v 0.05922108 0.04139798 0.88751370
v 0.06042027 0.04139798 0.89925277
v 0.06042027 0.04139798 0.89925277
v 0.05922107 0.04139798 0.91099203
v 0.05922107 0.04139798 0.91099203
v 0.05922107 0.04139798 0.91099203
v 0.05581293 0.04139798 0.92222631
v 0.05581293 0.04139798 0.92222631
v 0.05581293 0.04139798 0.92222631
v 0.05019584 0.04139798 0.93263984
v 0.05019584 0.04139798 0.93263984
v 0.04268529 0.04139798 0.94172823
v 0.04268529 0.04139798 0.94172823
v 0.03353383 0.04139798 0.94923872
v 0.03353383 0.04139798 0.94923872
v 0.02312006 0.04139798 0.95479274
v 0.02312006 0.04139798 0.95479274
v 0.01175959 0.04139798 0.95820093
v 0.01175959 0.04139798 0.95820093
v 0.00002051 0.04139798 0.95933706
v 0.00002051 0.04139798 0.95933706
v -0.01178167 0.04139798 0.95820093
v -0.01178167 0.04139798 0.95820093
v -0.02314214 0.04139797 0.95479274
v -0.02314214 0.04139797 0.95479274
v -0.02314214 0.04139797 0.95479274
v -0.03355590 0.04139797 0.94923872
v -0.03355590 0.04139797 0.94923872
v -0.03355590 0.04139797 0.94923872
v -0.04270735 0.04139797 0.94172823
v -0.04270735 0.04139797 0.94172823
v -0.04270735 0.04139797 0.94172823
v -0.05021789 0.04139797 0.93263984
v -0.05021789 0.04139797 0.93263984
v -0.05577191 0.04139797 0.92222619
v -0.05577191 0.04139797 0.92222619
v -0.05577191 0.04139797 0.92222619
v -0.05924309 0.04139797 0.91099191
v -0.05924309 0.04139797 0.91099191
v -0.05924309 0.04139797 0.91099191
v -0.06037915 0.04139797 0.89925265
v -0.06037915 0.04139797 0.89925265
v -0.06037916 0.07011472 0.89900041
v -0.05924308 0.08014976 0.88644069
v -0.05577189 0.07251303 0.87539589
v -0.05021786 0.06557053 0.86523461
v -0.05021786 0.05616657 0.86573946
v -0.05021786 0.04139797 0.86586577
v -0.05021786 0.04139797 0.86586577
v 0.00002055 0.04139798 0.89925271
v 0.00002055 0.04139798 0.89925271
v 0.00002055 0.04139798 0.89925271
v 0.00002055 0.04139798 0.89925271
v 0.00002055 0.04139798 0.89925271
v 0.00002055 0.04139798 0.89925271
v 0.00002055 0.04139798 0.89925271
v 0.00002055 0.04139798 0.89925271
v 0.00002055 0.04139798 0.89925271
v 0.00002055 0.04139798 0.89925271
v 0.00002055 0.04139798 0.89925271
v -0.05924308 0.04139797 0.88751358
v -0.05924308 0.04139797 0.88751358
v -0.05924308 0.04139797 0.88751358
v -0.05924308 0.06525497 0.88732427
v -0.05577188 0.06052141 0.87608999
v -0.05577188 0.04139797 0.87627935
v -0.05577188 0.04139797 0.87627935
v -0.05577188 0.04139797 0.87627935
v 0.06931972 0.08349479 0.08937883
v 0.06931972 0.08349479 0.08937883
v 0.06931972 0.08349479 0.08937883
v 0.07354833 0.09662241 0.05605488
v 0.07354832 0.09756911 0.08937883
v 0.07354832 0.09756911 0.08937883
v 0.07499994 0.11107544 0.04999595
v 0.07499993 0.11221144 0.08937883
v 0.07499993 0.11221144 0.08937883
v 0.07354834 0.12552842 0.04400014
v 0.07354832 0.12685382 0.08937883
v 0.07354832 0.12685382 0.08937883
v 0.07354832 0.12685382 0.08937883
v 0.06931974 0.13947652 0.03813057
v 0.06931972 0.14092813 0.08937883
v 0.06931972 0.14092813 0.08937883
v 0.06931972 0.14092813 0.08937883
v 0.06237724 0.15228863 0.03276591
v 0.06237721 0.15386643 0.08937882
v 0.06237721 0.15386643 0.08937882
v 0.05303642 0.16352283 0.02809553
v 0.05303639 0.16522694 0.08937882
v 0.05303639 0.16522694 0.08937882
v 0.04167596 0.17273743 0.02424559
v 0.04167592 0.17456773 0.08937881
v 0.04167592 0.17456773 0.08937881
v 0.02867457 0.17955373 0.02134236
v 0.02867454 0.18151022 0.08937880
v 0.02867454 0.18151022 0.08937880
v 0.01460024 0.18378232 0.01957514
v 0.01460021 0.18573883 0.08937880
v 0.01460021 0.18573883 0.08937880
v 0.01460021 0.18573883 0.08937880
v 0.00002101 0.18523394 0.01900710
v 0.00002097 0.18719053 0.08937879
v 0.00002097 0.18719053 0.08937879
v 0.00002097 0.18719053 0.08937879
v -0.01462134 0.18378232 0.01957512
v -0.01462137 0.18573883 0.08937878
v -0.01462137 0.18573883 0.08937878
v -0.01462137 0.18573883 0.08937878
v -0.02869567 0.17955373 0.02134233
v -0.02869570 0.18151022 0.08937877
v -0.02869570 0.18151022 0.08937877
v -0.04169705 0.17273743 0.02424555
v -0.04169708 0.17456773 0.08937877
v -0.04169708 0.17456773 0.08937877
v -0.05305752 0.16352283 0.02809547
v -0.05305756 0.16522694 0.08937876
v -0.05305756 0.16522694 0.08937876
v -0.05305756 0.16522694 0.08937876
v -0.06233522 0.15228863 0.03276584
v -0.06233525 0.15386643 0.08937876
v -0.06233525 0.15386643 0.08937876
v -0.06233525 0.15386643 0.08937876
v -0.06927773 0.13947652 0.03813050
v -0.06927776 0.14092813 0.08937875
v -0.06927776 0.14092813 0.08937875
v -0.06927776 0.14092813 0.08937875
v -0.07356946 0.12685382 0.08937875
v -0.07356946 0.12685382 0.08937875
v -0.07356946 0.12685382 0.08937875
v -0.07356944 0.12552842 0.04400006
v -0.07356943 0.12477102 0.03106180
v -0.06927773 0.13859293 0.02342502
v -0.06233521 0.15134193 0.01641944
v -0.05305751 0.16251303 0.01023428
v -0.04169704 0.17166454 0.00518524
v -0.02869565 0.17848073 0.00139839
v -0.01462132 0.18264633 -0.00087362
v 0.00002102 0.18409793 -0.00169407
v 0.01460026 0.18264633 -0.00087360
v 0.02867459 0.17848073 0.00139842
v 0.04167596 0.17166454 0.00518529
v 0.05303643 0.16251303 0.01023434
v 0.06237725 0.15134193 0.01641951
v 0.06931975 0.13859293 0.02342509
v 0.07354835 0.12477104 0.03106188
v 0.07499995 0.11038124 0.03901415
v 0.07354834 0.09599131 0.04690337
v 0.06931974 0.08216941 0.05454014
v 0.06931974 0.08267432 0.06186133
v 0.06237721 0.07055653 0.08937882
v 0.06237721 0.07055653 0.08937882
v 0.06237721 0.07055653 0.08937882
v 0.00002098 0.11221143 0.08937879
v 0.00002098 0.11221143 0.08937879
v 0.00002098 0.11221143 0.08937879
v 0.00002098 0.11221143 0.08937879
v 0.00002098 0.11221143 0.08937879
v 0.00002098 0.11221143 0.08937879
v 0.00002098 0.11221143 0.08937879
v 0.00002098 0.11221143 0.08937879
v 0.00002098 0.11221143 0.08937879
v 0.00002098 0.11221143 0.08937879
v 0.00002098 0.11221143 0.08937879
v 0.00002098 0.11221143 0.08937879
v -0.07502107 0.11221142 0.08937875
v -0.07502107 0.11221142 0.08937875
v -0.07502106 0.11107542 0.04999587
v -0.07502105 0.11038122 0.03901406
v -0.07502104 0.10842462 0.02822170
v -0.07356942 0.12256212 0.01843909
v -0.06927772 0.13606843 0.00903515
v -0.06233520 0.14856494 0.00038861
v -0.05305750 0.15954673 -0.00724812
v -0.04169703 0.16850883 -0.01343321
v -0.02869564 0.17519882 -0.01810366
v -0.01462131 0.17930123 -0.02094375
v 0.00002103 0.18068972 -0.02189044
v 0.01460027 0.17930123 -0.02094373
v 0.02867460 0.17519882 -0.01810363
v 0.04167597 0.16850883 -0.01343317
v 0.05303644 0.15954673 -0.00724806
v 0.06237726 0.14856494 0.00038867
v 0.06931975 0.13606843 0.00903522
v 0.07354835 0.12256214 0.01843917
v 0.07499996 0.10842463 0.02822178
v 0.07354834 0.09435034 0.03800439
v 0.06931975 0.08078093 0.04740828
v 0.06237723 0.06828440 0.05605487
v 0.06237723 0.06942046 0.06160883
v 0.06237723 0.06986225 0.06722598
v 0.05303640 0.05913293 0.08937882
v 0.05303640 0.05913293 0.08937882
v 0.05303640 0.05913293 0.08937882
v 0.04167593 0.04985523 0.08937881
v 0.04167593 0.04985523 0.08937881
v 0.04167593 0.04985523 0.08937881
v 0.02867455 0.04291272 0.08937880
v 0.02867455 0.04291272 0.08937880
v 0.01460022 0.03862100 0.08937880
v 0.01460022 0.03862100 0.08937880
v 0.00002098 0.03716939 0.08937879
v 0.00002098 0.03716939 0.08937879
v 0.00002098 0.03716939 0.08937879
v -0.01462136 0.03862100 0.08937878
v -0.01462136 0.03862100 0.08937878
v -0.01462136 0.03862100 0.08937878
v -0.02869569 0.04291271 0.08937877
v -0.02869569 0.04291271 0.08937877
v -0.02869569 0.04291271 0.08937877
v -0.04169707 0.04985522 0.08937877
v -0.04169707 0.04985522 0.08937877
v -0.04169707 0.04985522 0.08937877
v -0.05305754 0.05913292 0.08937876
v -0.05305754 0.05913292 0.08937876
v -0.05305754 0.05913292 0.08937876
v -0.06233525 0.07055651 0.08937876
v -0.06233525 0.07055651 0.08937876
v -0.06233525 0.07055651 0.08937876
v -0.06927775 0.08349477 0.08937875
v -0.06927775 0.08349477 0.08937875
v -0.06927775 0.08349477 0.08937875
v -0.07356946 0.09756909 0.08937875
v -0.07356946 0.09756909 0.08937875
v -0.07356945 0.09662239 0.05605480
v -0.07356944 0.09599130 0.04690329
v -0.07356944 0.09435032 0.03800431
v -0.07356943 0.09151022 0.03049377
v -0.07502104 0.10501652 0.01919642
v -0.07356942 0.11858592 0.00783596
v -0.06927771 0.13165043 -0.00301953
v -0.06233519 0.14364202 -0.01311769
v -0.05305750 0.15418203 -0.02189047
v -0.04169702 0.16282853 -0.02914852
v -0.02869564 0.16920303 -0.03451317
v -0.01462130 0.17317922 -0.03779511
v 0.00002104 0.17450462 -0.03893111
v 0.01460028 0.17317922 -0.03779510
v 0.02867460 0.16920303 -0.03451314
v 0.04167598 0.16282853 -0.02914848
v 0.05303645 0.15418203 -0.02189041
v 0.06237727 0.14364202 -0.01311762
v 0.06931976 0.13165043 -0.00301946
v 0.07354835 0.11858594 0.00783604
v 0.07499997 0.10501654 0.01919650
v 0.07354835 0.09151024 0.03049385
v 0.06931975 0.07844574 0.04141252
v 0.06237724 0.06645412 0.05144755
v 0.05303641 0.05591416 0.06028347
v 0.05303641 0.05736577 0.06369159
v 0.05303641 0.05824935 0.06773089
v 0.05303641 0.05862802 0.07195947
v 0.04167594 0.04941344 0.07580939
v 0.02867455 0.04253405 0.07864948
v 0.01460022 0.03836852 0.08041669
v 0.00002099 0.03691690 0.08104785
v 0.00002099 0.03691690 0.08104785
v -0.01462136 0.03836852 0.08041668
v -0.02869569 0.04253404 0.07864945
v -0.04169707 0.04941343 0.07580934
v -0.05305753 0.05862801 0.07195941
v -0.06233523 0.06986223 0.06722592
v -0.06927773 0.08267431 0.06186125
v -0.06927773 0.08216940 0.05454007
v -0.06927773 0.08078092 0.04740820
v -0.06927773 0.07844573 0.04141245
v -0.06927773 0.07453267 0.03642646
v -0.07356943 0.08665048 0.02424553
v -0.07502104 0.09921007 0.01162282
v -0.07356942 0.11183282 -0.00099989
v -0.06927770 0.12395062 -0.01318081
v -0.06233519 0.13512173 -0.02435191
v -0.05305748 0.14490433 -0.03419763
v -0.04169701 0.15298293 -0.04227615
v -0.02869563 0.15891553 -0.04827195
v -0.01462130 0.16263923 -0.05193256
v 0.00002105 0.16383843 -0.05319480
v 0.01460028 0.16263923 -0.05193255
v 0.02867461 0.15891553 -0.04827192
v 0.04167599 0.15298293 -0.04227610
v 0.05303646 0.14490433 -0.03419757
v 0.06237727 0.13512173 -0.02435184
v 0.06931978 0.12395064 -0.01318073
v 0.07354836 0.11183284 -0.00099981
v 0.07499997 0.09921008 0.01162290
v 0.07354835 0.08665050 0.02424561
v 0.06931975 0.07453269 0.03642653
v 0.06237724 0.06336153 0.04766075
v 0.05303642 0.05351579 0.05744335
v 0.04167594 0.04550039 0.06552187
v 0.04167594 0.04726755 0.06747839
v 0.04167594 0.04840362 0.06993983
v 0.04167594 0.04909783 0.07284304
v 0.02867456 0.04228156 0.07656678
v 0.01460022 0.03811609 0.07890196
v 0.00002099 0.03666447 0.07965930
v 0.00002099 0.03666447 0.07965930
v -0.01462136 0.03811609 0.07890195
v -0.02869568 0.04228155 0.07656675
v -0.04169706 0.04909782 0.07284300
v -0.05305753 0.05824934 0.06773083
v -0.06233523 0.06942044 0.06160876
v -0.06233523 0.06828438 0.05605480
v -0.06233522 0.06645411 0.05144748
v -0.06233522 0.06336151 0.04766068
v -0.06927772 0.06891553 0.03289208
v -0.07356942 0.07970797 0.01982758
v -0.07502103 0.09094219 0.00625811
v -0.07356941 0.10223952 -0.00731125
v -0.06927770 0.11303202 -0.02037575
v -0.06233518 0.12300392 -0.03243043
v -0.05305748 0.13171352 -0.04297043
v -0.04169701 0.13890853 -0.05161697
v -0.02869562 0.14427313 -0.05805456
v -0.01462129 0.14755513 -0.06196760
v 0.00002105 0.14862803 -0.06329297
v 0.01460029 0.14755513 -0.06196759
v 0.02867462 0.14427313 -0.05805453
v 0.04167600 0.13890853 -0.05161692
v 0.05303646 0.13171352 -0.04297037
v 0.06237728 0.12300394 -0.03243036
v 0.06931978 0.11303204 -0.02037567
v 0.07354837 0.10223953 -0.00731117
v 0.07499997 0.09094220 0.00625819
v 0.07354835 0.07970799 0.01982766
v 0.06931975 0.06891555 0.03289215
v 0.06237724 0.05894357 0.04488371
v 0.05303642 0.05017077 0.05542372
v 0.04167594 0.04297584 0.06407026
v 0.02867456 0.03950458 0.07151767
v 0.02867456 0.04082995 0.07284304
v 0.02867456 0.04171359 0.07454714
v 0.01460023 0.03761118 0.07738724
v 0.00002099 0.03622269 0.07833393
v 0.00002099 0.03622269 0.07833393
v -0.01462135 0.03761118 0.07738722
v -0.02869568 0.04171358 0.07454711
v -0.04169706 0.04840361 0.06993978
v -0.05305753 0.05736576 0.06369153
v -0.05305753 0.05591415 0.06028341
v -0.05305753 0.05351578 0.05744329
v -0.06233522 0.05894356 0.04488364
v -0.06927772 0.06241481 0.03093556
v -0.07356942 0.07169251 0.01736614
v -0.07502103 0.08134894 0.00322870
v -0.07356941 0.09100531 -0.01084562
v -0.06927769 0.10034613 -0.02441503
v -0.06233518 0.10886642 -0.03691150
v -0.05305748 0.11637703 -0.04789329
v -0.04169700 0.12256213 -0.05685538
v -0.02869562 0.12710632 -0.06354546
v -0.01462128 0.12994643 -0.06764786
v 0.00002106 0.13089313 -0.06903634
v 0.01460030 0.12994643 -0.06764784
v 0.02867462 0.12710632 -0.06354543
v 0.04167600 0.12256213 -0.05685534
v 0.05303647 0.11637704 -0.04789323
v 0.06237728 0.10886644 -0.03691143
v 0.06931978 0.10034614 -0.02441495
v 0.07354837 0.09100533 -0.01084554
v 0.07499997 0.08134896 0.00322878
v 0.07354835 0.07169253 0.01736622
v 0.06931975 0.06241483 0.03093564
v 0.06237724 0.05383139 0.04343210
v 0.05303642 0.04632085 0.05435077
v 0.04167594 0.04019886 0.06337604
v 0.02867456 0.03767430 0.07050785
v 0.01460023 0.03584402 0.07517828
v 0.01460023 0.03691690 0.07612498
v 0.00002099 0.03552842 0.07726098
v 0.00002099 0.03552842 0.07726098
v -0.01462135 0.03691690 0.07612497
v -0.02869568 0.04082994 0.07284301
v -0.04169706 0.04726754 0.06747834
v -0.04169706 0.04550038 0.06552182
v -0.05305753 0.05017076 0.05542366
v -0.06233522 0.05383138 0.04343203
v -0.06927772 0.05521987 0.02986262
v -0.07356942 0.06279355 0.01597765
v -0.07502103 0.07068269 0.00158772
v -0.07356941 0.07857190 -0.01280214
v -0.06927769 0.08614557 -0.02668710
v -0.06233517 0.09315114 -0.03943606
v -0.05305747 0.09927319 -0.05060715
v -0.04169700 0.10425913 -0.05982172
v -0.02869561 0.10804603 -0.06663805
v -0.01462128 0.11031803 -0.07086663
v 0.00002106 0.11107543 -0.07225511
v 0.01460030 0.11031803 -0.07086661
v 0.02867463 0.10804603 -0.06663802
v 0.04167601 0.10425913 -0.05982168
v 0.05303647 0.09927320 -0.05060709
v 0.06237729 0.09315116 -0.03943599
v 0.06931978 0.08614559 -0.02668702
v 0.07354837 0.07857192 -0.01280206
v 0.07499997 0.07068270 0.00158781
v 0.07354835 0.06279356 0.01597773
v 0.06931975 0.05521989 0.02986270
v 0.06237724 0.04821425 0.04261164
v 0.05303642 0.04209226 0.05384587
v 0.04167594 0.03704315 0.06299732
v 0.02867456 0.03559154 0.07006606
v 0.01460023 0.03439241 0.07448401
v 0.00002099 0.03458172 0.07644053
v 0.00002099 0.03458172 0.07644053
v -0.01462135 0.03584402 0.07517827
v -0.02869568 0.03950457 0.07151764
v -0.04169706 0.04297583 0.06407022
v -0.05305753 0.04632084 0.05435072
v -0.06233522 0.04821424 0.04261157
v -0.06927772 0.04789870 0.02948395
v -0.07356942 0.05370514 0.01553586
v -0.07502103 0.05982719 0.00101973
v -0.07356941 0.06588607 -0.01355948
v -0.06927769 0.07175563 -0.02750762
v -0.06233517 0.07712029 -0.04038276
v -0.05305747 0.08185385 -0.05168009
v -0.04169700 0.08570379 -0.06089466
v -0.02869561 0.08860701 -0.06777405
v -0.01462128 0.09037417 -0.07200270
v 0.00002106 0.09094220 -0.07345431
v 0.01460030 0.09037417 -0.07200269
v 0.02867463 0.08860701 -0.06777402
v 0.04167601 0.08570379 -0.06089462
v 0.05303647 0.08185387 -0.05168003
v 0.06237729 0.07712030 -0.04038269
v 0.06931978 0.07175565 -0.02750755
v 0.07354837 0.06588609 -0.01355940
v 0.07499997 0.05982720 0.00101981
v 0.07354835 0.05370515 0.01553594
v 0.06931975 0.04789871 0.02948403
v 0.06237724 0.04253405 0.04235922
v 0.05303642 0.03780055 0.05365656
v 0.04167594 0.03388750 0.06287113
v 0.02867456 0.03331947 0.06981357
v 0.01460023 0.03275144 0.07416847
v 0.00002099 0.03325634 0.07580937
v 0.00002099 0.03325634 0.07580937
v -0.01462135 0.03439241 0.07448399
v -0.02869568 0.03767429 0.07050782
v -0.04169706 0.04019885 0.06337599
v -0.05305753 0.04209225 0.05384581
v -0.06233522 0.04253404 0.04235915
v -0.06233522 0.02372615 0.04204354
v -0.06927771 0.02372615 0.02904216
v -0.07356942 0.02372615 0.01496783
v -0.07502102 0.02372615 0.00032548
v -0.07356940 0.02372615 -0.01425375
v -0.06927768 0.02372615 -0.02832808
v -0.06233517 0.02372615 -0.04132946
v -0.05305747 0.02372615 -0.05268992
v -0.04169699 0.02372615 -0.06203074
v -0.02869560 0.02372616 -0.06897324
v -0.01462127 0.02372616 -0.07320182
v 0.00002107 0.02372616 -0.07465342
v 0.01460031 0.02372616 -0.07320181
v 0.02867464 0.02372616 -0.06897321
v 0.04167601 0.02372616 -0.06203069
v 0.05303648 0.02372616 -0.05268987
v 0.06237729 0.02372616 -0.04132939
v 0.06931979 0.02372616 -0.02832801
v 0.07354838 0.02372616 -0.01425367
v 0.07499998 0.02372617 0.00032557
v 0.07354836 0.02372616 0.01496791
v 0.06931976 0.02372616 0.02904223
v 0.06237724 0.02372616 0.04204361
v 0.05303642 0.02372616 0.05340408
v 0.04167594 0.02372616 0.06268177
v 0.02867456 0.03104734 0.06975051
v 0.01460023 0.03104734 0.07404222
v 0.00002099 0.03180474 0.07555695
v 0.00002099 0.03180474 0.07555695
v -0.01462135 0.03275144 0.07416845
v -0.02869568 0.03559153 0.07006603
v -0.04169706 0.03704314 0.06299727
v -0.05305753 0.03780054 0.05365650
v -0.05305753 0.02372615 0.05340402
v -0.04169706 -0.00000448 0.06268173
v -0.04169706 -0.00000448 0.06268173
v -0.05305752 -0.00000448 0.05340402
v -0.05305752 -0.00000448 0.05340402
v -0.06233521 -0.00000448 0.04204354
v -0.06233521 -0.00000448 0.04204354
v -0.06927771 -0.00000448 0.02904216
v -0.06927771 -0.00000448 0.02904216
v -0.07356942 -0.00000448 0.01496783
v -0.07356942 -0.00000448 0.01496783
v -0.07502102 -0.00000448 0.00032548
v -0.07502102 -0.00000448 0.00032548
v -0.07356940 -0.00000448 -0.01425375
v -0.07356940 -0.00000448 -0.01425375
v -0.06927768 -0.00000448 -0.02832808
v -0.06927768 -0.00000448 -0.02832808
v -0.06233517 -0.00000448 -0.04132946
v -0.06233517 -0.00000448 -0.04132946
v -0.05305746 -0.00000448 -0.05268992
v -0.05305746 -0.00000448 -0.05268992
v -0.04169699 -0.00000448 -0.06203074
v -0.04169699 -0.00000448 -0.06203074
v -0.02869560 -0.00000448 -0.06897324
v -0.02869560 -0.00000448 -0.06897324
v -0.01462127 -0.00000447 -0.07320182
v -0.01462127 -0.00000447 -0.07320182
v 0.00002107 -0.00000447 -0.07465342
v 0.00002107 -0.00000447 -0.07465342
v 0.01460031 -0.00000447 -0.07320181
v 0.01460031 -0.00000447 -0.07320181
v 0.02867464 -0.00000447 -0.06897321
v 0.02867464 -0.00000447 -0.06897321
v 0.04167601 -0.00000447 -0.06203069
v 0.04167601 -0.00000447 -0.06203069
v 0.05303648 -0.00000447 -0.05268987
v 0.05303648 -0.00000447 -0.05268987
v 0.06237729 -0.00000447 -0.04132939
v 0.06237729 -0.00000447 -0.04132939
v 0.06931979 -0.00000447 -0.02832801
v 0.06931979 -0.00000447 -0.02832801
v 0.07354838 -0.00000447 -0.01425367
v 0.07354838 -0.00000447 -0.01425367
v 0.07499998 -0.00000447 0.00032557
v 0.07499998 -0.00000447 0.00032557
v 0.07354836 -0.00000447 0.01496791
v 0.07354836 -0.00000447 0.01496791
v 0.06931976 -0.00000447 0.02904223
v 0.06931976 -0.00000447 0.02904223
v 0.06237725 -0.00000447 0.04204361
v 0.06237725 -0.00000447 0.04204361
v 0.05303642 -0.00000447 0.05340408
v 0.05303642 -0.00000447 0.05340408
v 0.04167595 -0.00000447 0.06268177
v 0.04167595 -0.00000447 0.06268177
v 0.02867456 -0.00000447 0.06962427
v 0.02867456 -0.00000447 0.06962427
v 0.02867456 0.02372616 0.06962427
v 0.01460023 0.02928018 0.07404222
v 0.00002099 0.03022688 0.07543070
v 0.00002099 0.03022688 0.07543070
v -0.01462135 0.03104734 0.07404220
v -0.02869568 0.03331946 0.06981354
v -0.04169706 0.03388749 0.06287108
v -0.04169706 0.02372615 0.06268173
v -0.02869568 -0.00000448 0.06962424
v -0.02869568 -0.00000448 0.06962424
v 0.00002103 -0.00000447 0.00032553
v 0.01460023 -0.00000447 0.07391597
v 0.01460023 -0.00000447 0.07391597
v 0.01460023 0.02372616 0.07391597
v 0.00002099 0.02864903 0.07543070
v 0.00002099 0.02864903 0.07543070
v -0.01462135 0.02928018 0.07404220
v -0.02869568 0.03104734 0.06975048
v -0.02869568 0.02372616 0.06962424
v -0.01462135 -0.00000447 0.07391596
v -0.01462135 -0.00000447 0.07391596
v 0.00002099 -0.00000447 0.07536758
v 0.00002099 -0.00000447 0.07536758
v 0.00002099 -0.00000447 0.07536758
v 0.00002099 0.02372616 0.07536758
v 0.00002099 0.02372616 0.07536758
v -0.01462135 0.02372616 0.07391596
vn 0.19407938 -0.98098582 -0.00003457
vn 0.00000054 0.00000000 -1.00000000
vn 0.38148439 -0.92436755 -0.00379399
vn 0.00000054 0.00000000 -1.00000000
vn 0.38251477 -0.92381954 -0.01549223
vn 0.55685157 -0.83039147 -0.01914387
vn 0.55532223 -0.83161765 -0.00542217
vn 0.00000054 0.00000000 -1.00000000
vn 0.70908916 -0.70484471 -0.01965758
vn 0.70708936 -0.70709086 -0.00688956
vn 0.00000054 0.00000000 -1.00000000
vn 0.83396816 -0.55152625 -0.01777723
vn 0.83164579 -0.55527932 -0.00549564
vn 0.00000054 0.00000000 -1.00000000
vn 0.92549044 -0.37854850 -0.01297698
vn 0.92372817 -0.38302982 -0.00381748
vn 0.00000054 0.00000000 -1.00000000
vn 0.98127598 -0.19247101 -0.00722558
vn 0.98082530 -0.19487631 -0.00224550
vn 0.00000054 0.00000000 -1.00000000
vn 0.99999791 0.00202390 -0.00043337
vn 0.00000054 0.00000000 -1.00000000
vn 0.99999958 0.00101235 0.00002142
vn 0.98096162 0.19407949 0.00690328
vn 0.98068738 0.19556829 0.00229584
vn 0.00000054 0.00000000 -1.00000000
vn 0.00000315 0.00000000 -1.00000000
vn 0.92471093 0.38041508 0.01393654
vn -0.00000470 -0.00000000 -1.00000000
vn 0.92372382 0.38303980 0.00382759
vn 0.00000315 0.00000000 -1.00000000
vn 0.83309567 0.55274528 0.02059749
vn -0.00000470 -0.00000000 -1.00000000
vn 0.00001102 0.00000000 -1.00000000
vn 0.83121425 0.55591077 0.00680020
vn 0.70950103 0.70419943 0.02667643
vn 0.00001102 0.00000000 -1.00000000
vn -0.00000994 -0.00000000 -1.00000000
vn 0.70643562 0.70772874 0.00829448
vn 0.55927062 0.82836753 0.03199589
vn 0.00000054 0.00000000 -1.00000000
vn -0.00000994 -0.00000000 -1.00000000
vn 0.55574596 0.83129668 0.00961602
vn 0.38468587 0.92236275 0.03555198
vn 0.38264832 0.92382044 0.01166441
vn 0.00000054 0.00000000 -1.00000000
vn 0.19708809 0.97964972 0.03798417
vn 0.00000054 0.00000000 -1.00000000
vn 0.19524151 0.98068392 0.01182929
vn 0.00025671 0.99922252 0.03942513
vn 0.00000054 0.00000000 -1.00000000
vn 0.00024004 0.99992740 0.01204758
vn -0.19725581 0.97961462 0.03802067
vn -0.19504958 0.98072201 0.01183815
vn 0.00000054 0.00000000 -1.00000000
vn -0.38445541 0.92246705 0.03533718
vn -0.38284478 0.92373896 0.01167049
vn 0.00000054 0.00000000 -1.00000000
vn -0.55918616 0.82842815 0.03190064
vn -0.55563968 0.83136797 0.00959831
vn 0.00001101 0.00000000 -1.00000000
vn 0.00000054 0.00000000 -1.00000000
vn -0.70971143 0.70399064 0.02658513
vn -0.70652968 0.70763534 0.00825659
vn 0.00001101 0.00000000 -1.00000000
vn -0.00000994 -0.00000000 -1.00000000
vn 0.00000445 0.00000000 -1.00000000
vn 0.00000315 0.00000000 -1.00000000
vn -0.00000470 -0.00000000 -1.00000000
vn 0.00001102 0.00000000 -1.00000000
vn 0.00000316 0.00000000 -1.00000000
vn 0.00000054 0.00000000 -1.00000000
vn 0.00001101 0.00000000 -1.00000000
vn -0.00000207 -0.00000000 -1.00000000
vn -0.00000994 -0.00000000 -1.00000000
vn -0.00000994 -0.00000000 -1.00000000
vn 0.00000579 0.00000000 -1.00000000
vn 0.00000054 0.00000000 -1.00000000
vn 0.00001768 -0.99999583 0.00290018
vn -0.00003213 -0.99999583 0.00289816
vn 0.00000054 0.00000000 -1.00000000
vn 0.00000445 0.00000000 -1.00000000
vn -0.19430021 -0.98094141 0.00121309
vn 0.00000316 0.00000000 -1.00000000
vn 0.00000445 0.00000000 -1.00000000
vn -0.38261250 -0.92390507 -0.00265535
vn -0.19480611 -0.98078620 -0.01043931
vn 0.00000803 -0.99998272 -0.00590432
vn -0.00004075 -0.99998248 -0.00590908
vn 0.19451030 -0.98085678 -0.00926270
vn 0.21470079 -0.95760190 -0.19209959
vn 0.41418728 -0.89466602 -0.16739678
vn 0.58830869 -0.79668427 -0.13851829
vn 0.73593730 -0.66790205 -0.11091951
vn 0.85195810 -0.51686394 -0.08378144
vn 0.93440604 -0.35171470 -0.05641249
vn 0.98428982 -0.17416401 -0.02898872
vn 0.99997389 0.00706145 -0.00151235
vn 0.98185217 0.18793419 0.02544098
vn 0.93020177 0.36326358 0.05257739
vn 0.84409827 0.53066438 0.07676987
vn 0.72619140 0.68014818 0.10022309
vn 0.57688117 0.80788887 0.12051551
vn 0.40244666 0.90512997 0.13702831
vn 0.20638244 0.96754348 0.14582820
vn 0.00027970 0.98863500 0.15033589
vn -0.20627287 0.96756983 0.14580940
vn -0.40238535 0.90516192 0.13699569
vn -0.57689083 0.80788964 0.12046298
vn -0.72619104 0.68014866 0.10022251
vn -0.84420604 0.53051704 0.07660355
vn -0.83316117 0.55264765 0.02057388
vn -0.83132553 0.55574524 0.00671139
vn -0.00000994 -0.00000000 -1.00000000
vn 0.00000579 0.00000000 -1.00000000
vn -0.00000207 -0.00000000 -1.00000000
vn 0.00000579 0.00000000 -1.00000000
vn -0.92349029 0.38358992 0.00495939
vn -0.98060751 0.19596861 0.00227875
vn 0.00000054 0.00000000 -1.00000000
vn -0.00000207 -0.00000000 -1.00000000
vn -0.99999970 0.00094767 0.00002126
vn 0.00000054 0.00000000 -1.00000000
vn -0.98083162 -0.19484270 -0.00243061
vn 0.00000054 0.00000000 -1.00000000
vn 0.00000054 0.00000000 -1.00000000
vn -0.92437732 -0.38146099 -0.00377836
vn -0.83159876 -0.55534977 -0.00547924
vn 0.00000054 0.00000000 -1.00000000
vn 0.00000054 0.00000000 -1.00000000
vn -0.70646673 -0.70772529 -0.00546320
vn 0.00000316 0.00000000 -1.00000000
vn -0.55531657 -0.83162189 -0.00538057
vn 0.00000054 0.00000000 -1.00000000
vn -0.38290340 -0.92363417 -0.01688089
vn -0.21470431 -0.95762098 -0.19200002
vn 0.00115205 -0.97903073 -0.20370950
vn 0.00114734 -0.97903281 -0.20369940
vn 0.23971467 -0.79388839 -0.55881846
vn 0.45736662 -0.75352895 -0.47223947
vn 0.63670134 -0.67129302 -0.37944308
vn 0.77591366 -0.55970144 -0.29101980
vn 0.87872577 -0.42751300 -0.21230562
vn 0.94813734 -0.28693062 -0.13677150
vn 0.98806107 -0.13896291 -0.06651896
vn 0.99993229 0.01147350 0.00198281
vn 0.98448396 0.16138449 0.06889503
vn 0.94066006 0.31171519 0.13413620
vn 0.86667412 0.45724908 0.19949765
vn 0.75849503 0.59725463 0.26071501
vn 0.61434025 0.72263998 0.31682414
vn 0.43644133 0.82233113 0.36508974
vn 0.22615852 0.88985902 0.39623651
vn 0.00002228 0.91299391 0.40797329
vn -0.22615538 0.88992947 0.39607987
vn -0.43644267 0.82233053 0.36508957
vn -0.61442196 0.72253192 0.31691209
vn -0.75847447 0.59729374 0.26068529
vn -0.86675030 0.45718670 0.19930994
vn -0.94063127 0.31173050 0.13430139
vn -0.92978638 0.36448312 0.05147371
vn -0.92460328 0.38067162 0.01407477
vn -0.98094040 0.19418701 0.00688005
vn -0.99999809 0.00191000 -0.00041030
vn -0.98123592 -0.19268818 -0.00690376
vn -0.92547613 -0.37858528 -0.01292856
vn -0.83410162 -0.55132973 -0.01761135
vn -0.70908904 -0.70484614 -0.01961346
vn -0.55682164 -0.83040988 -0.01921266
vn -0.41419873 -0.89465266 -0.16744003
vn -0.23971553 -0.79389542 -0.55880803
vn -0.00003387 -0.80163550 -0.59781343
vn 0.00002338 -0.80163020 -0.59782040
vn -0.00131185 -0.40540701 -0.91413540
vn -0.00126297 -0.40541601 -0.91413152
vn 0.23369660 -0.42399257 -0.87499499
vn 0.45563796 -0.44247878 -0.77240318
vn 0.64288789 -0.42144024 -0.63959622
vn 0.78551316 -0.36449015 -0.50011629
vn 0.88686669 -0.28367531 -0.36468583
vn 0.95265871 -0.19149411 -0.23615979
vn 0.98930305 -0.09438469 -0.11122537
vn 0.99992597 0.00697294 0.00998074
vn 0.98564506 0.11003109 0.12805133
vn 0.94522190 0.21435200 0.24618891
vn 0.87624580 0.31792539 0.36210057
vn 0.77315718 0.42082655 0.47448191
vn 0.63282514 0.51624066 0.57708597
vn 0.45180780 0.59572583 0.66406351
vn 0.23746546 0.64978480 0.72207332
vn 0.00006182 0.66949218 0.74281907
vn -0.23740745 0.64975297 0.72212106
vn -0.45182142 0.59575975 0.66402388
vn -0.63268745 0.51640093 0.57709336
vn -0.77313387 0.42081884 0.47452667
vn -0.87629259 0.31798822 0.36193213
vn -0.94524139 0.21418041 0.24626300
vn -0.98565537 0.10999831 0.12800068
vn -0.98440367 0.16194551 0.06872636
vn -0.98179102 0.18819632 0.02585691
vn -0.99997658 0.00669369 -0.00143421
vn -0.98431730 -0.17398979 -0.02910553
vn -0.93440920 -0.35171068 -0.05638154
vn -0.85195440 -0.51686299 -0.08382372
vn -0.73599571 -0.66781068 -0.11108260
vn -0.58830750 -0.79668528 -0.13851681
vn -0.45736668 -0.75352883 -0.47223943
vn -0.23369650 -0.42399773 -0.87499249
vn -0.19570568 -0.06161483 -0.97872514
vn -0.00004745 -0.03329509 -0.99944562
vn 0.00001744 -0.03329873 -0.99944550
vn 0.19570573 -0.06158504 -0.97872698
vn 0.39749298 -0.11397606 -0.91049928
vn 0.58722502 -0.14979796 -0.79544169
vn 0.74382687 -0.15603665 -0.64990330
vn 0.86203271 -0.13349022 -0.48895773
vn 0.94148135 -0.09568617 -0.32319790
vn 0.98643523 -0.05036839 -0.15623166
vn 0.99994791 0.00010267 0.01021027
vn 0.98355567 0.05319114 0.17259492
vn 0.93723589 0.10913728 0.33117652
vn 0.85991293 0.16369007 0.48348266
vn 0.74978805 0.21643026 0.62528074
vn 0.60519141 0.26459205 0.75082260
vn 0.42705622 0.30533233 0.85111415
vn 0.22165288 0.33155504 0.91702855
vn 0.00030332 0.34008351 0.94039518
vn -0.22131902 0.33193478 0.91697180
vn -0.42716998 0.30498946 0.85118008
vn -0.60517550 0.26452783 0.75085801
vn -0.74977678 0.21687274 0.62514090
vn -0.86016166 0.16350143 0.48310366
vn -0.93720710 0.10910132 0.33127031
vn -0.98353553 0.05341353 0.17264117
vn -0.99992961 0.00707129 0.00953078
vn -0.99993920 0.01087424 0.00187844
vn -0.98804796 -0.13903399 -0.06656419
vn -0.94818371 -0.28680068 -0.13672250
vn -0.87848842 -0.42877680 -0.21073388
vn -0.77591294 -0.55972397 -0.29097781
vn -0.63670069 -0.67129266 -0.37944522
vn -0.45560294 -0.44250563 -0.77240855
vn -0.39758164 -0.11399864 -0.91045785
vn -0.37617290 -0.01573243 -0.92641598
vn -0.18760498 0.01512513 -0.98212820
vn -0.00001072 0.03019410 -0.99954420
vn 0.00002938 0.03019899 -0.99954402
vn 0.18760683 0.01507463 -0.98212850
vn 0.37619540 -0.01563444 -0.92640853
vn 0.55648220 -0.04037381 -0.82987797
vn 0.71333867 -0.05003941 -0.69903082
vn 0.83867627 -0.04885546 -0.54243463
vn 0.92910707 -0.03809622 -0.36784339
vn 0.98270953 -0.02154204 -0.18389718
vn 0.99999201 -0.00110468 0.00384444
vn 0.98152459 0.02106192 0.19017352
vn 0.92815393 0.04355134 0.36963999
vn 0.84132302 0.06640472 0.53643829
vn 0.72196943 0.08622485 0.68653148
vn 0.57262659 0.10487215 0.81308103
vn 0.39771452 0.11983254 0.90965027
vn 0.20352027 0.12853651 0.97059673
vn -0.00014708 0.13184489 0.99127042
vn -0.20325074 0.12854938 0.97065151
vn -0.39773479 0.11978466 0.90964758
vn -0.57262742 0.10487205 0.81308043
vn -0.72162437 0.08620214 0.68689704
vn -0.84154081 0.06632397 0.53610665
vn -0.92813641 0.04312543 0.36973399
vn -0.98151344 0.02112564 0.19022419
vn -0.99995041 -0.00008391 0.00997257
vn -0.98929524 -0.09468141 -0.11104293
vn -0.95245278 -0.19186328 -0.23669031
vn -0.88689524 -0.28369930 -0.36459789
vn -0.78552616 -0.36456016 -0.50004452
vn -0.64288676 -0.42144087 -0.63959694
vn -0.58722431 -0.14979935 -0.79544193
vn -0.55648309 -0.04052393 -0.82987022
vn -0.55535775 -0.01920383 -0.83138990
vn -0.38208321 -0.01424476 -0.92401826
vn -0.19430858 -0.00797619 -0.98090810
vn 0.00000289 -0.00490260 -0.99998802
vn -0.00002549 -0.00490469 -0.99998802
vn 0.19430992 -0.00806425 -0.98090708
vn 0.38204449 -0.01421776 -0.92403459
vn 0.55523664 -0.01921159 -0.83147049
vn 0.70769143 -0.01966780 -0.70624787
vn 0.83297807 -0.01779602 -0.55301976
vn 0.92484498 -0.01281009 -0.38012868
vn 0.98127919 -0.00689265 -0.19246738
vn 0.99999762 -0.00096463 0.00199258
vn 0.98063296 0.00679531 0.19573632
vn 0.92407215 0.01423790 0.38195312
vn 0.83207440 0.02059907 0.55428159
vn 0.70829803 0.02678936 0.70540518
vn 0.55787969 0.03185807 0.82931018
vn 0.38496590 0.03560057 0.92224395
vn 0.19521938 0.03803708 0.98002183
vn 0.00027406 0.03888803 0.99924362
vn -0.19552852 0.03803489 0.97996020
vn -0.38458821 0.03545400 0.92240733
vn -0.55774200 0.03189183 0.82940149
vn -0.70831257 0.02680498 0.70538986
vn -0.83201760 0.02052478 0.55436939
vn -0.92403668 0.01417932 0.38204110
vn -0.98065573 0.00681767 0.19562177
vn -0.99999291 -0.00104692 0.00364333
vn -0.98644733 -0.05029836 -0.15617894
vn -0.94150883 -0.09574188 -0.32310182
vn -0.86198747 -0.13351028 -0.48903239
vn -0.74381864 -0.15599325 -0.64992315
vn -0.71333551 -0.04999041 -0.69903743
vn -0.70770967 -0.01975655 -0.70622718
vn -0.70574212 -0.00460059 -0.70845383
vn 0.00000009 -1.00000000 0.00000033
vn 0.00000009 -1.00000000 0.00000000
vn -0.55408156 -0.00264632 -0.83245820
vn 0.00000009 -1.00000000 -0.00000033
vn 0.00000009 -1.00000000 0.00000033
vn -0.38037360 -0.00000003 -0.92483288
vn 0.00000009 -1.00000000 -0.00000033
vn 0.00000009 -1.00000000 0.00000000
vn -0.19350179 0.00351153 -0.98109371
vn 0.00000009 -1.00000000 0.00000000
vn 0.00000009 -1.00000000 0.00000000
vn -0.00002068 0.00589418 -0.99998272
vn 0.00000397 0.00589871 -0.99998272
vn 0.00000009 -1.00000000 0.00000000
vn 0.00000009 -1.00000000 -0.00000016
vn 0.19368352 0.00456436 -0.98105359
vn 0.00000009 -1.00000000 -0.00000016
vn 0.00000009 -1.00000000 0.00000000
vn 0.38061732 0.00128207 -0.92473185
vn 0.55340964 -0.00139810 -0.83290821
vn 0.00000009 -1.00000000 -0.00000033
vn 0.00000009 -1.00000000 0.00000000
vn 0.00000009 -1.00000000 0.00000000
vn 0.70503128 -0.00283247 -0.70917076
vn 0.00000009 -1.00000000 -0.00000033
vn 0.00000009 -1.00000000 0.00000000
vn 0.83038002 -0.00280337 -0.55719066
vn 0.00000009 -1.00000000 0.00000066
vn 0.00000009 -1.00000000 0.00000000
vn 0.92326236 -0.00277767 -0.38416019
vn 0.00000009 -1.00000000 0.00000066
vn 0.00000009 -1.00000000 0.00000000
vn 0.98066324 -0.00110880 -0.19570018
vn 0.00000009 -1.00000000 0.00000000
vn 0.99999952 -0.00000313 0.00104183
vn 0.00000009 -1.00000000 0.00000000
vn 0.98038530 0.00124010 0.19708702
vn 0.00000009 -1.00000000 -0.00000066
vn 0.00000009 -1.00000000 -0.00000066
vn 0.00000009 -1.00000000 0.00000000
vn 0.92299581 0.00329616 0.38479611
vn 0.00000009 -1.00000000 0.00000000
vn 0.82985431 0.00414283 0.55796480
vn 0.00000009 -1.00000000 0.00000000
vn 0.70504296 0.00569457 0.70914173
vn 0.00000009 -1.00000000 0.00000000
vn 0.55338216 0.00820212 0.83288711
vn 0.38129240 0.00773517 0.92442209
vn 0.00000009 -1.00000000 0.00000000
vn 0.19427408 0.00812186 0.98091370
vn 0.00000009 -1.00000000 0.00000000
vn 0.00028154 0.00940657 0.99995577
vn 0.00000009 -1.00000000 0.00000000
vn -0.19429682 0.00810317 0.98090941
vn 0.00000009 -1.00000000 0.00000000
vn 0.00000009 -1.00000000 0.00000000
vn 0.00000009 -1.00000000 0.00000033
vn -0.38129440 0.00782188 0.92442071
vn -0.55345869 0.00820334 0.83283621
vn 0.00000009 -1.00000000 0.00000033
vn 0.00000009 -1.00000000 -0.00000033
vn -0.70500493 0.00563299 0.70917994
vn 0.00000009 -1.00000000 0.00000000
vn 0.00000009 -1.00000000 -0.00000033
vn 0.00000009 -1.00000000 0.00000000
vn -0.82998288 0.00411402 0.55777371
vn 0.00000009 -1.00000000 0.00000000
vn 0.00000009 -1.00000000 -0.00000066
vn -0.92305225 0.00374017 0.38465619
vn 0.00000009 -1.00000000 -0.00000066
vn 0.00000009 -1.00000000 0.00000000
vn -0.98039752 0.00116268 0.19702658
vn -0.99999940 -0.00000250 0.00114804
vn 0.00000009 -1.00000000 0.00000000
vn -0.99999791 -0.00078651 0.00192344
vn -0.98276526 -0.02156248 -0.18359622
vn -0.92892504 -0.03784199 -0.36832911
vn -0.83876628 -0.04885156 -0.54229575
vn -0.83299762 -0.01750953 -0.55299944
vn -0.83038700 -0.00272162 -0.55718064
vn 0.00000009 -1.00000000 0.00000000
vn 0.00000009 -1.00000000 0.00000033
vn 0.00000009 -1.00000000 -0.00000016
vn 0.00000009 -1.00000000 -0.00000066
vn 0.00000009 -1.00000000 0.00000000
vn 0.00000009 -1.00000000 0.00000033
vn 0.00000009 -1.00000000 -0.00000033
vn 0.00000009 -1.00000000 0.00000066
vn 0.00000009 -1.00000000 -0.00000033
vn 0.00000009 -1.00000000 -0.00000066
vn 0.00000009 -1.00000000 -0.00000033
vn 0.00000009 -1.00000000 0.00000054
vn 0.00000009 -1.00000000 0.00000000
vn -0.98066300 -0.00110557 -0.19570062
vn 0.00000009 -1.00000000 0.00000054
vn -0.98121160 -0.00700083 -0.19280793
vn -0.92481810 -0.01289983 -0.38019091
vn 0.00000009 -1.00000000 0.00000000
vn -0.92328990 -0.00260945 -0.38409501
vn 0.00000009 -1.00000000 0.00000054
vn -0.00000096 -0.00000000 1.00000000
vn -0.00000054 -0.00000000 1.00000000
vn 0.92453194 -0.38093251 0.01146247
vn 0.98137808 -0.19186512 0.00921654
vn 0.98126221 -0.19258991 0.00579529
vn -0.00000054 -0.00000000 1.00000000
vn 0.99999911 0.00132838 0.00036009
vn 0.99999827 0.00181910 -0.00006659
vn -0.00000054 -0.00000000 1.00000000
vn 0.98062622 0.19572099 -0.00809867
vn 0.98050642 0.19640249 -0.00577546
vn -0.00000096 -0.00000000 1.00000000
vn -0.00000054 -0.00000000 1.00000000
vn 0.92432755 0.38123089 -0.01677826
vn 0.92273575 0.38529539 -0.01030467
vn -0.00000096 -0.00000000 1.00000000
vn -0.00000054 -0.00000000 1.00000000
vn 0.83222127 0.55394697 -0.02346756
vn 0.83067507 0.55655247 -0.01511624
vn -0.00000054 -0.00000000 1.00000000
vn 0.70823514 0.70534575 -0.02983895
vn 0.70606142 0.70787424 -0.01978252
vn -0.00000054 -0.00000000 1.00000000
vn 0.55723822 0.82962757 -0.03469693
vn -0.00000054 -0.00000000 1.00000000
vn 0.55386615 0.83227748 -0.02338290
vn 0.38419324 0.92240787 -0.03949150
vn -0.00000054 -0.00000000 1.00000000
vn 0.38143730 0.92402923 -0.02599254
vn 0.19644874 0.97962749 -0.04168971
vn 0.19508862 0.98041380 -0.02700490
vn -0.00000054 -0.00000000 1.00000000
vn 0.00000032 0.00000000 1.00000000
vn 0.00018076 0.99912387 -0.04185050
vn 0.00014305 0.99961102 -0.02789002
vn 0.00000032 0.00000000 1.00000000
vn -0.00000138 -0.00000000 1.00000000
vn -0.19642077 0.97963828 -0.04156623
vn -0.00000138 -0.00000000 1.00000000
vn -0.19516568 0.98039812 -0.02701996
vn -0.00000054 -0.00000000 1.00000000
vn -0.38427135 0.92237544 -0.03948626
vn -0.38124719 0.92410702 -0.02601656
vn -0.00000054 -0.00000000 1.00000000
vn -0.55713767 0.82968944 -0.03483361
vn -0.55393547 0.83223087 -0.02339136
vn -0.00000054 -0.00000000 1.00000000
vn -0.70822895 0.70536172 -0.02960636
vn -0.00000011 -0.00000000 1.00000000
vn -0.70622766 0.70771354 -0.01960130
vn -0.00000054 -0.00000000 1.00000000
vn -0.83216357 0.55403691 -0.02338961
vn -0.83070934 0.55650002 -0.01515856
vn -0.00000054 -0.00000000 1.00000000
vn -0.00000011 -0.00000000 1.00000000
vn -0.92428976 0.38132221 -0.01679333
vn -0.92271954 0.38533020 -0.01045907
vn -0.00000054 -0.00000000 1.00000000
vn -0.00000032 -0.00000000 1.00000000
vn -0.00000054 -0.00000000 1.00000000
vn -0.00000032 -0.00000000 1.00000000
vn -0.98047310 0.19656780 -0.00579875
vn -0.98065340 0.19557892 -0.00824599
vn -0.98131371 0.19126131 -0.02104365
vn -0.92770529 0.37095392 -0.04190810
vn -0.83908618 0.54061341 -0.06059274
vn -0.71798849 0.69177145 -0.07710256
vn -0.56781453 0.81794971 -0.09243853
vn -0.39271334 0.91385895 -0.10314101
vn -0.20092693 0.97334617 -0.11056951
vn 0.00011207 0.99370158 -0.11205830
vn 0.20106967 0.97333562 -0.11040290
vn 0.39276668 0.91381407 -0.10333599
vn 0.56774682 0.81800288 -0.09238534
vn 0.71796268 0.69179338 -0.07714655
vn 0.83900070 0.54074097 -0.06064036
vn 0.92770946 0.37094000 -0.04193595
vn 0.98129451 0.19136448 -0.02099341
vn 0.99999040 0.00430593 0.00092213
vn 0.98315209 -0.18121131 0.02397119
vn 0.93098724 -0.36181521 0.04850526
vn 0.92597723 -0.37708920 0.01923289
vn 0.83237827 -0.55395454 0.01676234
vn -0.00000096 -0.00000000 1.00000000
vn -0.00000054 -0.00000000 1.00000000
vn -0.00000138 -0.00000000 1.00000000
vn -0.00000138 -0.00000000 1.00000000
vn -0.00000011 -0.00000000 1.00000000
vn 0.00000031 0.00000000 1.00000000
vn -0.00000096 -0.00000000 1.00000000
vn -0.00000139 -0.00000000 1.00000000
vn -0.00000054 -0.00000000 1.00000000
vn -0.00000032 -0.00000000 1.00000000
vn -0.00000096 -0.00000000 1.00000000
vn 0.00000032 0.00000000 1.00000000
vn -0.00000011 -0.00000000 1.00000000
vn -0.00000011 -0.00000000 1.00000000
vn -0.99999839 0.00179944 -0.00006806
vn -0.00000054 -0.00000000 1.00000000
vn -0.99999839 0.00182203 0.00004688
vn -0.99999040 0.00430581 0.00092106
vn -0.99998188 0.00600532 0.00024391
vn -0.98316550 0.17683061 -0.04600631
vn -0.93385911 0.34585032 -0.09107675
vn -0.85258990 0.50549084 -0.13255006
vn -0.73797596 0.65238905 -0.17256890
vn -0.59048265 0.78016454 -0.20657581
vn -0.41324648 0.88035387 -0.23281872
vn -0.21308936 0.94436657 -0.25052863
vn -0.00037375 0.96633267 -0.25729591
vn 0.21341595 0.94430351 -0.25048909
vn 0.41329393 0.88033324 -0.23281227
vn 0.59048283 0.78016448 -0.20657518
vn 0.73784918 0.65252906 -0.17258190
vn 0.85220021 0.50614107 -0.13257444
vn 0.93392658 0.34566960 -0.09107033
vn 0.98318690 0.17674339 -0.04588568
vn 0.99998188 0.00600549 0.00024498
vn 0.98532450 -0.16380261 0.04800563
vn 0.93882233 -0.33071840 0.09611496
vn 0.85997701 -0.48849431 0.14769296
vn 0.84564972 -0.52842992 0.07509068
vn 0.83514517 -0.54918844 0.03040972
vn -0.00000054 -0.00000000 1.00000000
vn 0.00000031 0.00000000 1.00000000
vn 0.70824146 -0.70565802 0.02099760
vn 0.00000031 0.00000000 1.00000000
vn 0.55612254 -0.83072752 0.02489054
vn -0.00000054 -0.00000000 1.00000000
vn -0.00000054 -0.00000000 1.00000000
vn 0.38378826 -0.92297536 0.02869120
vn 0.19599748 -0.98008877 0.03179805
vn -0.00000054 -0.00000000 1.00000000
vn -0.00001485 -0.99944538 0.03330290
vn 0.00000219 -0.99944568 0.03329426
vn -0.00000054 -0.00000000 1.00000000
vn -0.00000054 -0.00000000 1.00000000
vn -0.19599943 -0.98008537 0.03188664
vn -0.00000138 -0.00000000 1.00000000
vn -0.00000054 -0.00000000 1.00000000
vn -0.00000138 -0.00000000 1.00000000
vn -0.38427925 -0.92272878 0.03002205
vn -0.00000054 -0.00000000 1.00000000
vn -0.55667436 -0.83031368 0.02632576
vn -0.00000139 -0.00000000 1.00000000
vn -0.00000011 -0.00000000 1.00000000
vn -0.70846754 -0.70543086 0.02100519
vn -0.00000139 -0.00000000 1.00000000
vn -0.00000011 -0.00000000 1.00000000
vn -0.00000011 -0.00000000 1.00000000
vn -0.83244765 -0.55385739 0.01652553
vn -0.00000011 -0.00000000 1.00000000
vn -0.00000054 -0.00000000 1.00000000
vn -0.92446005 -0.38110268 0.01159939
vn -0.00000054 -0.00000000 1.00000000
vn -0.98125458 -0.19262899 0.00579608
vn -0.98135602 -0.19197220 0.00933588
vn -0.98311311 -0.18136489 0.02440316
vn -0.98530358 -0.16393200 0.04799235
vn -0.98752987 -0.13628820 0.07880670
vn -0.99996531 0.00785723 -0.00280708
vn -0.98485315 0.15261280 -0.08230208
vn -0.94100583 0.29816341 -0.16002061
vn -0.86683404 0.43878451 -0.23678467
vn -0.75902796 0.57280022 -0.30947781
vn -0.61376798 0.69474137 -0.37499791
vn -0.43524143 0.79156727 -0.42893633
vn -0.22681192 0.85613131 -0.46432281
vn 0.00024634 0.87900031 -0.47682130
vn 0.22685868 0.85613370 -0.46429539
vn 0.43538368 0.79150593 -0.42890486
vn 0.61388969 0.69450206 -0.37524167
vn 0.75888324 0.57286984 -0.30970398
vn 0.86691266 0.43868020 -0.23669013
vn 0.94106823 0.29804230 -0.15987909
vn 0.98489559 0.15258689 -0.08184213
vn 0.99996531 0.00785741 -0.00280601
vn 0.98754084 -0.13642842 0.07842540
vn 0.94656283 -0.27931592 0.16124971
vn 0.87476957 -0.41794771 0.24514946
vn 0.76980740 -0.54428321 0.33339572
vn 0.74872917 -0.63112074 0.20271000
vn 0.72778732 -0.67775077 0.10478319
vn 0.71215248 -0.70081353 0.04122319
vn 0.56311482 -0.82443756 0.05660987
vn 0.39048886 -0.91760671 0.07427153
vn 0.19931145 -0.97564173 0.09164271
vn 0.00002875 -0.99491662 0.10070260
vn -0.00000563 -0.99491662 0.10070310
vn -0.20080526 -0.97532892 0.09171099
vn -0.39008653 -0.91788858 0.07289275
vn -0.56315380 -0.82441807 0.05650502
vn -0.71216136 -0.70080489 0.04121742
vn -0.83526087 -0.54901028 0.03045084
vn -0.92578381 -0.37755489 0.01940474
vn -0.93087375 -0.36210939 0.04848787
vn -0.93865925 -0.33118650 0.09609576
vn -0.94650674 -0.27942789 0.16138439
vn -0.94929850 -0.21109749 0.23295990
vn -0.98816788 -0.10368759 0.11301857
vn -0.99996412 0.00476053 -0.00701946
vn -0.98536223 0.11629801 -0.12464353
vn -0.94370776 0.22621101 -0.24133870
vn -0.87264609 0.33448920 -0.35581708
vn -0.76741743 0.44005853 -0.46628243
vn -0.62517244 0.53562707 -0.56768227
vn -0.44485521 0.61550641 -0.65058094
vn -0.23233768 0.66938293 -0.70565283
vn 0.00000127 0.68810397 -0.72561210
vn 0.23256731 0.66938943 -0.70557088
vn 0.44475591 0.61555034 -0.65060747
vn 0.62517303 0.53562707 -0.56768167
vn 0.76738125 0.44001645 -0.46638128
vn 0.87243497 0.33471948 -0.35611841
vn 0.94379461 0.22591358 -0.24127759
vn 0.98537028 0.11622619 -0.12464797
vn 0.99996412 0.00476047 -0.00701857
vn 0.98819154 -0.10347741 0.11300443
vn 0.94932056 -0.21107021 0.23289460
vn 0.88029081 -0.31361011 0.35600117
vn 0.77629554 -0.40853044 0.48007122
vn 0.63294637 -0.48808443 0.60095978
vn 0.62831163 -0.65159124 0.42503333
vn 0.60466891 -0.75188261 0.26276982
vn 0.58041781 -0.80220896 0.13991511
vn 0.40670899 -0.89473677 0.18448302
vn 0.21108927 -0.94931263 0.23291002
vn 0.00000846 -0.96675438 0.25570700
vn -0.00000917 -0.96675432 0.25570741
vn -0.21104233 -0.94932711 0.23289308
vn -0.40670890 -0.89473718 0.18448177
vn -0.58039677 -0.80223107 0.13987538
vn -0.72779840 -0.67775547 0.10467651
vn -0.84564072 -0.52846527 0.07494278
vn -0.85997772 -0.48850268 0.14765954
vn -0.87482727 -0.41791090 0.24500574
vn -0.88030571 -0.31348038 0.35607883
vn -0.94397426 -0.13764899 0.29994220
vn -0.98688668 -0.06928041 0.14579126
vn -0.99996752 0.00188640 -0.00784308
vn -0.98432761 0.07261070 -0.16070752
vn -0.93938112 0.14459331 -0.31089511
vn -0.86379707 0.21449913 -0.45590007
vn -0.75481027 0.28190744 -0.59227502
vn -0.60971761 0.34394714 -0.71410429
vn -0.43171528 0.39190897 -0.81242186
vn -0.22379975 0.42507237 -0.87705600
vn 0.00002070 0.43624249 -0.89982921
vn 0.22376485 0.42509374 -0.87705457
vn 0.43165022 0.39186972 -0.81247538
vn 0.60971808 0.34394726 -0.71410382
vn 0.75475138 0.28203455 -0.59228957
vn 0.86380386 0.21447167 -0.45590013
vn 0.93944895 0.14449799 -0.31073469
vn 0.98434705 0.07260736 -0.16058987
vn 0.99996752 0.00188669 -0.00784200
vn 0.98689342 -0.06938114 0.14569704
vn 0.94399732 -0.13780052 0.29980022
vn 0.86903107 -0.20060523 0.45226377
vn 0.75867331 -0.25560674 0.59923303
vn 0.61112267 -0.29498944 0.73451364
vn 0.45038298 -0.53512555 0.71469986
vn 0.44909900 -0.72750026 0.51870376
vn 0.42878699 -0.84031177 0.33168954
vn 0.22289976 -0.89029509 0.39710262
vn -0.00004231 -0.90359151 0.42839521
vn 0.00004777 -0.90358847 0.42840171
vn -0.22449644 -0.89047497 0.39579749
vn -0.42644852 -0.84216988 0.32998776
vn -0.60466927 -0.75188243 0.26276958
vn -0.74872816 -0.63114053 0.20265210
vn -0.76980174 -0.54429144 0.33339488
vn -0.77630126 -0.40849847 0.48008907
vn -0.86897081 -0.20079868 0.45229372
vn -0.93537599 -0.07713516 0.34514070
vn -0.98444444 -0.04088524 0.17087318
vn -0.99998760 -0.00104335 -0.00487304
vn -0.98277998 0.04117879 -0.18013272
vn -0.93281943 0.08140961 -0.35102761
vn -0.85020173 0.12181283 -0.51217055
vn -0.73440647 0.15780604 -0.66010940
vn -0.58680576 0.18946905 -0.78724867
vn -0.41065785 0.21418267 -0.88627654
vn -0.21093161 0.23132499 -0.94973505
vn 0.00022911 0.23644701 -0.97164440
vn 0.21094219 0.23134242 -0.94972849
vn 0.41065884 0.21418263 -0.88627595
vn 0.58688253 0.18949415 -0.78718543
vn 0.73441428 0.15781806 -0.66009796
vn 0.85017079 0.12184587 -0.51221412
vn 0.93282789 0.08138813 -0.35101008
vn 0.98280263 0.04112181 -0.18002307
vn 0.99998760 -0.00104299 -0.00487214
vn 0.98455489 -0.04025646 0.17038553
vn 0.93547881 -0.07705387 0.34487989
vn 0.85188007 -0.11096363 0.51184690
vn 0.73356992 -0.13494544 0.66608185
vn 0.58159059 -0.14795786 0.79991311
vn 0.42836618 -0.31244728 0.84786755
vn 0.23409201 -0.55026758 0.80150265
vn 0.23449144 -0.76455993 0.60038489
vn -0.00136963 -0.77136803 0.63638812
vn -0.00144765 -0.77137142 0.63638359
vn -0.23448977 -0.76457268 0.60036928
vn -0.44720399 -0.72881013 0.51850206
vn -0.62826866 -0.65167117 0.42497456
vn -0.63294697 -0.48808497 0.60095864
vn -0.75864422 -0.25551367 0.59930950
vn -0.85196590 -0.11079828 0.51174003
vn -0.92931140 -0.03639777 0.36749908
vn -0.98261571 -0.01971367 0.18460228
vn -0.99999273 -0.00014981 -0.00383115
vn -0.98141301 0.01869460 -0.19099551
vn -0.92754233 0.03919819 -0.37165710
vn -0.83903271 0.05771147 -0.54101169
vn -0.71879554 0.07550495 -0.69110936
vn -0.56828517 0.08939398 -0.81796128
vn -0.39398393 0.10184746 -0.91345692
vn -0.20214850 0.10916968 -0.97325134
vn -0.00006348 0.11114970 -0.99380368
vn 0.20209451 0.10919762 -0.97325927
vn 0.39396337 0.10186183 -0.91346437
vn 0.56845570 0.08940892 -0.81784117
vn 0.71862876 0.07547569 -0.69128585
vn 0.83895803 0.05766346 -0.54113263
vn 0.92768419 0.03898121 -0.37132549
vn 0.98141903 0.01861611 -0.19097199
vn 0.99999261 -0.00005923 -0.00387186
vn 0.98267800 -0.01968708 0.18427272
vn 0.92930895 -0.03653923 0.36749139
vn 0.84031463 -0.05035041 0.53975588
vn 0.71726364 -0.05881816 0.69431508
vn 0.56442720 -0.05943764 0.82334018
vn 0.40170613 -0.14619798 0.90402353
vn 0.22029024 -0.30847156 0.92537433
vn 0.00000759 -0.54809910 0.83641338
vn -0.00002641 -0.54810071 0.83641237
vn -0.23230979 -0.54980731 0.80233669
vn -0.45038372 -0.53512543 0.71469939
vn -0.61112344 -0.29498977 0.73451304
vn -0.73357773 -0.13497056 0.66606808
vn -0.84034181 -0.05030740 0.53971744
vn -0.92484605 -0.01295395 0.38012090
vn -0.98117214 -0.00689831 0.19301248
vn -0.99999911 -0.00099137 -0.00099950
vn -0.98070288 0.00690350 -0.19538242
vn -0.92422444 0.01292721 -0.38163081
vn -0.83321238 0.02070378 -0.55256551
vn -0.70944637 0.02751779 -0.70422214
vn -0.55714929 0.03201914 -0.82979488
vn -0.38439581 0.03544530 -0.92248768
vn -0.19599637 0.03921649 -0.97982019
vn 0.00023916 0.03835880 -0.99926400
vn 0.19601032 0.03919019 -0.97981846
vn 0.38389230 0.03558978 -0.92269182
vn 0.55710924 0.03218167 -0.82981551
vn 0.70957416 0.02681839 -0.70412022
vn 0.83305621 0.02062107 -0.55280399
vn 0.92430687 0.01295115 -0.38143018
vn 0.98073465 0.00689891 -0.19522327
vn 0.99999911 -0.00086745 -0.00099845
vn 0.98124605 -0.00688783 0.19263612
vn 0.92484260 -0.01288030 0.38013202
vn 0.83299577 -0.01766024 0.55299759
vn 0.70825595 -0.02165240 0.70562369
vn 0.55582517 -0.02073151 0.83104080
vn 0.38778821 -0.05052103 0.92036295
vn 0.20419069 -0.13150269 0.97005844
vn 0.00003520 -0.30040231 0.95381260
vn -0.00002092 -0.30040649 0.95381129
vn -0.22029896 -0.30839714 0.92539698
vn -0.42870143 -0.31196982 0.84787387
vn -0.58159119 -0.14795785 0.79991269
vn -0.71730137 -0.05883420 0.69427466
vn -0.83303010 -0.01776642 0.55294239
vn -0.83161682 -0.00550534 0.55532289
vn -0.92390096 -0.00284477 0.38262120
vn -0.98089230 -0.00232693 0.19453818
vn -0.99999970 -0.00004206 -0.00077434
vn -0.98067737 0.00117395 -0.19562863
vn -0.92373461 0.00390110 -0.38301352
vn -0.83097219 0.00409393 -0.55629903
vn -0.70716685 0.00684309 -0.70701379
vn -0.55525851 0.00786580 -0.83164072
vn -0.38290951 0.00768950 -0.92375386
vn -0.19427748 0.00900315 -0.98090541
vn 0.00023581 0.00894678 -0.99996001
vn 0.19457522 0.00930275 -0.98084360
vn 0.38293812 0.00767699 -0.92374223
vn 0.55506140 0.00802200 -0.83177072
vn 0.70701927 0.00673151 -0.70716232
vn 0.83099240 0.00418402 -0.55626810
vn 0.92370820 0.00388910 -0.38307700
vn 0.98069823 0.00123938 -0.19552387
vn 0.99999911 -0.00000984 -0.00140589
vn 0.98090619 -0.00228271 0.19446872
vn 0.92393070 -0.00262378 0.38255110
vn 0.83162123 -0.00533883 0.55531764
vn 0.70703727 -0.00689882 0.70714277
vn 0.55595821 -0.00681217 0.83118242
vn 0.38291359 -0.01680454 0.92363125
vn 0.19689488 -0.03567407 0.97977543
vn 0.00002945 -0.12200380 0.99252957
vn -0.00001947 -0.12201040 0.99252891
vn -0.20419420 -0.13139111 0.97007281
vn -0.40157747 -0.14616942 0.90408516
vn -0.56442922 -0.05938803 0.82334262
vn -0.70831603 -0.02101028 0.70558274
vn -0.70715398 -0.00678200 0.70702714
vn -0.55584979 -0.00000005 0.83128267
vn 0.00000009 -1.00000000 0.00000000
vn -0.70710677 0.00119692 0.70710593
vn 0.00000009 -1.00000000 0.00000000
vn -0.83128327 -0.00000007 0.55584896
vn 0.00000009 -1.00000000 0.00000000
vn -0.92368090 -0.00000008 0.38316271
vn 0.00000009 -1.00000000 0.00000000
vn -0.98064923 0.00000005 0.19577348
vn 0.00000009 -1.00000000 0.00000000
vn 0.00000009 -1.00000000 0.00000000
vn -1.00000000 -0.00000009 -0.00021303
vn 0.00000009 -1.00000000 0.00000000
vn -0.98071456 -0.00000009 -0.19544552
vn 0.00000009 -1.00000000 0.00000000
vn -0.92368043 -0.00000008 -0.38316390
vn 0.00000009 -1.00000000 0.00000000
vn -0.83128267 -0.00000007 -0.55584991
vn -0.70712197 -0.00138098 -0.70709038
vn 0.00000009 -1.00000000 0.00000000
vn 0.00000009 -1.00000000 0.00000000
vn -0.55578119 -0.00000005 -0.83132869
vn 0.00000009 -1.00000000 0.00000000
vn -0.38315338 -0.00000003 -0.92368466
vn 0.00000009 -1.00000000 0.00000000
vn -0.19532227 -0.00000002 -0.98073924
vn 0.00000009 -1.00000000 0.00000000
vn 0.00021303 0.00000000 -1.00000000
vn 0.00000009 -1.00000000 0.00000000
vn 0.19538492 0.00000002 -0.98072666
vn 0.00000009 -1.00000000 0.00000000
vn 0.38320062 0.00000003 -0.92366534
vn 0.00000009 -1.00000000 0.00000000
vn 0.55578232 0.00000005 -0.83132792
vn 0.70710653 -0.00139463 -0.70710576
vn 0.00000009 -1.00000000 0.00000000
vn 0.83132851 0.00000007 -0.55578136
vn 0.00000009 -1.00000000 0.00000000
vn 0.00000009 -1.00000000 0.00000000
vn 0.92366558 0.00000008 -0.38319969
vn 0.98070753 0.00000009 -0.19548158
vn 0.00000009 -1.00000000 0.00000000
vn 0.00000009 -1.00000000 0.00000000
vn 1.00000000 0.00000009 -0.00021186
vn 0.98074859 0.00000009 0.19527452
vn 0.00000009 -1.00000000 0.00000000
vn 0.92368430 0.00000008 0.38315472
vn 0.00000009 -1.00000000 0.00000000
vn 0.00000009 -1.00000000 0.00000000
vn 0.83132797 0.00000007 0.55578214
vn 0.00000009 -1.00000000 0.00000000
vn 0.70711666 0.00141299 0.70709556
vn 0.00000009 -1.00000000 0.00000000
vn 0.55584890 0.00000005 0.83128339
vn 0.38316250 0.00000003 0.92368090
vn 0.00000009 -1.00000000 0.00000000
vn 0.38329709 -0.00899133 0.92358148
vn 0.19409868 -0.01397768 0.98088252
vn 0.00001894 -0.02810472 0.99960500
vn -0.00003298 -0.02811062 0.99960482
vn -0.19677322 -0.03558727 0.97980309
vn -0.38778871 -0.05052080 0.92036283
vn -0.55589682 -0.02061854 0.83099562
vn -0.55589992 -0.00680773 0.83122152
vn 0.00000009 -1.00000000 0.00000000
vn -0.38316402 -0.00000003 0.92368043
vn 0.00000009 -1.00000000 0.00000000
vn 0.00000009 -1.00000000 0.00000000
vn 0.19583508 0.00000021 0.98063689
vn 0.19476257 -0.01041332 0.98079520
vn -0.00003634 -0.01089733 0.99994057
vn 0.00003230 -0.01089441 0.99994069
vn -0.19410493 -0.01398034 0.98088109
vn -0.38291609 -0.01682147 0.92363000
vn -0.38329899 -0.00906948 0.92357993
vn -0.19611682 -0.00000002 0.98058069
vn 0.00000009 -1.00000000 0.00000000
vn 0.00000682 0.00000473 1.00000000
vn 0.00000009 -1.00000000 0.00000000
vn -0.00001441 0.00000473 1.00000000
vn 0.00001808 -0.00989479 0.99995112
vn -0.00004222 -0.00989580 0.99995112
vn -0.19483583 -0.01040705 0.98078066
vt 0.73669642 0.26680931
vt 0.25088960 0.95328838
vt 0.73857558 0.27363351
vt 0.25751600 0.94883782
vt 0.73590517 0.27472150
vt 0.73808110 0.28204021
vt 0.74174052 0.27976549
vt 0.26325229 0.94320041
vt 0.74094921 0.28916120
vt 0.74599332 0.28520510
vt 0.26770291 0.93657398
vt 0.74431193 0.29628211
vt 0.75093842 0.29034799
vt 0.27076891 0.92915630
vt 0.74797130 0.30360091
vt 0.75647688 0.29549089
vt 0.27225241 0.92134309
vt 0.75182837 0.31101850
vt 0.76260883 0.30093050
vt 0.27225241 0.91333199
vt 0.75578451 0.31863400
vt 0.27076891 0.90551877
vt 0.76913631 0.30676570
vt 0.75974059 0.32644731
vt 0.77596062 0.31319439
vt 0.26770291 0.89810109
vt 0.26770291 0.89810109
vt 0.76359779 0.33445829
vt 0.26325229 0.89147472
vt 0.78288370 0.32041431
vt 0.26325229 0.89147472
vt 0.76725721 0.34266719
vt 0.25751600 0.88583720
vt 0.25751600 0.88583720
vt 0.78980690 0.32852420
vt 0.77061993 0.35097501
vt 0.25088960 0.88138658
vt 0.25088960 0.88138658
vt 0.79633439 0.33762321
vt 0.77358693 0.35948050
vt 0.24357081 0.87832069
vt 0.24357081 0.87832069
vt 0.80216962 0.34781009
vt 0.77596062 0.36808500
vt 0.80691689 0.35888711
vt 0.23565870 0.87673831
vt 0.77764189 0.37678841
vt 0.22764760 0.87673831
vt 0.81027961 0.37085429
vt 0.77863091 0.38559070
vt 0.21983430 0.87832069
vt 0.81205982 0.38331589
vt 0.77892762 0.39439300
vt 0.81205982 0.39577761
vt 0.21241669 0.88138658
vt 0.77833420 0.40329421
vt 0.81027961 0.40814039
vt 0.20579021 0.88583720
vt 0.77714741 0.41209650
vt 0.80711472 0.41981080
vt 0.20015280 0.89147472
vt 0.20015280 0.89147472
vt 0.77546602 0.42089871
vt 0.80276298 0.43068999
vt 0.19570219 0.89810109
vt 0.19570219 0.89810109
vt 0.23170260 0.91728813
vt 0.23170260 0.91728813
vt 0.23170260 0.91728813
vt 0.23170260 0.91728813
vt 0.23170260 0.91728813
vt 0.23170260 0.91728813
vt 0.23170260 0.91728813
vt 0.23170260 0.91728813
vt 0.23170260 0.91728813
vt 0.23170260 0.91728813
vt 0.23170260 0.91728813
vt 0.24357081 0.95635438
vt 0.73570740 0.25939169
vt 0.75350982 0.51643813
vt 0.23565870 0.95793682
vt 0.23565870 0.95793682
vt 0.75341088 0.50892150
vt 0.22764760 0.95793682
vt 0.22764760 0.95793682
vt 0.75430101 0.50189948
vt 0.75143278 0.50872368
vt 0.73412502 0.25978729
vt 0.75182837 0.51624018
vt 0.73481733 0.26730380
vt 0.73303711 0.26789731
vt 0.73372942 0.27571049
vt 0.73511398 0.28372160
vt 0.73709208 0.29193041
vt 0.73926789 0.30023819
vt 0.74164152 0.30874380
vt 0.74401522 0.31734830
vt 0.74629003 0.32605171
vt 0.74846578 0.33465609
vt 0.75044382 0.34306279
vt 0.75222409 0.35117280
vt 0.75380647 0.35898599
vt 0.75509220 0.36640370
vt 0.75627911 0.37342569
vt 0.75707030 0.38034889
vt 0.75766373 0.38697529
vt 0.75796038 0.39379960
vt 0.75805932 0.40062380
vt 0.75796038 0.40784371
vt 0.75766373 0.41536021
vt 0.75716919 0.42327240
vt 0.77319127 0.42960209
vt 0.79752117 0.44058019
vt 0.19263630 0.90551877
vt 0.19263630 0.90551877
vt 0.19105379 0.91333199
vt 0.19105379 0.91333199
vt 0.79178488 0.44948140
vt 0.78585082 0.45759141
vt 0.19105379 0.92134309
vt 0.19105379 0.92134309
vt 0.78001553 0.46491021
vt 0.19263630 0.92915630
vt 0.77437812 0.47163549
vt 0.19570219 0.93657398
vt 0.20015280 0.94320041
vt 0.76903743 0.47776741
vt 0.76429009 0.48370150
vt 0.20579021 0.94883782
vt 0.21241669 0.95328838
vt 0.76003730 0.48943779
vt 0.21983430 0.95635438
vt 0.75667471 0.49547091
vt 0.21983430 0.95635438
vt 0.75153172 0.50120717
vt 0.74965262 0.50842702
vt 0.75034487 0.51604247
vt 0.73264152 0.26018289
vt 0.73224592 0.26809499
vt 0.73274040 0.27610609
vt 0.73363048 0.28431499
vt 0.73491621 0.29282060
vt 0.73639971 0.30162281
vt 0.73798221 0.31072182
vt 0.73956460 0.31982079
vt 0.74114710 0.32891980
vt 0.74263060 0.33791989
vt 0.74391627 0.34662330
vt 0.74510312 0.35483211
vt 0.74609220 0.36244759
vt 0.74688327 0.36946970
vt 0.74757570 0.37599719
vt 0.74816912 0.38193130
vt 0.74856472 0.38766760
vt 0.74896032 0.39340401
vt 0.74925703 0.39933810
vt 0.74945480 0.40586561
vt 0.74955368 0.41288760
vt 0.74965262 0.42060199
vt 0.74955368 0.42890981
vt 0.75647688 0.43158010
vt 0.77071881 0.43820661
vt 0.76804841 0.44671211
vt 0.76518017 0.45501989
vt 0.76231211 0.46312991
vt 0.75954282 0.47104201
vt 0.75687247 0.47865751
vt 0.75449878 0.48617411
vt 0.75261968 0.49369061
vt 0.74925703 0.50051493
vt 0.74886137 0.50822920
vt 0.74985039 0.51594353
vt 0.73214692 0.26038069
vt 0.74935591 0.51594353
vt 0.73175132 0.26047960
vt 0.73155361 0.26819399
vt 0.73175132 0.27610609
vt 0.73214692 0.28451279
vt 0.73264152 0.29311731
vt 0.73333383 0.30211741
vt 0.73402607 0.31141409
vt 0.73481733 0.32080990
vt 0.73560852 0.33010659
vt 0.73639971 0.33930451
vt 0.73709208 0.34810680
vt 0.73778439 0.35631570
vt 0.73847669 0.36403000
vt 0.73897117 0.37095320
vt 0.73946571 0.37718400
vt 0.73996019 0.38292030
vt 0.74035579 0.38826099
vt 0.74065250 0.39360169
vt 0.74104822 0.39923921
vt 0.74134481 0.40547001
vt 0.74174052 0.41249201
vt 0.74223500 0.42010751
vt 0.74263060 0.42841521
vt 0.74312508 0.43721750
vt 0.74945480 0.43771210
vt 0.75568563 0.44018459
vt 0.75469661 0.44898689
vt 0.75360870 0.45788810
vt 0.75252068 0.46678930
vt 0.75133401 0.47549260
vt 0.75024611 0.48409709
vt 0.74945480 0.49240491
vt 0.74816912 0.50031698
vt 0.74816912 0.50832808
vt 0.74727899 0.50862479
vt 0.74876249 0.51624018
vt 0.73105902 0.26028180
vt 0.73066342 0.26799610
vt 0.73056447 0.27590829
vt 0.73046559 0.28411719
vt 0.73026782 0.29262280
vt 0.73007000 0.30152389
vt 0.72997111 0.31062290
vt 0.72977328 0.31982079
vt 0.72977328 0.32901871
vt 0.72977328 0.33811769
vt 0.72987223 0.34682110
vt 0.73007000 0.35512879
vt 0.73026782 0.36294210
vt 0.73056447 0.37006310
vt 0.73086131 0.37668949
vt 0.73115790 0.38292030
vt 0.73155361 0.38885450
vt 0.73194921 0.39478859
vt 0.73254257 0.40092051
vt 0.73313588 0.40754691
vt 0.73382831 0.41466790
vt 0.73461950 0.42238221
vt 0.73560852 0.43059111
vt 0.73669642 0.43929449
vt 0.74361962 0.44641539
vt 0.74925703 0.44681099
vt 0.74896032 0.45600891
vt 0.74856472 0.46530569
vt 0.74826801 0.47450361
vt 0.74797130 0.48340479
vt 0.74797130 0.49200931
vt 0.74718010 0.50041592
vt 0.74609220 0.50081158
vt 0.74490529 0.50150388
vt 0.74638891 0.50911927
vt 0.74807018 0.51663589
vt 0.73036671 0.25998509
vt 0.72967440 0.26760051
vt 0.72927880 0.27541381
vt 0.72878432 0.28342491
vt 0.72789419 0.29163370
vt 0.72700411 0.30013931
vt 0.72601497 0.30884269
vt 0.72502601 0.31764501
vt 0.72423482 0.32654610
vt 0.72344363 0.33534840
vt 0.72285020 0.34405181
vt 0.72235572 0.35235959
vt 0.72205901 0.36037061
vt 0.72186112 0.36808500
vt 0.72176218 0.37540379
vt 0.72186112 0.38252470
vt 0.72225672 0.38944790
vt 0.72285020 0.39637101
vt 0.72364140 0.40349191
vt 0.72472930 0.41071179
vt 0.72601497 0.41822830
vt 0.72739971 0.42614049
vt 0.72908098 0.43434939
vt 0.73086131 0.44285500
vt 0.73798221 0.44829461
vt 0.74411410 0.45571220
vt 0.74460858 0.46510789
vt 0.74520201 0.47440469
vt 0.74579543 0.48340479
vt 0.74638891 0.49210820
vt 0.74480641 0.49270159
vt 0.74322402 0.49359170
vt 0.74035579 0.49537191
vt 0.74272949 0.50259179
vt 0.74470753 0.50991058
vt 0.72888321 0.25949061
vt 0.74668562 0.51722932
vt 0.72789419 0.26700711
vt 0.72700411 0.27452371
vt 0.72561938 0.28204021
vt 0.72374028 0.28955680
vt 0.72146553 0.29707339
vt 0.71899301 0.30488661
vt 0.71642160 0.31279871
vt 0.71385008 0.32100761
vt 0.71127862 0.32931539
vt 0.70880598 0.33791989
vt 0.70653141 0.34652439
vt 0.70455331 0.35532671
vt 0.70306981 0.36412901
vt 0.70198190 0.37303010
vt 0.70158619 0.38193130
vt 0.70178401 0.39093140
vt 0.70277298 0.39973369
vt 0.70445442 0.40853599
vt 0.70663017 0.41714039
vt 0.70939952 0.42564601
vt 0.71256441 0.43405271
vt 0.71602589 0.44236049
vt 0.71958637 0.45047039
vt 0.73283929 0.45145941
vt 0.73926789 0.45739359
vt 0.74065250 0.46649250
vt 0.74203718 0.47549260
vt 0.74352068 0.48429489
vt 0.74124592 0.48558071
vt 0.73738867 0.48825100
vt 0.73185033 0.49260271
vt 0.48202369 0.91006821
vt 0.48202369 0.91006821
vt 0.73610312 0.49814120
vt 0.47648510 0.90433192
vt 0.47648510 0.90433192
vt 0.73966348 0.50417417
vt 0.47203460 0.89770549
vt 0.47203460 0.89770549
vt 0.74223500 0.51089960
vt 0.46896860 0.89028782
vt 0.46738610 0.88247460
vt 0.74450970 0.51802051
vt 0.72660852 0.25899610
vt 0.46738610 0.87446350
vt 0.46738610 0.87446350
vt 0.72542161 0.26641369
vt 0.46896860 0.86665022
vt 0.46896860 0.86665022
vt 0.72374028 0.27343580
vt 0.72106987 0.27986440
vt 0.47203460 0.85923260
vt 0.47203460 0.85923260
vt 0.47648510 0.85260618
vt 0.71760827 0.28589740
vt 0.47648510 0.85260618
vt 0.48202369 0.84696871
vt 0.71345448 0.29183161
vt 0.48865011 0.84251821
vt 0.48865011 0.84251821
vt 0.70880598 0.29786459
vt 0.49606779 0.83945221
vt 0.49606779 0.83945221
vt 0.70366317 0.30419430
vt 0.50388098 0.83786982
vt 0.69812471 0.31111741
vt 0.51179320 0.83786982
vt 0.69248718 0.31853509
vt 0.51179320 0.83786982
vt 0.51960647 0.83945221
vt 0.51960647 0.83945221
vt 0.68684977 0.32674399
vt 0.52692521 0.84251821
vt 0.68131131 0.33584300
vt 0.53355157 0.84696871
vt 0.67636621 0.34583211
vt 0.53918910 0.85270512
vt 0.67221230 0.35671130
vt 0.66914642 0.36838171
vt 0.54363972 0.85933149
vt 0.66756392 0.38054669
vt 0.54670560 0.86674923
vt 0.66756392 0.39300841
vt 0.54818922 0.87456238
vt 0.66924530 0.40537110
vt 0.54818922 0.88257348
vt 0.54670560 0.89038670
vt 0.54670560 0.89038670
vt 0.67250902 0.41733831
vt 0.67705852 0.42861310
vt 0.54363972 0.89780438
vt 0.54363972 0.89780438
vt 0.68269592 0.43880001
vt 0.53918910 0.90443081
vt 0.53918910 0.90443081
vt 0.53355157 0.91006821
vt 0.68902570 0.44809681
vt 0.52692521 0.91451877
vt 0.52692521 0.91451877
vt 0.69565213 0.45640460
vt 0.51960647 0.91758478
vt 0.51960647 0.91758478
vt 0.70247632 0.46372330
vt 0.70910281 0.47034970
vt 0.51179320 0.91906828
vt 0.72334468 0.45848149
vt 0.73481733 0.46016279
vt 0.73699307 0.46876728
vt 0.73916900 0.47727290
vt 0.73412502 0.48103121
vt 0.72690523 0.48736081
vt 0.48865011 0.91451877
vt 0.50783712 0.87851852
vt 0.50783712 0.87851852
vt 0.50783712 0.87851852
vt 0.50783712 0.87851852
vt 0.50783712 0.87851852
vt 0.50783712 0.87851852
vt 0.50783712 0.87851852
vt 0.50783712 0.87851852
vt 0.50783712 0.87851852
vt 0.50783712 0.87851852
vt 0.50783712 0.87851852
vt 0.50388098 0.91906828
vt 0.71543252 0.47648171
vt 0.50388098 0.91906828
vt 0.72700411 0.46619579
vt 0.73066342 0.47371241
vt 0.49606779 0.91758478
vt 0.72146553 0.48202011
vt 0.49606779 0.91758478
vt 0.00195312 0.82827622
vt 0.00195312 0.82827622
vt 0.60357428 0.60169160
vt 0.59734350 0.57963651
vt 0.61227769 0.59546077
vt 0.00195312 0.81828707
vt 0.60317868 0.57053751
vt 0.62147558 0.58853769
vt 0.00393116 0.80859470
vt 0.60891497 0.56104290
vt 0.63116801 0.58062547
vt 0.00768942 0.79939687
vt 0.00768942 0.79939687
vt 0.61435461 0.55125159
vt 0.64076137 0.57152653
vt 0.01322793 0.79108912
vt 0.01322793 0.79108912
vt 0.61939859 0.54116362
vt 0.65025598 0.56104290
vt 0.02024996 0.78406697
vt 0.62384921 0.53077889
vt 0.65895951 0.54907572
vt 0.02845883 0.77862740
vt 0.62760752 0.52009749
vt 0.03765672 0.77477032
vt 0.66657490 0.53582293
vt 0.63057452 0.50921822
vt 0.04744803 0.77289110
vt 0.67270690 0.52118540
vt 0.63255262 0.49814120
vt 0.67695957 0.50555891
vt 0.05733823 0.77289110
vt 0.05733823 0.77289110
vt 0.63364053 0.48696530
vt 0.67893767 0.48943779
vt 0.06712955 0.77477032
vt 0.06712955 0.77477032
vt 0.63373941 0.47578931
vt 0.07622855 0.77862740
vt 0.67864102 0.47311899
vt 0.07622855 0.77862740
vt 0.63284928 0.46461341
vt 0.67606950 0.45709690
vt 0.08453631 0.78406697
vt 0.63106912 0.45343751
vt 0.67152000 0.44196490
vt 0.09155833 0.79108912
vt 0.62849760 0.44245940
vt 0.09709686 0.79939687
vt 0.66528922 0.42792079
vt 0.09709686 0.79939687
vt 0.62513500 0.43167901
vt 0.65787149 0.41516241
vt 0.10085510 0.80859470
vt 0.10085510 0.80859470
vt 0.62117893 0.42109650
vt 0.64966261 0.40378860
vt 0.10283320 0.81828707
vt 0.10283320 0.81828707
vt 0.10283320 0.82827622
vt 0.10283320 0.82827622
vt 0.64095932 0.39370069
vt 0.61682707 0.41081071
vt 0.60990399 0.41555801
vt 0.61316782 0.42604160
vt 0.61603588 0.43642640
vt 0.61821181 0.44671211
vt 0.61999202 0.45689911
vt 0.62107992 0.46678930
vt 0.62147558 0.47667950
vt 0.62127781 0.48637190
vt 0.62048662 0.49606430
vt 0.61900300 0.50575662
vt 0.61682707 0.51554799
vt 0.61415678 0.52543819
vt 0.61079413 0.53542727
vt 0.60693687 0.54551530
vt 0.60258532 0.55560332
vt 0.59783798 0.56559241
vt 0.59279400 0.57538372
vt 0.58775002 0.58497721
vt 0.59140933 0.58833992
vt 0.59566212 0.60752690
vt 0.00393116 0.83796871
vt 0.00393116 0.83796871
vt 0.05239313 0.82323217
vt 0.05239313 0.82323217
vt 0.05239313 0.82323217
vt 0.05239313 0.82323217
vt 0.05239313 0.82323217
vt 0.05239313 0.82323217
vt 0.05239313 0.82323217
vt 0.05239313 0.82323217
vt 0.05239313 0.82323217
vt 0.05239313 0.82323217
vt 0.05239313 0.82323217
vt 0.05239313 0.82323217
vt 0.63225591 0.38479951
vt 0.10085510 0.83796871
vt 0.61217880 0.40072271
vt 0.60624462 0.40517330
vt 0.59981602 0.40893161
vt 0.60248637 0.41961300
vt 0.60476112 0.43019551
vt 0.60664022 0.44048130
vt 0.60792601 0.45037150
vt 0.60891497 0.45976719
vt 0.60940951 0.46866840
vt 0.60960728 0.47727290
vt 0.60931063 0.48577851
vt 0.60871720 0.49408621
vt 0.60762918 0.50269067
vt 0.60614568 0.51149303
vt 0.60426658 0.52078980
vt 0.60189301 0.53038323
vt 0.59892589 0.54047132
vt 0.59566212 0.55075711
vt 0.59180492 0.56114191
vt 0.58775002 0.57162541
vt 0.58349723 0.58191121
vt 0.57924438 0.59199917
vt 0.58270597 0.59427398
vt 0.58567298 0.59694427
vt 0.00768942 0.84716648
vt 0.00768942 0.84716648
vt 0.58854121 0.61326319
vt 0.01322793 0.85537541
vt 0.58250821 0.61929619
vt 0.01322793 0.85537541
vt 0.02024996 0.86239737
vt 0.57776087 0.62621939
vt 0.57439822 0.63423038
vt 0.02845883 0.86793601
vt 0.58864009 0.32526040
vt 0.57192558 0.64313161
vt 0.03765672 0.87179321
vt 0.04744803 0.87367231
vt 0.59022248 0.33445829
vt 0.04744803 0.87367231
vt 0.05733823 0.87367231
vt 0.05733823 0.87367231
vt 0.59259617 0.34276611
vt 0.06712955 0.87179321
vt 0.59665108 0.35008490
vt 0.06712955 0.87179321
vt 0.07622855 0.86793601
vt 0.60199177 0.35671130
vt 0.07622855 0.86793601
vt 0.08453631 0.86239737
vt 0.08453631 0.86239737
vt 0.60851937 0.36313990
vt 0.09155833 0.85537541
vt 0.09155833 0.85537541
vt 0.61573923 0.36976641
vt 0.09709686 0.84716648
vt 0.62375033 0.37688729
vt 0.60723370 0.39112920
vt 0.60228860 0.39488751
vt 0.59694791 0.39805230
vt 0.59150821 0.40022820
vt 0.59348631 0.41140410
vt 0.59526652 0.42238221
vt 0.59675002 0.43306360
vt 0.59793693 0.44325051
vt 0.59872812 0.45284411
vt 0.59922260 0.46174529
vt 0.59942043 0.46995410
vt 0.59932149 0.47776741
vt 0.59902477 0.48518500
vt 0.59853029 0.49260271
vt 0.59773910 0.50031698
vt 0.59675002 0.50852591
vt 0.59526652 0.51732820
vt 0.59348631 0.52682281
vt 0.59131050 0.53681189
vt 0.58873898 0.54719663
vt 0.58577192 0.55797702
vt 0.58260697 0.56885618
vt 0.57924438 0.57973540
vt 0.57588172 0.59041679
vt 0.57261801 0.60090041
vt 0.57528830 0.60198832
vt 0.57785982 0.60357082
vt 0.58023340 0.60535097
vt 0.57538718 0.61385661
vt 0.57162893 0.62285668
vt 0.56905752 0.63215351
vt 0.56688160 0.64145029
vt 0.58349723 0.32644731
vt 0.58458507 0.33594191
vt 0.58616751 0.34543651
vt 0.58903569 0.35473320
vt 0.59299183 0.36373329
vt 0.59744233 0.37273341
vt 0.60228860 0.38173351
vt 0.59823358 0.38479951
vt 0.59378302 0.38737091
vt 0.58923352 0.38915119
vt 0.58438730 0.38984349
vt 0.58557409 0.40121719
vt 0.58666211 0.41249201
vt 0.58765107 0.42356911
vt 0.58834338 0.43425050
vt 0.58893681 0.44433850
vt 0.58923352 0.45373419
vt 0.58943129 0.46233869
vt 0.58933240 0.47025090
vt 0.58923352 0.47766849
vt 0.58893681 0.48469061
vt 0.58844233 0.49171260
vt 0.58784890 0.49903130
vt 0.58705771 0.50684458
vt 0.58596981 0.51544911
vt 0.58468401 0.52474582
vt 0.58310157 0.53473502
vt 0.58122242 0.54531747
vt 0.57914549 0.55619669
vt 0.57687068 0.56737268
vt 0.57439822 0.57844973
vt 0.57202452 0.58952671
vt 0.56974977 0.60030699
vt 0.56787062 0.61069173
vt 0.56984872 0.61108732
vt 0.57172781 0.61177969
vt 0.57360703 0.61276871
vt 0.57034320 0.62206542
vt 0.56816733 0.63156009
vt 0.56648600 0.64105457
vt 0.58300269 0.32684290
vt 0.58369499 0.33633751
vt 0.58488178 0.34602991
vt 0.58715648 0.35562339
vt 0.59042031 0.36521691
vt 0.59417862 0.37490919
vt 0.59061807 0.37688729
vt 0.58705771 0.37807411
vt 0.58320051 0.37866750
vt 0.57924438 0.38934889
vt 0.57944220 0.40052491
vt 0.57954109 0.41170079
vt 0.57963997 0.42267901
vt 0.57963997 0.43326151
vt 0.57963997 0.44325051
vt 0.57944220 0.45254740
vt 0.57934332 0.46125081
vt 0.57914549 0.46926179
vt 0.57884878 0.47687730
vt 0.57845318 0.48409709
vt 0.57805753 0.49131700
vt 0.57756311 0.49893239
vt 0.57696962 0.50694352
vt 0.57617837 0.51554799
vt 0.57528830 0.52484482
vt 0.57429928 0.53483391
vt 0.57321137 0.54531747
vt 0.57192558 0.55619669
vt 0.57063991 0.56727368
vt 0.56925529 0.57844973
vt 0.56796962 0.58942783
vt 0.56668383 0.60030699
vt 0.56559592 0.61079061
vt 0.56638712 0.62087858
vt 0.56777167 0.62107652
vt 0.56895858 0.62147212
vt 0.56727731 0.63116437
vt 0.58260697 0.32713959
vt 0.56609040 0.64065909
vt 0.58280492 0.33673310
vt 0.58349723 0.34652439
vt 0.58517849 0.35641459
vt 0.58765107 0.36650261
vt 0.58488178 0.36739269
vt 0.58201373 0.36768940
vt 0.57904661 0.37817299
vt 0.57429928 0.38786539
vt 0.57350808 0.39874470
vt 0.57271677 0.40962389
vt 0.57192558 0.42030531
vt 0.57123327 0.43059111
vt 0.57054102 0.44058019
vt 0.56984872 0.44997591
vt 0.56925529 0.45897600
vt 0.56876081 0.46748161
vt 0.56826627 0.47559151
vt 0.56777167 0.48350370
vt 0.56737608 0.49151480
vt 0.56707942 0.49962470
vt 0.56668383 0.50813031
vt 0.56638712 0.51713038
vt 0.56599152 0.52662498
vt 0.56559592 0.53651518
vt 0.56529921 0.54689992
vt 0.56490362 0.55758131
vt 0.56450802 0.56846058
vt 0.56421131 0.57933980
vt 0.56381571 0.59012008
vt 0.56361788 0.60080153
vt 0.56342012 0.61108732
vt 0.56490362 0.62087858
vt 0.56569481 0.63067001
vt 0.56648600 0.63086772
vt 0.56579369 0.64046121
vt 0.58231032 0.32733741
vt 0.58201373 0.33693090
vt 0.58221137 0.34682110
vt 0.58320051 0.35690910
vt 0.58122242 0.35710689
vt 0.57894772 0.36739269
vt 0.57509053 0.37708509
vt 0.56925529 0.38588741
vt 0.56747502 0.39627209
vt 0.56579369 0.40665680
vt 0.56411243 0.41704151
vt 0.56252992 0.42712951
vt 0.56104642 0.43711871
vt 0.55966181 0.44671211
vt 0.55847502 0.45600891
vt 0.55748588 0.46520689
vt 0.55669469 0.47410801
vt 0.55610132 0.48291030
vt 0.55580461 0.49181151
vt 0.55560678 0.50071257
vt 0.55570573 0.50991058
vt 0.55590349 0.51930630
vt 0.55620021 0.52909762
vt 0.55659580 0.53908658
vt 0.55709040 0.54937238
vt 0.55768371 0.55975717
vt 0.55837607 0.57033968
vt 0.55906838 0.58082330
vt 0.55966181 0.59130693
vt 0.56035411 0.60159278
vt 0.56104642 0.61168081
vt 0.56342012 0.62117541
vt 0.56480467 0.63076878
vt 0.56549698 0.64036238
vt 0.58201373 0.32743630
vt 0.58112347 0.33702982
vt 0.58082682 0.34682110
vt 0.57894772 0.35681021
vt 0.57588172 0.36650261
vt 0.57103550 0.37550271
vt 0.56450802 0.38361260
vt 0.56183761 0.39350280
vt 0.55916732 0.40339300
vt 0.55659580 0.41338220
vt 0.55412328 0.42327240
vt 0.55174959 0.43316260
vt 0.54957378 0.44305280
vt 0.54769462 0.45284411
vt 0.54611218 0.46263540
vt 0.54492539 0.47242671
vt 0.54413408 0.48231691
vt 0.54393637 0.49220711
vt 0.54403532 0.50199843
vt 0.54452968 0.51198751
vt 0.54541987 0.52197659
vt 0.54650778 0.53196567
vt 0.54779351 0.54205370
vt 0.54927713 0.55224061
vt 0.55085951 0.56232858
vt 0.55244201 0.57251561
vt 0.55402428 0.58260357
vt 0.55570573 0.59259272
vt 0.55728811 0.60258168
vt 0.55877173 0.61237311
vt 0.56183761 0.62157100
vt 0.56381571 0.63096672
vt 0.56510138 0.64036238
vt 0.58161801 0.32733741
vt 0.58023340 0.33683199
vt 0.57934332 0.34662330
vt 0.57677192 0.35621679
vt 0.57281578 0.36531571
vt 0.56717831 0.37382129
vt 0.55610132 0.36788720
vt 0.55036497 0.37609610
vt 0.54423308 0.38450280
vt 0.53790331 0.39320609
vt 0.53137583 0.40230510
vt 0.52504611 0.41179970
vt 0.51901311 0.42188770
vt 0.51357341 0.43256921
vt 0.50882608 0.44384399
vt 0.50506783 0.45561328
vt 0.50249642 0.46767941
vt 0.50121069 0.48004210
vt 0.50121069 0.49250379
vt 0.50249642 0.50476772
vt 0.50506783 0.51683372
vt 0.50852942 0.52850407
vt 0.51288110 0.53968012
vt 0.51782620 0.55036151
vt 0.52306801 0.56054843
vt 0.52850771 0.57024080
vt 0.53394723 0.57953757
vt 0.53918910 0.58853769
vt 0.54403532 0.59733999
vt 0.54848582 0.60604328
vt 0.55224413 0.61484557
vt 0.56025523 0.62206542
vt 0.56282657 0.63126337
vt 0.56470579 0.64046121
vt 0.58122242 0.32713959
vt 0.57934332 0.33653531
vt 0.57785982 0.34622770
vt 0.57459599 0.35542551
vt 0.56984872 0.36403000
vt 0.56144202 0.35967830
vt 0.55244201 0.34415069
vt 0.20292211 0.87208992
vt 0.54789251 0.35206291
vt 0.19916380 0.88118881
vt 0.54294741 0.35987619
vt 0.19362530 0.88949662
vt 0.53730988 0.36778831
vt 0.18660320 0.89651871
vt 0.53127688 0.37609610
vt 0.17839430 0.90205717
vt 0.16919640 0.90581542
vt 0.52484828 0.38489839
vt 0.15940520 0.90779352
vt 0.51832068 0.39419511
vt 0.14951500 0.90779352
vt 0.51169431 0.40428320
vt 0.13972370 0.90581542
vt 0.50536448 0.41506350
vt 0.49952930 0.42663500
vt 0.13062470 0.90205717
vt 0.12231690 0.89651871
vt 0.49438640 0.43889889
vt 0.11529480 0.88949662
vt 0.49033141 0.45185509
vt 0.10975640 0.88118881
vt 0.48746321 0.46540460
vt 0.10599800 0.87208992
vt 0.48607859 0.47925091
vt 0.10402000 0.86229861
vt 0.48607859 0.49319610
vt 0.10402000 0.85240841
vt 0.48746321 0.50694352
vt 0.10599800 0.84261697
vt 0.49013370 0.52019632
vt 0.49389190 0.53305358
vt 0.10975640 0.83341920
vt 0.49854031 0.54511970
vt 0.11529480 0.82521027
vt 0.12231690 0.81818831
vt 0.50368321 0.55649340
vt 0.50922167 0.56717479
vt 0.13062470 0.81264973
vt 0.13972370 0.80889142
vt 0.51476031 0.57716387
vt 0.52019978 0.58655971
vt 0.14951500 0.80691338
vt 0.52534282 0.59546077
vt 0.15940520 0.80691338
vt 0.16919640 0.80889142
vt 0.53008997 0.60396642
vt 0.17839430 0.81264973
vt 0.53424400 0.61227423
vt 0.18660320 0.81818831
vt 0.53790331 0.62058192
vt 0.54096931 0.62898862
vt 0.19362530 0.82521027
vt 0.55560678 0.62374681
vt 0.56173873 0.63165897
vt 0.56431019 0.64065909
vt 0.58082682 0.32684290
vt 0.57835418 0.33613959
vt 0.57637620 0.34563419
vt 0.57232118 0.35443649
vt 0.56618929 0.35137060
vt 0.20490010 0.86229861
vt 0.55639797 0.33604070
vt 0.15446010 0.85735351
vt 0.19916380 0.83341920
vt 0.54383743 0.63779092
vt 0.55837607 0.63274688
vt 0.58033228 0.32654610
vt 0.56381571 0.64095581
vt 0.57736522 0.33564511
vt 0.57479382 0.34494191
vt 0.57034320 0.34286499
vt 0.56015629 0.32763410
vt 0.20490010 0.85240841
vt 0.54670560 0.64679098
vt 0.20292211 0.84261697
vt 0.56391448 0.31902960
vt 0.56114531 0.64194483
vt 0.57776087 0.32535940
vt 0.57410151 0.33416161
f 1/1/1 3/3/3 5/5/5
f 5/5/5 3/3/3 6/6/6
f 3/3/3 7/7/7 6/6/6
f 6/6/6 7/7/7 9/9/9
f 7/7/7 10/10/10 9/9/9
f 9/9/9 10/10/10 12/12/12
f 10/10/10 13/13/13 12/12/12
f 12/12/12 13/13/13 15/15/15
f 13/13/13 16/16/16 15/15/15
f 15/15/15 16/16/16 18/18/18
f 16/16/16 19/19/19 18/18/18
f 18/18/18 19/19/19 21/21/21
f 19/19/19 23/23/23 21/21/21
f 21/21/21 23/23/23 24/24/24
f 23/23/23 25/25/25 24/24/24
f 24/24/24 25/25/25 28/28/28
f 25/25/25 30/30/30 28/28/28
f 28/28/28 30/30/30 32/32/32
f 30/30/30 35/35/35 32/32/32
f 32/32/32 35/35/35 36/36/36
f 35/35/35 39/39/39 36/36/36
f 36/36/36 39/39/39 40/40/40
f 39/39/39 43/43/43 40/40/40
f 40/40/40 43/43/43 44/44/44
f 43/43/43 45/45/45 44/44/44
f 44/44/44 45/45/45 47/47/47
f 45/45/45 49/49/49 47/47/47
f 47/47/47 49/49/49 50/50/50
f 49/49/49 52/52/52 50/50/50
f 50/50/50 52/52/52 53/53/53
f 52/52/52 54/54/54 53/53/53
f 53/53/53 54/54/54 56/56/56
f 54/54/54 57/57/57 56/56/56
f 56/56/56 57/57/57 59/59/59
f 57/57/57 60/60/60 59/59/59
f 59/59/59 60/60/60 63/63/63
f 63/63/63 60/60/60 64/64/64
f 65/65/65 61/61/61 73/73/73
f 62/62/62 58/58/58 72/72/72
f 58/58/58 55/55/55 72/72/72
f 55/55/55 51/51/51 72/72/72
f 51/51/51 48/48/48 72/72/72
f 48/48/48 46/46/46 72/72/72
f 46/46/46 41/41/41 72/72/72
f 42/42/42 38/38/38 75/75/75
f 37/37/37 34/34/34 70/70/70
f 33/33/33 29/29/29 69/69/69
f 31/31/31 27/27/27 68/68/68
f 26/26/26 22/22/22 72/72/72
f 22/22/22 20/20/20 72/72/72
f 20/20/20 17/17/17 72/72/72
f 17/17/17 14/14/14 72/72/72
f 14/14/14 11/11/11 72/72/72
f 11/11/11 8/8/8 72/72/72
f 8/8/8 4/4/4 72/72/72
f 4/4/4 2/2/2 72/72/72
f 2/2/2 78/78/78 72/72/72
f 78/78/78 81/81/81 72/72/72
f 67/67/67 82/82/82 85/85/85
f 86/86/86 83/83/83 87/87/87
f 87/87/87 83/83/83 89/89/89
f 83/83/83 80/80/80 89/89/89
f 88/88/88 79/79/79 90/90/90
f 79/79/79 1/1/1 90/90/90
f 1/1/1 5/5/5 90/90/90
f 90/90/90 5/5/5 91/91/91
f 91/91/91 5/5/5 92/92/92
f 5/5/5 6/6/6 92/92/92
f 92/92/92 6/6/6 93/93/93
f 6/6/6 9/9/9 93/93/93
f 93/93/93 9/9/9 94/94/94
f 9/9/9 12/12/12 94/94/94
f 94/94/94 12/12/12 95/95/95
f 12/12/12 15/15/15 95/95/95
f 95/95/95 15/15/15 96/96/96
f 15/15/15 18/18/18 96/96/96
f 96/96/96 18/18/18 97/97/97
f 18/18/18 21/21/21 97/97/97
f 97/97/97 21/21/21 98/98/98
f 21/21/21 24/24/24 98/98/98
f 98/98/98 24/24/24 99/99/99
f 24/24/24 28/28/28 99/99/99
f 99/99/99 28/28/28 100/100/100
f 28/28/28 32/32/32 100/100/100
f 100/100/100 32/32/32 101/101/101
f 32/32/32 36/36/36 101/101/101
f 101/101/101 36/36/36 102/102/102
f 36/36/36 40/40/40 102/102/102
f 102/102/102 40/40/40 103/103/103
f 40/40/40 44/44/44 103/103/103
f 103/103/103 44/44/44 104/104/104
f 44/44/44 47/47/47 104/104/104
f 104/104/104 47/47/47 105/105/105
f 47/47/47 50/50/50 105/105/105
f 105/105/105 50/50/50 106/106/106
f 106/106/106 50/50/50 107/107/107
f 50/50/50 53/53/53 107/107/107
f 107/107/107 53/53/53 108/108/108
f 53/53/53 56/56/56 108/108/108
f 108/108/108 56/56/56 109/109/109
f 56/56/56 59/59/59 109/109/109
f 109/109/109 59/59/59 110/110/110
f 59/59/59 63/63/63 110/110/110
f 110/110/110 63/63/63 111/111/111
f 111/111/111 63/63/63 112/112/112
f 63/63/63 64/64/64 112/112/112
f 112/112/112 64/64/64 113/113/113
f 66/66/66 76/76/76 114/114/114
f 115/115/115 77/77/77 117/117/117
f 116/116/116 74/74/74 121/121/121
f 120/120/120 72/72/72 123/123/123
f 123/123/123 72/72/72 125/125/125
f 125/125/125 72/72/72 126/126/126
f 126/126/126 72/72/72 129/129/129
f 129/129/129 72/72/72 130/130/130
f 130/130/130 72/72/72 134/134/134
f 71/71/71 84/84/84 132/132/132
f 133/133/133 86/86/86 135/135/135
f 86/86/86 87/87/87 135/135/135
f 135/135/135 87/87/87 136/136/136
f 87/87/87 89/89/89 136/136/136
f 136/136/136 89/89/89 137/137/137
f 88/88/88 90/90/90 138/138/138
f 90/90/90 91/91/91 138/138/138
f 138/138/138 91/91/91 139/139/139
f 91/91/91 92/92/92 139/139/139
f 139/139/139 92/92/92 140/140/140
f 92/92/92 93/93/93 140/140/140
f 140/140/140 93/93/93 141/141/141
f 93/93/93 94/94/94 141/141/141
f 141/141/141 94/94/94 142/142/142
f 94/94/94 95/95/95 142/142/142
f 142/142/142 95/95/95 143/143/143
f 95/95/95 96/96/96 143/143/143
f 143/143/143 96/96/96 144/144/144
f 96/96/96 97/97/97 144/144/144
f 144/144/144 97/97/97 145/145/145
f 97/97/97 98/98/98 145/145/145
f 145/145/145 98/98/98 146/146/146
f 98/98/98 99/99/99 146/146/146
f 146/146/146 99/99/99 147/147/147
f 99/99/99 100/100/100 147/147/147
f 147/147/147 100/100/100 148/148/148
f 100/100/100 101/101/101 148/148/148
f 148/148/148 101/101/101 149/149/149
f 101/101/101 102/102/102 149/149/149
f 149/149/149 102/102/102 150/150/150
f 102/102/102 103/103/103 150/150/150
f 150/150/150 103/103/103 151/151/151
f 103/103/103 104/104/104 151/151/151
f 151/151/151 104/104/104 152/152/152
f 104/104/104 105/105/105 152/152/152
f 152/152/152 105/105/105 153/153/153
f 105/105/105 106/106/106 153/153/153
f 153/153/153 106/106/106 154/154/154
f 154/154/154 106/106/106 155/155/155
f 106/106/106 107/107/107 155/155/155
f 155/155/155 107/107/107 156/156/156
f 107/107/107 108/108/108 156/156/156
f 156/156/156 108/108/108 157/157/157
f 108/108/108 109/109/109 157/157/157
f 157/157/157 109/109/109 158/158/158
f 109/109/109 110/110/110 158/158/158
f 158/158/158 110/110/110 159/159/159
f 110/110/110 111/111/111 159/159/159
f 159/159/159 111/111/111 160/160/160
f 160/160/160 111/111/111 161/161/161
f 111/111/111 112/112/112 161/161/161
f 161/161/161 112/112/112 162/162/162
f 112/112/112 113/113/113 162/162/162
f 113/113/113 118/118/118 162/162/162
f 162/162/162 118/118/118 163/163/163
f 118/118/118 119/119/119 163/163/163
f 163/163/163 119/119/119 164/164/164
f 119/119/119 122/122/122 164/164/164
f 164/164/164 122/122/122 165/165/165
f 122/122/122 124/124/124 165/165/165
f 165/165/165 124/124/124 166/166/166
f 124/124/124 127/127/127 166/166/166
f 166/166/166 127/127/127 167/167/167
f 127/127/127 128/128/128 167/167/167
f 167/167/167 128/128/128 168/168/168
f 128/128/128 131/131/131 168/168/168
f 168/168/168 131/131/131 169/169/169
f 131/131/131 133/133/133 169/169/169
f 133/133/133 135/135/135 169/169/169
f 169/169/169 135/135/135 170/170/170
f 135/135/135 136/136/136 170/170/170
f 170/170/170 136/136/136 171/171/171
f 171/171/171 136/136/136 172/172/172
f 136/136/136 137/137/137 172/172/172
f 138/138/138 139/139/139 173/173/173
f 173/173/173 139/139/139 175/175/175
f 175/175/175 139/139/139 176/176/176
f 139/139/139 140/140/140 176/176/176
f 176/176/176 140/140/140 177/177/177
f 140/140/140 141/141/141 177/177/177
f 177/177/177 141/141/141 178/178/178
f 141/141/141 142/142/142 178/178/178
f 178/178/178 142/142/142 179/179/179
f 142/142/142 143/143/143 179/179/179
f 179/179/179 143/143/143 180/180/180
f 143/143/143 144/144/144 180/180/180
f 180/180/180 144/144/144 181/181/181
f 144/144/144 145/145/145 181/181/181
f 181/181/181 145/145/145 182/182/182
f 145/145/145 146/146/146 182/182/182
f 182/182/182 146/146/146 183/183/183
f 146/146/146 147/147/147 183/183/183
f 183/183/183 147/147/147 184/184/184
f 147/147/147 148/148/148 184/184/184
f 184/184/184 148/148/148 185/185/185
f 148/148/148 149/149/149 185/185/185
f 185/185/185 149/149/149 186/186/186
f 149/149/149 150/150/150 186/186/186
f 186/186/186 150/150/150 187/187/187
f 150/150/150 151/151/151 187/187/187
f 187/187/187 151/151/151 188/188/188
f 151/151/151 152/152/152 188/188/188
f 188/188/188 152/152/152 189/189/189
f 152/152/152 153/153/153 189/189/189
f 189/189/189 153/153/153 190/190/190
f 153/153/153 154/154/154 190/190/190
f 190/190/190 154/154/154 191/191/191
f 191/191/191 154/154/154 192/192/192
f 154/154/154 155/155/155 192/192/192
f 192/192/192 155/155/155 193/193/193
f 155/155/155 156/156/156 193/193/193
f 193/193/193 156/156/156 194/194/194
f 156/156/156 157/157/157 194/194/194
f 194/194/194 157/157/157 195/195/195
f 157/157/157 158/158/158 195/195/195
f 195/195/195 158/158/158 196/196/196
f 158/158/158 159/159/159 196/196/196
f 196/196/196 159/159/159 197/197/197
f 159/159/159 160/160/160 197/197/197
f 197/197/197 160/160/160 198/198/198
f 198/198/198 160/160/160 199/199/199
f 160/160/160 161/161/161 199/199/199
f 199/199/199 161/161/161 200/200/200
f 161/161/161 162/162/162 200/200/200
f 162/162/162 163/163/163 200/200/200
f 200/200/200 163/163/163 201/201/201
f 163/163/163 164/164/164 201/201/201
f 201/201/201 164/164/164 202/202/202
f 164/164/164 165/165/165 202/202/202
f 202/202/202 165/165/165 203/203/203
f 165/165/165 166/166/166 203/203/203
f 203/203/203 166/166/166 204/204/204
f 166/166/166 167/167/167 204/204/204
f 204/204/204 167/167/167 205/205/205
f 167/167/167 168/168/168 205/205/205
f 205/205/205 168/168/168 206/206/206
f 168/168/168 169/169/169 206/206/206
f 169/169/169 170/170/170 206/206/206
f 206/206/206 170/170/170 207/207/207
f 170/170/170 171/171/171 207/207/207
f 207/207/207 171/171/171 208/208/208
f 171/171/171 172/172/172 208/208/208
f 172/172/172 174/174/174 208/208/208
f 208/208/208 174/174/174 209/209/209
f 209/209/209 174/174/174 210/210/210
f 211/211/211 175/175/175 212/212/212
f 175/175/175 176/176/176 212/212/212
f 212/212/212 176/176/176 213/213/213
f 176/176/176 177/177/177 213/213/213
f 213/213/213 177/177/177 214/214/214
f 177/177/177 178/178/178 214/214/214
f 214/214/214 178/178/178 215/215/215
f 178/178/178 179/179/179 215/215/215
f 215/215/215 179/179/179 216/216/216
f 179/179/179 180/180/180 216/216/216
f 216/216/216 180/180/180 217/217/217
f 180/180/180 181/181/181 217/217/217
f 217/217/217 181/181/181 218/218/218
f 181/181/181 182/182/182 218/218/218
f 218/218/218 182/182/182 219/219/219
f 182/182/182 183/183/183 219/219/219
f 219/219/219 183/183/183 220/220/220
f 183/183/183 184/184/184 220/220/220
f 220/220/220 184/184/184 221/221/221
f 184/184/184 185/185/185 221/221/221
f 221/221/221 185/185/185 222/222/222
f 185/185/185 186/186/186 222/222/222
f 222/222/222 186/186/186 223/223/223
f 186/186/186 187/187/187 223/223/223
f 223/223/223 187/187/187 224/224/224
f 187/187/187 188/188/188 224/224/224
f 224/224/224 188/188/188 225/225/225
f 188/188/188 189/189/189 225/225/225
f 225/225/225 189/189/189 226/226/226
f 189/189/189 190/190/190 226/226/226
f 226/226/226 190/190/190 227/227/227
f 190/190/190 191/191/191 227/227/227
f 191/191/191 192/192/192 227/227/227
f 227/227/227 192/192/192 228/228/228
f 192/192/192 193/193/193 228/228/228
f 228/228/228 193/193/193 229/229/229
f 193/193/193 194/194/194 229/229/229
f 229/229/229 194/194/194 230/230/230
f 194/194/194 195/195/195 230/230/230
f 230/230/230 195/195/195 231/231/231
f 195/195/195 196/196/196 231/231/231
f 231/231/231 196/196/196 232/232/232
f 196/196/196 197/197/197 232/232/232
f 232/232/232 197/197/197 233/233/233
f 197/197/197 198/198/198 233/233/233
f 233/233/233 198/198/198 234/234/234
f 234/234/234 198/198/198 235/235/235
f 198/198/198 199/199/199 235/235/235
f 235/235/235 199/199/199 236/236/236
f 199/199/199 200/200/200 236/236/236
f 200/200/200 201/201/201 236/236/236
f 236/236/236 201/201/201 237/237/237
f 201/201/201 202/202/202 237/237/237
f 237/237/237 202/202/202 238/238/238
f 202/202/202 203/203/203 238/238/238
f 238/238/238 203/203/203 239/239/239
f 203/203/203 204/204/204 239/239/239
f 239/239/239 204/204/204 240/240/240
f 204/204/204 205/205/205 240/240/240
f 240/240/240 205/205/205 241/241/241
f 205/205/205 206/206/206 241/241/241
f 206/206/206 207/207/207 241/241/241
f 241/241/241 207/207/207 242/242/242
f 207/207/207 208/208/208 242/242/242
f 242/242/242 208/208/208 243/243/243
f 208/208/208 209/209/209 243/243/243
f 243/243/243 209/209/209 244/244/244
f 244/244/244 209/209/209 245/245/245
f 209/209/209 210/210/210 245/245/245
f 245/245/245 210/210/210 246/246/246
f 247/247/247 211/211/211 248/248/248
f 211/211/211 212/212/212 248/248/248
f 248/248/248 212/212/212 249/249/249
f 212/212/212 213/213/213 249/249/249
f 249/249/249 213/213/213 250/250/250
f 213/213/213 214/214/214 250/250/250
f 250/250/250 214/214/214 251/251/251
f 214/214/214 215/215/215 251/251/251
f 251/251/251 215/215/215 252/252/252
f 215/215/215 216/216/216 252/252/252
f 252/252/252 216/216/216 253/253/253
f 216/216/216 217/217/217 253/253/253
f 253/253/253 217/217/217 254/254/254
f 217/217/217 218/218/218 254/254/254
f 254/254/254 218/218/218 255/255/255
f 218/218/218 219/219/219 255/255/255
f 255/255/255 219/219/219 256/256/256
f 219/219/219 220/220/220 256/256/256
f 256/256/256 220/220/220 257/257/257
f 220/220/220 221/221/221 257/257/257
f 257/257/257 221/221/221 258/258/258
f 221/221/221 222/222/222 258/258/258
f 258/258/258 222/222/222 259/259/259
f 222/222/222 223/223/223 259/259/259
f 259/259/259 223/223/223 260/260/260
f 223/223/223 224/224/224 260/260/260
f 260/260/260 224/224/224 261/261/261
f 224/224/224 225/225/225 261/261/261
f 261/261/261 225/225/225 262/262/262
f 225/225/225 226/226/226 262/262/262
f 262/262/262 226/226/226 263/263/263
f 226/226/226 227/227/227 263/263/263
f 227/227/227 228/228/228 263/263/263
f 263/263/263 228/228/228 264/264/264
f 228/228/228 229/229/229 264/264/264
f 264/264/264 229/229/229 265/265/265
f 229/229/229 230/230/230 265/265/265
f 265/265/265 230/230/230 266/266/266
f 230/230/230 231/231/231 266/266/266
f 266/266/266 231/231/231 267/267/267
f 231/231/231 232/232/232 267/267/267
f 267/267/267 232/232/232 268/268/268
f 232/232/232 233/233/233 268/268/268
f 268/268/268 233/233/233 269/269/269
f 233/233/233 234/234/234 269/269/269
f 269/269/269 234/234/234 270/270/270
f 270/270/270 234/234/234 271/271/271
f 234/234/234 235/235/235 271/271/271
f 271/271/271 235/235/235 272/272/272
f 235/235/235 236/236/236 272/272/272
f 236/236/236 237/237/237 272/272/272
f 272/272/272 237/237/237 273/273/273
f 237/237/237 238/238/238 273/273/273
f 273/273/273 238/238/238 274/274/274
f 238/238/238 239/239/239 274/274/274
f 274/274/274 239/239/239 275/275/275
f 239/239/239 240/240/240 275/275/275
f 275/275/275 240/240/240 276/276/276
f 240/240/240 241/241/241 276/276/276
f 241/241/241 242/242/242 276/276/276
f 276/276/276 242/242/242 277/277/277
f 242/242/242 243/243/243 277/277/277
f 277/277/277 243/243/243 278/278/278
f 243/243/243 244/244/244 278/278/278
f 278/278/278 244/244/244 279/279/279
f 279/279/279 244/244/244 280/280/280
f 244/244/244 245/245/245 280/280/280
f 280/280/280 245/245/245 281/281/281
f 245/245/245 246/246/246 281/281/281
f 281/281/281 246/246/246 283/283/283
f 282/282/282 247/247/247 284/284/284
f 247/247/247 248/248/248 284/284/284
f 284/284/284 248/248/248 285/285/285
f 248/248/248 249/249/249 285/285/285
f 285/285/285 249/249/249 286/286/286
f 249/249/249 250/250/250 286/286/286
f 286/286/286 250/250/250 287/287/287
f 250/250/250 251/251/251 287/287/287
f 287/287/287 251/251/251 288/288/288
f 251/251/251 252/252/252 288/288/288
f 288/288/288 252/252/252 289/289/289
f 252/252/252 253/253/253 289/289/289
f 289/289/289 253/253/253 290/290/290
f 253/253/253 254/254/254 290/290/290
f 290/290/290 254/254/254 291/291/291
f 254/254/254 255/255/255 291/291/291
f 291/291/291 255/255/255 292/292/292
f 255/255/255 256/256/256 292/292/292
f 292/292/292 256/256/256 293/293/293
f 256/256/256 257/257/257 293/293/293
f 293/293/293 257/257/257 294/294/294
f 257/257/257 258/258/258 294/294/294
f 294/294/294 258/258/258 295/295/295
f 258/258/258 259/259/259 295/295/295
f 295/295/295 259/259/259 296/296/296
f 259/259/259 260/260/260 296/296/296
f 296/296/296 260/260/260 297/297/297
f 260/260/260 261/261/261 297/297/297
f 297/297/297 261/261/261 298/298/298
f 261/261/261 262/262/262 298/298/298
f 298/298/298 262/262/262 299/299/299
f 262/262/262 263/263/263 299/299/299
f 263/263/263 264/264/264 299/299/299
f 299/299/299 264/264/264 300/300/300
f 264/264/264 265/265/265 300/300/300
f 300/300/300 265/265/265 301/301/301
f 265/265/265 266/266/266 301/301/301
f 301/301/301 266/266/266 302/302/302
f 266/266/266 267/267/267 302/302/302
f 302/302/302 267/267/267 303/303/303
f 267/267/267 268/268/268 303/303/303
f 303/303/303 268/268/268 304/304/304
f 268/268/268 269/269/269 304/304/304
f 304/304/304 269/269/269 305/305/305
f 269/269/269 270/270/270 305/305/305
f 305/305/305 270/270/270 306/306/306
f 306/306/306 270/270/270 307/307/307
f 270/270/270 271/271/271 307/307/307
f 307/307/307 271/271/271 308/308/308
f 271/271/271 272/272/272 308/308/308
f 272/272/272 273/273/273 308/308/308
f 308/308/308 273/273/273 309/309/309
f 273/273/273 274/274/274 309/309/309
f 309/309/309 274/274/274 310/310/310
f 274/274/274 275/275/275 310/310/310
f 310/310/310 275/275/275 311/311/311
f 275/275/275 276/276/276 311/311/311
f 276/276/276 277/277/277 311/311/311
f 311/311/311 277/277/277 312/312/312
f 277/277/277 278/278/278 312/312/312
f 312/312/312 278/278/278 313/313/313
f 278/278/278 279/279/279 313/313/313
f 314/314/314 313/313/313 317/317/317
f 313/313/313 279/279/279 317/317/317
f 317/317/317 279/279/279 320/320/320
f 279/279/279 280/280/280 320/320/320
f 320/320/320 280/280/280 323/323/323
f 280/280/280 281/281/281 323/323/323
f 323/323/323 281/281/281 326/326/326
f 281/281/281 283/283/283 326/326/326
f 327/327/327 282/282/282 330/330/330
f 282/282/282 284/284/284 330/330/330
f 330/330/330 284/284/284 333/333/333
f 284/284/284 285/285/285 333/333/333
f 333/333/333 285/285/285 334/334/334
f 285/285/285 286/286/286 334/334/334
f 334/334/334 286/286/286 338/338/338
f 286/286/286 287/287/287 338/338/338
f 338/338/338 287/287/287 341/341/341
f 287/287/287 288/288/288 341/341/341
f 341/341/341 288/288/288 344/344/344
f 288/288/288 289/289/289 344/344/344
f 344/344/344 289/289/289 347/347/347
f 289/289/289 290/290/290 347/347/347
f 347/347/347 290/290/290 349/349/349
f 290/290/290 291/291/291 349/349/349
f 349/349/349 291/291/291 351/351/351
f 291/291/291 292/292/292 351/351/351
f 351/351/351 292/292/292 355/355/355
f 292/292/292 293/293/293 355/355/355
f 355/355/355 293/293/293 357/357/357
f 293/293/293 294/294/294 357/357/357
f 357/357/357 294/294/294 359/359/359
f 294/294/294 295/295/295 359/359/359
f 359/359/359 295/295/295 361/361/361
f 295/295/295 296/296/296 361/361/361
f 361/361/361 296/296/296 362/362/362
f 296/296/296 297/297/297 362/362/362
f 362/362/362 297/297/297 364/364/364
f 297/297/297 298/298/298 364/364/364
f 364/364/364 298/298/298 366/366/366
f 298/298/298 299/299/299 366/366/366
f 366/366/366 299/299/299 368/368/368
f 299/299/299 300/300/300 368/368/368
f 368/368/368 300/300/300 372/372/372
f 300/300/300 301/301/301 372/372/372
f 372/372/372 301/301/301 373/373/373
f 301/301/301 302/302/302 373/373/373
f 373/373/373 302/302/302 376/376/376
f 302/302/302 303/303/303 376/376/376
f 376/376/376 303/303/303 380/380/380
f 303/303/303 304/304/304 380/380/380
f 380/380/380 304/304/304 383/383/383
f 304/304/304 305/305/305 383/383/383
f 383/383/383 305/305/305 386/386/386
f 305/305/305 306/306/306 386/386/386
f 386/386/386 306/306/306 387/387/387
f 387/387/387 306/306/306 389/389/389
f 306/306/306 307/307/307 389/389/389
f 389/389/389 307/307/307 390/390/390
f 307/307/307 308/308/308 390/390/390
f 308/308/308 309/309/309 390/390/390
f 390/390/390 309/309/309 391/391/391
f 309/309/309 310/310/310 391/391/391
f 391/391/391 310/310/310 392/392/392
f 310/310/310 311/311/311 392/392/392
f 311/311/311 312/312/312 392/392/392
f 392/392/392 312/312/312 393/393/393
f 312/312/312 313/313/313 393/393/393
f 313/313/313 314/314/314 393/393/393
f 393/393/393 314/314/314 394/394/394
f 395/395/395 316/316/316 399/399/399
f 315/315/315 319/319/319 400/400/400
f 318/318/318 321/321/321 401/401/401
f 322/322/322 324/324/324 399/399/399
f 324/324/324 325/325/325 399/399/399
f 325/325/325 328/328/328 399/399/399
f 329/329/329 331/331/331 397/397/397
f 332/332/332 336/336/336 399/399/399
f 335/335/335 339/339/339 403/403/403
f 337/337/337 340/340/340 399/399/399
f 340/340/340 343/343/343 399/399/399
f 342/342/342 345/345/345 402/402/402
f 346/346/346 348/348/348 399/399/399
f 348/348/348 350/350/350 399/399/399
f 352/352/352 353/353/353 398/398/398
f 354/354/354 356/356/356 399/399/399
f 356/356/356 358/358/358 399/399/399
f 358/358/358 360/360/360 399/399/399
f 360/360/360 363/363/363 399/399/399
f 363/363/363 365/365/365 399/399/399
f 365/365/365 367/367/367 399/399/399
f 367/367/367 369/369/369 399/399/399
f 369/369/369 370/370/370 399/399/399
f 371/371/371 374/374/374 396/396/396
f 375/375/375 378/378/378 405/405/405
f 377/377/377 379/379/379 399/399/399
f 379/379/379 381/381/381 399/399/399
f 382/382/382 384/384/384 404/404/404
f 385/385/385 388/388/388 399/399/399
f 399/399/399 388/388/388 407/407/407
f 387/387/387 389/389/389 408/408/408
f 408/408/408 389/389/389 410/410/410
f 389/389/389 390/390/390 410/410/410
f 390/390/390 391/391/391 410/410/410
f 410/410/410 391/391/391 411/411/411
f 391/391/391 392/392/392 411/411/411
f 392/392/392 393/393/393 411/411/411
f 393/393/393 394/394/394 411/411/411
f 411/411/411 394/394/394 413/413/413
f 395/395/395 399/399/399 412/412/412
f 406/406/406 409/409/409 414/414/414
f 408/408/408 410/410/410 413/413/413
f 417/417/417 418/418/418 419/419/419
f 418/418/418 421/421/421 419/419/419
f 419/419/419 421/421/421 422/422/422
f 421/421/421 424/424/424 422/422/422
f 422/422/422 424/424/424 425/425/425
f 424/424/424 428/428/428 425/425/425
f 425/425/425 428/428/428 429/429/429
f 428/428/428 432/432/432 429/429/429
f 429/429/429 432/432/432 433/433/433
f 432/432/432 435/435/435 433/433/433
f 433/433/433 435/435/435 436/436/436
f 435/435/435 438/438/438 436/436/436
f 436/436/436 438/438/438 440/440/440
f 438/438/438 441/441/441 440/440/440
f 440/440/440 441/441/441 443/443/443
f 441/441/441 444/444/444 443/443/443
f 443/443/443 444/444/444 445/445/445
f 444/444/444 448/448/448 445/445/445
f 445/445/445 448/448/448 449/449/449
f 448/448/448 452/452/452 449/449/449
f 449/449/449 452/452/452 454/454/454
f 452/452/452 456/456/456 454/454/454
f 454/454/454 456/456/456 457/457/457
f 456/456/456 459/459/459 457/457/457
f 457/457/457 459/459/459 460/460/460
f 459/459/459 462/462/462 460/460/460
f 460/460/460 462/462/462 464/464/464
f 462/462/462 466/466/466 464/464/464
f 464/464/464 466/466/466 467/467/467
f 466/466/466 470/470/470 467/467/467
f 467/467/467 470/470/470 471/471/471
f 476/476/476 471/471/471 477/477/477
f 471/471/471 470/470/470 477/477/477
f 477/477/477 470/470/470 478/478/478
f 478/478/478 470/470/470 479/479/479
f 470/470/470 466/466/466 479/479/479
f 479/479/479 466/466/466 480/480/480
f 466/466/466 462/462/462 480/480/480
f 480/480/480 462/462/462 481/481/481
f 462/462/462 459/459/459 481/481/481
f 481/481/481 459/459/459 482/482/482
f 459/459/459 456/456/456 482/482/482
f 482/482/482 456/456/456 483/483/483
f 456/456/456 452/452/452 483/483/483
f 483/483/483 452/452/452 484/484/484
f 452/452/452 448/448/448 484/484/484
f 484/484/484 448/448/448 485/485/485
f 485/485/485 448/448/448 486/486/486
f 448/448/448 444/444/444 486/486/486
f 486/486/486 444/444/444 487/487/487
f 444/444/444 441/441/441 487/487/487
f 487/487/487 441/441/441 488/488/488
f 441/441/441 438/438/438 488/488/488
f 488/488/488 438/438/438 489/489/489
f 438/438/438 435/435/435 489/489/489
f 489/489/489 435/435/435 490/490/490
f 435/435/435 432/432/432 490/490/490
f 490/490/490 432/432/432 491/491/491
f 432/432/432 428/428/428 491/491/491
f 491/491/491 428/428/428 492/492/492
f 428/428/428 424/424/424 492/492/492
f 492/492/492 424/424/424 493/493/493
f 424/424/424 421/421/421 493/493/493
f 493/493/493 421/421/421 494/494/494
f 421/421/421 418/418/418 494/494/494
f 494/494/494 418/418/418 495/495/495
f 495/495/495 418/418/418 496/496/496
f 418/418/418 417/417/417 496/496/496
f 496/496/496 417/417/417 497/497/497
f 498/498/498 415/415/415 508/508/508
f 416/416/416 420/420/420 506/506/506
f 420/420/420 423/423/423 506/506/506
f 423/423/423 427/427/427 506/506/506
f 426/426/426 430/430/430 504/504/504
f 431/431/431 434/434/434 506/506/506
f 434/434/434 437/437/437 506/506/506
f 437/437/437 439/439/439 506/506/506
f 439/439/439 442/442/442 506/506/506
f 442/442/442 446/446/446 506/506/506
f 447/447/447 450/450/450 509/509/509
f 451/451/451 453/453/453 501/501/501
f 455/455/455 458/458/458 506/506/506
f 458/458/458 461/461/461 506/506/506
f 461/461/461 465/465/465 506/506/506
f 463/463/463 469/469/469 502/502/502
f 468/468/468 472/472/472 506/506/506
f 473/473/473 475/475/475 507/507/507
f 506/506/506 474/474/474 513/513/513
f 512/512/512 476/476/476 514/514/514
f 476/476/476 477/477/477 514/514/514
f 514/514/514 477/477/477 515/515/515
f 477/477/477 478/478/478 515/515/515
f 515/515/515 478/478/478 516/516/516
f 516/516/516 478/478/478 517/517/517
f 478/478/478 479/479/479 517/517/517
f 517/517/517 479/479/479 518/518/518
f 479/479/479 480/480/480 518/518/518
f 518/518/518 480/480/480 519/519/519
f 480/480/480 481/481/481 519/519/519
f 519/519/519 481/481/481 520/520/520
f 481/481/481 482/482/482 520/520/520
f 520/520/520 482/482/482 521/521/521
f 482/482/482 483/483/483 521/521/521
f 521/521/521 483/483/483 522/522/522
f 483/483/483 484/484/484 522/522/522
f 522/522/522 484/484/484 523/523/523
f 484/484/484 485/485/485 523/523/523
f 523/523/523 485/485/485 524/524/524
f 524/524/524 485/485/485 525/525/525
f 485/485/485 486/486/486 525/525/525
f 525/525/525 486/486/486 526/526/526
f 486/486/486 487/487/487 526/526/526
f 526/526/526 487/487/487 527/527/527
f 487/487/487 488/488/488 527/527/527
f 527/527/527 488/488/488 528/528/528
f 488/488/488 489/489/489 528/528/528
f 528/528/528 489/489/489 529/529/529
f 489/489/489 490/490/490 529/529/529
f 529/529/529 490/490/490 530/530/530
f 490/490/490 491/491/491 530/530/530
f 530/530/530 491/491/491 531/531/531
f 491/491/491 492/492/492 531/531/531
f 531/531/531 492/492/492 532/532/532
f 492/492/492 493/493/493 532/532/532
f 532/532/532 493/493/493 533/533/533
f 493/493/493 494/494/494 533/533/533
f 533/533/533 494/494/494 534/534/534
f 494/494/494 495/495/495 534/534/534
f 534/534/534 495/495/495 535/535/535
f 535/535/535 495/495/495 536/536/536
f 495/495/495 496/496/496 536/536/536
f 536/536/536 496/496/496 537/537/537
f 496/496/496 497/497/497 537/537/537
f 537/537/537 497/497/497 540/540/540
f 499/499/499 506/506/506 538/538/538
f 539/539/539 503/503/503 541/541/541
f 543/543/543 506/506/506 544/544/544
f 544/544/544 506/506/506 547/547/547
f 547/547/547 506/506/506 550/550/550
f 550/550/550 506/506/506 551/551/551
f 553/553/553 500/500/500 555/555/555
f 554/554/554 506/506/506 557/557/557
f 559/559/559 505/505/505 562/562/562
f 560/560/560 510/510/510 563/563/563
f 564/564/564 511/511/511 566/566/566
f 567/567/567 506/506/506 569/569/569
f 506/506/506 513/513/513 569/569/569
f 570/570/570 512/512/512 571/571/571
f 512/512/512 514/514/514 571/571/571
f 571/571/571 514/514/514 572/572/572
f 514/514/514 515/515/515 572/572/572
f 572/572/572 515/515/515 573/573/573
f 515/515/515 516/516/516 573/573/573
f 573/573/573 516/516/516 574/574/574
f 574/574/574 516/516/516 575/575/575
f 516/516/516 517/517/517 575/575/575
f 575/575/575 517/517/517 576/576/576
f 517/517/517 518/518/518 576/576/576
f 576/576/576 518/518/518 577/577/577
f 518/518/518 519/519/519 577/577/577
f 577/577/577 519/519/519 578/578/578
f 519/519/519 520/520/520 578/578/578
f 578/578/578 520/520/520 579/579/579
f 520/520/520 521/521/521 579/579/579
f 579/579/579 521/521/521 580/580/580
f 521/521/521 522/522/522 580/580/580
f 580/580/580 522/522/522 581/581/581
f 522/522/522 523/523/523 581/581/581
f 581/581/581 523/523/523 582/582/582
f 523/523/523 524/524/524 582/582/582
f 582/582/582 524/524/524 583/583/583
f 583/583/583 524/524/524 584/584/584
f 524/524/524 525/525/525 584/584/584
f 584/584/584 525/525/525 585/585/585
f 525/525/525 526/526/526 585/585/585
f 585/585/585 526/526/526 586/586/586
f 526/526/526 527/527/527 586/586/586
f 586/586/586 527/527/527 587/587/587
f 527/527/527 528/528/528 587/587/587
f 587/587/587 528/528/528 588/588/588
f 528/528/528 529/529/529 588/588/588
f 588/588/588 529/529/529 589/589/589
f 529/529/529 530/530/530 589/589/589
f 589/589/589 530/530/530 590/590/590
f 530/530/530 531/531/531 590/590/590
f 590/590/590 531/531/531 591/591/591
f 531/531/531 532/532/532 591/591/591
f 591/591/591 532/532/532 592/592/592
f 532/532/532 533/533/533 592/592/592
f 592/592/592 533/533/533 593/593/593
f 533/533/533 534/534/534 593/593/593
f 593/593/593 534/534/534 594/594/594
f 534/534/534 535/535/535 594/594/594
f 594/594/594 535/535/535 595/595/595
f 595/595/595 535/535/535 596/596/596
f 535/535/535 536/536/536 596/596/596
f 596/596/596 536/536/536 597/597/597
f 536/536/536 537/537/537 597/597/597
f 597/597/597 537/537/537 598/598/598
f 537/537/537 540/540/540 598/598/598
f 540/540/540 542/542/542 598/598/598
f 598/598/598 542/542/542 599/599/599
f 542/542/542 545/545/545 599/599/599
f 599/599/599 545/545/545 600/600/600
f 545/545/545 546/546/546 600/600/600
f 600/600/600 546/546/546 601/601/601
f 546/546/546 549/549/549 601/601/601
f 601/601/601 549/549/549 602/602/602
f 548/548/548 552/552/552 603/603/603
f 603/603/603 552/552/552 604/604/604
f 552/552/552 556/556/556 604/604/604
f 604/604/604 556/556/556 605/605/605
f 556/556/556 558/558/558 605/605/605
f 605/605/605 558/558/558 606/606/606
f 558/558/558 561/561/561 606/606/606
f 606/606/606 561/561/561 607/607/607
f 561/561/561 565/565/565 607/607/607
f 607/607/607 565/565/565 608/608/608
f 565/565/565 568/568/568 608/608/608
f 608/608/608 568/568/568 609/609/609
f 568/568/568 570/570/570 609/609/609
f 570/570/570 571/571/571 609/609/609
f 609/609/609 571/571/571 610/610/610
f 571/571/571 572/572/572 610/610/610
f 610/610/610 572/572/572 611/611/611
f 572/572/572 573/573/573 611/611/611
f 611/611/611 573/573/573 612/612/612
f 573/573/573 574/574/574 612/612/612
f 612/612/612 574/574/574 613/613/613
f 613/613/613 574/574/574 614/614/614
f 574/574/574 575/575/575 614/614/614
f 614/614/614 575/575/575 615/615/615
f 575/575/575 576/576/576 615/615/615
f 615/615/615 576/576/576 616/616/616
f 576/576/576 577/577/577 616/616/616
f 616/616/616 577/577/577 617/617/617
f 577/577/577 578/578/578 617/617/617
f 617/617/617 578/578/578 618/618/618
f 578/578/578 579/579/579 618/618/618
f 618/618/618 579/579/579 619/619/619
f 579/579/579 580/580/580 619/619/619
f 619/619/619 580/580/580 620/620/620
f 580/580/580 581/581/581 620/620/620
f 620/620/620 581/581/581 621/621/621
f 581/581/581 582/582/582 621/621/621
f 621/621/621 582/582/582 622/622/622
f 582/582/582 583/583/583 622/622/622
f 622/622/622 583/583/583 623/623/623
f 623/623/623 583/583/583 624/624/624
f 583/583/583 584/584/584 624/624/624
f 624/624/624 584/584/584 625/625/625
f 584/584/584 585/585/585 625/625/625
f 625/625/625 585/585/585 626/626/626
f 585/585/585 586/586/586 626/626/626
f 626/626/626 586/586/586 627/627/627
f 586/586/586 587/587/587 627/627/627
f 627/627/627 587/587/587 628/628/628
f 587/587/587 588/588/588 628/628/628
f 628/628/628 588/588/588 629/629/629
f 588/588/588 589/589/589 629/629/629
f 629/629/629 589/589/589 630/630/630
f 589/589/589 590/590/590 630/630/630
f 630/630/630 590/590/590 631/631/631
f 590/590/590 591/591/591 631/631/631
f 631/631/631 591/591/591 632/632/632
f 591/591/591 592/592/592 632/632/632
f 632/632/632 592/592/592 633/633/633
f 592/592/592 593/593/593 633/633/633
f 633/633/633 593/593/593 634/634/634
f 593/593/593 594/594/594 634/634/634
f 634/634/634 594/594/594 635/635/635
f 594/594/594 595/595/595 635/635/635
f 635/635/635 595/595/595 636/636/636
f 636/636/636 595/595/595 637/637/637
f 595/595/595 596/596/596 637/637/637
f 637/637/637 596/596/596 638/638/638
f 596/596/596 597/597/597 638/638/638
f 638/638/638 597/597/597 639/639/639
f 597/597/597 598/598/598 639/639/639
f 598/598/598 599/599/599 639/639/639
f 639/639/639 599/599/599 640/640/640
f 599/599/599 600/600/600 640/640/640
f 640/640/640 600/600/600 641/641/641
f 600/600/600 601/601/601 641/641/641
f 601/601/601 602/602/602 641/641/641
f 641/641/641 602/602/602 642/642/642
f 603/603/603 604/604/604 643/643/643
f 643/643/643 604/604/604 644/644/644
f 604/604/604 605/605/605 644/644/644
f 644/644/644 605/605/605 645/645/645
f 605/605/605 606/606/606 645/645/645
f 645/645/645 606/606/606 646/646/646
f 606/606/606 607/607/607 646/646/646
f 646/646/646 607/607/607 647/647/647
f 607/607/607 608/608/608 647/647/647
f 647/647/647 608/608/608 648/648/648
f 608/608/608 609/609/609 648/648/648
f 609/609/609 610/610/610 648/648/648
f 648/648/648 610/610/610 649/649/649
f 610/610/610 611/611/611 649/649/649
f 649/649/649 611/611/611 650/650/650
f 611/611/611 612/612/612 650/650/650
f 650/650/650 612/612/612 651/651/651
f 612/612/612 613/613/613 651/651/651
f 651/651/651 613/613/613 652/652/652
f 652/652/652 613/613/613 653/653/653
f 613/613/613 614/614/614 653/653/653
f 653/653/653 614/614/614 654/654/654
f 614/614/614 615/615/615 654/654/654
f 654/654/654 615/615/615 655/655/655
f 615/615/615 616/616/616 655/655/655
f 655/655/655 616/616/616 656/656/656
f 616/616/616 617/617/617 656/656/656
f 656/656/656 617/617/617 657/657/657
f 617/617/617 618/618/618 657/657/657
f 657/657/657 618/618/618 658/658/658
f 618/618/618 619/619/619 658/658/658
f 658/658/658 619/619/619 659/659/659
f 619/619/619 620/620/620 659/659/659
f 659/659/659 620/620/620 660/660/660
f 620/620/620 621/621/621 660/660/660
f 660/660/660 621/621/621 661/661/661
f 621/621/621 622/622/622 661/661/661
f 661/661/661 622/622/622 662/662/662
f 622/622/622 623/623/623 662/662/662
f 623/623/623 624/624/624 662/662/662
f 662/662/662 624/624/624 663/663/663
f 624/624/624 625/625/625 663/663/663
f 663/663/663 625/625/625 664/664/664
f 625/625/625 626/626/626 664/664/664
f 664/664/664 626/626/626 665/665/665
f 626/626/626 627/627/627 665/665/665
f 665/665/665 627/627/627 666/666/666
f 627/627/627 628/628/628 666/666/666
f 666/666/666 628/628/628 667/667/667
f 628/628/628 629/629/629 667/667/667
f 667/667/667 629/629/629 668/668/668
f 629/629/629 630/630/630 668/668/668
f 668/668/668 630/630/630 669/669/669
f 630/630/630 631/631/631 669/669/669
f 669/669/669 631/631/631 670/670/670
f 631/631/631 632/632/632 670/670/670
f 670/670/670 632/632/632 671/671/671
f 632/632/632 633/633/633 671/671/671
f 671/671/671 633/633/633 672/672/672
f 633/633/633 634/634/634 672/672/672
f 672/672/672 634/634/634 673/673/673
f 634/634/634 635/635/635 673/673/673
f 673/673/673 635/635/635 674/674/674
f 635/635/635 636/636/636 674/674/674
f 674/674/674 636/636/636 675/675/675
f 675/675/675 636/636/636 676/676/676
f 636/636/636 637/637/637 676/676/676
f 676/676/676 637/637/637 677/677/677
f 637/637/637 638/638/638 677/677/677
f 677/677/677 638/638/638 678/678/678
f 638/638/638 639/639/639 678/678/678
f 639/639/639 640/640/640 678/678/678
f 678/678/678 640/640/640 679/679/679
f 640/640/640 641/641/641 679/679/679
f 679/679/679 641/641/641 681/681/681
f 641/641/641 642/642/642 681/681/681
f 643/643/643 644/644/644 680/680/680
f 680/680/680 644/644/644 682/682/682
f 644/644/644 645/645/645 682/682/682
f 682/682/682 645/645/645 683/683/683
f 645/645/645 646/646/646 683/683/683
f 683/683/683 646/646/646 684/684/684
f 646/646/646 647/647/647 684/684/684
f 684/684/684 647/647/647 685/685/685
f 647/647/647 648/648/648 685/685/685
f 648/648/648 649/649/649 685/685/685
f 685/685/685 649/649/649 686/686/686
f 649/649/649 650/650/650 686/686/686
f 686/686/686 650/650/650 687/687/687
f 650/650/650 651/651/651 687/687/687
f 687/687/687 651/651/651 688/688/688
f 651/651/651 652/652/652 688/688/688
f 688/688/688 652/652/652 689/689/689
f 689/689/689 652/652/652 690/690/690
f 652/652/652 653/653/653 690/690/690
f 690/690/690 653/653/653 691/691/691
f 653/653/653 654/654/654 691/691/691
f 691/691/691 654/654/654 692/692/692
f 654/654/654 655/655/655 692/692/692
f 692/692/692 655/655/655 693/693/693
f 655/655/655 656/656/656 693/693/693
f 693/693/693 656/656/656 694/694/694
f 656/656/656 657/657/657 694/694/694
f 694/694/694 657/657/657 695/695/695
f 657/657/657 658/658/658 695/695/695
f 695/695/695 658/658/658 696/696/696
f 658/658/658 659/659/659 696/696/696
f 696/696/696 659/659/659 697/697/697
f 659/659/659 660/660/660 697/697/697
f 697/697/697 660/660/660 698/698/698
f 660/660/660 661/661/661 698/698/698
f 698/698/698 661/661/661 699/699/699
f 661/661/661 662/662/662 699/699/699
f 662/662/662 663/663/663 699/699/699
f 699/699/699 663/663/663 700/700/700
f 663/663/663 664/664/664 700/700/700
f 700/700/700 664/664/664 701/701/701
f 664/664/664 665/665/665 701/701/701
f 701/701/701 665/665/665 702/702/702
f 665/665/665 666/666/666 702/702/702
f 702/702/702 666/666/666 703/703/703
f 666/666/666 667/667/667 703/703/703
f 703/703/703 667/667/667 704/704/704
f 667/667/667 668/668/668 704/704/704
f 704/704/704 668/668/668 705/705/705
f 668/668/668 669/669/669 705/705/705
f 705/705/705 669/669/669 706/706/706
f 669/669/669 670/670/670 706/706/706
f 706/706/706 670/670/670 707/707/707
f 670/670/670 671/671/671 707/707/707
f 707/707/707 671/671/671 708/708/708
f 671/671/671 672/672/672 708/708/708
f 708/708/708 672/672/672 709/709/709
f 672/672/672 673/673/673 709/709/709
f 709/709/709 673/673/673 710/710/710
f 673/673/673 674/674/674 710/710/710
f 710/710/710 674/674/674 711/711/711
f 674/674/674 675/675/675 711/711/711
f 711/711/711 675/675/675 712/712/712
f 712/712/712 675/675/675 713/713/713
f 675/675/675 676/676/676 713/713/713
f 713/713/713 676/676/676 714/714/714
f 676/676/676 677/677/677 714/714/714
f 714/714/714 677/677/677 715/715/715
f 677/677/677 678/678/678 715/715/715
f 678/678/678 679/679/679 715/715/715
f 715/715/715 679/679/679 716/716/716
f 679/679/679 681/681/681 716/716/716
f 717/717/717 680/680/680 718/718/718
f 680/680/680 682/682/682 718/718/718
f 718/718/718 682/682/682 719/719/719
f 682/682/682 683/683/683 719/719/719
f 683/683/683 684/684/684 719/719/719
f 719/719/719 684/684/684 720/720/720
f 684/684/684 685/685/685 720/720/720
f 685/685/685 686/686/686 720/720/720
f 720/720/720 686/686/686 721/721/721
f 686/686/686 687/687/687 721/721/721
f 721/721/721 687/687/687 722/722/722
f 687/687/687 688/688/688 722/722/722
f 722/722/722 688/688/688 723/723/723
f 688/688/688 689/689/689 723/723/723
f 723/723/723 689/689/689 724/724/724
f 724/724/724 689/689/689 725/725/725
f 689/689/689 690/690/690 725/725/725
f 725/725/725 690/690/690 726/726/726
f 690/690/690 691/691/691 726/726/726
f 726/726/726 691/691/691 727/727/727
f 691/691/691 692/692/692 727/727/727
f 727/727/727 692/692/692 728/728/728
f 692/692/692 693/693/693 728/728/728
f 728/728/728 693/693/693 729/729/729
f 693/693/693 694/694/694 729/729/729
f 729/729/729 694/694/694 730/730/730
f 694/694/694 695/695/695 730/730/730
f 730/730/730 695/695/695 731/731/731
f 695/695/695 696/696/696 731/731/731
f 731/731/731 696/696/696 732/732/732
f 696/696/696 697/697/697 732/732/732
f 732/732/732 697/697/697 733/733/733
f 697/697/697 698/698/698 733/733/733
f 733/733/733 698/698/698 734/734/734
f 698/698/698 699/699/699 734/734/734
f 699/699/699 700/700/700 734/734/734
f 734/734/734 700/700/700 735/735/735
f 700/700/700 701/701/701 735/735/735
f 735/735/735 701/701/701 736/736/736
f 701/701/701 702/702/702 736/736/736
f 736/736/736 702/702/702 737/737/737
f 702/702/702 703/703/703 737/737/737
f 737/737/737 703/703/703 738/738/738
f 703/703/703 704/704/704 738/738/738
f 738/738/738 704/704/704 739/739/739
f 704/704/704 705/705/705 739/739/739
f 739/739/739 705/705/705 740/740/740
f 705/705/705 706/706/706 740/740/740
f 740/740/740 706/706/706 741/741/741
f 706/706/706 707/707/707 741/741/741
f 741/741/741 707/707/707 742/742/742
f 707/707/707 708/708/708 742/742/742
f 742/742/742 708/708/708 743/743/743
f 708/708/708 709/709/709 743/743/743
f 743/743/743 709/709/709 744/744/744
f 709/709/709 710/710/710 744/744/744
f 744/744/744 710/710/710 745/745/745
f 710/710/710 711/711/711 745/745/745
f 745/745/745 711/711/711 746/746/746
f 711/711/711 712/712/712 746/746/746
f 746/746/746 712/712/712 747/747/747
f 747/747/747 712/712/712 748/748/748
f 712/712/712 713/713/713 748/748/748
f 748/748/748 713/713/713 749/749/749
f 713/713/713 714/714/714 749/749/749
f 749/749/749 714/714/714 750/750/750
f 714/714/714 715/715/715 750/750/750
f 715/715/715 716/716/716 750/750/750
f 751/751/751 717/717/717 752/752/752
f 717/717/717 718/718/718 752/752/752
f 718/718/718 719/719/719 752/752/752
f 752/752/752 719/719/719 753/753/753
f 719/719/719 720/720/720 753/753/753
f 720/720/720 721/721/721 753/753/753
f 753/753/753 721/721/721 754/754/754
f 721/721/721 722/722/722 754/754/754
f 754/754/754 722/722/722 755/755/755
f 722/722/722 723/723/723 755/755/755
f 755/755/755 723/723/723 756/756/756
f 723/723/723 724/724/724 756/756/756
f 756/756/756 724/724/724 757/757/757
f 757/757/757 724/724/724 758/758/758
f 724/724/724 725/725/725 758/758/758
f 758/758/758 725/725/725 759/759/759
f 725/725/725 726/726/726 759/759/759
f 759/759/759 726/726/726 760/760/760
f 726/726/726 727/727/727 760/760/760
f 760/760/760 727/727/727 761/761/761
f 727/727/727 728/728/728 761/761/761
f 761/761/761 728/728/728 762/762/762
f 728/728/728 729/729/729 762/762/762
f 762/762/762 729/729/729 763/763/763
f 729/729/729 730/730/730 763/763/763
f 763/763/763 730/730/730 764/764/764
f 730/730/730 731/731/731 764/764/764
f 764/764/764 731/731/731 765/765/765
f 731/731/731 732/732/732 765/765/765
f 765/765/765 732/732/732 766/766/766
f 732/732/732 733/733/733 766/766/766
f 766/766/766 733/733/733 767/767/767
f 733/733/733 734/734/734 767/767/767
f 734/734/734 735/735/735 767/767/767
f 767/767/767 735/735/735 768/768/768
f 735/735/735 736/736/736 768/768/768
f 768/768/768 736/736/736 769/769/769
f 736/736/736 737/737/737 769/769/769
f 769/769/769 737/737/737 770/770/770
f 737/737/737 738/738/738 770/770/770
f 770/770/770 738/738/738 771/771/771
f 738/738/738 739/739/739 771/771/771
f 771/771/771 739/739/739 772/772/772
f 739/739/739 740/740/740 772/772/772
f 772/772/772 740/740/740 773/773/773
f 740/740/740 741/741/741 773/773/773
f 773/773/773 741/741/741 774/774/774
f 741/741/741 742/742/742 774/774/774
f 774/774/774 742/742/742 775/775/775
f 742/742/742 743/743/743 775/775/775
f 775/775/775 743/743/743 776/776/776
f 743/743/743 744/744/744 776/776/776
f 776/776/776 744/744/744 777/777/777
f 744/744/744 745/745/745 777/777/777
f 777/777/777 745/745/745 778/778/778
f 745/745/745 746/746/746 778/778/778
f 778/778/778 746/746/746 779/779/779
f 746/746/746 747/747/747 779/779/779
f 779/779/779 747/747/747 780/780/780
f 780/780/780 747/747/747 781/781/781
f 747/747/747 748/748/748 781/781/781
f 781/781/781 748/748/748 782/782/782
f 748/748/748 749/749/749 782/782/782
f 782/782/782 749/749/749 783/783/783
f 749/749/749 750/750/750 783/783/783
f 784/784/784 751/751/751 785/785/785
f 751/751/751 752/752/752 785/785/785
f 785/785/785 752/752/752 786/786/786
f 752/752/752 753/753/753 786/786/786
f 753/753/753 754/754/754 786/786/786
f 786/786/786 754/754/754 787/787/787
f 754/754/754 755/755/755 787/787/787
f 787/787/787 755/755/755 788/788/788
f 755/755/755 756/756/756 788/788/788
f 788/788/788 756/756/756 789/789/789
f 756/756/756 757/757/757 789/789/789
f 789/789/789 757/757/757 790/790/790
f 790/790/790 757/757/757 791/791/791
f 757/757/757 758/758/758 791/791/791
f 791/791/791 758/758/758 792/792/792
f 758/758/758 759/759/759 792/792/792
f 792/792/792 759/759/759 793/793/793
f 759/759/759 760/760/760 793/793/793
f 793/793/793 760/760/760 794/794/794
f 760/760/760 761/761/761 794/794/794
f 794/794/794 761/761/761 795/795/795
f 761/761/761 762/762/762 795/795/795
f 795/795/795 762/762/762 796/796/796
f 762/762/762 763/763/763 796/796/796
f 796/796/796 763/763/763 797/797/797
f 763/763/763 764/764/764 797/797/797
f 797/797/797 764/764/764 798/798/798
f 764/764/764 765/765/765 798/798/798
f 798/798/798 765/765/765 799/799/799
f 765/765/765 766/766/766 799/799/799
f 799/799/799 766/766/766 800/800/800
f 766/766/766 767/767/767 800/800/800
f 800/800/800 767/767/767 801/801/801
f 767/767/767 768/768/768 801/801/801
f 801/801/801 768/768/768 802/802/802
f 768/768/768 769/769/769 802/802/802
f 802/802/802 769/769/769 803/803/803
f 769/769/769 770/770/770 803/803/803
f 803/803/803 770/770/770 804/804/804
f 770/770/770 771/771/771 804/804/804
f 804/804/804 771/771/771 805/805/805
f 771/771/771 772/772/772 805/805/805
f 805/805/805 772/772/772 806/806/806
f 772/772/772 773/773/773 806/806/806
f 806/806/806 773/773/773 807/807/807
f 773/773/773 774/774/774 807/807/807
f 807/807/807 774/774/774 808/808/808
f 774/774/774 775/775/775 808/808/808
f 808/808/808 775/775/775 809/809/809
f 775/775/775 776/776/776 809/809/809
f 809/809/809 776/776/776 810/810/810
f 776/776/776 777/777/777 810/810/810
f 810/810/810 777/777/777 811/811/811
f 777/777/777 778/778/778 811/811/811
f 811/811/811 778/778/778 812/812/812
f 778/778/778 779/779/779 812/812/812
f 812/812/812 779/779/779 813/813/813
f 779/779/779 780/780/780 813/813/813
f 813/813/813 780/780/780 814/814/814
f 814/814/814 780/780/780 815/815/815
f 780/780/780 781/781/781 815/815/815
f 815/815/815 781/781/781 816/816/816
f 781/781/781 782/782/782 816/816/816
f 816/816/816 782/782/782 817/817/817
f 782/782/782 783/783/783 817/817/817
f 818/818/818 784/784/784 819/819/819
f 784/784/784 785/785/785 819/819/819
f 819/819/819 785/785/785 820/820/820
f 785/785/785 786/786/786 820/820/820
f 786/786/786 787/787/787 820/820/820
f 820/820/820 787/787/787 821/821/821
f 787/787/787 788/788/788 821/821/821
f 821/821/821 788/788/788 822/822/822
f 788/788/788 789/789/789 822/822/822
f 822/822/822 789/789/789 823/823/823
f 789/789/789 790/790/790 823/823/823
f 824/824/824 823/823/823 826/826/826
f 823/823/823 790/790/790 826/826/826
f 826/826/826 790/790/790 828/828/828
f 790/790/790 791/791/791 828/828/828
f 828/828/828 791/791/791 830/830/830
f 791/791/791 792/792/792 830/830/830
f 830/830/830 792/792/792 832/832/832
f 792/792/792 793/793/793 832/832/832
f 832/832/832 793/793/793 835/835/835
f 793/793/793 794/794/794 835/835/835
f 835/835/835 794/794/794 837/837/837
f 794/794/794 795/795/795 837/837/837
f 837/837/837 795/795/795 839/839/839
f 795/795/795 796/796/796 839/839/839
f 839/839/839 796/796/796 841/841/841
f 796/796/796 797/797/797 841/841/841
f 841/841/841 797/797/797 842/842/842
f 797/797/797 798/798/798 842/842/842
f 842/842/842 798/798/798 845/845/845
f 798/798/798 799/799/799 845/845/845
f 845/845/845 799/799/799 847/847/847
f 799/799/799 800/800/800 847/847/847
f 847/847/847 800/800/800 849/849/849
f 800/800/800 801/801/801 849/849/849
f 849/849/849 801/801/801 851/851/851
f 801/801/801 802/802/802 851/851/851
f 851/851/851 802/802/802 853/853/853
f 802/802/802 803/803/803 853/853/853
f 853/853/853 803/803/803 855/855/855
f 803/803/803 804/804/804 855/855/855
f 855/855/855 804/804/804 857/857/857
f 804/804/804 805/805/805 857/857/857
f 857/857/857 805/805/805 858/858/858
f 805/805/805 806/806/806 858/858/858
f 858/858/858 806/806/806 860/860/860
f 806/806/806 807/807/807 860/860/860
f 860/860/860 807/807/807 863/863/863
f 807/807/807 808/808/808 863/863/863
f 863/863/863 808/808/808 864/864/864
f 808/808/808 809/809/809 864/864/864
f 864/864/864 809/809/809 867/867/867
f 809/809/809 810/810/810 867/867/867
f 867/867/867 810/810/810 868/868/868
f 810/810/810 811/811/811 868/868/868
f 868/868/868 811/811/811 870/870/870
f 811/811/811 812/812/812 870/870/870
f 870/870/870 812/812/812 873/873/873
f 812/812/812 813/813/813 873/873/873
f 873/873/873 813/813/813 875/875/875
f 813/813/813 814/814/814 875/875/875
f 875/875/875 814/814/814 877/877/877
f 878/878/878 877/877/877 880/880/880
f 877/877/877 814/814/814 880/880/880
f 814/814/814 815/815/815 880/880/880
f 880/880/880 815/815/815 881/881/881
f 815/815/815 816/816/816 881/881/881
f 881/881/881 816/816/816 882/882/882
f 816/816/816 817/817/817 882/882/882
f 883/883/883 818/818/818 884/884/884
f 818/818/818 819/819/819 884/884/884
f 884/884/884 819/819/819 885/885/885
f 819/819/819 820/820/820 885/885/885
f 820/820/820 821/821/821 885/885/885
f 885/885/885 821/821/821 886/886/886
f 821/821/821 822/822/822 886/886/886
f 886/886/886 822/822/822 887/887/887
f 822/822/822 823/823/823 887/887/887
f 823/823/823 824/824/824 887/887/887
f 887/887/887 824/824/824 889/889/889
f 888/888/888 825/825/825 890/890/890
f 825/825/825 827/827/827 890/890/890
f 827/827/827 829/829/829 890/890/890
f 829/829/829 831/831/831 890/890/890
f 831/831/831 833/833/833 890/890/890
f 833/833/833 834/834/834 890/890/890
f 834/834/834 836/836/836 890/890/890
f 836/836/836 838/838/838 890/890/890
f 838/838/838 840/840/840 890/890/890
f 840/840/840 843/843/843 890/890/890
f 843/843/843 844/844/844 890/890/890
f 844/844/844 846/846/846 890/890/890
f 846/846/846 848/848/848 890/890/890
f 848/848/848 850/850/850 890/890/890
f 850/850/850 852/852/852 890/890/890
f 852/852/852 854/854/854 890/890/890
f 854/854/854 856/856/856 890/890/890
f 856/856/856 859/859/859 890/890/890
f 859/859/859 861/861/861 890/890/890
f 861/861/861 862/862/862 890/890/890
f 862/862/862 865/865/865 890/890/890
f 865/865/865 866/866/866 890/890/890
f 866/866/866 869/869/869 890/890/890
f 869/869/869 871/871/871 890/890/890
f 871/871/871 872/872/872 890/890/890
f 872/872/872 874/874/874 890/890/890
f 874/874/874 876/876/876 890/890/890
f 876/876/876 879/879/879 890/890/890
f 890/890/890 879/879/879 891/891/891
f 892/892/892 878/878/878 893/893/893
f 878/878/878 880/880/880 893/893/893
f 880/880/880 881/881/881 893/893/893
f 893/893/893 881/881/881 895/895/895
f 881/881/881 882/882/882 895/895/895
f 894/894/894 883/883/883 896/896/896
f 883/883/883 884/884/884 896/896/896
f 896/896/896 884/884/884 897/897/897
f 884/884/884 885/885/885 897/897/897
f 885/885/885 886/886/886 897/897/897
f 897/897/897 886/886/886 898/898/898
f 886/886/886 887/887/887 898/898/898
f 887/887/887 889/889/889 898/898/898
f 898/898/898 889/889/889 899/899/899
f 888/888/888 890/890/890 900/900/900
f 900/900/900 890/890/890 902/902/902
f 890/890/890 891/891/891 902/902/902
f 901/901/901 892/892/892 904/904/904
f 892/892/892 893/893/893 904/904/904
f 893/893/893 895/895/895 904/904/904
f 894/894/894 896/896/896 905/905/905
f 905/905/905 896/896/896 906/906/906
f 896/896/896 897/897/897 906/906/906
f 897/897/897 898/898/898 906/906/906
f 898/898/898 899/899/899 906/906/906
f 899/899/899 903/903/903 906/906/906
f 905/905/905 906/906/906 903/903/903
f 411/411/411 413/413/413 410/410/410

