mtllib UR8LongWorkbench.mtl
usemtl Material.002
v 0.13016291 0.02465624 0.00000001
v 0.12504907 0.02036250 -0.02000003
v 0.12500212 0.02069443 0.00000001
v 0.12982394 0.02635735 -0.02000003
v 0.12500633 0.02937025 0.00000001
v 0.12500109 0.02928245 -0.02000003
v 0.13009842 -0.02576840 0.00000000
v 0.12523976 -0.02998817 -0.02000000
v 0.12500109 -0.02928227 -0.00000001
v 0.12941471 -0.02399236 -0.02000000
v 0.12503840 -0.02040726 -0.02000000
v 0.12501249 -0.02056646 0.00000000
v 0.12538043 0.11994070 0.00000004
v 0.12998012 0.12604994 -0.02000000
v 0.12502475 0.12047833 -0.02000000
v 0.12619205 0.12955034 0.00000004
v 0.12500109 0.12928253 -0.02000000
v 0.03005599 -0.12537879 -0.00000004
v 0.02500909 -0.12940019 -0.02000004
v 0.02500439 -0.12934315 -0.00000004
v 0.02969369 -0.12598938 -0.02000004
v 0.02508289 -0.12025350 -0.02000004
v 0.02501239 -0.12056637 -0.00000004
v -0.02061571 -0.12680531 -0.00000005
v -0.02465461 -0.13004929 -0.02000005
v -0.02499661 -0.12932700 -0.00000005
v -0.02374440 -0.12053287 -0.02000005
v -0.02479731 -0.12004727 -0.00000005
v 0.02512439 0.12016040 0.00000002
v 0.02920669 0.12293112 -0.02000002
v 0.02500289 0.12068045 -0.02000002
v 0.02953069 0.12682182 0.00000002
v 0.02529689 0.13002783 -0.02000002
v 0.02500109 0.12928253 0.00000002
v -0.02012601 0.12581783 0.00000001
v -0.02408491 0.12015432 -0.01999998
v -0.02496161 0.12040740 0.00000001
v -0.02443200 0.13005185 -0.01999998
v -0.02499501 0.12935191 0.00000001
v 0.13005598 -0.12537879 -0.00000003
v 0.12500903 -0.12940019 -0.02000003
v 0.12500431 -0.12934315 -0.00000003
v 0.12969372 -0.12598938 -0.02000003
v 0.12508282 -0.12025350 -0.02000003
v 0.12501243 -0.12056637 -0.00000003
v -0.11990711 -0.12525397 -0.00000007
v -0.12498748 -0.12943339 -0.02000006
v -0.12499562 -0.12934315 -0.00000007
v -0.12070140 -0.12660485 -0.02000006
v -0.12470329 -0.11997217 -0.02000006
v -0.12499103 -0.12059957 -0.00000007
v -0.12496161 0.12040740 0.00000000
v -0.12022978 0.12378550 -0.02000000
v -0.12499708 0.12068045 -0.02000000
v -0.12028822 0.12484354 0.00000000
v -0.12493798 0.12968385 -0.02000000
v -0.12494683 0.12965292 0.00000000
v -0.12014493 0.02560854 -0.00000003
v -0.12488320 0.02017570 -0.02000003
v -0.12496153 0.02040750 -0.00000003
v -0.12047309 0.02511305 -0.02000003
v -0.12490469 0.02977794 -0.02000002
v -0.12499103 0.02940041 -0.00000002
v -0.12055853 -0.02492577 -0.00000004
v -0.12474668 -0.02999908 -0.02000004
v -0.12483013 -0.02991259 -0.00000004
v -0.12059909 -0.02399558 -0.02000003
v -0.12484944 -0.02011555 -0.00000004
v -0.12495819 -0.02039248 -0.02000003
v -0.07789701 -0.05040300 -0.00000004
v -0.07186110 -0.04454416 -0.02000003
v -0.07793480 -0.05014127 -0.02000003
v -0.07219520 -0.04353660 -0.00000004
v -0.07794011 -0.03994185 -0.02000003
v -0.07794091 -0.03996176 -0.00000004
v 0.00038660 -0.09593266 -0.00000004
v 0.00553419 -0.08986175 -0.02000004
v 0.00006239 -0.09547377 -0.02000004
v 0.00481239 -0.08722150 -0.00000004
v 0.00004908 -0.08457935 -0.02000004
v 0.00000130 -0.08496177 -0.00000004
v 0.08368923 -0.04353660 -0.00000001
v 0.07800480 -0.05047387 -0.02000001
v 0.07798751 -0.05040300 -0.00000001
v 0.08314003 -0.04600596 -0.02000001
v 0.07822444 -0.03913128 -0.02000001
v 0.07794358 -0.03996176 -0.00000001
v 0.08322360 0.04402375 0.00000001
v 0.07838990 0.03904784 -0.01999999
v 0.07798745 0.03959703 0.00000001
v 0.08261021 0.04801494 -0.01999999
v 0.07815464 0.05079585 0.00000001
v 0.07794299 0.05002230 -0.01999999
v 0.00004520 0.08459705 0.00000000
v 0.00604469 0.08964801 -0.01999999
v 0.00000340 0.08491820 -0.01999999
v 0.00517559 0.08877355 0.00000001
v 0.00029799 0.09588140 0.00000001
v 0.00000839 0.09515280 -0.01999999
v -0.07275611 0.04244930 -0.00000001
v -0.07793041 0.03981060 -0.02000001
v -0.07794191 0.03998953 -0.00000001
v -0.07289991 0.04302114 -0.02000001
v -0.07759301 0.05091500 -0.02000001
v -0.07776511 0.05074632 -0.00000001
v 0.16999997 -0.16999999 -0.02000004
v 0.16999997 -0.16999999 -0.02000004
v 0.16999997 -0.16999999 -0.02000004
v 0.16999997 -0.16999999 -0.02000004
v 0.16999997 -0.16999999 -0.02000004
v 0.16999997 -0.16999999 -0.02000004
v 0.16999997 -0.16999999 -0.02000004
v 0.16999997 -0.16999999 -0.02000004
v 0.16999997 -0.16999999 -0.02000004
v 0.16999997 -0.16999999 -0.02000004
v 0.16999997 -0.16999999 -0.02000004
v -0.16999993 -0.16999999 -0.00000009
v -0.16999993 -0.16999999 -0.00000009
v -0.16999993 -0.16999999 -0.00000009
v -0.16999993 -0.16999999 -0.00000009
v -0.16999993 -0.16999999 -0.00000009
v -0.16999993 -0.16999999 -0.00000009
v -0.16999993 -0.16999999 -0.00000009
v -0.16999993 -0.16999999 -0.00000009
v -0.16999993 -0.16999999 -0.00000009
v -0.16999993 -0.16999999 -0.00000009
v -0.16999993 -0.16999999 -0.00000009
v -0.16999993 -0.16999999 -0.00000009
v -0.16999990 -0.16999999 -0.02000009
v -0.16999990 -0.16999999 -0.02000009
v -0.16999990 -0.16999999 -0.02000009
v -0.16999990 -0.16999999 -0.02000009
v -0.16999990 -0.16999999 -0.02000009
v -0.16999990 -0.16999999 -0.02000009
v -0.16999990 -0.16999999 -0.02000009
v -0.16999990 -0.16999999 -0.02000009
v -0.16999990 -0.16999999 -0.02000009
v 0.16999997 -0.16999999 -0.00000004
v 0.16999997 -0.16999999 -0.00000004
v 0.16999997 -0.16999999 -0.00000004
v 0.16999997 -0.16999999 -0.00000004
v 0.16999997 -0.16999999 -0.00000004
v 0.16999997 -0.16999999 -0.00000004
v 0.16999997 -0.16999999 -0.00000004
v 0.16999997 -0.16999999 -0.00000004
v 0.16999997 -0.16999999 -0.00000004
v 0.16999997 -0.16999999 -0.00000004
v 0.16999997 -0.16999999 -0.00000004
v -0.16999990 0.17000014 -0.01999999
v -0.16999990 0.17000014 -0.01999999
v -0.16999990 0.17000014 -0.01999999
v -0.16999990 0.17000014 -0.01999999
v -0.16999990 0.17000014 -0.01999999
v -0.16999990 0.17000014 -0.01999999
v -0.16999990 0.17000014 -0.01999999
v -0.16999990 0.17000014 -0.01999999
v -0.16999990 0.17000014 -0.01999999
v -0.16999990 0.17000014 -0.01999999
v -0.16999990 0.17000014 -0.01999999
v -0.16999993 0.17000014 0.00000001
v -0.16999993 0.17000014 0.00000001
v -0.16999993 0.17000014 0.00000001
v -0.16999993 0.17000014 0.00000001
v -0.16999993 0.17000014 0.00000001
v -0.16999993 0.17000014 0.00000001
v -0.16999993 0.17000014 0.00000001
v -0.16999993 0.17000014 0.00000001
v -0.16999993 0.17000014 0.00000001
v -0.16999993 0.17000014 0.00000001
v 0.16999997 0.17000014 0.00000005
v 0.16999997 0.17000014 0.00000005
v 0.16999997 0.17000014 0.00000005
v 0.16999997 0.17000014 0.00000005
v 0.16999997 0.17000014 0.00000005
v 0.16999997 0.17000014 0.00000005
v 0.16999997 0.17000014 0.00000005
v 0.16999997 0.17000014 0.00000005
v 0.16999997 0.17000014 0.00000005
v 0.16999997 0.17000014 0.00000005
v 0.16999997 0.17000014 0.00000005
v 0.16999997 0.17000014 0.00000005
v 0.16999997 0.17000014 -0.01999999
v 0.16999997 0.17000014 -0.01999999
v 0.16999997 0.17000014 -0.01999999
v 0.16999997 0.17000014 -0.01999999
v 0.16999997 0.17000014 -0.01999999
v 0.16999997 0.17000014 -0.01999999
v 0.16999997 0.17000014 -0.01999999
v 0.16999997 0.17000014 -0.01999999
v 0.16999997 0.17000014 -0.01999999
v 0.16999997 0.17000014 -0.01999999
v 0.12456109 0.12938565 -0.02000000
v 0.12456109 0.12938565 -0.02000000
v 0.12456109 0.12938565 -0.02000000
v 0.12821916 0.12798703 -0.02000000
v 0.12821916 0.12798703 -0.02000000
v 0.12931259 0.12378675 -0.02000000
v 0.12931259 0.12378675 -0.02000000
v 0.12931259 0.12378675 -0.02000000
v 0.12904659 0.02670580 -0.02000003
v 0.12904659 0.02670580 -0.02000003
v 0.12904659 0.02670580 -0.02000003
v 0.12904659 0.02670580 -0.02000003
v 0.12618938 0.12077284 -0.02000000
v 0.12618938 0.12077284 -0.02000000
v 0.12618938 0.12077284 -0.02000000
v 0.12618938 0.12077284 -0.02000000
v 0.12648721 0.02908605 -0.02000003
v 0.02499999 0.12948012 -0.02000002
v 0.02499999 0.12948012 -0.02000002
v 0.02499999 0.12948012 -0.02000002
v 0.02499999 0.12948012 -0.02000002
v 0.02499999 0.12948012 -0.02000002
v 0.02499999 0.12948012 -0.02000002
v 0.02499999 0.12948012 -0.02000002
v 0.12139614 0.12745714 -0.02000001
v 0.12139614 0.12745714 -0.02000001
v 0.12139614 0.12745714 -0.02000001
v 0.02881699 0.12720382 -0.02000002
v 0.02881699 0.12720382 -0.02000002
v 0.02881699 0.12720382 -0.02000002
v 0.12078919 0.12358534 -0.02000001
v 0.12078919 0.12358534 -0.02000001
v 0.12078919 0.12358534 -0.02000001
v 0.12078919 0.12358534 -0.02000001
v 0.12078919 0.12358534 -0.02000001
v 0.02904659 0.12329435 -0.02000002
v 0.02904659 0.12329435 -0.02000002
v 0.02904659 0.12329435 -0.02000002
v 0.12341604 0.02903593 -0.02000003
v 0.12341604 0.02903593 -0.02000003
v 0.12341604 0.02903593 -0.02000003
v 0.12341604 0.02903593 -0.02000003
v 0.12907866 0.02362973 -0.02000003
v 0.12907866 0.02362973 -0.02000003
v 0.12907866 0.02362973 -0.02000003
v 0.08244683 0.04730940 -0.01999999
v 0.08244683 0.04730940 -0.01999999
v 0.08244683 0.04730940 -0.01999999
v 0.08244683 0.04730940 -0.01999999
v 0.08005275 0.04967755 -0.01999999
v 0.08005275 0.04967755 -0.01999999
v 0.08005275 0.04967755 -0.01999999
v 0.12313320 0.12112343 -0.02000000
v 0.12313320 0.12112343 -0.02000000
v 0.12313320 0.12112343 -0.02000000
v 0.08282091 0.04294360 -0.01999999
v 0.08282091 0.04294360 -0.01999999
v 0.08282091 0.04294360 -0.01999999
v 0.08282091 0.04294360 -0.01999999
v 0.12107024 0.02689260 -0.02000004
v 0.12107024 0.02689260 -0.02000004
v 0.07594254 0.04974425 -0.01999999
v 0.07594254 0.04974425 -0.01999999
v 0.07594254 0.04974425 -0.01999999
v 0.07594254 0.04974425 -0.01999999
v 0.07594254 0.04974425 -0.01999999
v 0.07594254 0.04974425 -0.01999999
v 0.02577459 0.12060714 -0.01999997
v 0.02577459 0.12060714 -0.01999997
v 0.02577459 0.12060714 -0.01999997
v 0.02577459 0.12060714 -0.01999997
v 0.12092634 0.02340132 -0.02000000
v 0.12092634 0.02340132 -0.02000000
v 0.12092634 0.02340132 -0.02000000
v 0.12092634 0.02340132 -0.02000000
v 0.07895585 0.03998590 -0.01999999
v 0.07895585 0.03998590 -0.01999999
v 0.07895585 0.03998590 -0.01999999
v 0.07895585 0.03998590 -0.01999999
v 0.07895585 0.03998590 -0.01999999
v -0.02154391 0.12761784 -0.01999998
v -0.02154391 0.12761784 -0.01999998
v -0.02154391 0.12761784 -0.01999998
v -0.02154391 0.12761784 -0.01999998
v 0.02161959 0.12769580 -0.02000002
v 0.02161959 0.12769580 -0.02000002
v 0.12937327 -0.02445185 -0.02000000
v 0.12937327 -0.02445185 -0.02000000
v 0.12937327 -0.02445185 -0.02000000
v 0.12937327 -0.02445185 -0.02000000
v 0.12937327 -0.02445185 -0.02000000
v 0.12728192 -0.02126580 -0.02000000
v 0.12728192 -0.02126580 -0.02000000
v 0.12692735 0.02099782 -0.02000003
v 0.12692735 0.02099782 -0.02000003
v 0.12692735 0.02099782 -0.02000003
v 0.12692735 0.02099782 -0.02000003
v -0.02500001 0.12948012 -0.01999998
v -0.02500001 0.12948012 -0.01999998
v -0.02500001 0.12948012 -0.01999998
v -0.02500001 0.12948012 -0.01999998
v 0.02064370 0.12478250 -0.01999997
v 0.02064370 0.12478250 -0.01999997
v 0.02064370 0.12478250 -0.01999997
v 0.02064370 0.12478250 -0.01999997
v -0.02068731 0.12378675 -0.01999998
v -0.02068731 0.12378675 -0.01999998
v -0.02068731 0.12378675 -0.01999998
v -0.02068731 0.12378675 -0.01999998
v 0.12283780 -0.02102935 -0.02000000
v 0.12283780 -0.02102935 -0.02000000
v 0.12283780 -0.02102935 -0.02000000
v 0.12283780 -0.02102935 -0.02000000
v 0.12283780 -0.02102935 -0.02000000
v 0.12283780 -0.02102935 -0.02000000
v 0.12321690 0.02104813 -0.01999999
v 0.12321690 0.02104813 -0.01999999
v 0.00378719 0.09351414 -0.01999999
v 0.00378719 0.09351414 -0.01999999
v 0.00378719 0.09351414 -0.01999999
v 0.02204250 0.12181252 -0.01999997
v 0.02204250 0.12181252 -0.01999997
v 0.02204250 0.12181252 -0.01999997
v 0.00025380 0.09508049 -0.01999999
v 0.00025380 0.09508049 -0.01999999
v 0.00025380 0.09508049 -0.01999999
v 0.00025380 0.09508049 -0.01999999
v 0.00506049 0.09012634 -0.01999999
v 0.00506049 0.09012634 -0.01999999
v 0.00506049 0.09012634 -0.01999999
v 0.00415359 0.08701390 -0.01999999
v 0.00415359 0.08701390 -0.01999999
v 0.00415359 0.08701390 -0.01999999
v -0.00363441 0.09372622 -0.01999999
v -0.00363441 0.09372622 -0.01999999
v 0.07266458 0.04566145 -0.01999999
v 0.07266458 0.04566145 -0.01999999
v 0.07266458 0.04566145 -0.01999999
v -0.02361082 0.12086540 -0.01999998
v -0.02361082 0.12086540 -0.01999998
v -0.02361082 0.12086540 -0.01999998
v 0.00089090 0.08494645 -0.01999999
v 0.00089090 0.08494645 -0.01999999
v 0.00089090 0.08494645 -0.01999999
v 0.00089090 0.08494645 -0.01999999
v 0.00089090 0.08494645 -0.01999999
v -0.00509430 0.08974582 -0.01999999
v -0.00509430 0.08974582 -0.01999999
v -0.00509430 0.08974582 -0.01999999
v -0.00509430 0.08974582 -0.01999999
v -0.00509430 0.08974582 -0.01999999
v -0.02750231 0.12132984 -0.01999998
v -0.02750231 0.12132984 -0.01999998
v -0.02750231 0.12132984 -0.01999998
v 0.07492651 0.04080534 -0.01999999
v 0.07492651 0.04080534 -0.01999999
v 0.07492651 0.04080534 -0.01999999
v 0.07492651 0.04080534 -0.01999999
v 0.07492651 0.04080534 -0.01999999
v 0.08307381 -0.04499990 -0.02000001
v 0.08307381 -0.04499990 -0.02000001
v 0.08307381 -0.04499990 -0.02000001
v 0.08109786 -0.04083407 -0.02000001
v 0.08109786 -0.04083407 -0.02000001
v 0.08109786 -0.04083407 -0.02000001
v 0.08109786 -0.04083407 -0.02000001
v 0.12054725 -0.02590007 -0.02000000
v 0.12054725 -0.02590007 -0.02000000
v 0.12054725 -0.02590007 -0.02000000
v 0.07680710 -0.04002720 -0.02000001
v 0.07680710 -0.04002720 -0.02000001
v 0.07680710 -0.04002720 -0.02000001
v 0.12422553 -0.02939290 -0.02000000
v 0.12422553 -0.02939290 -0.02000000
v 0.12422553 -0.02939290 -0.02000000
v 0.12422553 -0.02939290 -0.02000000
v 0.08160444 -0.04857171 -0.02000001
v 0.08160444 -0.04857171 -0.02000001
v 0.08160444 -0.04857171 -0.02000001
v 0.08160444 -0.04857171 -0.02000001
v 0.07405557 -0.04173845 -0.02000001
v 0.07405557 -0.04173845 -0.02000001
v 0.07405557 -0.04173845 -0.02000001
v 0.07405557 -0.04173845 -0.02000001
v 0.12618938 -0.12077266 -0.02000003
v 0.12618938 -0.12077266 -0.02000003
v 0.12618938 -0.12077266 -0.02000003
v 0.12813279 -0.02805555 -0.02000000
v 0.12813279 -0.02805555 -0.02000000
v 0.12813279 -0.02805555 -0.02000000
v 0.12931259 -0.12378657 -0.02000003
v 0.12931259 -0.12378657 -0.02000003
v 0.12931259 -0.12378657 -0.02000003
v -0.12499988 0.12948012 -0.02000000
v -0.12499988 0.12948012 -0.02000000
v -0.12499988 0.12948012 -0.02000000
v -0.12499988 0.12948012 -0.02000000
v -0.02838041 0.12769580 -0.01999998
v -0.02838041 0.12769580 -0.01999998
v -0.02838041 0.12769580 -0.01999998
v -0.12118301 0.12720382 -0.02000000
v -0.12118301 0.12720382 -0.02000000
v -0.02935632 0.12478250 -0.01999998
v -0.02935632 0.12478250 -0.01999998
v -0.02935632 0.12478250 -0.01999998
v -0.02935632 0.12478250 -0.01999998
v -0.12095338 0.12329435 -0.02000000
v -0.12095338 0.12329435 -0.02000000
v -0.12095338 0.12329435 -0.02000000
v -0.12095338 0.12329435 -0.02000000
v 0.12313320 -0.12112325 -0.02000003
v 0.12313320 -0.12112325 -0.02000003
v 0.12313320 -0.12112325 -0.02000003
v 0.07794233 -0.05014837 -0.02000001
v 0.07794233 -0.05014837 -0.02000001
v 0.07794233 -0.05014837 -0.02000001
v 0.07794233 -0.05014837 -0.02000001
v 0.12078919 -0.12358516 -0.02000003
v 0.12078919 -0.12358516 -0.02000003
v 0.12078919 -0.12358516 -0.02000003
v 0.12078919 -0.12358516 -0.02000003
v 0.12821916 -0.12798685 -0.02000003
v 0.12821916 -0.12798685 -0.02000003
v -0.12908348 0.12684274 -0.02000000
v -0.12908348 0.12684274 -0.02000000
v 0.12456109 -0.12938547 -0.02000003
v 0.12456109 -0.12938547 -0.02000003
v 0.12456109 -0.12938547 -0.02000003
v -0.12880748 0.12292653 -0.02000000
v -0.12880748 0.12292653 -0.02000000
v -0.12880748 0.12292653 -0.02000000
v -0.07558531 0.04959750 -0.02000001
v -0.07558531 0.04959750 -0.02000001
v -0.07558531 0.04959750 -0.02000001
v -0.07558531 0.04959750 -0.02000001
v -0.07558531 0.04959750 -0.02000001
v -0.07268631 0.04539394 -0.02000001
v -0.07268631 0.04539394 -0.02000001
v -0.07268631 0.04539394 -0.02000001
v -0.07268631 0.04539394 -0.02000001
v -0.00333291 0.08602780 -0.01999999
v -0.00333291 0.08602780 -0.01999999
v -0.07981691 0.04977685 -0.02000001
v -0.07981691 0.04977685 -0.02000001
v -0.07981691 0.04977685 -0.02000001
v -0.12322629 0.12106883 -0.02000000
v -0.12322629 0.12106883 -0.02000000
v -0.12322629 0.12106883 -0.02000000
v -0.07492641 0.04080534 -0.02000001
v -0.07492641 0.04080534 -0.02000001
v -0.07492641 0.04080534 -0.02000001
v -0.07492641 0.04080534 -0.02000001
v -0.08239810 0.04742670 -0.02000001
v -0.08239810 0.04742670 -0.02000001
v -0.08239810 0.04742670 -0.02000001
v -0.08239810 0.04742670 -0.02000001
v -0.12628978 0.12081820 -0.02000000
v -0.12628978 0.12081820 -0.02000000
v -0.12628978 0.12081820 -0.02000000
v -0.12628978 0.12081820 -0.02000000
v 0.00415359 -0.08701378 -0.02000004
v 0.00415359 -0.08701378 -0.02000004
v 0.00415359 -0.08701378 -0.02000004
v 0.07282831 -0.04487240 -0.02000001
v 0.07282831 -0.04487240 -0.02000001
v 0.07282831 -0.04487240 -0.02000001
v 0.07418056 -0.04849017 -0.02000001
v 0.07418056 -0.04849017 -0.02000001
v 0.07418056 -0.04849017 -0.02000001
v 0.07418056 -0.04849017 -0.02000001
v 0.07418056 -0.04849017 -0.02000001
v 0.00089090 -0.08494627 -0.02000004
v 0.00089090 -0.08494627 -0.02000004
v 0.00089090 -0.08494627 -0.02000004
v 0.00506049 -0.09012616 -0.02000004
v 0.00506049 -0.09012616 -0.02000004
v 0.00506049 -0.09012616 -0.02000004
v 0.02904659 -0.12329418 -0.02000004
v 0.02904659 -0.12329418 -0.02000004
v 0.02904659 -0.12329418 -0.02000004
v 0.02904659 -0.12329418 -0.02000004
v 0.02577459 -0.12060696 -0.02000004
v 0.02577459 -0.12060696 -0.02000004
v 0.02577459 -0.12060696 -0.02000004
v -0.12245300 0.02873552 -0.02000003
v -0.12245300 0.02873552 -0.02000003
v -0.12245300 0.02873552 -0.02000003
v -0.12245300 0.02873552 -0.02000003
v -0.08282080 0.04294360 -0.02000001
v -0.08282080 0.04294360 -0.02000001
v -0.08282080 0.04294360 -0.02000001
v -0.12062660 0.02445215 -0.02000003
v -0.12062660 0.02445215 -0.02000003
v -0.12062660 0.02445215 -0.02000003
v -0.12062660 0.02445215 -0.02000003
v -0.12062660 0.02445215 -0.02000003
v 0.00378719 -0.09351397 -0.02000004
v 0.00378719 -0.09351397 -0.02000004
v -0.12762690 0.02865380 -0.02000003
v -0.12762690 0.02865380 -0.02000003
v -0.12762690 0.02865380 -0.02000003
v -0.12762690 0.02865380 -0.02000003
v 0.02881699 -0.12720370 -0.02000004
v 0.02881699 -0.12720370 -0.02000004
v 0.02881699 -0.12720370 -0.02000004
v 0.12139614 -0.12745696 -0.02000003
v 0.12139614 -0.12745696 -0.02000003
v 0.12139614 -0.12745696 -0.02000003
v -0.07895581 0.03998590 -0.02000001
v -0.07895581 0.03998590 -0.02000001
v -0.07895581 0.03998590 -0.02000001
v -0.07895581 0.03998590 -0.02000001
v 0.02204250 -0.12181240 -0.02000004
v 0.02204250 -0.12181240 -0.02000004
v 0.02204250 -0.12181240 -0.02000004
v 0.00025380 -0.09508038 -0.02000004
v 0.00025380 -0.09508038 -0.02000004
v 0.00025380 -0.09508038 -0.02000004
v 0.00025380 -0.09508038 -0.02000004
v 0.02499999 -0.12948000 -0.02000004
v 0.02499999 -0.12948000 -0.02000004
v 0.02499999 -0.12948000 -0.02000004
v 0.02499999 -0.12948000 -0.02000004
v 0.02499999 -0.12948000 -0.02000004
v 0.02064370 -0.12478250 -0.02000004
v 0.02064370 -0.12478250 -0.02000004
v 0.02064370 -0.12478250 -0.02000004
v 0.02064370 -0.12478250 -0.02000004
v -0.12936768 0.02400333 -0.02000003
v -0.12936768 0.02400333 -0.02000003
v -0.12936768 0.02400333 -0.02000003
v -0.12936768 0.02400333 -0.02000003
v -0.12936768 0.02400333 -0.02000003
v -0.07585521 -0.04037517 -0.02000003
v -0.07585521 -0.04037517 -0.02000003
v -0.07324931 -0.04288250 -0.02000003
v -0.07324931 -0.04288250 -0.02000003
v -0.07324931 -0.04288250 -0.02000003
v -0.00333291 -0.08602780 -0.02000004
v -0.00333291 -0.08602780 -0.02000004
v -0.00333291 -0.08602780 -0.02000004
v -0.07907730 -0.04002720 -0.02000003
v -0.07907730 -0.04002720 -0.02000003
v -0.07907730 -0.04002720 -0.02000003
v -0.07907730 -0.04002720 -0.02000003
v -0.07351471 -0.04785937 -0.02000003
v -0.07351471 -0.04785937 -0.02000003
v -0.07351471 -0.04785937 -0.02000003
v -0.07351471 -0.04785937 -0.02000003
v -0.00509430 -0.08974570 -0.02000004
v -0.00509430 -0.08974570 -0.02000004
v -0.00509430 -0.08974570 -0.02000004
v -0.00509430 -0.08974570 -0.02000004
v -0.02361082 -0.12086529 -0.02000005
v -0.02361082 -0.12086529 -0.02000005
v -0.02361082 -0.12086529 -0.02000005
v -0.00363441 -0.09372610 -0.02000004
v -0.00363441 -0.09372610 -0.02000004
v -0.00363441 -0.09372610 -0.02000004
v -0.02068731 -0.12378657 -0.02000005
v -0.02068731 -0.12378657 -0.02000005
v -0.02068731 -0.12378657 -0.02000005
v -0.02068731 -0.12378657 -0.02000005
v -0.12062660 -0.02445197 -0.02000003
v -0.12062660 -0.02445197 -0.02000003
v -0.12062660 -0.02445197 -0.02000003
v -0.12062660 -0.02445197 -0.02000003
v -0.12365419 -0.02063745 -0.02000003
v -0.12365419 -0.02063745 -0.02000003
v -0.12365419 -0.02063745 -0.02000003
v -0.12280420 0.02119690 -0.02000003
v -0.12280420 0.02119690 -0.02000003
v -0.12280420 0.02119690 -0.02000003
v -0.08182891 -0.04173845 -0.02000003
v -0.08182891 -0.04173845 -0.02000003
v -0.08182891 -0.04173845 -0.02000003
v -0.12649658 0.02088785 -0.02000003
v -0.12649658 0.02088785 -0.02000003
v -0.12649658 0.02088785 -0.02000003
v -0.02750231 -0.12132967 -0.02000005
v -0.02750231 -0.12132967 -0.02000005
v -0.02750231 -0.12132967 -0.02000005
v -0.02750231 -0.12132967 -0.02000005
v -0.02154391 -0.12761766 -0.02000005
v -0.02154391 -0.12761766 -0.02000005
v -0.02154391 -0.12761766 -0.02000005
v 0.02161959 -0.12769580 -0.02000004
v 0.02161959 -0.12769580 -0.02000004
v 0.02161959 -0.12769580 -0.02000004
v -0.12221870 -0.02848750 -0.02000004
v -0.12221870 -0.02848750 -0.02000004
v -0.12221870 -0.02848750 -0.02000004
v -0.12221870 -0.02848750 -0.02000004
v -0.12821910 -0.02201307 -0.02000003
v -0.12821910 -0.02201307 -0.02000003
v -0.12821910 -0.02201307 -0.02000003
v -0.08310221 -0.04525745 -0.02000003
v -0.08310221 -0.04525745 -0.02000003
v -0.07794221 -0.05014837 -0.02000003
v -0.07794221 -0.05014837 -0.02000003
v -0.07794221 -0.05014837 -0.02000003
v -0.07794221 -0.05014837 -0.02000003
v -0.07794221 -0.05014837 -0.02000003
v -0.02500001 -0.12948000 -0.02000005
v -0.02500001 -0.12948000 -0.02000005
v -0.02500001 -0.12948000 -0.02000005
v -0.02500001 -0.12948000 -0.02000005
v -0.02500001 -0.12948000 -0.02000005
v -0.02500001 -0.12948000 -0.02000005
v -0.02935632 -0.12478250 -0.02000005
v -0.02935632 -0.12478250 -0.02000005
v -0.02935632 -0.12478250 -0.02000005
v -0.02935632 -0.12478250 -0.02000005
v -0.12931260 -0.02621317 -0.02000004
v -0.12931260 -0.02621317 -0.02000004
v -0.12931260 -0.02621317 -0.02000004
v -0.12931260 -0.02621317 -0.02000004
v -0.08140221 -0.04872870 -0.02000003
v -0.08140221 -0.04872870 -0.02000003
v -0.08140221 -0.04872870 -0.02000003
v -0.08140221 -0.04872870 -0.02000003
v -0.08140221 -0.04872870 -0.02000003
v -0.12628978 -0.02918166 -0.02000004
v -0.12628978 -0.02918166 -0.02000004
v -0.12628978 -0.02918166 -0.02000004
v -0.12628978 -0.02918166 -0.02000004
v -0.12322629 -0.12106866 -0.02000006
v -0.12322629 -0.12106866 -0.02000006
v -0.12322629 -0.12106866 -0.02000006
v -0.12095338 -0.12329418 -0.02000006
v -0.12095338 -0.12329418 -0.02000006
v -0.12095338 -0.12329418 -0.02000006
v -0.12628978 -0.12081820 -0.02000006
v -0.12628978 -0.12081820 -0.02000006
v -0.12628978 -0.12081820 -0.02000006
v -0.12118301 -0.12720370 -0.02000006
v -0.12118301 -0.12720370 -0.02000006
v -0.12118301 -0.12720370 -0.02000006
v -0.02838041 -0.12769580 -0.02000005
v -0.02838041 -0.12769580 -0.02000005
v -0.02838041 -0.12769580 -0.02000005
v -0.12880748 -0.12292635 -0.02000006
v -0.12880748 -0.12292635 -0.02000006
v -0.12880748 -0.12292635 -0.02000006
v -0.12880748 -0.12292635 -0.02000006
v -0.12499988 -0.12948000 -0.02000006
v -0.12499988 -0.12948000 -0.02000006
v -0.12499988 -0.12948000 -0.02000006
v -0.12499988 -0.12948000 -0.02000006
v -0.12908348 -0.12684256 -0.02000006
v -0.12908348 -0.12684256 -0.02000006
v 0.12456109 0.12938565 0.00000004
v 0.12456109 0.12938565 0.00000004
v 0.12456109 0.12938565 0.00000004
v 0.12821916 0.12798703 0.00000004
v 0.12821916 0.12798703 0.00000004
v 0.12931259 0.12378675 0.00000004
v 0.12931259 0.12378675 0.00000004
v 0.12931259 0.12378675 0.00000004
v 0.12875350 0.02755910 0.00000001
v 0.12875350 0.02755910 0.00000001
v 0.12875350 0.02755910 0.00000001
v 0.12875350 0.02755910 0.00000001
v 0.12618937 0.12077284 0.00000004
v 0.12618937 0.12077284 0.00000004
v 0.12618937 0.12077284 0.00000004
v 0.12618937 0.12077284 0.00000004
v 0.02754619 0.12854153 0.00000002
v 0.02754619 0.12854153 0.00000002
v 0.02754619 0.12854153 0.00000002
v 0.02754619 0.12854153 0.00000002
v 0.12139614 0.12745714 0.00000003
v 0.12139614 0.12745714 0.00000003
v 0.12139614 0.12745714 0.00000003
v 0.02947869 0.12488830 0.00000002
v 0.02947869 0.12488830 0.00000002
v 0.02947869 0.12488830 0.00000002
v 0.02947869 0.12488830 0.00000002
v 0.12411984 0.02935410 0.00000001
v 0.12411984 0.02935410 0.00000001
v 0.12411984 0.02935410 0.00000001
v 0.12411984 0.02935410 0.00000001
v 0.02369079 0.12924480 0.00000002
v 0.02369079 0.12924480 0.00000002
v 0.02369079 0.12924480 0.00000002
v 0.02369079 0.12924480 0.00000002
v 0.02369079 0.12924480 0.00000002
v 0.12078918 0.12358534 0.00000003
v 0.12078918 0.12358534 0.00000003
v 0.12078918 0.12358534 0.00000003
v 0.12907866 0.02362973 0.00000001
v 0.12907866 0.02362973 0.00000001
v 0.12907866 0.02362973 0.00000001
v 0.08091136 0.04935491 0.00000001
v 0.08091136 0.04935491 0.00000001
v 0.08091136 0.04935491 0.00000001
v 0.08091136 0.04935491 0.00000001
v 0.08091136 0.04935491 0.00000001
v 0.12313320 0.12112343 0.00000004
v 0.12313320 0.12112343 0.00000004
v 0.08307381 0.04500002 0.00000001
v 0.08307381 0.04500002 0.00000001
v 0.08307381 0.04500002 0.00000001
v 0.12107023 0.02689260 0.00000000
v 0.12107023 0.02689260 0.00000000
v 0.12107023 0.02689260 0.00000000
v 0.07594254 0.04974425 0.00000001
v 0.07594254 0.04974425 0.00000001
v 0.07594254 0.04974425 0.00000001
v 0.07594254 0.04974425 0.00000001
v 0.02719579 0.12119705 0.00000002
v 0.02719579 0.12119705 0.00000002
v 0.02719579 0.12119705 0.00000002
v 0.08182909 0.04173863 0.00000001
v 0.08182909 0.04173863 0.00000001
v 0.08182909 0.04173863 0.00000001
v 0.12092633 0.02340132 0.00000000
v 0.12092633 0.02340132 0.00000000
v 0.12092633 0.02340132 0.00000000
v 0.12092633 0.02340132 0.00000000
v 0.07870968 0.03990912 0.00000001
v 0.07870968 0.03990912 0.00000001
v 0.07870968 0.03990912 0.00000001
v 0.07870968 0.03990912 0.00000001
v 0.07870968 0.03990912 0.00000001
v -0.02144422 0.12769342 0.00000001
v -0.02144422 0.12769342 0.00000001
v -0.02144422 0.12769342 0.00000001
v 0.02105899 0.12677842 0.00000002
v 0.02105899 0.12677842 0.00000002
v 0.02105899 0.12677842 0.00000002
v 0.12907866 -0.02362961 0.00000000
v 0.12907866 -0.02362961 0.00000000
v 0.12907866 -0.02362961 0.00000000
v 0.12907866 -0.02362961 0.00000000
v 0.12907866 -0.02362961 0.00000000
v 0.12692735 0.02099782 0.00000001
v 0.12692735 0.02099782 0.00000001
v 0.12692735 0.02099782 0.00000001
v 0.12692735 -0.02099770 0.00000000
v 0.12692735 -0.02099770 0.00000000
v 0.12692735 -0.02099770 0.00000000
v -0.02543882 0.12938565 0.00000001
v -0.02543882 0.12938565 0.00000001
v -0.02543882 0.12938565 0.00000001
v -0.02543882 0.12938565 0.00000001
v -0.02089711 0.12338984 0.00000001
v -0.02089711 0.12338984 0.00000001
v -0.02089711 0.12338984 0.00000001
v -0.02089711 0.12338984 0.00000001
v 0.02089719 0.12338984 0.00000002
v 0.02089719 0.12338984 0.00000002
v 0.02089719 0.12338984 0.00000002
v 0.12321689 0.02104813 0.00000001
v 0.12321689 0.02104813 0.00000001
v 0.12321689 0.02104813 0.00000001
v 0.12321689 0.02104813 0.00000001
v 0.12321689 -0.02104795 0.00000000
v 0.12321689 -0.02104795 0.00000000
v 0.12092633 -0.02340120 -0.00000001
v 0.12092633 -0.02340120 -0.00000001
v 0.12092633 -0.02340120 -0.00000001
v 0.12092633 -0.02340120 -0.00000001
v 0.12092633 -0.02340120 -0.00000001
v 0.12092633 -0.02340120 -0.00000001
v 0.00000009 0.09527075 0.00000001
v 0.00000009 0.09527075 0.00000001
v 0.00000009 0.09527075 0.00000001
v 0.00000009 0.09527075 0.00000001
v 0.00480430 0.09216779 0.00000001
v 0.00480430 0.09216779 0.00000001
v 0.00480430 0.09216779 0.00000001
v 0.02361089 0.12086540 0.00000002
v 0.02361089 0.12086540 0.00000002
v 0.02361089 0.12086540 0.00000002
v 0.00388110 0.08639890 0.00000001
v 0.00388110 0.08639890 0.00000001
v 0.00388110 0.08639890 0.00000001
v 0.07337095 0.04720163 0.00000001
v 0.07337095 0.04720163 0.00000001
v -0.02361082 0.12086540 0.00000001
v -0.02361082 0.12086540 0.00000001
v -0.00406581 0.09307992 0.00000001
v 0.07298626 0.04360574 0.00000001
v 0.07298626 0.04360574 0.00000001
v 0.07298626 0.04360574 0.00000001
v 0.07298626 0.04360574 0.00000001
v 0.07298626 0.04360574 0.00000001
v -0.00510600 0.08948910 0.00000001
v -0.00510600 0.08948910 0.00000001
v -0.00510600 0.08948910 0.00000001
v -0.02719571 0.12119705 0.00000001
v -0.02719571 0.12119705 0.00000001
v -0.02719571 0.12119705 0.00000001
v -0.02719571 0.12119705 0.00000001
v -0.00089081 0.08494645 0.00000001
v -0.00089081 0.08494645 0.00000001
v -0.00089081 0.08494645 0.00000001
v -0.00089081 0.08494645 0.00000001
v 0.08182909 -0.04173845 -0.00000001
v 0.08182909 -0.04173845 -0.00000001
v 0.12107023 -0.02689248 -0.00000001
v 0.12107023 -0.02689248 -0.00000001
v 0.12107023 -0.02689248 -0.00000001
v 0.07870968 -0.03990901 -0.00000001
v 0.07870968 -0.03990901 -0.00000001
v 0.08307381 -0.04499990 -0.00000001
v 0.08307381 -0.04499990 -0.00000001
v 0.08307381 -0.04499990 -0.00000001
v 0.12411984 -0.02935398 -0.00000001
v 0.12411984 -0.02935398 -0.00000001
v 0.12411984 -0.02935398 -0.00000001
v 0.12411984 -0.02935398 -0.00000001
v 0.07518955 -0.04073769 -0.00000001
v 0.07518955 -0.04073769 -0.00000001
v 0.07518955 0.04073781 0.00000001
v 0.07518955 0.04073781 0.00000001
v 0.07518955 0.04073781 0.00000001
v 0.08091136 -0.04935479 -0.00000001
v 0.08091136 -0.04935479 -0.00000001
v 0.08091136 -0.04935479 -0.00000001
v 0.08091136 -0.04935479 -0.00000001
v 0.08091136 -0.04935479 -0.00000001
v 0.07298626 -0.04360557 -0.00000001
v 0.07298626 -0.04360557 -0.00000001
v 0.07298626 -0.04360557 -0.00000001
v 0.07298626 -0.04360557 -0.00000001
v 0.07298626 -0.04360557 -0.00000001
v 0.07298626 -0.04360557 -0.00000001
v 0.07298626 -0.04360557 -0.00000001
v 0.12618937 -0.12077266 -0.00000003
v 0.12618937 -0.12077266 -0.00000003
v 0.12618937 -0.12077266 -0.00000003
v 0.12618937 -0.12077266 -0.00000003
v 0.12931259 -0.12378657 -0.00000003
v 0.12931259 -0.12378657 -0.00000003
v 0.12931259 -0.12378657 -0.00000003
v 0.12875350 -0.02755898 -0.00000001
v 0.12875350 -0.02755898 -0.00000001
v 0.12875350 -0.02755898 -0.00000001
v 0.12875350 -0.02755898 -0.00000001
v -0.12499991 0.12948012 0.00000000
v -0.12499991 0.12948012 0.00000000
v -0.12499991 0.12948012 0.00000000
v -0.12499991 0.12948012 0.00000000
v -0.12118304 0.12720382 0.00000000
v -0.12118304 0.12720382 0.00000000
v -0.12118304 0.12720382 0.00000000
v -0.02874711 0.12728995 0.00000001
v -0.02874711 0.12728995 0.00000001
v -0.02874711 0.12728995 0.00000001
v -0.02920140 0.12393022 0.00000001
v -0.02920140 0.12393022 0.00000001
v -0.02920140 0.12393022 0.00000001
v -0.02920140 0.12393022 0.00000001
v -0.12095341 0.12329435 0.00000000
v -0.12095341 0.12329435 0.00000000
v -0.12095341 0.12329435 0.00000000
v 0.12313320 -0.12112325 -0.00000003
v 0.12313320 -0.12112325 -0.00000003
v 0.12078918 -0.12358516 -0.00000004
v 0.12078918 -0.12358516 -0.00000004
v 0.12078918 -0.12358516 -0.00000004
v 0.12078918 -0.12358516 -0.00000004
v -0.12908351 0.12684274 0.00000000
v -0.12908351 0.12684274 0.00000000
v 0.12821916 -0.12798685 -0.00000003
v 0.12821916 -0.12798685 -0.00000003
v 0.07594254 -0.04974407 -0.00000001
v 0.07594254 -0.04974407 -0.00000001
v 0.07594254 -0.04974407 -0.00000001
v 0.07594254 -0.04974407 -0.00000001
v 0.07594254 -0.04974407 -0.00000001
v 0.07594254 -0.04974407 -0.00000001
v 0.12456109 -0.12938547 -0.00000003
v 0.12456109 -0.12938547 -0.00000003
v 0.12456109 -0.12938547 -0.00000003
v -0.12880752 0.12292653 0.00000000
v -0.12880752 0.12292653 0.00000000
v -0.12880752 0.12292653 0.00000000
v -0.07351471 0.04785961 -0.00000001
v -0.07351471 0.04785961 -0.00000001
v -0.07351471 0.04785961 -0.00000001
v -0.07351471 0.04785961 -0.00000001
v -0.07351471 0.04785961 -0.00000001
v -0.00370291 0.08656454 0.00000001
v -0.00370291 0.08656454 0.00000001
v -0.07794221 0.05014855 -0.00000001
v -0.07794221 0.05014855 -0.00000001
v -0.07794221 0.05014855 -0.00000001
v -0.07794221 0.05014855 -0.00000001
v -0.07794221 0.05014855 -0.00000001
v -0.07324931 0.04288262 -0.00000001
v -0.07324931 0.04288262 -0.00000001
v -0.07324931 0.04288262 -0.00000001
v -0.07324931 0.04288262 -0.00000001
v -0.07324931 0.04288262 -0.00000001
v -0.12322632 0.12106883 0.00000000
v -0.12322632 0.12106883 0.00000000
v -0.12322632 0.12106883 0.00000000
v -0.08140221 0.04872882 -0.00000001
v -0.08140221 0.04872882 -0.00000001
v -0.08140221 0.04872882 -0.00000001
v -0.08140221 0.04872882 -0.00000001
v -0.12628981 0.12081820 0.00000000
v -0.12628981 0.12081820 0.00000000
v -0.12628981 0.12081820 0.00000000
v -0.12628981 0.12081820 0.00000000
v 0.00388110 -0.08639890 -0.00000004
v 0.00388110 -0.08639890 -0.00000004
v 0.00388110 -0.08639890 -0.00000004
v 0.00388110 -0.08639890 -0.00000004
v 0.07337095 -0.04720145 -0.00000001
v 0.07337095 -0.04720145 -0.00000001
v -0.00089081 -0.08494627 -0.00000004
v -0.00089081 -0.08494627 -0.00000004
v -0.00089081 -0.08494627 -0.00000004
v -0.00089081 -0.08494627 -0.00000004
v 0.00480430 -0.09216768 -0.00000004
v 0.00480430 -0.09216768 -0.00000004
v 0.02947869 -0.12488830 -0.00000004
v 0.02947869 -0.12488830 -0.00000004
v 0.02947869 -0.12488830 -0.00000004
v 0.02947869 -0.12488830 -0.00000004
v 0.02719579 -0.12119687 -0.00000004
v 0.02719579 -0.12119687 -0.00000004
v -0.12237292 0.02865392 -0.00000003
v -0.12237292 0.02865392 -0.00000003
v -0.12237292 0.02865392 -0.00000003
v -0.12237292 0.02865392 -0.00000003
v -0.12237292 0.02865392 -0.00000003
v -0.08182891 0.04173863 -0.00000001
v -0.08182891 0.04173863 -0.00000001
v -0.08182891 0.04173863 -0.00000001
v -0.08310221 0.04525763 -0.00000001
v -0.08310221 0.04525763 -0.00000001
v -0.12062663 0.02445215 -0.00000003
v -0.12062663 0.02445215 -0.00000003
v -0.12062663 0.02445215 -0.00000003
v -0.12062663 0.02445215 -0.00000003
v 0.02361089 -0.12086529 -0.00000004
v -0.12754682 0.02873564 -0.00000003
v -0.12754682 0.02873564 -0.00000003
v -0.12754682 0.02873564 -0.00000003
v -0.12754682 0.02873564 -0.00000003
v 0.12139614 -0.12745696 -0.00000004
v 0.12139614 -0.12745696 -0.00000004
v 0.12139614 -0.12745696 -0.00000004
v -0.07907730 0.04002732 -0.00000001
v -0.07907730 0.04002732 -0.00000001
v 0.02754619 -0.12854135 -0.00000004
v 0.02754619 -0.12854135 -0.00000004
v 0.02754619 -0.12854135 -0.00000004
v 0.02754619 -0.12854135 -0.00000004
v 0.00000009 -0.09527057 -0.00000004
v 0.00000009 -0.09527057 -0.00000004
v 0.00000009 -0.09527057 -0.00000004
v 0.00000009 -0.09527057 -0.00000004
v 0.02089719 -0.12338966 -0.00000004
v 0.02089719 -0.12338966 -0.00000004
v 0.02089719 -0.12338966 -0.00000004
v -0.12936771 0.02400333 -0.00000003
v -0.12936771 0.02400333 -0.00000003
v -0.12936771 0.02400333 -0.00000003
v -0.12936771 0.02400333 -0.00000003
v 0.02369079 -0.12924480 -0.00000004
v 0.02369079 -0.12924480 -0.00000004
v 0.02369079 -0.12924480 -0.00000004
v 0.02369079 -0.12924480 -0.00000004
v -0.07324931 -0.04288250 -0.00000004
v -0.07324931 -0.04288250 -0.00000004
v -0.07324931 -0.04288250 -0.00000004
v -0.07324931 -0.04288250 -0.00000004
v -0.07585521 0.04037535 -0.00000001
v -0.07585521 0.04037535 -0.00000001
v -0.07585521 -0.04037517 -0.00000004
v -0.07907730 -0.04002720 -0.00000004
v -0.07907730 -0.04002720 -0.00000004
v -0.07907730 -0.04002720 -0.00000004
v -0.07351471 -0.04785949 -0.00000004
v -0.07351471 -0.04785949 -0.00000004
v -0.07351471 -0.04785949 -0.00000004
v -0.07351471 -0.04785949 -0.00000004
v -0.07351471 -0.04785949 -0.00000004
v -0.00370291 -0.08656436 -0.00000004
v -0.00370291 -0.08656436 -0.00000004
v -0.00510600 -0.08948910 -0.00000004
v -0.00510600 -0.08948910 -0.00000004
v -0.00510600 -0.08948910 -0.00000004
v -0.00510600 -0.08948910 -0.00000004
v -0.02361082 -0.12086529 -0.00000005
v -0.02361082 -0.12086529 -0.00000005
v -0.02361082 -0.12086529 -0.00000005
v -0.02361082 -0.12086529 -0.00000005
v -0.02089711 -0.12338966 -0.00000005
v -0.02089711 -0.12338966 -0.00000005
v -0.02089711 -0.12338966 -0.00000005
v -0.02089711 -0.12338966 -0.00000005
v -0.00406581 -0.09307981 -0.00000004
v -0.00406581 -0.09307981 -0.00000004
v -0.12062663 -0.02445197 -0.00000004
v -0.12062663 -0.02445197 -0.00000004
v -0.12062663 -0.02445197 -0.00000004
v -0.12062663 -0.02445197 -0.00000004
v -0.12280422 0.02119690 -0.00000003
v -0.12280422 0.02119690 -0.00000003
v -0.12280422 -0.02119690 -0.00000004
v -0.08182891 -0.04173845 -0.00000004
v -0.08182891 -0.04173845 -0.00000004
v -0.08182891 -0.04173845 -0.00000004
v -0.12649661 0.02088785 -0.00000003
v -0.12649661 0.02088785 -0.00000003
v -0.12649661 0.02088785 -0.00000003
v -0.12649661 -0.02088767 -0.00000004
v -0.12649661 -0.02088767 -0.00000004
v 0.02105899 -0.12677831 -0.00000004
v 0.02105899 -0.12677831 -0.00000004
v 0.02105899 -0.12677831 -0.00000004
v -0.02719571 -0.12119687 -0.00000005
v -0.02719571 -0.12119687 -0.00000005
v -0.02719571 -0.12119687 -0.00000005
v -0.02719571 -0.12119687 -0.00000005
v -0.02144422 -0.12769330 -0.00000005
v -0.02144422 -0.12769330 -0.00000005
v -0.02144422 -0.12769330 -0.00000005
v -0.12245303 -0.02873546 -0.00000004
v -0.12245303 -0.02873546 -0.00000004
v -0.12245303 -0.02873546 -0.00000004
v -0.12245303 -0.02873546 -0.00000004
v -0.12245303 -0.02873546 -0.00000004
v -0.08310221 -0.04525745 -0.00000004
v -0.08310221 -0.04525745 -0.00000004
v -0.07794221 -0.05014837 -0.00000004
v -0.07794221 -0.05014837 -0.00000004
v -0.07794221 -0.05014837 -0.00000004
v -0.07794221 -0.05014837 -0.00000004
v -0.07794221 -0.05014837 -0.00000004
v -0.12936771 -0.02400315 -0.00000004
v -0.12936771 -0.02400315 -0.00000004
v -0.12936771 -0.02400315 -0.00000004
v -0.12936771 -0.02400315 -0.00000004
v -0.02920140 -0.12393010 -0.00000005
v -0.02920140 -0.12393010 -0.00000005
v -0.02920140 -0.12393010 -0.00000005
v -0.02920140 -0.12393010 -0.00000005
v -0.02543882 -0.12938547 -0.00000005
v -0.02543882 -0.12938547 -0.00000005
v -0.02543882 -0.12938547 -0.00000005
v -0.02543882 -0.12938547 -0.00000005
v -0.02543882 -0.12938547 -0.00000005
v -0.08140221 -0.04872870 -0.00000004
v -0.08140221 -0.04872870 -0.00000004
v -0.08140221 -0.04872870 -0.00000004
v -0.08140221 -0.04872870 -0.00000004
v -0.12322632 -0.12106866 -0.00000007
v -0.12322632 -0.12106866 -0.00000007
v -0.12322632 -0.12106866 -0.00000007
v -0.12095341 -0.12329418 -0.00000007
v -0.12095341 -0.12329418 -0.00000007
v -0.12095341 -0.12329418 -0.00000007
v -0.12628981 -0.12081820 -0.00000007
v -0.12628981 -0.12081820 -0.00000007
v -0.12628981 -0.12081820 -0.00000007
v -0.12628981 -0.12081820 -0.00000007
v -0.12762693 -0.02865386 -0.00000004
v -0.12762693 -0.02865386 -0.00000004
v -0.12762693 -0.02865386 -0.00000004
v -0.12762693 -0.02865386 -0.00000004
v -0.12151992 -0.12791997 -0.00000007
v -0.12151992 -0.12791997 -0.00000007
v -0.12151992 -0.12791997 -0.00000007
v -0.12151992 -0.12791997 -0.00000007
v -0.12151992 -0.12791997 -0.00000007
v -0.02874711 -0.12728977 -0.00000005
v -0.02874711 -0.12728977 -0.00000005
v -0.12880752 -0.12292635 0.00000004
v -0.12880752 -0.12292635 0.00000004
v -0.12880752 -0.12292635 0.00000004
v -0.12642053 -0.12922835 -0.00000007
v -0.12642053 -0.12922835 -0.00000007
v -0.12921253 -0.12618506 -0.00000007
v -0.12921253 -0.12618506 -0.00000007
v -0.08273791 0.04735875 -0.00000001
v -0.07841171 0.05095673 -0.02000001
v -0.07795280 0.05017692 -0.00000001
v -0.08275011 0.04248464 -0.02000001
v -0.07848091 0.03903824 -0.00000001
v -0.07794721 0.03989041 -0.02000001
v -0.00591850 0.09004921 0.00000001
v -0.00007831 0.09552872 -0.01999999
v -0.00001051 0.09517694 0.00000001
v -0.00528280 0.09061772 -0.01999999
v -0.00019981 0.08422041 -0.02000000
v -0.00001171 0.08481061 0.00000001
v 0.07238259 0.04712903 0.00000001
v 0.07790418 0.05036902 -0.01999999
v 0.07794215 0.05000502 0.00000001
v 0.07216604 0.04408032 -0.01999999
v 0.07786955 0.03948975 0.00000001
v 0.07793726 0.03989041 -0.01999999
v 0.07261582 -0.04553288 -0.00000001
v 0.07773014 -0.03920406 -0.02000001
v 0.07777597 -0.03927100 -0.00000001
v 0.07273747 -0.04504287 -0.02000001
v 0.07774224 -0.05077958 -0.02000001
v 0.07786943 -0.05051017 -0.00000001
v -0.00574571 -0.08937669 -0.00000004
v -0.00046931 -0.08404338 -0.02000004
v -0.00001051 -0.08482295 -0.00000004
v -0.00468200 -0.09291470 -0.02000004
v -0.00003801 -0.09536886 -0.00000004
v -0.00000121 -0.09503800 -0.02000004
v -0.08386651 -0.04635209 -0.00000004
v -0.07815441 -0.03920406 -0.02000003
v -0.07796411 -0.03972679 -0.00000004
v -0.08322351 -0.04597640 -0.02000003
v -0.07798740 -0.05040300 -0.02000003
v -0.07794261 -0.05001390 -0.00000004
v -0.12520263 -0.02004725 -0.00000004
v -0.12975150 -0.02387375 -0.02000003
v -0.12500420 -0.02065670 -0.02000003
v -0.12945661 -0.02567166 -0.00000004
v -0.12506649 -0.02969927 -0.02000004
v -0.12506172 -0.02968365 -0.00000004
v -0.12923151 0.02703780 -0.00000003
v -0.12504891 0.02963763 -0.02000002
v -0.12500271 0.02931964 -0.00000002
v -0.12980598 0.02338535 -0.02000003
v -0.12528172 0.01998121 -0.00000003
v -0.12500021 0.02074105 -0.02000003
v -0.12500483 0.12935179 0.00000000
v -0.13022110 0.12460881 -0.02000000
v -0.12500420 0.12934333 -0.02000000
v -0.13007343 0.12525320 0.00000000
v -0.12500992 0.12058902 0.00000000
v -0.12500089 0.12071770 -0.02000000
v -0.12972572 -0.12319040 -0.00000007
v -0.12509519 -0.12022209 -0.02000006
v -0.12500003 -0.12074566 -0.00000007
v -0.12965408 -0.12630939 -0.02000006
v -0.12506181 -0.12968367 -0.00000007
v -0.12500420 -0.12934315 -0.02000006
v 0.12460114 -0.11993688 -0.00000003
v 0.12062988 -0.12345016 -0.02000003
v 0.12499002 -0.12058890 -0.02000003
v 0.12383952 -0.12958920 -0.00000003
v 0.12476011 -0.12998825 -0.02000003
v -0.02556781 0.13005185 0.00000001
v -0.02940671 0.12347865 -0.01999998
v -0.02521451 0.12996513 -0.01999998
v -0.02591501 0.12015432 0.00000001
v -0.02500881 0.12059975 -0.01999998
v 0.02497749 0.12950832 0.00000002
v 0.02014279 0.12585652 -0.02000002
v 0.02499519 0.12935191 -0.02000002
v 0.02000940 0.12416285 0.00000002
v 0.02495839 0.12039262 -0.01999997
v 0.02499799 0.12069440 0.00000002
v -0.02503821 -0.12040728 -0.00000005
v -0.02987821 -0.12451166 -0.02000005
v -0.02500992 -0.12058890 -0.02000005
v -0.02988490 -0.12624377 -0.00000005
v -0.02503231 -0.12956345 -0.02000005
v -0.02500100 -0.12928230 -0.00000005
v 0.02011520 -0.12624377 -0.00000004
v 0.02399479 -0.12023890 -0.02000004
v 0.02496170 -0.12040728 -0.00000004
v 0.02449979 -0.13006491 -0.02000004
v 0.02499899 -0.12928230 -0.00000004
v 0.12499567 0.12934333 0.00000004
v 0.12071130 0.12702173 -0.02000001
v 0.12499793 0.12930560 -0.02000000
v 0.12055822 0.12665862 0.00000003
v 0.12476029 0.12001175 -0.02000000
v 0.12481971 0.12007374 0.00000004
v 0.12476011 -0.02001160 0.00000000
v 0.12052997 -0.02470195 -0.02000000
v 0.12489793 -0.02020645 -0.02000000
v 0.12063499 -0.02658880 -0.00000001
v 0.12483016 -0.02991259 -0.02000000
v 0.12499108 -0.02940017 -0.00000001
v 0.12393327 0.02969670 0.00000001
v 0.12057331 0.02463144 -0.02000000
v 0.12478557 0.02996510 -0.02000003
v 0.12454208 0.01993245 0.00000001
v 0.12488331 0.02017570 -0.01999999
vn -0.99786812 0.05559164 -0.03418922
vn -0.75010592 0.65940702 0.05023481
vn -0.60887182 0.79313451 -0.01459043
vn -0.97977650 -0.19580419 0.04121565
vn -0.64864987 -0.75994021 -0.04176478
vn -0.51858830 -0.85501528 0.00388938
vn -0.99590248 0.08854210 -0.01839970
vn -0.77873617 0.62472272 0.05737131
vn -0.56721210 0.82279289 -0.03581205
vn -0.98395121 -0.17754041 0.01787268
vn -0.65199357 -0.75726980 -0.03803587
vn -0.71502328 -0.69907057 -0.00649063
vn -0.96343118 0.21874981 -0.15475428
vn -0.99171698 -0.12843271 0.00157477
vn -0.74686152 0.66425031 0.03113796
vn -0.98180151 -0.08097594 -0.17178185
vn -0.54400623 -0.83794677 0.04361665
vn -0.99867100 0.05120795 -0.00582862
vn -0.59431011 0.80415082 -0.01171896
vn -0.61735052 0.78668457 -0.00238698
vn -0.98907399 0.14680649 0.01343312
vn -0.76125008 -0.64804262 0.02321889
vn -0.69026327 -0.72342759 -0.01375203
vn -0.97041321 0.24142310 -0.00363112
vn -0.96197391 0.22270440 0.15814282
vn -0.49847999 0.86598718 -0.03979905
vn -0.98901880 -0.05082130 0.13877696
vn -0.84993762 -0.52591228 -0.03197701
vn -0.79012078 0.60809147 -0.07703119
vn -0.94877422 0.30921930 0.06489380
vn -0.47185201 0.88130081 0.02578424
vn -0.96378952 -0.25901479 -0.06341328
vn -0.82701868 -0.55555463 0.08601955
vn -0.47697419 -0.87801701 -0.03977179
vn -0.99446547 -0.10492290 -0.00542883
vn -0.97982091 0.11974410 0.16003899
vn -0.74497592 0.66582501 -0.04108522
vn -0.96843702 -0.18238661 0.16989683
vn -0.58682018 -0.80847651 -0.04481262
vn -0.99867100 0.05120831 -0.00582868
vn -0.59430963 0.80415088 -0.01171866
vn -0.61734950 0.78668541 -0.00238739
vn -0.98907411 0.14680649 0.01343265
vn -0.76124978 -0.64804310 0.02321811
vn -0.69026291 -0.72342801 -0.01375143
vn -0.99910641 0.04005891 -0.01348584
vn -0.56615973 0.82380849 -0.02833292
vn -0.62639213 0.77949899 -0.00377273
vn -0.96729201 0.25276601 0.02134662
vn -0.82264328 -0.56655723 0.04765477
vn -0.67490482 -0.73717398 -0.03283261
vn -0.66452187 0.74662072 -0.03111601
vn -0.98594469 0.16542110 0.02343234
vn -0.54572052 0.83787548 0.01240423
vn -0.99969238 0.00807065 -0.02345259
vn -0.76888561 -0.63893098 0.02412959
vn -0.71826911 -0.69576412 -0.00139116
vn -0.99686938 -0.07801002 -0.01288024
vn -0.74318230 0.66906488 -0.00567512
vn -0.73367298 0.67941779 -0.01074550
vn -0.99985260 -0.00466490 0.01652322
vn -0.70533103 -0.70859200 0.02013971
vn -0.61615813 -0.78742772 -0.01752059
vn -0.99983752 -0.00217444 -0.01789541
vn -0.81049538 0.58535957 0.02124141
vn -0.75945860 0.65052837 -0.00597750
vn -0.98960811 -0.14206210 0.02222914
vn -0.72811252 -0.68511021 -0.02182386
vn -0.63706148 -0.77068353 0.01413352
vn -0.74734020 0.66371280 -0.03111265
vn -0.99896169 -0.04122555 0.01939484
vn -0.67763781 0.73531508 0.01090173
vn -0.98428518 -0.17430340 -0.02830362
vn -0.58819532 -0.80837262 0.02366721
vn -0.52827781 -0.84907132 -0.00086562
vn -0.85520983 0.51431560 -0.06399735
vn -0.99919027 -0.00041496 0.04023198
vn -0.71571499 0.69784647 0.02761051
vn -0.93585908 -0.34748208 -0.05851511
vn -0.65312767 -0.75518990 0.05578864
vn -0.42505059 -0.90498429 -0.01831799
vn -0.98849219 -0.14998540 -0.01968734
vn -0.68719769 0.72431523 -0.05591889
vn -0.76933718 0.63883632 -0.00292670
vn -0.98541051 0.17008670 0.00605878
vn -0.76227647 -0.64382923 0.06647237
vn -0.52779841 -0.84829903 -0.04263639
vn -0.98974180 0.13352950 -0.05080620
vn -0.86069572 0.50230050 0.08304872
vn -0.64523590 0.76322907 -0.03393989
vn -0.92354143 -0.37619570 0.07448531
vn -0.74795771 -0.65950388 -0.07492635
vn -0.39479509 -0.91791213 0.03967761
vn -0.62785190 0.77828950 0.00821627
vn -0.99889648 0.04341030 0.01792472
vn -0.61639750 0.78731209 0.01393206
vn -0.98581553 0.16399869 -0.03566971
vn -0.79060930 -0.61122203 -0.03667017
vn -0.67338038 -0.73838741 0.03664750
vn -0.95714730 0.28945920 -0.00909220
vn -0.51897401 0.85451901 0.02152727
vn -0.42856449 0.90347302 -0.00832348
vn -0.97547698 0.21969961 0.01329641
vn -0.85853601 -0.51266772 -0.00937588
vn -0.85602868 -0.51679552 -0.01172776
vn 0.00000000 -1.00000000 -0.00000027
vn -0.00000107 -0.00000013 -1.00000000
vn 0.00001639 0.00000534 -1.00000000
vn 0.00000013 0.00000099 -1.00000000
vn 1.00000000 -0.00000000 0.00000013
vn -0.00000002 -0.00000027 -1.00000000
vn 0.00000013 -0.00000015 -1.00000000
vn 0.00000013 -0.00000000 -1.00000000
vn -0.00000027 -1.00000000 -0.00000027
vn -0.00000001 0.00000184 -1.00000000
vn -0.00000002 -0.00000023 -1.00000000
vn 0.00000000 -1.00000000 -0.00000027
vn -0.00000088 -0.00000000 1.00000000
vn -0.00000013 0.00000013 1.00000000
vn 0.00000858 -0.00001118 1.00000000
vn 0.00000002 0.00000079 1.00000000
vn -0.00000028 0.00000091 1.00000000
vn -0.00000000 -0.00000027 1.00000000
vn -0.00000013 -0.00000047 1.00000000
vn 0.00000618 0.00000082 1.00000000
vn -1.00000000 -0.00000000 -0.00000013
vn -0.00000087 0.00000024 1.00000000
vn -0.00000027 -1.00000000 -0.00000027
vn 0.00000211 -0.00000522 -1.00000000
vn -0.00000027 -1.00000000 -0.00000027
vn -0.00000009 0.00000046 -1.00000000
vn -0.00000005 -0.00000017 -1.00000000
vn -1.00000000 -0.00000000 -0.00000013
vn -0.00000002 -0.00000027 -1.00000000
vn -0.00000007 -0.00000000 -1.00000000
vn 0.00000013 0.00000102 -1.00000000
vn -0.00000005 -0.00000020 -1.00000000
vn 0.00000017 -0.00000000 1.00000000
vn -0.00000126 0.00001433 1.00000000
vn 1.00000000 -0.00000000 0.00000013
vn -0.00000000 -0.00000027 1.00000000
vn -0.00000042 -0.00000391 1.00000000
vn 0.00000000 -1.00000000 -0.00000027
vn 0.00000002 -0.00000072 1.00000000
vn 0.00000004 0.00000036 1.00000000
vn -0.00000013 -0.00000000 1.00000000
vn 0.00000142 -0.00000039 1.00000000
vn -0.00000013 0.00000013 1.00000000
vn -0.00000005 -0.00000020 -1.00000000
vn 0.00000013 0.00000020 -1.00000000
vn 0.00000018 1.00000000 0.00000027
vn 0.00000000 -0.00000000 -1.00000000
vn -0.00000150 -0.00000735 -1.00000000
vn 0.00000073 0.00000092 -1.00000000
vn 0.00000029 -0.00000000 -1.00000000
vn -0.00000005 -0.00000024 -1.00000000
vn 0.00000013 -0.00000000 -1.00000000
vn 0.00000000 1.00000000 0.00000027
vn -1.00000000 -0.00000000 -0.00000013
vn -1.00000000 -0.00000000 -0.00000013
vn -0.00000013 0.00000041 1.00000000
vn -0.00000266 -0.00000000 1.00000000
vn -0.00000013 0.00000013 1.00000000
vn -0.00000033 -0.00000000 1.00000000
vn 0.00000018 1.00000000 0.00000027
vn 0.00000009 0.00000046 1.00000000
vn 0.00000002 -0.00000094 1.00000000
vn -0.00000013 -0.00000000 1.00000000
vn -0.00000000 -0.00000000 1.00000000
vn -0.00000000 -0.00000000 1.00000000
vn -0.00000013 0.00000013 1.00000000
vn 0.00000000 1.00000000 0.00000027
vn -0.00000013 0.00000048 1.00000000
vn 1.00000000 -0.00000000 0.00000013
vn 0.00000018 1.00000000 0.00000027
vn 0.00000139 -0.00000439 1.00000000
vn 0.00000425 -0.00000421 1.00000000
vn 0.00000552 -0.00000000 1.00000000
vn 0.00000002 0.00000072 1.00000000
vn -0.00000124 -0.00000000 1.00000000
vn -0.00000103 0.00000048 1.00000000
vn -0.00000107 -0.00000013 -1.00000000
vn -0.00000029 -0.00000000 -1.00000000
vn -0.00000001 -0.00000000 -1.00000000
vn -0.00000039 -0.00000000 -1.00000000
vn -0.00000042 -0.00000000 -1.00000000
vn 0.00000340 -0.00000093 -1.00000000
vn 0.00000013 -0.00000092 -1.00000000
vn 1.00000000 -0.00000000 0.00000013
vn 0.00000000 1.00000000 0.00000027
vn 0.00000000 -0.00000000 -1.00000000
vn 0.00000013 -0.00000092 -1.00000000
vn 0.00000013 -0.00000182 -1.00000000
vn -0.00000001 -0.00000000 -1.00000000
vn -0.00000029 -0.00000000 -1.00000000
vn -0.00000001 -0.00000000 -1.00000000
vn 0.00000013 0.00000019 -1.00000000
vn -0.00000029 -0.00000000 -1.00000000
vn -0.00000042 -0.00000000 -1.00000000
vn -0.00000039 -0.00000000 -1.00000000
vn 0.00000013 0.00000019 -1.00000000
vn -0.00000042 -0.00000000 -1.00000000
vn 0.00000013 -0.00000000 -1.00000000
vn -0.00000022 -0.00000000 -1.00000000
vn 0.00000239 -0.00000315 -1.00000000
vn 0.00000013 0.00000019 -1.00000000
vn 0.00000013 -0.00000000 -1.00000000
vn 0.00000013 -0.00000000 -1.00000000
vn 0.00000013 -0.00000000 -1.00000000
vn -0.00000004 0.00000758 -1.00000000
vn 0.00000013 -0.00000182 -1.00000000
vn -0.00000150 0.00004001 -1.00000000
vn 0.00000013 -0.00000092 -1.00000000
vn 0.00000000 -0.00000000 -1.00000000
vn -0.00000150 -0.00000735 -1.00000000
vn 0.00000013 0.00000315 -1.00000000
vn 0.00000013 -0.00000000 -1.00000000
vn 0.00000013 -0.00000182 -1.00000000
vn 0.00000013 0.00000315 -1.00000000
vn 0.00000013 -0.00000519 -1.00000000
vn 0.00000013 -0.00000000 -1.00000000
vn 0.00000013 0.00000304 -1.00000000
vn 0.00000013 0.00000315 -1.00000000
vn 0.00000013 -0.00000000 -1.00000000
vn 0.00000000 -0.00000223 -1.00000000
vn 0.00000013 -0.00000519 -1.00000000
vn -0.00000280 -0.00000302 -1.00000000
vn 0.00000013 -0.00000519 -1.00000000
vn 0.00000013 -0.00000000 -1.00000000
vn -0.00000013 0.00000657 -1.00000000
vn 0.00000013 -0.00000000 -1.00000000
vn -0.00000024 -0.00000541 -1.00000000
vn -0.00000022 -0.00000000 -1.00000000
vn 0.00000340 -0.00000093 -1.00000000
vn 0.00000145 -0.00000084 -1.00000000
vn -0.00000039 -0.00000000 -1.00000000
vn 0.00000239 -0.00000315 -1.00000000
vn -0.00000024 -0.00000541 -1.00000000
vn 0.00000195 -0.00000000 -1.00000000
vn -0.00000022 -0.00000000 -1.00000000
vn 0.00000195 -0.00000000 -1.00000000
vn 0.00000013 0.00000304 -1.00000000
vn 0.00000000 -0.00000223 -1.00000000
vn 0.00000195 -0.00000000 -1.00000000
vn 0.00000000 -0.00000223 -1.00000000
vn 0.00000239 -0.00000315 -1.00000000
vn -0.00000024 -0.00000541 -1.00000000
vn 0.00000013 -0.00000247 -1.00000000
vn -0.00000013 0.00000657 -1.00000000
vn -0.00000289 -0.00000550 -1.00000000
vn -0.00000013 0.00000657 -1.00000000
vn -0.00000289 -0.00000550 -1.00000000
vn -0.00000012 0.00000031 -1.00000000
vn 0.00000112 -0.00000000 -1.00000000
vn -0.00000280 -0.00000302 -1.00000000
vn 0.00000013 0.00000304 -1.00000000
vn -0.00000061 -0.00000014 -1.00000000
vn 0.00000013 -0.00000000 -1.00000000
vn -0.00000012 0.00000031 -1.00000000
vn -0.00000280 -0.00000302 -1.00000000
vn -0.00000010 -0.00000000 -1.00000000
vn 0.00000013 -0.00000046 -1.00000000
vn 0.00000013 -0.00000247 -1.00000000
vn -0.00000289 -0.00000550 -1.00000000
vn -0.00000327 -0.00000030 -1.00000000
vn 0.00000031 0.00000051 -1.00000000
vn 0.00000013 -0.00000247 -1.00000000
vn 0.00000013 -0.00000018 -1.00000000
vn -0.00000336 -0.00000000 -1.00000000
vn 0.00000031 0.00000051 -1.00000000
vn 0.00000031 -0.00000000 -1.00000000
vn -0.00000150 0.00004001 -1.00000000
vn -0.00000004 0.00000758 -1.00000000
vn -0.00000003 -0.00000440 -1.00000000
vn 0.00000000 -0.00000585 -1.00000000
vn -0.00000003 -0.00000440 -1.00000000
vn -0.00000004 0.00000758 -1.00000000
vn 0.00001639 0.00000534 -1.00000000
vn 0.00000340 -0.00000093 -1.00000000
vn -0.00000107 -0.00000013 -1.00000000
vn 0.00000145 -0.00000084 -1.00000000
vn 0.00002151 -0.00000000 -1.00000000
vn 0.00002151 -0.00000000 -1.00000000
vn -0.00000323 -0.00000027 -1.00000000
vn -0.00000323 -0.00000027 -1.00000000
vn 0.00000145 -0.00000084 -1.00000000
vn -0.00000388 -0.00000037 -1.00000000
vn 0.00002151 -0.00000000 -1.00000000
vn -0.00000150 0.00004001 -1.00000000
vn -0.00000150 -0.00000735 -1.00000000
vn 0.00000073 0.00004437 -1.00000000
vn 0.00000073 0.00000092 -1.00000000
vn 0.00000208 -0.00000257 -1.00000000
vn 0.00000000 -0.00000585 -1.00000000
vn -0.00000003 -0.00000440 -1.00000000
vn -0.00000004 -0.00000000 -1.00000000
vn 0.00000013 -0.00000127 -1.00000000
vn -0.00000004 -0.00000000 -1.00000000
vn 0.00000000 -0.00000585 -1.00000000
vn 0.00000013 -0.00000000 -1.00000000
vn 0.00000031 -0.00000000 -1.00000000
vn -0.00000057 -0.00000387 -1.00000000
vn 0.00000031 0.00000051 -1.00000000
vn -0.00000323 -0.00000027 -1.00000000
vn -0.00000327 -0.00000030 -1.00000000
vn -0.00000388 -0.00000037 -1.00000000
vn -0.00000327 -0.00000030 -1.00000000
vn -0.00000388 -0.00000037 -1.00000000
vn 0.00000013 -0.00000046 -1.00000000
vn 0.00000168 -0.00000000 -1.00000000
vn -0.00000010 -0.00000000 -1.00000000
vn 0.00000013 -0.00000046 -1.00000000
vn 0.00000168 -0.00000000 -1.00000000
vn 0.00000208 -0.00000257 -1.00000000
vn 0.00000168 -0.00000000 -1.00000000
vn 0.00000013 -0.00000000 -1.00000000
vn -0.00000004 -0.00000000 -1.00000000
vn 0.00000208 -0.00000257 -1.00000000
vn -0.00000012 0.00000031 -1.00000000
vn -0.00000010 -0.00000000 -1.00000000
vn 0.00000112 -0.00000000 -1.00000000
vn -0.00000098 -0.00000000 -1.00000000
vn -0.00000061 -0.00000014 -1.00000000
vn 0.00000112 -0.00000000 -1.00000000
vn 0.00000013 -0.00000000 -1.00000000
vn 0.00000013 -0.00000127 -1.00000000
vn -0.00000098 -0.00000000 -1.00000000
vn -0.00000061 -0.00000014 -1.00000000
vn -0.00000000 -0.00000000 -1.00000000
vn 0.00000013 -0.00000127 -1.00000000
vn 0.00000013 0.00000103 -1.00000000
vn 0.00000013 -0.00000000 -1.00000000
vn 0.00000130 -0.00000496 -1.00000000
vn -0.00000000 -0.00000374 -1.00000000
vn 0.00000013 -0.00000014 -1.00000000
vn -0.00000000 -0.00000000 -1.00000000
vn -0.00000098 -0.00000000 -1.00000000
vn -0.00000003 0.00000062 -1.00000000
vn -0.00000082 0.00000451 -1.00000000
vn 0.00000013 -0.00000000 -1.00000000
vn 0.00000013 0.00000103 -1.00000000
vn -0.00000009 -0.00000030 -1.00000000
vn -0.00000012 -0.00000049 -1.00000000
vn 0.00000013 0.00000103 -1.00000000
vn -0.00000009 -0.00000030 -1.00000000
vn 0.00000013 -0.00000015 -1.00000000
vn 0.00000013 -0.00000014 -1.00000000
vn 0.00000013 -0.00000018 -1.00000000
vn -0.00000000 -0.00000000 -1.00000000
vn 0.00000292 -0.00000039 -1.00000000
vn 0.00000107 -0.00000000 -1.00000000
vn 0.00000013 -0.00000145 -1.00000000
vn 0.00000013 0.00000480 -1.00000000
vn 0.00000031 -0.00000000 -1.00000000
vn -0.00000057 -0.00000387 -1.00000000
vn 0.00000013 0.00000480 -1.00000000
vn -0.00000336 -0.00000000 -1.00000000
vn 0.00000013 -0.00000145 -1.00000000
vn 0.00000013 0.00000480 -1.00000000
vn -0.00000057 -0.00000387 -1.00000000
vn -0.00000336 -0.00000000 -1.00000000
vn 0.00000013 -0.00000018 -1.00000000
vn 0.00000292 -0.00000039 -1.00000000
vn 0.00000013 -0.00000000 -1.00000000
vn 0.00000013 -0.00000145 -1.00000000
vn 0.00000107 -0.00000000 -1.00000000
vn -0.00000000 -0.00000047 -1.00000000
vn 0.00000013 0.00000141 -1.00000000
vn 0.00000107 -0.00000000 -1.00000000
vn 0.00000013 0.00000394 -1.00000000
vn -0.00000000 -0.00000047 -1.00000000
vn 0.00000292 -0.00000039 -1.00000000
vn 0.00000013 -0.00000015 -1.00000000
vn 0.00000013 -0.00000000 -1.00000000
vn -0.00000013 -0.00000017 -1.00000000
vn 0.00000013 0.00000394 -1.00000000
vn 0.00000013 -0.00000000 -1.00000000
vn -0.00000000 -0.00000047 -1.00000000
vn 0.00000013 -0.00000000 -1.00000000
vn 0.00000013 -0.00000015 -1.00000000
vn 0.00001639 0.00000534 -1.00000000
vn 0.00000013 -0.00000015 -1.00000000
vn 0.00000013 0.00000099 -1.00000000
vn 0.00000013 -0.00000000 -1.00000000
vn 0.00000013 0.00000020 -1.00000000
vn 0.00000073 0.00000092 -1.00000000
vn 0.00000013 -0.00000000 -1.00000000
vn 0.00000073 0.00004437 -1.00000000
vn 0.00000073 0.00004437 -1.00000000
vn 0.00000013 0.00000129 -1.00000000
vn 0.00000013 -0.00000000 -1.00000000
vn 0.00000013 0.00000129 -1.00000000
vn 0.00000013 -0.00000000 -1.00000000
vn -0.00000012 -0.00000049 -1.00000000
vn 0.00000013 -0.00000055 -1.00000000
vn 0.00000013 0.00000129 -1.00000000
vn 0.00000013 -0.00000000 -1.00000000
vn 0.00000013 -0.00000055 -1.00000000
vn -0.00000192 0.00000191 -1.00000000
vn 0.00000193 -0.00000000 -1.00000000
vn 0.00000013 -0.00000000 -1.00000000
vn 0.00000013 -0.00000000 -1.00000000
vn 0.00000013 0.00000141 -1.00000000
vn 0.00000013 0.00000394 -1.00000000
vn 0.00000013 -0.00000180 -1.00000000
vn 0.00000013 0.00000141 -1.00000000
vn 0.00000013 -0.00000000 -1.00000000
vn -0.00000003 -0.00000014 -1.00000000
vn -0.00000003 0.00000519 -1.00000000
vn 0.00000013 -0.00000000 -1.00000000
vn -0.00000003 -0.00000014 -1.00000000
vn -0.00000003 -0.00000307 -1.00000000
vn 0.00000013 0.00000099 -1.00000000
vn 0.00000013 -0.00000000 -1.00000000
vn 0.00000013 -0.00000000 -1.00000000
vn 0.00000013 0.00000020 -1.00000000
vn 0.00000013 -0.00000000 -1.00000000
vn -0.00000002 0.00000242 -1.00000000
vn -0.00000002 -0.00000023 -1.00000000
vn 0.00000013 -0.00000000 -1.00000000
vn 0.00000000 -0.00000025 -1.00000000
vn -0.00000005 -0.00000024 -1.00000000
vn 0.00000013 -0.00000055 -1.00000000
vn -0.00000082 0.00000451 -1.00000000
vn -0.00000009 -0.00000030 -1.00000000
vn -0.00000012 -0.00000049 -1.00000000
vn 0.00000193 -0.00000000 -1.00000000
vn -0.00000082 0.00000451 -1.00000000
vn 0.00000130 -0.00000496 -1.00000000
vn -0.00000003 0.00000062 -1.00000000
vn -0.00000000 -0.00000374 -1.00000000
vn -0.00000003 0.00000062 -1.00000000
vn 0.00000130 -0.00000496 -1.00000000
vn 0.00000013 -0.00000326 -1.00000000
vn 0.00000193 -0.00000000 -1.00000000
vn -0.00000192 0.00000191 -1.00000000
vn -0.00000192 0.00000191 -1.00000000
vn 0.00000246 0.00000296 -1.00000000
vn 0.00000013 -0.00000326 -1.00000000
vn 0.00000013 -0.00000015 -1.00000000
vn 0.00000013 -0.00000000 -1.00000000
vn 0.00000013 -0.00000014 -1.00000000
vn -0.00000000 -0.00000374 -1.00000000
vn 0.00000013 -0.00000326 -1.00000000
vn 0.00000013 -0.00000025 -1.00000000
vn 0.00000013 0.00000314 -1.00000000
vn 0.00000246 0.00000296 -1.00000000
vn 0.00000013 -0.00000025 -1.00000000
vn 0.00000000 -0.00000025 -1.00000000
vn 0.00000246 0.00000296 -1.00000000
vn -0.00000130 -0.00000000 -1.00000000
vn -0.00000004 -0.00000105 -1.00000000
vn 0.00000013 -0.00000000 -1.00000000
vn 0.00000109 -0.00000000 -1.00000000
vn 0.00000013 -0.00000000 -1.00000000
vn -0.00000013 -0.00000017 -1.00000000
vn -0.00000004 -0.00000105 -1.00000000
vn -0.00000004 -0.00000105 -1.00000000
vn 0.00000109 -0.00000000 -1.00000000
vn 0.00000013 -0.00000180 -1.00000000
vn -0.00000150 -0.00000000 -1.00000000
vn -0.00000010 -0.00000031 -1.00000000
vn 0.00000013 -0.00000000 -1.00000000
vn -0.00000013 -0.00000017 -1.00000000
vn -0.00000105 -0.00000339 -1.00000000
vn 0.00000013 -0.00000000 -1.00000000
vn 0.00000109 -0.00000000 -1.00000000
vn -0.00000010 -0.00000031 -1.00000000
vn 0.00000013 -0.00000180 -1.00000000
vn -0.00000150 -0.00000000 -1.00000000
vn -0.00000003 -0.00000014 -1.00000000
vn -0.00000003 0.00000519 -1.00000000
vn 0.00000013 -0.00000000 -1.00000000
vn -0.00000010 -0.00000031 -1.00000000
vn -0.00000150 -0.00000000 -1.00000000
vn 0.00000013 -0.00000025 -1.00000000
vn 0.00000013 0.00000314 -1.00000000
vn -0.00000130 -0.00000000 -1.00000000
vn 0.00000068 -0.00000000 -1.00000000
vn 0.00000013 0.00000314 -1.00000000
vn 0.00000068 -0.00000000 -1.00000000
vn 0.00000001 -0.00000191 -1.00000000
vn 0.00000013 -0.00000000 -1.00000000
vn 0.00000068 -0.00000000 -1.00000000
vn 0.00000013 -0.00000028 -1.00000000
vn 0.00000001 -0.00000191 -1.00000000
vn -0.00000283 -0.00000000 -1.00000000
vn 0.00000013 -0.00000000 -1.00000000
vn 0.00000013 0.00000091 -1.00000000
vn 0.00000029 -0.00000000 -1.00000000
vn -0.00000130 -0.00000000 -1.00000000
vn -0.00000005 -0.00000024 -1.00000000
vn 0.00000000 -0.00000025 -1.00000000
vn -0.00000003 -0.00000000 -1.00000000
vn -0.00000003 0.00000519 -1.00000000
vn -0.00000003 -0.00000307 -1.00000000
vn -0.00000002 0.00000242 -1.00000000
vn -0.00000003 -0.00000307 -1.00000000
vn -0.00000003 -0.00000000 -1.00000000
vn -0.00000683 -0.00000023 -1.00000000
vn 0.00000001 -0.00000191 -1.00000000
vn 0.00000013 -0.00000028 -1.00000000
vn 0.00000013 -0.00000000 -1.00000000
vn 0.00000013 -0.00000000 -1.00000000
vn 0.00000013 0.00000091 -1.00000000
vn 0.00000013 -0.00000456 -1.00000000
vn 0.00000013 0.00000039 -1.00000000
vn 0.00000013 -0.00000042 -1.00000000
vn 0.00000013 -0.00000456 -1.00000000
vn 0.00000013 0.00000091 -1.00000000
vn -0.00000002 0.00000242 -1.00000000
vn -0.00000002 -0.00000023 -1.00000000
vn -0.00000001 -0.00000326 -1.00000000
vn -0.00000003 -0.00000000 -1.00000000
vn -0.00000001 0.00000184 -1.00000000
vn 0.00000013 0.00000509 -1.00000000
vn 0.00000013 -0.00000585 -1.00000000
vn 0.00000013 -0.00000456 -1.00000000
vn 0.00000013 0.00000039 -1.00000000
vn 0.00000749 -0.00000000 -1.00000000
vn -0.00000005 -0.00000020 -1.00000000
vn 0.00000244 -0.00000000 -1.00000000
vn -0.00000007 -0.00000000 -1.00000000
vn 0.00000029 -0.00000000 -1.00000000
vn 0.00000013 -0.00000000 -1.00000000
vn -0.00000683 -0.00000023 -1.00000000
vn -0.00000105 -0.00000339 -1.00000000
vn 0.00000013 -0.00000000 -1.00000000
vn -0.00000055 -0.00000259 -1.00000000
vn -0.00000055 -0.00000259 -1.00000000
vn 0.00000013 -0.00000098 -1.00000000
vn -0.00000105 -0.00000339 -1.00000000
vn 0.00000013 -0.00000000 -1.00000000
vn -0.00000683 -0.00000023 -1.00000000
vn 0.00000013 -0.00000153 -1.00000000
vn 0.00000013 -0.00000028 -1.00000000
vn 0.00000013 -0.00000098 -1.00000000
vn -0.00000055 -0.00000259 -1.00000000
vn -0.00000106 -0.00000054 -1.00000000
vn 0.00000013 0.00000030 -1.00000000
vn 0.00000013 -0.00000000 -1.00000000
vn 0.00000013 0.00000030 -1.00000000
vn 0.00000013 -0.00000098 -1.00000000
vn -0.00000011 0.00000049 -1.00000000
vn 0.00000013 -0.00000000 -1.00000000
vn -0.00000011 0.00000049 -1.00000000
vn -0.00000149 -0.00000169 -1.00000000
vn 0.00000013 -0.00000042 -1.00000000
vn -0.00000011 0.00000049 -1.00000000
vn -0.00000149 -0.00000169 -1.00000000
vn -0.00000149 -0.00000169 -1.00000000
vn 0.00000013 0.00000039 -1.00000000
vn 0.00000013 -0.00000585 -1.00000000
vn 0.00000013 -0.00000042 -1.00000000
vn 0.00000013 -0.00000153 -1.00000000
vn -0.00000283 -0.00000000 -1.00000000
vn -0.00000008 -0.00000045 -1.00000000
vn 0.00000013 -0.00000000 -1.00000000
vn -0.00000008 -0.00000045 -1.00000000
vn 0.00000013 -0.00000000 -1.00000000
vn 0.00000013 -0.00000038 -1.00000000
vn -0.00000008 -0.00000045 -1.00000000
vn -0.00000283 -0.00000000 -1.00000000
vn 0.00000013 -0.00000038 -1.00000000
vn 0.00000013 -0.00000183 -1.00000000
vn 0.00000013 -0.00000153 -1.00000000
vn 0.00000013 -0.00000000 -1.00000000
vn 0.00000013 -0.00000038 -1.00000000
vn 0.00000244 -0.00000000 -1.00000000
vn 0.00000013 -0.00000000 -1.00000000
vn -0.00000106 -0.00000054 -1.00000000
vn 0.00000013 0.00000030 -1.00000000
vn 0.00000195 -0.00000000 -1.00000000
vn 0.00000013 -0.00000000 -1.00000000
vn 0.00000013 0.00000509 -1.00000000
vn 0.00000013 -0.00000585 -1.00000000
vn 0.00000013 -0.00000000 -1.00000000
vn -0.00000001 -0.00000326 -1.00000000
vn 0.00000013 -0.00000000 -1.00000000
vn 0.00000013 0.00000509 -1.00000000
vn 0.00000145 -0.00000000 -1.00000000
vn 0.00000013 -0.00000183 -1.00000000
vn 0.00000130 0.00000814 -1.00000000
vn 0.00000013 -0.00000000 -1.00000000
vn 0.00000749 -0.00000000 -1.00000000
vn 0.00000244 -0.00000000 -1.00000000
vn 0.00000013 -0.00000000 -1.00000000
vn 0.00000130 0.00000814 -1.00000000
vn 0.00000013 -0.00000183 -1.00000000
vn -0.00000106 -0.00000054 -1.00000000
vn 0.00000001 -0.00000356 -1.00000000
vn 0.00000013 0.00000263 -1.00000000
vn 0.00000195 -0.00000000 -1.00000000
vn -0.00000003 -0.00000014 -1.00000000
vn 0.00000013 -0.00000000 -1.00000000
vn -0.00000009 -0.00000261 -1.00000000
vn -0.00000002 -0.00000027 -1.00000000
vn -0.00000001 0.00000184 -1.00000000
vn -0.00000001 -0.00000326 -1.00000000
vn -0.00000009 0.00000046 -1.00000000
vn 0.00000195 -0.00000000 -1.00000000
vn -0.00000003 -0.00000014 -1.00000000
vn -0.00000003 -0.00000108 -1.00000000
vn -0.00000003 -0.00000000 -1.00000000
vn 0.00000749 -0.00000000 -1.00000000
vn -0.00000005 -0.00000017 -1.00000000
vn -0.00000002 -0.00000020 -1.00000000
vn -0.00000007 -0.00000000 -1.00000000
vn 0.00000145 -0.00000000 -1.00000000
vn 0.00000013 -0.00000000 -1.00000000
vn 0.00000130 0.00000814 -1.00000000
vn 0.00000013 0.00000263 -1.00000000
vn 0.00000013 -0.00000401 -1.00000000
vn 0.00000145 -0.00000000 -1.00000000
vn 0.00000027 -0.00000025 -1.00000000
vn 0.00000013 -0.00000000 -1.00000000
vn -0.00000002 -0.00000020 -1.00000000
vn 0.00000013 -0.00000401 -1.00000000
vn 0.00000013 0.00000263 -1.00000000
vn 0.00000001 -0.00000356 -1.00000000
vn -0.00000003 -0.00000000 -1.00000000
vn -0.00000003 -0.00000014 -1.00000000
vn 0.00000001 -0.00000356 -1.00000000
vn 0.00000013 -0.00000401 -1.00000000
vn 0.00000027 -0.00000025 -1.00000000
vn 0.00000013 -0.00000000 -1.00000000
vn -0.00000003 -0.00000108 -1.00000000
vn -0.00000003 -0.00000000 -1.00000000
vn -0.00000004 -0.00000874 -1.00000000
vn -0.00000004 -0.00000874 -1.00000000
vn -0.00000003 -0.00000108 -1.00000000
vn -0.00000009 -0.00000261 -1.00000000
vn 0.00000027 -0.00000025 -1.00000000
vn -0.00000005 -0.00000017 -1.00000000
vn -0.00000002 -0.00000020 -1.00000000
vn 0.00000211 -0.00000522 -1.00000000
vn -0.00000009 0.00000046 -1.00000000
vn -0.00000009 -0.00000261 -1.00000000
vn -0.00000004 -0.00000874 -1.00000000
vn 0.00000013 0.00000102 -1.00000000
vn 0.00000211 -0.00000522 -1.00000000
vn 0.00000013 0.00000102 -1.00000000
vn 0.00000139 -0.00000439 1.00000000
vn -0.00000013 0.00001231 1.00000000
vn 0.00000002 0.00000072 1.00000000
vn 0.00000425 -0.00000421 1.00000000
vn 0.00000139 -0.00000439 1.00000000
vn -0.00000103 0.00000048 1.00000000
vn 0.00000661 0.00000058 1.00000000
vn 0.00000425 -0.00000421 1.00000000
vn 0.00000552 -0.00000000 1.00000000
vn -0.00000167 -0.00000000 1.00000000
vn -0.00000103 0.00000048 1.00000000
vn 0.00000661 0.00000058 1.00000000
vn 0.00000217 0.00000522 1.00000000
vn -0.00000167 -0.00000000 1.00000000
vn 0.00000661 0.00000058 1.00000000
vn 0.00000011 -0.00000000 1.00000000
vn 0.00000002 0.00000072 1.00000000
vn -0.00000013 -0.00000547 1.00000000
vn -0.00000013 0.00001231 1.00000000
vn -0.00000124 -0.00000000 1.00000000
vn -0.00000013 -0.00000547 1.00000000
vn -0.00000013 0.00000144 1.00000000
vn -0.00000013 0.00001231 1.00000000
vn -0.00000013 0.00000144 1.00000000
vn -0.00000013 -0.00000068 1.00000000
vn -0.00000013 -0.00000000 1.00000000
vn -0.00000013 -0.00000547 1.00000000
vn 0.00000011 -0.00000000 1.00000000
vn -0.00000167 -0.00000000 1.00000000
vn -0.00000001 -0.00000391 1.00000000
vn 0.00000009 -0.00000000 1.00000000
vn 0.00000002 0.00001128 1.00000000
vn -0.00000000 -0.00000000 1.00000000
vn 0.00000002 -0.00000094 1.00000000
vn -0.00000124 -0.00000000 1.00000000
vn 0.00000004 -0.00000543 1.00000000
vn -0.00000013 -0.00000000 1.00000000
vn -0.00000013 0.00000144 1.00000000
vn 0.00000197 -0.00000150 1.00000000
vn -0.00000033 -0.00000000 1.00000000
vn 0.00000552 -0.00000000 1.00000000
vn -0.00000013 0.00000048 1.00000000
vn 0.00000217 0.00000522 1.00000000
vn 0.00000011 -0.00000000 1.00000000
vn 0.00000197 -0.00000150 1.00000000
vn -0.00000013 -0.00000000 1.00000000
vn 0.00000009 -0.00000000 1.00000000
vn 0.00000197 -0.00000150 1.00000000
vn 0.00000217 0.00000522 1.00000000
vn 0.00000003 -0.00000000 1.00000000
vn 0.00000009 -0.00000000 1.00000000
vn -0.00000001 -0.00000391 1.00000000
vn 0.00000005 0.00000507 1.00000000
vn 0.00000003 -0.00000000 1.00000000
vn -0.00000001 -0.00000391 1.00000000
vn -0.00000013 -0.00000210 1.00000000
vn -0.00000013 -0.00000068 1.00000000
vn -0.00000013 0.00000062 1.00000000
vn -0.00000013 -0.00000000 1.00000000
vn -0.00000013 -0.00000068 1.00000000
vn -0.00000013 0.00000062 1.00000000
vn -0.00000013 -0.00000120 1.00000000
vn -0.00000013 -0.00000723 1.00000000
vn 0.00000003 -0.00000000 1.00000000
vn 0.00000005 0.00000507 1.00000000
vn 0.00000010 0.00000047 1.00000000
vn 0.00000005 0.00000507 1.00000000
vn -0.00000013 -0.00000723 1.00000000
vn 0.00000003 -0.00000000 1.00000000
vn -0.00000013 -0.00000723 1.00000000
vn 0.00000001 0.00000028 1.00000000
vn -0.00000013 -0.00000000 1.00000000
vn 0.00000010 0.00000047 1.00000000
vn 0.00000198 -0.00000000 1.00000000
vn 0.00000004 -0.00000000 1.00000000
vn 0.00000002 0.00001128 1.00000000
vn 0.00000004 -0.00000543 1.00000000
vn 0.00000004 -0.00000000 1.00000000
vn 0.00000004 0.00000339 1.00000000
vn 0.00000004 -0.00000543 1.00000000
vn -0.00000013 0.00000013 1.00000000
vn -0.00000033 -0.00000000 1.00000000
vn 0.00000008 -0.00000000 1.00000000
vn -0.00000042 -0.00000391 1.00000000
vn -0.00000013 0.00000048 1.00000000
vn 0.00000008 -0.00000000 1.00000000
vn -0.00000033 -0.00000000 1.00000000
vn -0.00000013 -0.00000000 1.00000000
vn 0.00000008 -0.00000000 1.00000000
vn -0.00000013 -0.00000000 1.00000000
vn -0.00000013 0.00000037 1.00000000
vn 0.00000002 -0.00000094 1.00000000
vn 0.00000002 0.00001128 1.00000000
vn 0.00000009 0.00000028 1.00000000
vn 0.00000009 0.00000046 1.00000000
vn -0.00000013 0.00000180 1.00000000
vn 0.00000004 0.00000339 1.00000000
vn 0.00000004 -0.00000000 1.00000000
vn 0.00000004 -0.00000000 1.00000000
vn 0.00000004 0.00000339 1.00000000
vn 0.00000004 -0.00000000 1.00000000
vn 0.00000001 -0.00000135 1.00000000
vn -0.00000032 -0.00000000 1.00000000
vn -0.00000013 0.00000037 1.00000000
vn 0.00000003 -0.00000000 1.00000000
vn -0.00000013 -0.00000000 1.00000000
vn -0.00000013 0.00000037 1.00000000
vn -0.00000032 -0.00000000 1.00000000
vn 0.00000003 -0.00000000 1.00000000
vn -0.00000093 -0.00000510 1.00000000
vn -0.00000032 -0.00000000 1.00000000
vn -0.00000013 -0.00000000 1.00000000
vn 0.00000001 0.00000028 1.00000000
vn 0.00000010 0.00000047 1.00000000
vn -0.00000013 -0.00000000 1.00000000
vn 0.00000001 -0.00000135 1.00000000
vn 0.00000004 -0.00000000 1.00000000
vn -0.00000013 0.00000180 1.00000000
vn -0.00000013 -0.00000120 1.00000000
vn -0.00000013 -0.00000000 1.00000000
vn -0.00000013 0.00000062 1.00000000
vn -0.00000013 -0.00000120 1.00000000
vn 0.00000001 -0.00000135 1.00000000
vn -0.00000013 -0.00000000 1.00000000
vn -0.00000013 -0.00000210 1.00000000
vn -0.00000013 -0.00000000 1.00000000
vn -0.00000223 -0.00000000 1.00000000
vn -0.00000013 -0.00000210 1.00000000
vn -0.00000013 -0.00000000 1.00000000
vn -0.00000013 -0.00000000 1.00000000
vn -0.00000013 0.00000180 1.00000000
vn -0.00000013 -0.00000000 1.00000000
vn 0.00000002 0.00000029 1.00000000
vn -0.00000013 -0.00000000 1.00000000
vn 0.00000002 -0.00000000 1.00000000
vn -0.00000340 -0.00000000 1.00000000
vn -0.00000223 -0.00000000 1.00000000
vn 0.00000017 -0.00000000 1.00000000
vn -0.00000013 -0.00000000 1.00000000
vn -0.00000100 0.00000518 1.00000000
vn -0.00000013 -0.00000000 1.00000000
vn 0.00000002 -0.00000000 1.00000000
vn 0.00000017 -0.00000000 1.00000000
vn 0.00000016 0.00000217 1.00000000
vn 0.00000121 -0.00000000 1.00000000
vn -0.00000223 -0.00000000 1.00000000
vn 0.00000002 -0.00000000 1.00000000
vn 0.00000393 -0.00000709 1.00000000
vn -0.00000093 -0.00000510 1.00000000
vn -0.00000013 -0.00000000 1.00000000
vn 0.00000077 0.00000939 1.00000000
vn -0.00000093 -0.00000510 1.00000000
vn -0.00000013 -0.00000000 1.00000000
vn -0.00000013 -0.00000000 1.00000000
vn 0.00000001 0.00000028 1.00000000
vn 0.00000009 -0.00000000 1.00000000
vn -0.00000013 -0.00000000 1.00000000
vn 0.00000077 0.00000939 1.00000000
vn -0.00000013 -0.00000023 1.00000000
vn 0.00000077 0.00000939 1.00000000
vn 0.00000009 -0.00000000 1.00000000
vn -0.00000013 -0.00000000 1.00000000
vn -0.00000013 -0.00000000 1.00000000
vn 0.00000198 -0.00000000 1.00000000
vn -0.00000013 -0.00000000 1.00000000
vn 0.00000198 -0.00000000 1.00000000
vn -0.00000340 -0.00000000 1.00000000
vn -0.00000242 -0.00000000 1.00000000
vn -0.00000013 -0.00000023 1.00000000
vn 0.00000009 -0.00000000 1.00000000
vn 0.00000561 0.00000424 1.00000000
vn 0.00000183 -0.00000342 1.00000000
vn -0.00000013 -0.00000000 1.00000000
vn 0.00000002 0.00000029 1.00000000
vn -0.00000234 0.00000700 1.00000000
vn 0.00000098 -0.00000612 1.00000000
vn 0.00000002 -0.00000000 1.00000000
vn 0.00000002 0.00000061 1.00000000
vn -0.00000340 -0.00000000 1.00000000
vn -0.00000242 -0.00000000 1.00000000
vn -0.00000013 -0.00000023 1.00000000
vn -0.00000013 -0.00000000 1.00000000
vn 0.00000002 0.00000024 1.00000000
vn 0.00000002 0.00000024 1.00000000
vn 0.00000004 0.00000036 1.00000000
vn 0.00000142 -0.00000039 1.00000000
vn -0.00000042 -0.00000391 1.00000000
vn -0.00000013 -0.00000000 1.00000000
vn 0.00000002 0.00000024 1.00000000
vn 0.00000004 0.00000036 1.00000000
vn 0.00000009 0.00000046 1.00000000
vn -0.00000013 0.00000041 1.00000000
vn 0.00000003 -0.00000000 1.00000000
vn 0.00000009 0.00000028 1.00000000
vn 0.00000003 -0.00000000 1.00000000
vn 0.00000003 0.00000384 1.00000000
vn 0.00000003 -0.00000519 1.00000000
vn 0.00000003 -0.00000000 1.00000000
vn 0.00000009 0.00000028 1.00000000
vn 0.00000003 0.00000384 1.00000000
vn 0.00000016 0.00000217 1.00000000
vn 0.00000003 0.00000028 1.00000000
vn 0.00000003 -0.00000519 1.00000000
vn 0.00000003 0.00000384 1.00000000
vn 0.00000003 0.00000028 1.00000000
vn 0.00000182 -0.00000000 1.00000000
vn 0.00000003 -0.00000519 1.00000000
vn -0.00000242 -0.00000000 1.00000000
vn 0.00000183 -0.00000342 1.00000000
vn 0.00000561 0.00000424 1.00000000
vn 0.00000183 -0.00000342 1.00000000
vn 0.00000011 -0.00000027 1.00000000
vn 0.00000011 -0.00000152 1.00000000
vn -0.00000013 0.00000041 1.00000000
vn -0.00000033 -0.00000000 1.00000000
vn -0.00000013 -0.00000000 1.00000000
vn 0.00000142 -0.00000039 1.00000000
vn -0.00000093 0.00000414 1.00000000
vn 0.00000561 0.00000424 1.00000000
vn -0.00000177 -0.00000000 1.00000000
vn -0.00000013 -0.00000000 1.00000000
vn -0.00000224 0.00000168 1.00000000
vn 0.00000011 -0.00000027 1.00000000
vn 0.00000002 -0.00000072 1.00000000
vn -0.00000013 -0.00000000 1.00000000
vn 0.00000006 0.00000694 1.00000000
vn -0.00000013 -0.00000000 1.00000000
vn -0.00000033 -0.00000000 1.00000000
vn 0.00000299 -0.00000000 1.00000000
vn 0.00000121 -0.00000000 1.00000000
vn 0.00000393 -0.00000709 1.00000000
vn -0.00000100 0.00000518 1.00000000
vn 0.00000002 -0.00000000 1.00000000
vn 0.00000017 -0.00000000 1.00000000
vn -0.00000100 0.00000518 1.00000000
vn 0.00000393 -0.00000709 1.00000000
vn 0.00000002 -0.00000000 1.00000000
vn -0.00000013 -0.00000000 1.00000000
vn 0.00000016 0.00000217 1.00000000
vn 0.00000003 0.00000028 1.00000000
vn 0.00000182 -0.00000000 1.00000000
vn 0.00000264 0.00000026 1.00000000
vn 0.00000002 0.00000029 1.00000000
vn 0.00000002 -0.00000000 1.00000000
vn 0.00000002 -0.00000000 1.00000000
vn 0.00000121 -0.00000000 1.00000000
vn 0.00000182 -0.00000000 1.00000000
vn -0.00000013 -0.00000000 1.00000000
vn -0.00000246 -0.00000025 1.00000000
vn -0.00000013 0.00000024 1.00000000
vn -0.00000013 -0.00000000 1.00000000
vn -0.00000013 -0.00000027 1.00000000
vn -0.00000246 -0.00000025 1.00000000
vn 0.00000299 -0.00000000 1.00000000
vn 0.00000131 0.00000049 1.00000000
vn -0.00000246 -0.00000025 1.00000000
vn -0.00000013 0.00000024 1.00000000
vn -0.00000234 0.00000700 1.00000000
vn -0.00000224 0.00000168 1.00000000
vn 0.00000098 -0.00000612 1.00000000
vn -0.00000093 0.00000414 1.00000000
vn -0.00000234 0.00000700 1.00000000
vn -0.00000224 0.00000168 1.00000000
vn -0.00000013 -0.00000026 1.00000000
vn -0.00000013 -0.00000000 1.00000000
vn 0.00000098 -0.00000612 1.00000000
vn 0.00000002 0.00000061 1.00000000
vn -0.00000013 -0.00000000 1.00000000
vn -0.00000093 0.00000414 1.00000000
vn 0.00000011 -0.00000000 1.00000000
vn 0.00000011 -0.00000152 1.00000000
vn -0.00000177 -0.00000000 1.00000000
vn 0.00000011 -0.00000027 1.00000000
vn -0.00000013 -0.00000000 1.00000000
vn -0.00000177 -0.00000000 1.00000000
vn -0.00000013 -0.00000292 1.00000000
vn -0.00000013 -0.00000027 1.00000000
vn -0.00000013 -0.00000000 1.00000000
vn -0.00000013 0.00000024 1.00000000
vn 0.00000131 0.00000049 1.00000000
vn -0.00000013 -0.00000051 1.00000000
vn -0.00000013 -0.00000292 1.00000000
vn -0.00000013 -0.00000000 1.00000000
vn -0.00000013 -0.00000292 1.00000000
vn -0.00000013 -0.00000027 1.00000000
vn 0.00000306 -0.00000000 1.00000000
vn -0.00000013 -0.00000051 1.00000000
vn -0.00000013 -0.00000000 1.00000000
vn 0.00000010 0.00000046 1.00000000
vn -0.00000013 -0.00000000 1.00000000
vn 0.00000299 -0.00000000 1.00000000
vn -0.00000013 -0.00000000 1.00000000
vn -0.00000266 -0.00000000 1.00000000
vn 0.00000131 0.00000049 1.00000000
vn 0.00000011 -0.00000000 1.00000000
vn 0.00000006 0.00000694 1.00000000
vn 0.00000011 -0.00000152 1.00000000
vn -0.00000013 -0.00000000 1.00000000
vn -0.00000013 -0.00000051 1.00000000
vn 0.00000011 -0.00000000 1.00000000
vn 0.00000006 0.00000694 1.00000000
vn 0.00000002 -0.00000072 1.00000000
vn -0.00000126 0.00001433 1.00000000
vn 0.00000001 0.00000361 1.00000000
vn 0.00000119 -0.00000112 1.00000000
vn -0.00000013 -0.00000000 1.00000000
vn 0.00000004 0.00000040 1.00000000
vn -0.00000013 -0.00000000 1.00000000
vn 0.00000004 0.00000040 1.00000000
vn 0.00000004 -0.00000349 1.00000000
vn -0.00000239 -0.00000000 1.00000000
vn -0.00000088 -0.00000000 1.00000000
vn -0.00000013 0.00000013 1.00000000
vn -0.00000266 -0.00000000 1.00000000
vn 0.00000016 -0.00000000 1.00000000
vn -0.00000126 0.00001433 1.00000000
vn -0.00000013 0.00000326 1.00000000
vn 0.00000017 -0.00000000 1.00000000
vn 0.00000002 -0.00000000 1.00000000
vn -0.00000013 -0.00000000 1.00000000
vn 0.00000264 0.00000026 1.00000000
vn 0.00000002 0.00000061 1.00000000
vn -0.00000013 -0.00000000 1.00000000
vn 0.00000264 0.00000026 1.00000000
vn -0.00000013 -0.00000000 1.00000000
vn 0.00000010 0.00000046 1.00000000
vn -0.00000013 -0.00000000 1.00000000
vn 0.00000100 0.00000051 1.00000000
vn -0.00000013 -0.00000484 1.00000000
vn -0.00000013 -0.00000026 1.00000000
vn -0.00000013 -0.00000027 1.00000000
vn -0.00000013 0.00000060 1.00000000
vn -0.00000013 -0.00000000 1.00000000
vn -0.00000013 -0.00000026 1.00000000
vn -0.00000013 -0.00000484 1.00000000
vn -0.00000013 -0.00000000 1.00000000
vn -0.00000013 0.00000060 1.00000000
vn -0.00000222 0.00000088 1.00000000
vn -0.00000013 -0.00000484 1.00000000
vn -0.00000013 -0.00000000 1.00000000
vn 0.00000001 0.00000361 1.00000000
vn -0.00000222 0.00000088 1.00000000
vn 0.00000119 -0.00000112 1.00000000
vn 0.00000004 0.00000040 1.00000000
vn 0.00000004 -0.00000349 1.00000000
vn 0.00000001 0.00000361 1.00000000
vn -0.00000013 -0.00000000 1.00000000
vn -0.00000222 0.00000088 1.00000000
vn 0.00000119 -0.00000112 1.00000000
vn 0.00000010 0.00000046 1.00000000
vn 0.00000100 0.00000051 1.00000000
vn 0.00000306 -0.00000000 1.00000000
vn -0.00000013 -0.00000000 1.00000000
vn 0.00000306 -0.00000000 1.00000000
vn -0.00000013 -0.00000000 1.00000000
vn -0.00000013 -0.00000000 1.00000000
vn 0.00000100 0.00000051 1.00000000
vn -0.00000013 -0.00000274 1.00000000
vn -0.00000013 -0.00000000 1.00000000
vn -0.00000239 -0.00000000 1.00000000
vn -0.00000013 -0.00000000 1.00000000
vn 0.00000246 -0.00000000 1.00000000
vn 0.00000246 -0.00000000 1.00000000
vn -0.00000013 -0.00000000 1.00000000
vn -0.00000013 0.00000326 1.00000000
vn -0.00000013 -0.00000000 1.00000000
vn 0.00000004 -0.00000349 1.00000000
vn -0.00000013 -0.00000027 1.00000000
vn -0.00000013 -0.00000000 1.00000000
vn -0.00000013 0.00000331 1.00000000
vn -0.00000013 0.00000060 1.00000000
vn -0.00000013 -0.00000000 1.00000000
vn 0.00000016 -0.00000000 1.00000000
vn -0.00000013 0.00000326 1.00000000
vn 0.00000020 0.00000024 1.00000000
vn -0.00000127 -0.00000000 1.00000000
vn -0.00000013 -0.00000274 1.00000000
vn -0.00000013 -0.00000000 1.00000000
vn 0.00000131 0.00000024 1.00000000
vn -0.00000127 -0.00000000 1.00000000
vn -0.00000013 -0.00000274 1.00000000
vn -0.00000013 -0.00000000 1.00000000
vn -0.00000013 -0.00000027 1.00000000
vn -0.00000013 -0.00000014 1.00000000
vn -0.00000013 0.00000331 1.00000000
vn -0.00000001 -0.00000000 1.00000000
vn 0.00000002 0.00000079 1.00000000
vn -0.00000088 -0.00000000 1.00000000
vn -0.00000239 -0.00000000 1.00000000
vn 0.00000246 -0.00000000 1.00000000
vn -0.00000013 -0.00000000 1.00000000
vn -0.00000013 0.00000331 1.00000000
vn -0.00000013 0.00000205 1.00000000
vn -0.00000013 -0.00000014 1.00000000
vn -0.00000028 0.00000091 1.00000000
vn -0.00000000 -0.00000027 1.00000000
vn -0.00000013 -0.00000148 1.00000000
vn 0.00000017 -0.00000000 1.00000000
vn 0.00000016 -0.00000000 1.00000000
vn 0.00000020 0.00000024 1.00000000
vn -0.00000127 -0.00000000 1.00000000
vn 0.00000685 -0.00000401 1.00000000
vn -0.00000013 -0.00000000 1.00000000
vn -0.00000001 -0.00000000 1.00000000
vn 0.00000685 -0.00000401 1.00000000
vn -0.00000013 -0.00000000 1.00000000
vn -0.00000013 -0.00000000 1.00000000
vn -0.00000001 -0.00000000 1.00000000
vn -0.00000013 -0.00000014 1.00000000
vn 0.00000131 0.00000024 1.00000000
vn 0.00000685 -0.00000401 1.00000000
vn 0.00000020 0.00000024 1.00000000
vn 0.00000259 0.00000037 1.00000000
vn 0.00000259 0.00000037 1.00000000
vn 0.00000002 0.00000079 1.00000000
vn 0.00000131 0.00000024 1.00000000
vn -0.00000087 0.00000024 1.00000000
vn -0.00000013 -0.00000000 1.00000000
vn -0.00000013 0.00000205 1.00000000
vn 0.00000618 0.00000082 1.00000000
vn -0.00000028 0.00000091 1.00000000
vn -0.00000013 -0.00000148 1.00000000
vn -0.00000013 0.00000205 1.00000000
vn -0.00000013 -0.00000148 1.00000000
vn 0.00000858 -0.00001118 1.00000000
vn 0.00000259 0.00000037 1.00000000
vn -0.00000087 0.00000024 1.00000000
vn 0.00000618 0.00000082 1.00000000
vn -0.00000013 -0.00000047 1.00000000
vn -0.00000013 -0.00000047 1.00000000
vn 0.00000858 -0.00001118 1.00000000
vn 0.95184177 -0.29932451 -0.06634732
vn 0.84040481 -0.53517032 0.08551421
vn 0.50695503 -0.86078697 -0.04519347
vn 0.94657987 0.31482139 0.06981459
vn 0.83841520 0.53816682 -0.08623420
vn 0.47464660 0.87874919 0.05010611
vn 0.99982321 -0.00863248 -0.01670258
vn 0.67906803 -0.73407000 -0.00282364
vn 0.65539181 -0.75512987 -0.01550810
vn 0.99597090 -0.08477604 0.02924447
vn 0.75612158 0.65392947 0.02561871
vn 0.66325742 0.74785590 -0.02830726
vn 0.96408558 -0.25918689 -0.05797505
vn 0.68976361 -0.72026920 0.07374723
vn 0.45939210 -0.88807028 -0.01703614
vn 0.99044740 0.12732381 0.05294012
vn 0.76794219 0.63635331 -0.07293464
vn 0.58739448 0.80909628 0.01819682
vn 0.99823511 0.05884993 -0.00797918
vn 0.76288641 -0.64646310 -0.00948204
vn 0.77173370 -0.63593400 -0.00389446
vn 0.99996853 -0.00525391 0.00595428
vn 0.73949993 0.67303139 0.01298968
vn 0.68768382 0.72587252 -0.01415003
vn 0.99519342 -0.08335632 -0.05139947
vn 0.85275572 -0.51490003 0.08766862
vn 0.62119889 -0.78237432 -0.04474784
vn 0.92377043 0.37627220 0.07118683
vn 0.67956942 0.73043758 -0.06816477
vn 0.41304079 0.91057497 0.01582414
vn 0.98913032 0.14618351 -0.01586098
vn 0.78674883 -0.61725980 0.00409472
vn 0.74645060 -0.66499049 -0.02448060
vn 0.99376071 0.10624170 0.03394673
vn 0.62097502 0.78346747 0.02384959
vn 0.52571791 0.85047430 -0.01772486
vn 0.76053113 -0.64744240 -0.04910059
vn 0.98739672 -0.15354910 0.03834542
vn 0.56072527 -0.82742971 0.03077700
vn 0.99297261 0.11290380 -0.03547354
vn 0.76078492 0.64797682 0.03650353
vn 0.67420107 0.73854750 -0.00073921
vn 0.94859731 -0.30979851 -0.06471576
vn 0.75448912 -0.65223962 0.07300393
vn 0.47483811 -0.87994391 -0.01508711
vn 0.97299618 0.22267160 0.06079502
vn 0.82095242 0.56390178 -0.08973280
vn 0.48166820 0.87543857 0.04003960
vn 0.63819188 -0.76970923 0.01608794
vn 0.99888468 0.04717236 0.00201621
vn 0.67203820 -0.74051642 0.00033699
vn 0.99883711 -0.04786074 -0.00583249
vn 0.66190970 0.74926442 -0.02187372
vn 0.59761387 0.80176568 0.00542688
vn 0.96567279 -0.25319061 -0.05805784
vn 0.75241321 -0.65416181 0.07711624
vn 0.45933801 -0.88789761 -0.02542942
vn 0.97813612 0.20022580 0.05620944
vn 0.77207851 0.63157982 -0.07072356
vn 0.54634893 0.83740819 0.01583039
vn 0.96602660 -0.20638010 -0.15556352
vn 0.97813362 -0.20797791 0.00015159
vn 0.54825348 -0.83545339 0.03789362
vn 0.98826301 0.06234544 -0.13946106
vn 0.84509498 0.53386968 0.02824547
vn 0.97843260 -0.15460371 -0.13699451
vn 0.98021382 0.19792770 -0.00239509
vn 0.83973372 -0.54272652 0.01718571
vn 0.98230082 0.10705970 -0.15369913
vn 0.54717070 0.83589470 0.04340875
vn 0.70659631 -0.70637941 -0.04183063
vn 0.99082130 -0.12972280 0.03801677
vn 0.58447409 -0.81138343 0.00686125
vn 0.99210888 0.12024180 -0.03552449
vn 0.71890760 0.69350392 0.04716173
vn 0.57080710 0.82097298 -0.01351755
vn 0.74358541 -0.66725612 -0.04301365
vn 0.99599600 -0.08137238 0.03702246
vn 0.62743503 -0.77862853 0.00795674
vn 0.98405677 0.17392640 -0.03717315
vn 0.68955737 0.72268170 0.04734986
vn 0.52822042 0.84901142 -0.01276564
vn 0.98741669 0.15796730 -0.00738770
vn 0.98159790 -0.10668270 0.15838121
vn 0.76863772 -0.63826871 -0.04253531
vn 0.96468401 0.19806670 0.17365019
vn 0.52768451 0.84817451 -0.04635906
vn 0.51051342 -0.85981667 -0.00955896
vn 0.96008718 -0.27949050 0.01084946
vn 0.47021461 -0.88255048 0.00171173
vn 0.97509003 -0.22167610 -0.00769942
vn 0.85979557 0.51052028 0.01097835
vn 0.83952630 0.54330301 -0.00417749
vn 0.82419842 -0.56475079 -0.04187450
vn 0.99793148 -0.05537241 0.03265738
vn 0.71716237 -0.69680738 0.01173135
vn 0.97311181 0.22642480 -0.04225127
vn 0.73831618 0.67308241 0.04300455
vn 0.54208392 0.83992588 -0.02587884
vn 0.98624432 -0.07728946 -0.14611158
vn 0.99860901 0.05152177 -0.01121953
vn 0.78453559 -0.61957502 0.02511787
vn 0.97130752 0.18517780 -0.14923492
vn 0.71860832 0.69510651 0.02071867
f 1//1 2//2 3//3
f 1//1 4//4 2//2
f 5//5 4//4 1//1
f 5//5 6//6 4//4
f 7//7 8//8 9//9
f 7//7 10//10 8//8
f 7//7 11//11 10//10
f 12//12 11//11 7//7
f 13//13 14//14 15//15
f 16//16 14//14 13//13
f 16//16 17//17 14//14
f 18//18 19//19 20//20
f 18//18 21//21 19//19
f 18//18 22//22 21//21
f 23//23 22//22 18//18
f 24//24 25//25 26//26
f 24//24 27//27 25//25
f 28//28 27//27 24//24
f 29//29 30//30 31//31
f 32//32 30//30 29//29
f 32//32 33//33 30//30
f 34//34 33//33 32//32
f 35//35 36//36 37//37
f 35//35 38//38 36//36
f 39//39 38//38 35//35
f 40//40 41//41 42//42
f 40//40 43//43 41//41
f 40//40 44//44 43//43
f 45//45 44//44 40//40
f 46//46 47//47 48//48
f 46//46 49//49 47//47
f 46//46 50//50 49//49
f 51//51 50//50 46//46
f 52//52 53//53 54//54
f 55//55 53//53 52//52
f 55//55 56//56 53//53
f 57//57 56//56 55//55
f 58//58 59//59 60//60
f 58//58 61//61 59//59
f 58//58 62//62 61//61
f 63//63 62//62 58//58
f 64//64 65//65 66//66
f 64//64 67//67 65//65
f 68//68 67//67 64//64
f 68//68 69//69 67//67
f 70//70 71//71 72//72
f 73//73 71//71 70//70
f 73//73 74//74 71//71
f 75//75 74//74 73//73
f 76//76 77//77 78//78
f 79//79 77//77 76//76
f 79//79 80//80 77//77
f 81//81 80//80 79//79
f 82//82 83//83 84//84
f 82//82 85//85 83//83
f 82//82 86//86 85//85
f 87//87 86//86 82//82
f 88//88 89//89 90//90
f 88//88 91//91 89//89
f 92//92 91//91 88//88
f 92//92 93//93 91//91
f 94//94 95//95 96//96
f 97//97 95//95 94//94
f 98//98 95//95 97//97
f 98//98 99//99 95//95
f 100//100 101//101 102//102
f 100//100 103//103 101//101
f 100//100 104//104 103//103
f 105//105 104//104 100//100
f 114//114 128//128 130//130
f 106//106 143//143 117//117
f 126//126 159//159 133//133
f 126//126 160//160 159//159
f 158//158 172//172 190//190
f 151//151 165//165 175//175
f 110//110 189//189 174//174
f 110//110 174//174 140//140
f 194//194 184//184 196//196
f 198//198 195//195 183//183
f 201//201 206//206 197//197
f 208//208 207//207 203//203
f 209//209 217//217 221//221
f 211//211 193//193 218//218
f 213//213 188//188 192//192
f 202//202 199//199 186//186
f 219//219 216//216 223//223
f 228//228 220//220 226//226
f 231//231 207//207 208//208
f 236//236 200//200 185//185
f 239//239 241//241 244//244
f 237//237 246//246 205//205
f 240//240 204//204 233//233
f 243//243 225//225 245//245
f 247//247 238//238 232//232
f 249//249 230//230 251//251
f 256//256 222//222 242//242
f 258//258 229//229 224//224
f 255//255 260//260 227//227
f 250//250 252//252 264//264
f 267//267 248//248 263//263
f 273//273 210//210 277//277
f 282//282 283//283 288//288
f 281//281 286//286 235//235
f 289//289 212//212 272//272
f 274//274 276//276 295//295
f 299//299 275//275 294//294
f 304//304 285//285 284//284
f 279//279 234//234 187//187
f 306//306 308//308 287//287
f 305//305 265//265 307//307
f 303//303 270//270 266//266
f 309//309 312//312 262//262
f 315//315 313//313 310//310
f 320//320 311//311 261//261
f 318//318 293//293 314//314
f 317//317 298//298 296//296
f 319//319 259//259 253//253
f 324//324 321//321 254//254
f 325//325 300//300 316//316
f 323//323 257//257 328//328
f 326//326 330//330 297//297
f 337//337 322//322 327//327
f 340//340 332//332 325//325
f 341//341 344//344 331//331
f 336//336 329//329 349//349
f 353//353 356//356 359//359
f 355//355 302//302 360//360
f 354//354 271//271 301//301
f 361//361 269//269 357//357
f 352//352 358//358 365//365
f 362//362 348//348 268//268
f 369//369 351//351 366//366
f 372//372 350//350 363//363
f 377//377 379//379 384//384
f 388//388 291//291 389//389
f 387//387 391//391 393//393
f 392//392 390//390 396//396
f 377//377 364//364 379//379
f 401//401 393//393 397//397
f 378//378 371//371 367//367
f 404//404 370//370 376//376
f 403//403 406//406 368//368
f 410//410 407//407 402//402
f 107//107 280//280 182//182
f 108//108 381//381 278//278
f 109//109 413//413 383//383
f 112//112 382//382 380//380
f 154//154 292//292 386//386
f 153//153 215//215 290//290
f 150//150 385//385 416//416
f 152//152 191//191 214//214
f 417//417 414//414 113//113
f 420//420 157//157 415//415
f 425//425 345//345 342//342
f 428//428 424//424 339//339
f 430//430 338//338 432//432
f 423//423 398//398 395//395
f 426//426 394//394 343//343
f 435//435 400//400 427//427
f 429//429 433//433 333//333
f 436//436 437//437 399//399
f 443//443 431//431 334//334
f 442//442 335//335 347//347
f 440//440 346//346 373//373
f 444//444 439//439 434//434
f 447//447 450//450 438//438
f 452//452 457//457 458//458
f 463//463 455//455 453//453
f 467//467 454//454 459//459
f 464//464 375//375 456//456
f 469//469 460//460 405//405
f 475//475 461//461 470//470
f 477//477 446//446 480//480
f 474//474 468//468 462//462
f 471//471 408//408 411//411
f 484//484 479//479 481//481
f 476//476 448//448 445//445
f 473//473 488//488 466//466
f 491//491 451//451 478//478
f 495//495 472//472 409//409
f 496//496 412//412 498//498
f 486//486 482//482 501//501
f 504//504 488//488 473//473
f 493//493 421//421 449//449
f 505//505 510//510 489//489
f 514//514 494//494 499//499
f 511//511 497//497 418//418
f 512//512 419//419 116//116
f 518//518 509//509 506//506
f 492//492 156//156 422//422
f 524//524 155//155 490//490
f 525//525 441//441 528//528
f 528//528 374//374 463//463
f 528//528 441//441 374//374
f 527//527 465//465 532//532
f 525//525 503//503 441//441
f 534//534 500//500 526//526
f 538//538 529//529 530//530
f 536//536 485//485 502//502
f 537//537 531//531 543//543
f 547//547 550//550 551//551
f 554//554 548//548 508//508
f 557//557 559//559 562//562
f 558//558 483//483 533//533
f 556//556 563//563 487//487
f 552//552 507//507 519//519
f 555//555 535//535 566//566
f 561//561 568//568 564//564
f 546//546 544//544 549//549
f 574//574 541//541 545//545
f 576//576 553//553 517//517
f 575//575 516//516 580//580
f 584//584 558//558 567//567
f 587//587 570//570 560//560
f 582//582 565//565 589//589
f 572//572 540//540 542//542
f 571//571 590//590 539//539
f 586//586 522//522 569//569
f 595//595 577//577 579//579
f 599//599 578//578 513//513
f 601//601 593//593 573//573
f 605//605 520//520 585//585
f 583//583 588//588 611//611
f 614//614 581//581 609//609
f 598//598 515//515 115//115
f 620//620 591//591 623//623
f 619//619 612//612 592//592
f 622//622 594//594 602//602
f 624//624 613//613 618//618
f 626//626 616//616 610//610
f 628//628 621//621 604//604
f 627//627 603//603 631//631
f 633//633 615//615 625//625
f 635//635 607//607 617//617
f 639//639 629//629 630//630
f 638//638 632//632 596//596
f 129//129 636//636 641//641
f 132//132 606//606 634//634
f 131//131 637//637 600//600
f 136//136 642//642 640//640
f 134//134 597//597 111//111
f 137//137 149//149 521//521
f 135//135 523//523 608//608
f 643//643 647//647 176//176
f 650//650 177//177 646//646
f 654//654 649//649 657//657
f 661//661 665//665 644//644
f 669//669 663//663 660//660
f 659//659 645//645 179//179
f 653//653 181//181 648//648
f 671//671 652//652 656//656
f 677//677 662//662 180//180
f 666//666 680//680 664//664
f 683//683 178//178 651//651
f 685//685 655//655 691//691
f 686//686 670//670 658//658
f 693//693 673//673 689//689
f 687//687 690//690 681//681
f 694//694 697//697 672//672
f 701//701 688//688 679//679
f 701//701 679//679 668//668
f 699//699 667//667 702//702
f 706//706 696//696 692//692
f 707//707 709//709 695//695
f 712//712 710//710 705//705
f 719//719 722//722 678//678
f 724//724 682//682 729//729
f 725//725 728//728 731//731
f 735//735 718//718 674//674
f 727//727 173//173 684//684
f 739//739 742//742 721//721
f 740//740 720//720 717//717
f 732//732 730//730 748//748
f 749//749 733//733 746//746
f 751//751 747//747 711//711
f 753//753 750//750 745//745
f 756//756 708//708 715//715
f 757//757 762//762 766//766
f 758//758 765//765 744//744
f 761//761 704//704 764//764
f 759//759 743//743 741//741
f 763//763 700//700 703//703
f 768//768 701//701 762//762
f 767//767 770//770 698//698
f 760//760 738//738 773//773
f 774//774 757//757 772//772
f 768//768 776//776 771//771
f 781//781 774//774 772//772
f 781//781 772//772 783//783
f 788//788 779//779 769//769
f 791//791 794//794 752//752
f 796//796 792//792 754//754
f 799//799 795//795 792//792
f 797//797 755//755 713//713
f 800//800 802//802 793//793
f 805//805 796//796 714//714
f 806//806 716//716 808//808
f 812//812 803//803 798//798
f 815//815 805//805 807//807
f 821//821 809//809 778//778
f 825//825 826//826 831//831
f 835//835 837//837 840//840
f 836//836 841//841 736//736
f 824//824 830//830 804//804
f 838//838 846//846 842//842
f 849//849 845//845 839//839
f 823//823 801//801 811//811
f 850//850 822//822 810//810
f 853//853 851//851 814//814
f 161//161 856//856 834//834
f 169//169 675//675 170//170
f 167//167 734//734 676//676
f 166//166 833//833 737//737
f 145//145 832//832 827//827
f 147//147 828//828 859//859
f 148//148 171//171 723//723
f 142//142 726//726 829//829
f 852//852 813//813 861//861
f 867//867 146//146 858//858
f 870//870 857//857 164//164
f 876//876 780//780 785//785
f 874//874 877//877 782//782
f 879//879 875//875 784//784
f 881//881 786//786 843//843
f 882//882 844//844 847//847
f 873//873 790//790 878//878
f 888//888 787//787 872//872
f 883//883 848//848 889//889
f 893//893 880//880 890//890
f 886//886 777//777 789//789
f 885//885 816//816 775//775
f 895//895 891//891 898//898
f 900//900 904//904 817//817
f 901//901 864//864 905//905
f 908//908 902//902 818//818
f 911//911 860//860 903//903
f 914//914 862//862 917//917
f 916//916 863//863 910//910
f 915//915 854//854 865//865
f 918//918 924//924 926//926
f 930//930 925//925 920//920
f 919//919 927//927 894//894
f 921//921 892//892 899//899
f 932//932 916//916 910//910
f 936//936 922//922 897//897
f 913//913 939//939 855//855
f 929//929 941//941 923//923
f 942//942 937//937 912//912
f 932//932 910//910 948//948
f 950//950 932//932 948//948
f 933//933 896//896 871//871
f 943//943 868//868 938//938
f 944//944 144//144 866//866
f 934//934 869//869 168//168
f 956//956 935//935 162//162
f 958//958 139//139 945//945
f 963//963 884//884 966//966
f 967//967 962//962 965//965
f 964//964 909//909 820//820
f 961//961 819//819 887//887
f 969//969 965//965 940//940
f 969//969 967//967 965//965
f 975//975 907//907 962//962
f 972//972 976//976 906//906
f 969//969 940//940 930//930
f 971//971 981//981 977//977
f 983//983 988//988 946//946
f 985//985 947//947 991//991
f 994//994 928//928 996//996
f 992//992 968//968 931//931
f 995//995 997//997 998//998
f 986//986 951//951 949//949
f 993//993 999//999 970//970
f 998//998 997//997 1003//1003
f 1006//1006 998//998 1003//1003
f 984//984 990//990 980//980
f 987//987 1009//1009 952//952
f 1011//1011 982//982 978//978
f 1014//1014 1008//1008 989//989
f 1020//1020 1001//1001 995//995
f 1019//1019 1023//1023 1000//1000
f 1013//1013 979//979 974//974
f 1016//1016 959//959 1007//1007
f 1010//1010 973//973 1025//1025
f 1032//1032 1005//1005 1004//1004
f 1031//1031 1002//1002 953//953
f 1034//1034 1012//1012 1027//1027
f 1041//1041 957//957 1015//1015
f 1018//1018 1043//1043 1022//1022
f 1040//1040 138//138 960//960
f 1046//1046 1050//1050 1028//1028
f 1048//1048 1024//1024 1045//1045
f 1051//1051 1036//1036 1026//1026
f 1053//1053 1047//1047 1044//1044
f 1054//1054 1042//1042 1017//1017
f 1052//1052 1021//1021 1058//1058
f 1060//1060 1033//1033 1049//1049
f 1061//1061 1065//1065 1035//1035
f 1068//1068 1055//1055 1056//1056
f 1064//1064 1039//1039 1066//1066
f 125//125 1062//1062 1070//1070
f 124//124 1071//1071 1072//1072
f 123//123 141//141 1038//1038
f 122//122 1037//1037 1063//1063
f 127//127 1069//1069 1059//1059
f 121//121 1057//1057 1029//1029
f 120//120 1073//1073 1067//1067
f 119//119 955//955 163//163
f 118//118 1030//1030 954//954
f 1074//1074 1075//1075 1076//1076
f 1074//1074 1077//1077 1075//1075
f 1078//1078 1077//1077 1074//1074
f 1078//1078 1079//1079 1077//1077
f 1080//1080 1081//1081 1082//1082
f 1080//1080 1083//1083 1081//1081
f 1080//1080 1084//1084 1083//1083
f 1085//1085 1084//1084 1080//1080
f 1086//1086 1087//1087 1088//1088
f 1086//1086 1089//1089 1087//1087
f 1090//1090 1089//1089 1086//1086
f 1090//1090 1091//1091 1089//1089
f 1092//1092 1093//1093 1094//1094
f 1092//1092 1095//1095 1093//1093
f 1092//1092 1096//1096 1095//1095
f 1097//1097 1096//1096 1092//1092
f 1098//1098 1099//1099 1100//1100
f 1098//1098 1101//1101 1099//1099
f 1102//1102 1101//1101 1098//1098
f 1102//1102 1103//1103 1101//1101
f 1104//1104 1105//1105 1106//1106
f 1104//1104 1107//1107 1105//1105
f 1104//1104 1108//1108 1107//1107
f 1109//1109 1108//1108 1104//1104
f 1110//1110 1111//1111 1112//1112
f 1113//1113 1111//1111 1110//1110
f 1113//1113 1114//1114 1111//1111
f 1115//1115 1114//1114 1113//1113
f 1116//1116 1117//1117 1118//1118
f 1116//1116 1119//1119 1117//1117
f 1120//1120 1119//1119 1116//1116
f 1120//1120 1121//1121 1119//1119
f 1122//1122 1123//1123 1124//1124
f 1125//1125 1123//1123 1122//1122
f 1126//1126 1123//1123 1125//1125
f 1126//1126 1127//1127 1123//1123
f 1128//1128 1129//1129 1130//1130
f 1128//1128 1131//1131 1129//1129
f 1132//1132 1131//1131 1128//1128
f 1132//1132 1133//1133 1131//1131
f 1134//1134 1135//1135 1136//1136
f 1137//1137 1135//1135 1134//1134
f 1137//1137 1138//1138 1135//1135
f 1139//1139 1140//1140 1141//1141
f 1142//1142 1140//1140 1139//1139
f 1142//1142 1143//1143 1140//1140
f 1144//1144 1145//1145 1146//1146
f 1147//1147 1145//1145 1144//1144
f 1147//1147 1148//1148 1145//1145
f 1149//1149 1148//1148 1147//1147
f 1150//1150 1151//1151 1152//1152
f 1153//1153 1151//1151 1150//1150
f 1153//1153 1154//1154 1151//1151
f 1155//1155 1154//1154 1153//1153
f 1156//1156 1157//1157 1158//1158
f 1156//1156 1159//1159 1157//1157
f 1160//1160 1159//1159 1156//1156
f 1161//1161 1162//1162 1163//1163
f 1164//1164 1162//1162 1161//1161
f 1164//1164 1165//1165 1162//1162
f 1166//1166 1165//1165 1164//1164
f 1167//1167 1168//1168 1169//1169
f 1170//1170 1168//1168 1167//1167
f 1170//1170 1171//1171 1168//1168
f 1172//1172 1171//1171 1170//1170
f 1173//1173 1174//1174 1175//1175
f 1176//1176 1174//1174 1173//1173
f 1176//1176 1177//1177 1174//1174

