# File produced by Open Asset Import Library (http://www.assimp.sf.net)
# (assimp v5.2.0)

mtllib wrist3.mtl

# 721 vertex positions and colors
v -0.00102670945 0.0562327728 0.0504378602 1 1 1
v -0.000473338703 0.0541588254 0.0489990711 1 1 1
v -0.00102670945 0.0562327728 0.0489990711 1 1 1
v 0.000470380473 0.0566346236 0.0489990711 1 1 1
v -0.00158013916 0.0583065934 0.0489990711 1 1 1
v -8.30346107e-05 0.0587085746 0.0489990711 1 1 1
v 0.000470380473 0.0566346236 0.0504378602 1 1 1
v 0.00102953217 0.0545608662 0.0504378602 1 1 1
v 0.00102953217 0.0545608662 0.0489990711 1 1 1
v 0.00158296176 0.0524869151 0.0489990711 1 1 1
v 8.59020511e-05 0.0520850644 0.0489990711 1 1 1
v -0.000473338703 0.0541588254 0.0504378602 1 1 1
v -0.00333352713 0.0553996749 0.0500184186 1 1 1
v -0.00288500357 0.057065744 0.0500184186 1 1 1
v -0.00158013916 0.0583065934 0.0500184186 1 1 1
v -8.30346107e-05 0.0587085746 0.0500184186 1 1 1
v 0.00166449882 0.0582832955 0.0500184186 1 1 1
v 0.00288782548 0.057065744 0.0500184186 1 1 1
v 0.00333056902 0.0553996749 0.0500184186 1 1 1
v 0.00288782641 0.0537335463 0.0500184186 1 1 1
v 0.00158296176 0.0524869151 0.0500184186 1 1 1
v 8.59020511e-05 0.0520850644 0.0500184186 1 1 1
v -0.00166745728 0.0525102839 0.0500184186 1 1 1
v -0.00288500264 0.0537335463 0.0500184186 1 1 1
v -0.00469090417 0.0553996749 0.0494999811 1 1 1
v -0.00406177808 0.0577415451 0.0494999811 1 1 1
v -0.00234325742 0.0594600625 0.0494999811 1 1 1
v -1.48097388e-06 0.060089197 0.0494999811 1 1 1
v 0.00234613754 0.0594600625 0.0494999811 1 1 1
v 0.0040587578 0.0577415451 0.0494999811 1 1 1
v 0.00468788575 0.0553996749 0.0494999811 1 1 1
v 0.00405875966 0.0530520231 0.0494999811 1 1 1
v 0.00234614033 0.0513335057 0.0494999811 1 1 1
v -1.47791786e-06 0.0507102236 0.0494999811 1 1 1
v -0.00234325463 0.0513335057 0.0494999811 1 1 1
v -0.00406177621 0.0530520231 0.0494999811 1 1 1
v -0.00469090417 0.0553996749 0.0479969904 1 1 1
v -0.00406177808 0.0577415451 0.0479969904 1 1 1
v -0.00234325742 0.0594600625 0.0479969904 1 1 1
v -1.48097388e-06 0.060089197 0.0479969904 1 1 1
v 0.00234613754 0.0594600625 0.0479969904 1 1 1
v 0.0040587578 0.0577415451 0.0479969904 1 1 1
v 0.00468788575 0.0553996749 0.0479969904 1 1 1
v 0.00405875966 0.0530520231 0.0479969904 1 1 1
v 0.00234614033 0.0513335057 0.0479969904 1 1 1
v -1.47791786e-06 0.0507102236 0.0479969904 1 1 1
v -0.00234325463 0.0513335057 0.0479969904 1 1 1
v -0.00406177621 0.0530520231 0.0479969904 1 1 1
v -0.00499959616 0.0553996749 0.0479969904 1 1 1
v -0.00432976102 0.0578988455 0.0479969904 1 1 1
v -0.00250055455 0.0597279854 0.0479969904 1 1 1
v -1.48107449e-06 0.0603979416 0.0479969904 1 1 1
v 0.00249759248 0.0597279854 0.0479969904 1 1 1
v 0.004332582 0.0578988455 0.0479969904 1 1 1
v 0.00500253914 0.0553996749 0.0479969904 1 1 1
v 0.00433258386 0.0528947935 0.0479969904 1 1 1
v 0.00249759527 0.0510655232 0.0479969904 1 1 1
v -1.47781532e-06 0.0503956228 0.0479969904 1 1 1
v -0.00250055175 0.0510655232 0.0479969904 1 1 1
v -0.00432975916 0.0528947935 0.0479969904 1 1 1
v -0.00499959616 0.0553996749 0.0444726907 1 1 1
v -0.00432976102 0.0578988455 0.0444726907 1 1 1
v -0.00250055455 0.0597279854 0.0444726907 1 1 1
v -1.48107449e-06 0.0603979416 0.0444726907 1 1 1
v 0.00249759248 0.0597279854 0.0444726907 1 1 1
v 0.004332582 0.0578988455 0.0444726907 1 1 1
v 0.00500253914 0.0553996749 0.0444726907 1 1 1
v 0.00433258386 0.0528947935 0.0444726907 1 1 1
v 0.00249759527 0.0510655232 0.0444726907 1 1 1
v -1.47781532e-06 0.0503956228 0.0444726907 1 1 1
v -0.00250055175 0.0510655232 0.0444726907 1 1 1
v -0.00432975916 0.0528947935 0.0444726907 1 1 1
v 0.00257906783 0.0711458474 0.0235127807 1 1 1
v 0.0025790697 0.0651980788 0.0235127807 1 1 1
v 0.0029752627 0.0651980788 0.0249982402 1 1 1
v 0.0025790697 0.0651980788 0.0264896099 1 1 1
v 0.00148979563 0.0651980788 0.0275788903 1 1 1
v 0.00148979563 0.0651980788 0.0224234406 1 1 1
v -1.4826386e-06 0.0651980788 0.0279809199 1 1 1
v -1.4826386e-06 0.0651980788 0.0220214706 1 1 1
v -0.00148691935 0.0651980788 0.0224234406 1 1 1
v -0.00148691935 0.0651980788 0.0275788903 1 1 1
v -0.00257625338 0.0651980788 0.0235127807 1 1 1
v -0.00257625338 0.0651980788 0.0264896099 1 1 1
v -0.00297816843 0.0651980788 0.0249982402 1 1 1
v -0.00257625524 0.0711458474 0.0235127807 1 1 1
v -0.00148692133 0.0711458474 0.0224234406 1 1 1
v -1.48457661e-06 0.0711458474 0.0220214706 1 1 1
v 0.00148979365 0.0711458474 0.0224234406 1 1 1
v 0.00161794352 0.0713963136 0.0221962295 1 1 1
v 0.00280049979 0.0713963136 0.0233787205 1 1 1
v 0.00297526084 0.0711458474 0.0249982402 1 1 1
v 0.00257906783 0.0711458474 0.0264896099 1 1 1
v 0.00148979365 0.0711458474 0.0275788903 1 1 1
v -1.48457661e-06 0.0711458474 0.0279809199 1 1 1
v -0.00148692133 0.0711458474 0.0275788903 1 1 1
v -0.00257625524 0.0711458474 0.0264896099 1 1 1
v -0.00297817029 0.0711458474 0.0249982402 1 1 1
v -0.00280340924 0.0713963136 0.0233787205 1 1 1
v -0.00162085344 0.0713963136 0.0221962295 1 1 1
v -1.48465824e-06 0.0713963136 0.0217651706 1 1 1
v -0.0136329746 0.0702953413 -0.00786870718 1 1 1
v -0.0120542841 0.0702953413 -0.0101173501 1 1 1
v -0.0129047856 0.0713963062 -0.0108280098 1 1 1
v -0.019504983 0.0651980713 -0.0158495903 1 1 1
v -0.0183631331 0.0651980713 -0.0151912495 1 1 1
v -0.0201631915 0.0651980713 -0.0169913098 1 1 1
v -0.0201631915 0.0651980713 -0.0183137003 1 1 1
v -0.0159048624 0.0651980713 -0.0194497108 1 1 1
v -0.0170466527 0.0651980713 -0.0201079808 1 1 1
v -0.0152465925 0.0651980713 -0.0183137003 1 1 1
v -0.0183631331 0.0651980713 -0.0201079808 1 1 1
v -0.0152465925 0.0651980713 -0.0169913098 1 1 1
v -0.0159048624 0.0651980713 -0.0158495903 1 1 1
v -0.019504983 0.0651980713 -0.0194497108 1 1 1
v -0.0170466527 0.0651980713 -0.0151912495 1 1 1
v -0.0183631349 0.0709244758 -0.0151912495 1 1 1
v -0.0195049848 0.0709244758 -0.0158495903 1 1 1
v -0.0201631933 0.0709244758 -0.0169913098 1 1 1
v -0.0201631933 0.0709244758 -0.0183137003 1 1 1
v -0.0195049848 0.0709244758 -0.0194497108 1 1 1
v -0.0183631349 0.0709244758 -0.0201079808 1 1 1
v -0.0170466546 0.0709244758 -0.0201079808 1 1 1
v -0.0159048643 0.0709244758 -0.0194497108 1 1 1
v -0.0152465943 0.0709244758 -0.0183137003 1 1 1
v -0.0152465943 0.0709244758 -0.0169913098 1 1 1
v -0.0159048643 0.0709244758 -0.0158495903 1 1 1
v -0.0170466546 0.0709244758 -0.0151912495 1 1 1
v -0.0169185046 0.0713963062 -0.0147193596 1 1 1
v -0.0184912849 0.0713963062 -0.0147193596 1 1 1
v -0.0198486634 0.0713963062 -0.0155058503 1 1 1
v -0.0206350833 0.0713963062 -0.0168631598 1 1 1
v -0.0206350833 0.0713963062 -0.0184360705 1 1 1
v -0.0198486634 0.0713963062 -0.0197992306 1 1 1
v -0.0184912849 0.0713963062 -0.0205856506 1 1 1
v -0.0169185046 0.0713963062 -0.0205856506 1 1 1
v -0.0155553455 0.0713963062 -0.0197992306 1 1 1
v -0.0147688547 0.0713963062 -0.0184360705 1 1 1
v -0.0147688547 0.0713963062 -0.0168631598 1 1 1
v -0.0155553455 0.0713963062 -0.0155058503 1 1 1
v -0.016877735 0.0713963062 -0.0145738097 1 1 1
v -0.016877735 0.0707264021 -0.0145738097 1 1 1
v -0.0185263343 0.0713963062 -0.0145738097 1 1 1
v -0.0199535042 0.0713963062 -0.0154009396 1 1 1
v -0.0207807645 0.0713963062 -0.01682817 1 1 1
v -0.0207807645 0.0713963062 -0.0184768401 1 1 1
v -0.0199535042 0.0713963062 -0.01990401 1 1 1
v -0.0185263343 0.0713963062 -0.0207254197 1 1 1
v -0.016877735 0.0713963062 -0.0207254197 1 1 1
v -0.0154504348 0.0713963062 -0.01990401 1 1 1
v -0.014629025 0.0713963062 -0.0184768401 1 1 1
v -0.014629025 0.0713963062 -0.01682817 1 1 1
v -0.0154504348 0.0713963062 -0.0154009396 1 1 1
v -0.0154504338 0.0707264021 -0.0154009396 1 1 1
v -0.0149611449 0.0713963062 -0.0149116497 1 1 1
v -0.016697064 0.0713963062 -0.0139096295 1 1 1
v -0.0185263343 0.0707264021 -0.0145738097 1 1 1
v -0.0199535042 0.0707264021 -0.0154009396 1 1 1
v -0.0207807645 0.0707264021 -0.01682817 1 1 1
v -0.0207807645 0.0707264021 -0.0184768401 1 1 1
v -0.0199535042 0.0707264021 -0.01990401 1 1 1
v -0.0185263343 0.0707264021 -0.0207254197 1 1 1
v -0.016877735 0.0707264021 -0.0207254197 1 1 1
v -0.0154504338 0.0707264021 -0.01990401 1 1 1
v -0.0146290241 0.0707264021 -0.0184768401 1 1 1
v -0.0146290241 0.0707264021 -0.01682817 1 1 1
v -0.0139591247 0.0713963062 -0.0166475698 1 1 1
v -0.0108250547 0.0713963136 -0.0129019003 1 1 1
v -0.0101143941 0.0702953488 -0.0120572401 1 1 1
v 0.0101172654 0.0702953488 -0.0120572401 1 1 1
v 0.0120570362 0.0702953562 -0.0101173501 1 1 1
v 0.0108278645 0.0713963136 -0.0129019003 1 1 1
v 0.0159018971 0.0651980862 -0.0194497108 1 1 1
v 0.0152435573 0.0651980862 -0.0183137003 1 1 1
v 0.0170436278 0.0651980862 -0.0201079808 1 1 1
v 0.0183601677 0.0651980862 -0.0201079808 1 1 1
v 0.0152435573 0.0651980862 -0.0169913098 1 1 1
v 0.0195020176 0.0651980862 -0.0158495903 1 1 1
v 0.020160228 0.0651980862 -0.0169913098 1 1 1
v 0.0183601677 0.0651980862 -0.0151912495 1 1 1
v 0.020160228 0.0651980862 -0.0183137003 1 1 1
v 0.0170436278 0.0651980862 -0.0151912495 1 1 1
v 0.0195020176 0.0651980862 -0.0194497108 1 1 1
v 0.0159018971 0.0651980862 -0.0158495903 1 1 1
v 0.0159018952 0.0709244907 -0.0158495903 1 1 1
v 0.0152435554 0.0709244907 -0.0169913098 1 1 1
v 0.0152435554 0.0709244907 -0.0183137003 1 1 1
v 0.0159018952 0.0709244907 -0.0194497108 1 1 1
v 0.0170436259 0.0709244907 -0.0201079808 1 1 1
v 0.0183601659 0.0709244907 -0.0201079808 1 1 1
v 0.0195020158 0.0709244907 -0.0194497108 1 1 1
v 0.0201602262 0.0709244907 -0.0183137003 1 1 1
v 0.0201602262 0.0709244907 -0.0169913098 1 1 1
v 0.0195020158 0.0709244907 -0.0158495903 1 1 1
v 0.0183601659 0.0709244907 -0.0151912495 1 1 1
v 0.0170436259 0.0709244907 -0.0151912495 1 1 1
v 0.0155523745 0.0713963211 -0.0155058503 1 1 1
v 0.0147717251 0.0713963211 -0.0168631598 1 1 1
v 0.0147717251 0.0713963211 -0.0184360705 1 1 1
v 0.0155523745 0.0713963211 -0.0197992306 1 1 1
v 0.0169154759 0.0713963211 -0.0205856506 1 1 1
v 0.0184883159 0.0713963211 -0.0205856506 1 1 1
v 0.0198515356 0.0713963211 -0.0197992306 1 1 1
v 0.0206378959 0.0713963211 -0.0184360705 1 1 1
v 0.0206378959 0.0713963211 -0.0168631598 1 1 1
v 0.0198515356 0.0713963211 -0.0155058503 1 1 1
v 0.0184883159 0.0713963211 -0.0147193596 1 1 1
v 0.0169154759 0.0713963211 -0.0147193596 1 1 1
v 0.0168806054 0.0713963211 -0.0145738097 1 1 1
v 0.015453306 0.070726417 -0.0154009396 1 1 1
v 0.0154533051 0.0713963211 -0.0154009396 1 1 1
v 0.014626055 0.0713963211 -0.01682817 1 1 1
v 0.014626055 0.0713963211 -0.0184768401 1 1 1
v 0.0154533051 0.0713963211 -0.01990401 1 1 1
v 0.0168806054 0.0713963211 -0.0207254197 1 1 1
v 0.0185290854 0.0713963211 -0.0207254197 1 1 1
v 0.0199563261 0.0713963211 -0.01990401 1 1 1
v 0.0207777955 0.0713963211 -0.0184768401 1 1 1
v 0.0207777955 0.0713963211 -0.01682817 1 1 1
v 0.0199563261 0.0713963211 -0.0154009396 1 1 1
v 0.0185290854 0.0713963211 -0.0145738097 1 1 1
v 0.0168806054 0.070726417 -0.0145738097 1 1 1
v 0.0149640152 0.0713963211 -0.0149116497 1 1 1
v 0.0139561547 0.0713963211 -0.0166475698 1 1 1
v 0.014626056 0.070726417 -0.01682817 1 1 1
v 0.014626056 0.070726417 -0.0184768401 1 1 1
v 0.015453306 0.070726417 -0.01990401 1 1 1
v 0.0168806054 0.070726417 -0.0207254197 1 1 1
v 0.0185290854 0.070726417 -0.0207254197 1 1 1
v 0.0199563261 0.070726417 -0.01990401 1 1 1
v 0.0207777955 0.070726417 -0.0184768401 1 1 1
v 0.0207777955 0.070726417 -0.01682817 1 1 1
v 0.0199563261 0.070726417 -0.0154009396 1 1 1
v 0.0185290854 0.070726417 -0.0145738097 1 1 1
v 0.0166999362 0.0713963211 -0.0139096295 1 1 1
v 0.0129018147 0.0713963211 -0.0108280098 1 1 1
v 0.0136300055 0.0702953562 -0.00786870718 1 1 1
v 0.0136300074 0.0651980862 0.00787150767 1 1 1
v 0.0136300055 0.0702953562 0.00787150767 1 1 1
v 0.0147892572 0.0651980862 0.00538402703 1 1 1
v 0.0147892553 0.0702953562 0.00538402703 1 1 1
v 0.0154999178 0.0651980862 0.00273346901 1 1 1
v 0.0154999159 0.0702953562 0.00273346901 1 1 1
v 0.0157388151 0.0702953562 1.39326005e-06 1 1 1
v 0.0157388169 0.0651980862 1.39326005e-06 1 1 1
v 0.0154999178 0.0651980862 -0.00273072696 1 1 1
v 0.0154999159 0.0702953562 -0.00273072696 1 1 1
v 0.0147892553 0.0702953562 -0.00538128614 1 1 1
v 0.0147892572 0.0651980862 -0.00538128614 1 1 1
v 0.0136300074 0.0651980862 -0.00786870718 1 1 1
v 0.012057038 0.0651980862 -0.0101173501 1 1 1
v 0.0101172673 0.0651980788 -0.0120572401 1 1 1
v 0.00786862243 0.0702953488 -0.0136300903 1 1 1
v 0.00786862429 0.0651980788 -0.0136300903 1 1 1
v 0.00538120233 0.0702953488 -0.0147893401 1 1 1
v 0.00538120372 0.0651980788 -0.0147893401 1 1 1
v 0.00273058307 0.0702953488 -0.0154999997 1 1 1
v 0.0027305847 0.0651980788 -0.0154999997 1 1 1
v -1.48429945e-06 0.0702953488 -0.0157389008 1 1 1
v -1.4826386e-06 0.0651980788 -0.0157389008 1 1 1
v -0.00273361034 0.0651980788 -0.0154999997 1 1 1
v -0.00273361197 0.0702953488 -0.0154999997 1 1 1
v -0.00538416952 0.0651980788 -0.0147893401 1 1 1
v -0.00538417092 0.0702953488 -0.0147893401 1 1 1
v -0.00787159055 0.0651980788 -0.0136300903 1 1 1
v -0.00787159242 0.0702953488 -0.0136300903 1 1 1
v -0.0101143923 0.0651980788 -0.0120572401 1 1 1
v -0.0120542822 0.0651980713 -0.0101173501 1 1 1
v -0.0136329727 0.0651980713 -0.00786870718 1 1 1
v -0.0147922225 0.0651980713 -0.00538128614 1 1 1
v -0.0147922244 0.0702953413 -0.00538128614 1 1 1
v -0.0154970428 0.0651980713 -0.00273072696 1 1 1
v -0.0154970447 0.0702953413 -0.00273072696 1 1 1
v -0.0157359447 0.0702953413 1.39326005e-06 1 1 1
v -0.0157359429 0.0651980713 1.39326005e-06 1 1 1
v -0.0154970428 0.0651980713 0.00273346901 1 1 1
v -0.0154970447 0.0702953413 0.00273346901 1 1 1
v -0.0168427434 0.0713963062 1.39326005e-06 1 1 1
v -0.0165864434 0.0713963062 -0.00292295194 1 1 1
v -0.0158291645 0.0713963062 -0.00575995399 1 1 1
v -0.0145882554 0.0713963062 -0.00842213631 1 1 1
v -0.0187068135 0.0713963062 -0.0139096295 1 1 1
v -0.0204428639 0.0713963062 -0.0149116497 1 1 1
v -0.0214505941 0.0713963062 -0.0166475698 1 1 1
v -0.0214505941 0.0713963062 -0.0186574403 1 1 1
v -0.0204428639 0.0713963062 -0.0203934293 1 1 1
v -0.0187068135 0.0713963062 -0.0213953797 1 1 1
v -0.016697064 0.0713963062 -0.0213953797 1 1 1
v -0.0149611449 0.0713963062 -0.0203934293 1 1 1
v -0.0139591247 0.0713963062 -0.0186574403 1 1 1
v -0.00841918122 0.0713963136 -0.0145853702 1 1 1
v -0.00576272001 0.0713963136 -0.0158262793 1 1 1
v -0.00292583718 0.0713963136 -0.0165893994 1 1 1
v -1.48465824e-06 0.0713963136 -0.0168456994 1 1 1
v 0.00292280782 0.0713963136 -0.0165893994 1 1 1
v 0.00575981056 0.0713963136 -0.0158262793 1 1 1
v 0.00842205063 0.0713963136 -0.0145853702 1 1 1
v 0.0139561547 0.0713963211 -0.0186574403 1 1 1
v 0.0149640152 0.0713963211 -0.0203934293 1 1 1
v 0.0166999362 0.0713963211 -0.0213953797 1 1 1
v 0.0187039059 0.0713963211 -0.0213953797 1 1 1
v 0.0204457361 0.0713963211 -0.0203934293 1 1 1
v 0.021447625 0.0713963211 -0.0186574403 1 1 1
v 0.021447625 0.0713963211 -0.0166475698 1 1 1
v 0.0204457361 0.0713963211 -0.0149116497 1 1 1
v 0.0187039059 0.0713963211 -0.0139096295 1 1 1
v 0.0145852845 0.0713963211 -0.00842213631 1 1 1
v 0.0158261955 0.0713963211 -0.00575995399 1 1 1
v 0.0165893156 0.0713963211 -0.00292295194 1 1 1
v 0.0168456156 0.0713963211 1.39326005e-06 1 1 1
v 0.0165893156 0.0713963211 0.00292569306 1 1 1
v 0.0158261955 0.0713963211 0.0057626958 1 1 1
v 0.0145852845 0.0713963211 0.00841909554 1 1 1
v 0.020160228 0.0651980862 0.0183106605 1 1 1
v 0.020160228 0.0651980862 0.0169940498 1 1 1
v 0.0183601677 0.0651980862 0.0151939904 1 1 1
v 0.0195020176 0.0651980862 0.0158523303 1 1 1
v 0.0195020158 0.0709244907 0.0158523303 1 1 1
v 0.0201602262 0.0709244907 0.0169940498 1 1 1
v 0.0201602262 0.0709244907 0.0183106605 1 1 1
v 0.0195020158 0.0709244907 0.0194524508 1 1 1
v 0.0195020176 0.0651980862 0.0194524508 1 1 1
v 0.0159018971 0.0651980862 0.0194524508 1 1 1
v 0.0170436278 0.0651980862 0.0201107208 1 1 1
v 0.0152435573 0.0651980862 0.0183106605 1 1 1
v 0.0183601677 0.0651980862 0.0201107208 1 1 1
v 0.0152435573 0.0651980862 0.0169940498 1 1 1
v 0.0159018971 0.0651980862 0.0158523303 1 1 1
v 0.0170436278 0.0651980862 0.0151939904 1 1 1
v 0.0183601659 0.0709244907 0.0151939904 1 1 1
v 0.0184883159 0.0713963211 0.0147163197 1 1 1
v 0.0199563261 0.0713963211 0.0153978998 1 1 1
v 0.0198515356 0.0713963211 0.0155028095 1 1 1
v 0.0206378959 0.0713963211 0.0168658998 1 1 1
v 0.0206378959 0.0713963211 0.0184388701 1 1 1
v 0.0198515356 0.0713963211 0.0198019706 1 1 1
v 0.0183601659 0.0709244907 0.0201107208 1 1 1
v 0.0170436259 0.0709244907 0.0201107208 1 1 1
v 0.0159018952 0.0709244907 0.0194524508 1 1 1
v 0.0152435554 0.0709244907 0.0183106605 1 1 1
v 0.0152435554 0.0709244907 0.0169940498 1 1 1
v 0.0159018952 0.0709244907 0.0158523303 1 1 1
v 0.0170436259 0.0709244907 0.0151939904 1 1 1
v 0.0169154759 0.0713963211 0.0147163197 1 1 1
v 0.0185290854 0.0713963211 0.0145766102 1 1 1
v 0.0185290854 0.070726417 0.0145766102 1 1 1
v 0.0199563261 0.070726417 0.0153978998 1 1 1
v 0.0207777955 0.0713963211 0.0168251302 1 1 1
v 0.0207777955 0.0713963211 0.0184738003 1 1 1
v 0.0199563261 0.0713963211 0.0199009702 1 1 1
v 0.0185290854 0.0713963211 0.0207282305 1 1 1
v 0.0184883159 0.0713963211 0.0205883905 1 1 1
v 0.0169154759 0.0713963211 0.0205883905 1 1 1
v 0.0155523745 0.0713963211 0.0198019706 1 1 1
v 0.0147717251 0.0713963211 0.0184388701 1 1 1
v 0.0147717251 0.0713963211 0.0168658998 1 1 1
v 0.0155523745 0.0713963211 0.0155028095 1 1 1
v 0.0168806054 0.0713963211 0.0145766102 1 1 1
v 0.0168806054 0.070726417 0.0145766102 1 1 1
v 0.0166999362 0.0713963211 0.0139065897 1 1 1
v 0.0187039059 0.0713963211 0.0139065897 1 1 1
v 0.0204457361 0.0713963211 0.0149086704 1 1 1
v 0.0207777955 0.070726417 0.0168251302 1 1 1
v 0.0207777955 0.070726417 0.0184738003 1 1 1
v 0.0199563261 0.070726417 0.0199009702 1 1 1
v 0.0185290854 0.070726417 0.0207282305 1 1 1
v 0.0168806054 0.0713963211 0.0207282305 1 1 1
v 0.0154533051 0.0713963211 0.0199009702 1 1 1
v 0.014626055 0.0713963211 0.0184738003 1 1 1
v 0.014626055 0.0713963211 0.0168251302 1 1 1
v 0.0154533051 0.0713963211 0.0153978998 1 1 1
v 0.015453306 0.070726417 0.0153978998 1 1 1
v 0.0149640152 0.0713963211 0.0149086704 1 1 1
v 0.0129018147 0.0713963211 0.01082497 1 1 1
v 0.0120570362 0.0702953562 0.0101143103 1 1 1
v 0.012057038 0.0651980862 0.0101143103 1 1 1
v 0.0101172673 0.0651980788 0.0120542003 1 1 1
v -1.4826386e-06 0.0651980788 1.39326005e-06 1 1 1
v -0.0147922225 0.0651980713 0.00538402703 1 1 1
v -0.0136329727 0.0651980713 0.00787150767 1 1 1
v -0.0136329746 0.0702953413 0.00787150767 1 1 1
v -0.0147922244 0.0702953413 0.00538402703 1 1 1
v -0.0165864434 0.0713963062 0.00292569306 1 1 1
v -0.0299324542 0.0713963062 0.00527918292 1 1 1
v -0.030392725 0.0713963062 1.39326005e-06 1 1 1
v -0.0299324542 0.0713963062 -0.00527638104 1 1 1
v -0.0285634547 0.0713963062 -0.0103968903 1 1 1
v -0.0263207145 0.0713963062 -0.0151970303 1 1 1
v -0.0232856441 0.0713963062 -0.0195370894 1 1 1
v -0.0195399746 0.0713963062 -0.0232828204 1 1 1
v -0.0151999155 0.0713963062 -0.0263236705 1 1 1
v -0.0103939353 0.0713963136 -0.0285605695 1 1 1
v -0.00527920714 0.0713963136 -0.0299354102 1 1 1
v -1.48465824e-06 0.0713963136 -0.0303956196 1 1 1
v 0.00527629768 0.0713963136 -0.0299354102 1 1 1
v 0.0103968047 0.0713963136 -0.0285605695 1 1 1
v 0.0151969446 0.0713963211 -0.0263236705 1 1 1
v 0.0195370056 0.0713963211 -0.0232828204 1 1 1
v 0.0232827365 0.0713963211 -0.0195370894 1 1 1
v 0.0263235252 0.0713963211 -0.0151970303 1 1 1
v 0.0285604857 0.0713963211 -0.0103968903 1 1 1
v 0.0299353264 0.0713963211 -0.00527638104 1 1 1
v 0.0303955358 0.0713963211 1.39326005e-06 1 1 1
v 0.0299353264 0.0713963211 0.00527918292 1 1 1
v 0.0285604857 0.0713963211 0.0103938496 1 1 1
v 0.0263235252 0.0713963211 0.0151998401 1 1 1
v 0.021447625 0.0713963211 0.0166503694 1 1 1
v 0.021447625 0.0713963211 0.0186544005 1 1 1
v 0.0204457361 0.0713963211 0.0203903895 1 1 1
v 0.0187039059 0.0713963211 0.0213981196 1 1 1
v 0.0168806054 0.070726417 0.0207282305 1 1 1
v 0.015453306 0.070726417 0.0199009702 1 1 1
v 0.014626056 0.070726417 0.0184738003 1 1 1
v 0.014626056 0.070726417 0.0168251302 1 1 1
v 0.0139561547 0.0713963211 0.0166503694 1 1 1
v 0.0108278645 0.0713963136 0.0129046999 1 1 1
v 0.0101172654 0.0702953488 0.0120542003 1 1 1
v 0.00786862243 0.0702953488 0.0136328898 1 1 1
v 0.00786862429 0.0651980788 0.0136328898 1 1 1
v 0.00538120372 0.0651980788 0.0147921396 1 1 1
v 0.0027305847 0.0651980788 0.0154969599 1 1 1
v -1.4826386e-06 0.0651980788 0.0157358609 1 1 1
v -1.48429945e-06 0.0702953488 0.0157358609 1 1 1
v -0.00273361034 0.0651980788 0.0154969599 1 1 1
v -0.00538416952 0.0651980788 0.0147921396 1 1 1
v -0.00787159055 0.0651980788 0.0136328898 1 1 1
v -0.0101143923 0.0651980788 0.0120542003 1 1 1
v -0.0120542822 0.0651980713 0.0101143103 1 1 1
v -0.0120542841 0.0702953413 0.0101143103 1 1 1
v -0.0129047856 0.0713963062 0.01082497 1 1 1
v -0.019504983 0.0651980713 0.0158523303 1 1 1
v -0.0201631915 0.0651980713 0.0169940498 1 1 1
v -0.0183631331 0.0651980713 0.0151939904 1 1 1
v -0.0201631915 0.0651980713 0.0183106605 1 1 1
v -0.0183631349 0.0709244758 0.0151939904 1 1 1
v -0.0170466527 0.0651980713 0.0151939904 1 1 1
v -0.0159048624 0.0651980713 0.0194524508 1 1 1
v -0.0152465925 0.0651980713 0.0183106605 1 1 1
v -0.0170466527 0.0651980713 0.0201107208 1 1 1
v -0.0183631331 0.0651980713 0.0201107208 1 1 1
v -0.0152465925 0.0651980713 0.0169940498 1 1 1
v -0.0159048624 0.0651980713 0.0158523303 1 1 1
v -0.019504983 0.0651980713 0.0194524508 1 1 1
v -0.0195049848 0.0709244758 0.0194524508 1 1 1
v -0.0201631933 0.0709244758 0.0183106605 1 1 1
v -0.0201631933 0.0709244758 0.0169940498 1 1 1
v -0.0195049848 0.0709244758 0.0158523303 1 1 1
v -0.0184912849 0.0713963062 0.0147163197 1 1 1
v -0.0169185046 0.0713963062 0.0147163197 1 1 1
v -0.0170466546 0.0709244758 0.0151939904 1 1 1
v -0.0159048643 0.0709244758 0.0158523303 1 1 1
v -0.0152465943 0.0709244758 0.0169940498 1 1 1
v -0.0152465943 0.0709244758 0.0183106605 1 1 1
v -0.0159048643 0.0709244758 0.0194524508 1 1 1
v -0.0170466546 0.0709244758 0.0201107208 1 1 1
v -0.0183631349 0.0709244758 0.0201107208 1 1 1
v -0.0198486634 0.0713963062 0.0198019706 1 1 1
v -0.0206350833 0.0713963062 0.0184388701 1 1 1
v -0.0206350833 0.0713963062 0.0168658998 1 1 1
v -0.0198486634 0.0713963062 0.0155028095 1 1 1
v -0.0199535042 0.0713963062 0.0153978998 1 1 1
v -0.0185263343 0.0713963062 0.0145766102 1 1 1
v -0.016877735 0.0707264021 0.0145766102 1 1 1
v -0.016877735 0.0713963062 0.0145766102 1 1 1
v -0.0155553455 0.0713963062 0.0155028095 1 1 1
v -0.0147688547 0.0713963062 0.0168658998 1 1 1
v -0.0147688547 0.0713963062 0.0184388701 1 1 1
v -0.0155553455 0.0713963062 0.0198019706 1 1 1
v -0.0169185046 0.0713963062 0.0205883905 1 1 1
v -0.0184912849 0.0713963062 0.0205883905 1 1 1
v -0.0185263343 0.0713963062 0.0207282305 1 1 1
v -0.0199535042 0.0713963062 0.0199009702 1 1 1
v -0.0207807645 0.0713963062 0.0184738003 1 1 1
v -0.0207807645 0.0713963062 0.0168251302 1 1 1
v -0.0199535042 0.0707264021 0.0153978998 1 1 1
v -0.0185263343 0.0707264021 0.0145766102 1 1 1
v -0.016697064 0.0713963062 0.0139065897 1 1 1
v -0.0149611449 0.0713963062 0.0149086704 1 1 1
v -0.0154504338 0.0707264021 0.0153978998 1 1 1
v -0.0154504348 0.0713963062 0.0153978998 1 1 1
v -0.014629025 0.0713963062 0.0168251302 1 1 1
v -0.014629025 0.0713963062 0.0184738003 1 1 1
v -0.0154504348 0.0713963062 0.0199009702 1 1 1
v -0.016877735 0.0713963062 0.0207282305 1 1 1
v -0.0185263343 0.0707264021 0.0207282305 1 1 1
v -0.0199535042 0.0707264021 0.0199009702 1 1 1
v -0.0207807645 0.0707264021 0.0184738003 1 1 1
v -0.0207807645 0.0707264021 0.0168251302 1 1 1
v -0.0204428639 0.0713963062 0.0149086704 1 1 1
v -0.0187068135 0.0713963062 0.0139065897 1 1 1
v -0.0145882554 0.0713963062 0.00841909554 1 1 1
v -0.0158291645 0.0713963062 0.0057626958 1 1 1
v -0.0285634547 0.0713963062 0.0103938496 1 1 1
v -0.0296004638 0.0702953413 0.0107725197 1 1 1
v -0.0310218539 0.0702953413 0.0054714079 1 1 1
v -0.0314995274 0.0702953413 1.39326005e-06 1 1 1
v -0.0310218539 0.0702953413 -0.00546860602 1 1 1
v -0.0296004638 0.0702953413 -0.0107755596 1 1 1
v -0.027276054 0.0702953413 -0.0157504603 1 1 1
v -0.0241303649 0.0702953413 -0.0202476904 1 1 1
v -0.0202447344 0.0702953413 -0.0241274796 1 1 1
v -0.0157475043 0.0702953413 -0.02727901 1 1 1
v -0.0107726045 0.0702953488 -0.0295975804 1 1 1
v -0.00547149079 0.0702953488 -0.0310189705 1 1 1
v -1.48429945e-06 0.0702953488 -0.0314966999 1 1 1
v 0.00546852313 0.0702953488 -0.0310189705 1 1 1
v 0.0107754758 0.0702953488 -0.0295975804 1 1 1
v 0.0157503765 0.0702953562 -0.02727901 1 1 1
v 0.0202476066 0.0702953562 -0.0241274796 1 1 1
v 0.0241273958 0.0702953562 -0.0202476904 1 1 1
v 0.0272789262 0.0702953562 -0.0157504603 1 1 1
v 0.0295974966 0.0702953562 -0.0107755596 1 1 1
v 0.0310188867 0.0702953562 -0.00546860602 1 1 1
v 0.0314965546 0.0702953562 1.39326005e-06 1 1 1
v 0.0310188867 0.0702953562 0.0054714079 1 1 1
v 0.0295974966 0.0702953562 0.0107725197 1 1 1
v 0.0272789262 0.0702953562 0.0157474205 1 1 1
v 0.0241273958 0.0702953562 0.0202446505 1 1 1
v 0.0232827365 0.0713963211 0.0195398293 1 1 1
v 0.0195370056 0.0713963211 0.0232855603 1 1 1
v 0.0166999362 0.0713963211 0.0213981196 1 1 1
v 0.0149640152 0.0713963211 0.0203903895 1 1 1
v 0.0139561547 0.0713963211 0.0186544005 1 1 1
v 0.00842205063 0.0713963136 0.0145881698 1 1 1
v 0.00575981056 0.0713963136 0.0158290807 1 1 1
v 0.00538120233 0.0702953488 0.0147921396 1 1 1
v 0.00273058307 0.0702953488 0.0154969599 1 1 1
v -1.48465824e-06 0.0713963136 0.0168426596 1 1 1
v -0.00273361197 0.0702953488 0.0154969599 1 1 1
v -0.00538417092 0.0702953488 0.0147921396 1 1 1
v -0.00787159242 0.0702953488 0.0136328898 1 1 1
v -0.0101143941 0.0702953488 0.0120542003 1 1 1
v -0.0108250547 0.0713963136 0.0129046999 1 1 1
v -0.0139591247 0.0713963062 0.0166503694 1 1 1
v -0.0146290241 0.0707264021 0.0168251302 1 1 1
v -0.0146290241 0.0707264021 0.0184738003 1 1 1
v -0.0154504338 0.0707264021 0.0199009702 1 1 1
v -0.016877735 0.0707264021 0.0207282305 1 1 1
v -0.0187068135 0.0713963062 0.0213981196 1 1 1
v -0.0204428639 0.0713963062 0.0203903895 1 1 1
v -0.0214505941 0.0713963062 0.0186544005 1 1 1
v -0.0214505941 0.0713963062 0.0166503694 1 1 1
v -0.0263207145 0.0713963062 0.0151998401 1 1 1
v -0.027276054 0.0702953413 0.0157474205 1 1 1
v -0.0272760522 0.0648951605 0.0157474205 1 1 1
v -0.0296004619 0.0648951605 0.0107725197 1 1 1
v -0.031021852 0.0648951605 0.0054714079 1 1 1
v -0.0314995237 0.0648951605 1.39326005e-06 1 1 1
v -0.031021852 0.0648951605 -0.00546860602 1 1 1
v -0.0296004619 0.0648951605 -0.0107755596 1 1 1
v -0.0272760522 0.0648951605 -0.0157504603 1 1 1
v -0.024130363 0.0648951605 -0.0202476904 1 1 1
v -0.0202447325 0.0648951605 -0.0241274796 1 1 1
v -0.0157475024 0.0648951605 -0.02727901 1 1 1
v -0.0107726026 0.0648951679 -0.0295975804 1 1 1
v -0.00547148939 0.0648951679 -0.0310189705 1 1 1
v -1.48253991e-06 0.0648951679 -0.0314966999 1 1 1
v 0.00546852453 0.0648951679 -0.0310189705 1 1 1
v 0.0107754776 0.0648951679 -0.0295975804 1 1 1
v 0.0157503784 0.0648951754 -0.02727901 1 1 1
v 0.0202476084 0.0648951754 -0.0241274796 1 1 1
v 0.0241273977 0.0648951754 -0.0202476904 1 1 1
v 0.0272789281 0.0648951754 -0.0157504603 1 1 1
v 0.0295974985 0.0648951754 -0.0107755596 1 1 1
v 0.0310188886 0.0648951754 -0.00546860602 1 1 1
v 0.0314965583 0.0648951754 1.39326005e-06 1 1 1
v 0.0310188886 0.0648951754 0.0054714079 1 1 1
v 0.0295974985 0.0648951754 0.0107725197 1 1 1
v 0.0272789281 0.0648951754 0.0157474205 1 1 1
v 0.0241273977 0.0648951754 0.0202446505 1 1 1
v 0.0202476084 0.0648951754 0.0241302792 1 1 1
v 0.0202476066 0.0702953562 0.0241302792 1 1 1
v 0.0151969446 0.0713963211 0.0263206307 1 1 1
v 0.0103968047 0.0713963136 0.0285633802 1 1 1
v 0.00292280782 0.0713963136 0.0165863596 1 1 1
v 0.00323740183 0.0713963136 0.0249982402 1 1 1
v 0.00280049979 0.0713963136 0.0266177598 1 1 1
v 0.00161794352 0.0713963136 0.0278003197 1 1 1
v -1.48465824e-06 0.0713963136 0.0282372199 1 1 1
v -0.00162085344 0.0713963136 0.0278003197 1 1 1
v -0.00280340924 0.0713963136 0.0266177598 1 1 1
v -0.00323458924 0.0713963136 0.0249982402 1 1 1
v -0.00292583718 0.0713963136 0.0165863596 1 1 1
v -0.00576272001 0.0713963136 0.0158290807 1 1 1
v -0.00841918122 0.0713963136 0.0145881698 1 1 1
v -0.0139591247 0.0713963062 0.0186544005 1 1 1
v -0.0149611449 0.0713963062 0.0203903895 1 1 1
v -0.016697064 0.0713963062 0.0213981196 1 1 1
v -0.0195399746 0.0713963062 0.0232855603 1 1 1
v -0.0232856441 0.0713963062 0.0195398293 1 1 1
v -0.0241303649 0.0702953413 0.0202446505 1 1 1
v -0.024130363 0.0648951605 0.0202446505 1 1 1
v -0.0325480811 0.0648951605 0.0273109004 1 1 1
v -0.0368007012 0.064895153 0.0212467294 1 1 1
v -0.0399289317 0.064895153 0.0145300003 1 1 1
v -0.0418455228 0.064895153 0.00737631321 1 1 1
v -0.042492114 0.064895153 1.39326005e-06 1 1 1
v -0.0418455228 0.064895153 -0.00737935305 1 1 1
v -0.0399289317 0.064895153 -0.0145330401 1 1 1
v -0.0368007012 0.064895153 -0.0212438703 1 1 1
v -0.0325480811 0.0648951605 -0.0273139402 1 1 1
v -0.0273109823 0.0648951605 -0.0325510502 1 1 1
v -0.0212468132 0.0648951605 -0.0367978215 1 1 1
v -0.0145300822 0.0648951605 -0.0399260484 1 1 1
v -0.0073764543 0.0648951679 -0.0418425687 1 1 1
v -1.48253991e-06 0.0648951679 -0.0424892902 1 1 1
v 0.00737933069 0.0648951679 -0.0418425687 1 1 1
v 0.0145329572 0.0648951754 -0.0399260484 1 1 1
v 0.0212438479 0.0648951754 -0.0367978215 1 1 1
v 0.0273138583 0.0648951754 -0.0325510502 1 1 1
v 0.0325509682 0.0648951754 -0.0273139402 1 1 1
v 0.0367977358 0.0648951828 -0.0212438703 1 1 1
v 0.0399259664 0.0648951828 -0.0145330401 1 1 1
v 0.0418424979 0.0648951828 -0.00737935305 1 1 1
v 0.0424891487 0.0648951828 1.39326005e-06 1 1 1
v 0.0418424979 0.0648951828 0.00737631321 1 1 1
v 0.0399259664 0.0648951828 0.0145300003 1 1 1
v 0.0367977358 0.0648951828 0.0212467294 1 1 1
v 0.0325509682 0.0648951754 0.0273109004 1 1 1
v 0.0273138583 0.0648951754 0.0325480103 1 1 1
v 0.0212438479 0.0648951754 0.0368006192 1 1 1
v 0.0157503784 0.0648951754 0.0272759702 1 1 1
v 0.0157503765 0.0702953562 0.0272759702 1 1 1
v 0.0107754758 0.0702953488 0.02960038 1 1 1
v 0.00527629768 0.0713963136 0.0299323704 1 1 1
v -1.48465824e-06 0.0713963136 0.0303925797 1 1 1
v -0.00527920714 0.0713963136 0.0299323704 1 1 1
v -0.0103939353 0.0713963136 0.0285633802 1 1 1
v -0.0151999155 0.0713963062 0.0263206307 1 1 1
v -0.0202447344 0.0702953413 0.0241302792 1 1 1
v -0.0202447325 0.0648951605 0.0241302792 1 1 1
v -0.0273109823 0.0648951605 0.0325480103 1 1 1
v -0.0289247222 0.0623960681 0.0344703682 1 1 1
v -0.0344704539 0.0623960607 0.0289246403 1 1 1
v -0.0389735326 0.0623960607 0.0224992 1 1 1
v -0.0422882624 0.0623960607 0.01539212 1 1 1
v -0.0443154126 0.0623960607 0.00781327393 1 1 1
v -0.045002833 0.0623960607 1.39326005e-06 1 1 1
v -0.0443154126 0.0623960607 -0.00781631377 1 1 1
v -0.0422882624 0.0623960607 -0.01538938 1 1 1
v -0.0389735326 0.0623960607 -0.0225022398 1 1 1
v -0.0344704539 0.0623960607 -0.0289276801 1 1 1
v -0.0289247222 0.0623960681 -0.0344734117 1 1 1
v -0.0224992819 0.0623960681 -0.0389706418 1 1 1
v -0.0153922616 0.0623960681 -0.042285379 1 1 1
v -0.00781335589 0.0623960756 -0.0443183705 1 1 1
v -1.48172558e-06 0.0623960756 -0.0449999496 1 1 1
v 0.00781623367 0.0623960756 -0.0443183705 1 1 1
v 0.015389299 0.062396083 -0.042285379 1 1 1
v 0.0225020982 0.062396083 -0.0389706418 1 1 1
v 0.0289275981 0.062396083 -0.0344734117 1 1 1
v 0.0344733261 0.0623960905 -0.0289276801 1 1 1
v 0.0389705561 0.0623960905 -0.0225022398 1 1 1
v 0.0422852971 0.0623960905 -0.01538938 1 1 1
v 0.0443182886 0.0623960905 -0.00781631377 1 1 1
v 0.0449998677 0.0623960905 1.39326005e-06 1 1 1
v 0.0443182886 0.0623960905 0.00781327393 1 1 1
v 0.0422852971 0.0623960905 0.01539212 1 1 1
v 0.0389705561 0.0623960905 0.0224992 1 1 1
v 0.0344733261 0.0623960905 0.0289246403 1 1 1
v 0.0289275981 0.062396083 0.0344703682 1 1 1
v 0.0225020982 0.062396083 0.0389735103 1 1 1
v 0.015389299 0.062396083 0.0422881804 1 1 1
v 0.0145329572 0.0648951754 0.0399288498 1 1 1
v 0.0107754776 0.0648951679 0.02960038 1 1 1
v 0.00546852453 0.0648951679 0.0310217701 1 1 1
v 0.00546852313 0.0702953488 0.0310217701 1 1 1
v -1.48429945e-06 0.0702953488 0.0314993784 1 1 1
v -0.00547149079 0.0702953488 0.0310217701 1 1 1
v -0.0107726045 0.0702953488 0.02960038 1 1 1
v -0.0157475043 0.0702953413 0.0272759702 1 1 1
v -0.0157475024 0.0648951605 0.0272759702 1 1 1
v -0.0212468132 0.0648951605 0.0368006192 1 1 1
v -0.0224992819 0.0623960681 0.0389735103 1 1 1
v -0.0153922616 0.0623960681 0.0422881804 1 1 1
v -0.0153805623 -9.91858542e-08 0.0422589704 1 1 1
v -0.0224816725 -1.01514161e-07 0.0389443599 1 1 1
v -0.0289071724 -1.03376806e-07 0.0344471298 1 1 1
v -0.0344471894 -1.05239451e-07 0.0289071202 1 1 1
v -0.0389444195 -1.06636435e-07 0.0224816203 1 1 1
v -0.04225903 -1.08033419e-07 0.0153804999 1 1 1
v -0.0442863703 -1.0849908e-07 0.007807374 1 1 1
v -0.0449678786 -1.0849908e-07 1.39326005e-06 1 1 1
v -0.0442863703 -1.0849908e-07 -0.00781047298 1 1 1
v -0.04225903 -1.08033419e-07 -0.0153777003 1 1 1
v -0.0389444195 -1.06636435e-07 -0.0224846601 1 1 1
v -0.0344471894 -1.05239451e-07 -0.0289043095 1 1 1
v -0.0289071724 -1.03376806e-07 -0.0344501697 1 1 1
v -0.0224816725 -1.01514161e-07 -0.0389415585 1 1 1
v -0.0153805623 -9.91858542e-08 -0.042256169 1 1 1
v -0.00780749414 -9.63918865e-08 -0.0442834385 1 1 1
v -1.46139439e-06 -9.406358e-08 -0.04497087 1 1 1
v 0.0078103533 -9.17352736e-08 -0.0442834385 1 1 1
v 0.0153776379 -8.89413059e-08 -0.042256169 1 1 1
v 0.0224846583 -8.66129994e-08 -0.0389415585 1 1 1
v 0.028904248 -8.47503543e-08 -0.0344501697 1 1 1
v 0.03445011 -8.28877091e-08 -0.0289043095 1 1 1
v 0.0389414988 -8.14907253e-08 -0.0224846601 1 1 1
v 0.0422561094 -8.00937414e-08 -0.0153777003 1 1 1
v 0.04428339 -7.96280801e-08 -0.00781047298 1 1 1
v 0.0449708104 -7.96280801e-08 1.39326005e-06 1 1 1
v 0.04428339 -7.96280801e-08 0.007807374 1 1 1
v 0.0422561094 -8.00937414e-08 0.0153804999 1 1 1
v 0.0389414988 -8.14907253e-08 0.0224816203 1 1 1
v 0.03445011 -8.28877091e-08 0.0289071202 1 1 1
v 0.028904248 -8.47503543e-08 0.0344471298 1 1 1
v 0.0224846583 -8.66129994e-08 0.0389443599 1 1 1
v 0.0153776379 -8.89413059e-08 0.0422589704 1 1 1
v 0.0078103533 -9.17352736e-08 0.0442862511 1 1 1
v -1.46139439e-06 -9.406358e-08 0.0449678302 1 1 1
v 0.00781623367 0.0623960756 0.0443153307 1 1 1
v 0.00737933069 0.0648951679 0.0418454409 1 1 1
v -1.48253991e-06 0.0648951679 0.0314993784 1 1 1
v -0.00547148939 0.0648951679 0.0310217701 1 1 1
v -0.0107726026 0.0648951679 0.02960038 1 1 1
v -0.0145300822 0.0648951605 0.0399288498 1 1 1
v -0.00781335589 0.0623960756 0.0443153307 1 1 1
v -0.00780749414 -9.63918865e-08 0.0442862511 1 1 1
v -1.48172558e-06 0.0623960756 0.0450027511 1 1 1
v -1.48253991e-06 0.0648951679 0.0424920283 1 1 1
v -0.0073764543 0.0648951679 0.0418454409 1 1 1

# 1134 UV coordinates
vt 0.00292336894 0.835660279 0
vt 0.001953125 0.837115824 0
vt 0.001953125 0.835660279 0
vt 0.0105641996 0.993329704 0
vt 0.00947272684 0.991753101 0
vt 0.0105641996 0.991753101 0
vt 0.0105641996 0.990297616 0
vt 0.00947272684 0.990297616 0
vt 0.0142027698 0.092431061 0
vt 0.0142027698 0.0938864872 0
vt 0.0132324602 0.0938864872 0
vt 0.0132324602 0.0954632089 0
vt 0.0142027698 0.0954632089 0
vt 0.00947272684 0.993329704 0
vt 0.00947272684 0.99478507 0
vt 0.0105641996 0.99478507 0
vt 0.001953125 0.838692427 0
vt 0.00292336894 0.837115824 0
vt 0.0719340369 0.0224500801 0
vt 0.0719340369 0.0240268093 0
vt 0.0702360794 0.0239055101 0
vt 0.0708424971 0.0248757601 0
vt 0.0719340369 0.0256035309 0
vt 0.00268077804 0.834083617 0
vt 0.001953125 0.834083617 0
vt 0.00268077804 0.995391607 0
vt 0.001953125 0.995391607 0
vt 0.00268077804 0.994300008 0
vt 0.001953125 0.994300008 0
vt 0.0134751201 0.092431061 0
vt 0.0731468722 0.0256035309 0
vt 0.0731468722 0.0240268093 0
vt 0.0742384717 0.0248757601 0
vt 0.0748448893 0.0239055101 0
vt 0.0748448893 0.0225714408 0
vt 0.0731468722 0.0224500801 0
vt 0.0742384717 0.0214798395 0
vt 0.0731468722 0.0208733603 0
vt 0.0134751201 0.0969185829 0
vt 0.0142027698 0.0969185829 0
vt 0.001953125 0.733053923 0
vt 0.00268077804 0.733053923 0
vt 0.001953125 0.734145522 0
vt 0.00268077804 0.734145522 0
vt 0.00268077804 0.838692427 0
vt 0.0719340369 0.0208733603 0
vt 0.0708424971 0.0214798395 0
vt 0.0702360794 0.0225714408 0
vt 0.0692657828 0.0241480991 0
vt 0.0701147914 0.0256035309 0
vt 0.0716915131 0.0264524799 0
vt 0.0733894706 0.0264524799 0
vt 0.0749661326 0.0256035309 0
vt 0.0758151412 0.0241480991 0
vt 0.0758151412 0.0223288499 0
vt 0.0749661326 0.0208733603 0
vt 0.0733894706 0.0199031793 0
vt 0.0716915131 0.0199031793 0
vt 0.0701147914 0.0208733603 0
vt 0.0692657828 0.0223288499 0
vt 0.00571292592 0.0849114582 0
vt 0.00571292592 0.0866094232 0
vt 0.00462126685 0.0866094232 0
vt 0.00462126685 0.0884287283 0
vt 0.00571292592 0.0884287283 0
vt 0.00462126685 0.0902479813 0
vt 0.00571292592 0.0902479813 0
vt 0.00462126685 0.0919459388 0
vt 0.00571292592 0.0919459388 0
vt 0.00462126685 0.0937651917 0
vt 0.00571292592 0.0937651917 0
vt 0.00462126685 0.0955844522 0
vt 0.00571292592 0.0955844522 0
vt 0.00462126685 0.0972824618 0
vt 0.00571292592 0.0972824618 0
vt 0.00462126685 0.0991017222 0
vt 0.00571292592 0.0991017222 0
vt 0.00462126685 0.100920901 0
vt 0.00571292592 0.100920901 0
vt 0.00462126685 0.102618903 0
vt 0.00571292592 0.102618903 0
vt 0.00462126685 0.0812729523 0
vt 0.00571292592 0.0812729523 0
vt 0.00462126685 0.0830922127 0
vt 0.00571292592 0.0830922127 0
vt 0.00462126685 0.0849114582 0
vt 0.00450009108 0.0866094232 0
vt 0.00450009108 0.0884287283 0
vt 0.00450009108 0.0902479813 0
vt 0.00450009108 0.0919459388 0
vt 0.00450009108 0.0937651917 0
vt 0.00450009108 0.0955844522 0
vt 0.00450009108 0.0972824618 0
vt 0.00450009108 0.0991017222 0
vt 0.00450009108 0.100920901 0
vt 0.00450009108 0.102618903 0
vt 0.00450009108 0.0812729523 0
vt 0.00450009108 0.0830922127 0
vt 0.00450009108 0.0849114582 0
vt 0.001953125 0.0866094232 0
vt 0.001953125 0.0884287283 0
vt 0.001953125 0.0902479813 0
vt 0.001953125 0.0919459388 0
vt 0.001953125 0.0937651917 0
vt 0.001953125 0.0955844522 0
vt 0.001953125 0.0972824618 0
vt 0.001953125 0.0991017222 0
vt 0.001953125 0.100920901 0
vt 0.001953125 0.102618903 0
vt 0.001953125 0.0812729523 0
vt 0.001953125 0.0830922127 0
vt 0.001953125 0.0849114582 0
vt 0.0646570325 0.855914772 0
vt 0.0646570325 0.860523582 0
vt 0.0634441301 0.860523582 0
vt 0.0587140918 0.380481005 0
vt 0.0596842691 0.379874498 0
vt 0.0581076704 0.381329894 0
vt 0.0581076704 0.382421494 0
vt 0.0607758686 0.379874498 0
vt 0.0587140918 0.383391708 0
vt 0.0616248809 0.380481005 0
vt 0.0622312985 0.381329894 0
vt 0.0596842691 0.383998185 0
vt 0.0622312985 0.382421494 0
vt 0.0607758686 0.383998185 0
vt 0.0616248809 0.383391708 0
vt 0.00389355398 0.379874498 0
vt 0.00510644913 0.379874498 0
vt 0.00510644913 0.384483308 0
vt 0.00595539808 0.384483308 0
vt 0.00595539808 0.379874498 0
vt 0.0149304196 0.811282218 0
vt 0.0149304196 0.815527201 0
vt 0.0138388798 0.811282218 0
vt 0.0138388798 0.815527201 0
vt 0.0128686996 0.815527201 0
vt 0.0128686996 0.811282218 0
vt 0.0655059814 0.860523582 0
vt 0.0655059814 0.855914772 0
vt 0.362045795 0.0464643799 0
vt 0.361318111 0.0473133884 0
vt 0.361924499 0.0462218486 0
vt 0.361075491 0.0471920297 0
vt 0.361196786 0.0482835695 0
vt 0.0634441301 0.855914772 0
vt 0.0623525307 0.860523582 0
vt 0.0623525307 0.855914772 0
vt 0.0615035184 0.860523582 0
vt 0.0615035184 0.855914772 0
vt 0.0328805409 0.0556819998 0
vt 0.0339721404 0.0556819998 0
vt 0.0328805409 0.05992686 0
vt 0.0339721404 0.05992686 0
vt 0.0349423215 0.05992686 0
vt 0.0349423215 0.0556819998 0
vt 0.001953125 0.384483308 0
vt 0.001953125 0.379874498 0
vt 0.00280201389 0.384483308 0
vt 0.00280201389 0.379874498 0
vt 0.00389355398 0.384483308 0
vt 0.365199208 0.0479197502 0
vt 0.364835292 0.0469494984 0
vt 0.365077913 0.0468282104 0
vt 0.364107609 0.0461004898 0
vt 0.364107609 0.0462218486 0
vt 0.363016009 0.0458578989 0
vt 0.363016009 0.0461004898 0
vt 0.370535612 0.0242694002 0
vt 0.369201511 0.0228139702 0
vt 0.37005049 0.0220862608 0
vt 0.0680529401 0.174055293 0
vt 0.0676891208 0.1732063 0
vt 0.0689019486 0.174419105 0
vt 0.0698722005 0.174419105 0
vt 0.0705999136 0.171508297 0
vt 0.071085088 0.172235996 0
vt 0.0698722005 0.171023101 0
vt 0.071085088 0.1732063 0
vt 0.0689019486 0.171023101 0
vt 0.0680529401 0.171508297 0
vt 0.0705999136 0.174055293 0
vt 0.0676891208 0.172235996 0
vt 0.0465856083 0.989691198 0
vt 0.0465856083 0.988720894 0
vt 0.0505880713 0.988720894 0
vt 0.0505880713 0.987750709 0
vt 0.0465856083 0.987750709 0
vt 0.0505880713 0.986780405 0
vt 0.0465856083 0.986780405 0
vt 0.0505880713 0.985810101 0
vt 0.0465856083 0.985810101 0
vt 0.0505880713 0.984839797 0
vt 0.0465856083 0.984839797 0
vt 0.0505880713 0.983748317 0
vt 0.0465856083 0.983748317 0
vt 0.0505880713 0.982778013 0
vt 0.0465856083 0.982778013 0
vt 0.0505880713 0.981807709 0
vt 0.0465856083 0.981807709 0
vt 0.0505880713 0.980837524 0
vt 0.0465856083 0.980837524 0
vt 0.0505880713 0.97986722 0
vt 0.0465856083 0.97986722 0
vt 0.0505880713 0.978896916 0
vt 0.0465856083 0.978896916 0
vt 0.0505880713 0.977926612 0
vt 0.0465856083 0.977926612 0
vt 0.0505880713 0.989691198 0
vt 0.050951831 0.989691198 0
vt 0.050951831 0.988720894 0
vt 0.050951831 0.987750709 0
vt 0.050951831 0.986780405 0
vt 0.050951831 0.985810101 0
vt 0.050951831 0.984839797 0
vt 0.050951831 0.983748317 0
vt 0.050951831 0.982778013 0
vt 0.050951831 0.981807709 0
vt 0.050951831 0.980837524 0
vt 0.050951831 0.97986722 0
vt 0.050951831 0.978896916 0
vt 0.050951831 0.977926612 0
vt 0.0510731898 0.977926612 0
vt 0.00243824697 0.122994602 0
vt 0.001953125 0.122994602 0
vt 0.001953125 0.121903099 0
vt 0.0510731898 0.989691198 0
vt 0.0510731898 0.988720894 0
vt 0.0510731898 0.987750709 0
vt 0.0510731898 0.986780405 0
vt 0.0510731898 0.985810101 0
vt 0.0510731898 0.984839797 0
vt 0.0510731898 0.983748317 0
vt 0.0510731898 0.982778013 0
vt 0.0510731898 0.981807709 0
vt 0.0510731898 0.980837524 0
vt 0.0510731898 0.97986722 0
vt 0.0510731898 0.978896916 0
vt 0.001953125 0.110259801 0
vt 0.001953125 0.109046899 0
vt 0.00243824697 0.110259801 0
vt 0.00243824697 0.109046899 0
vt 0.371627212 0.0185690504 0
vt 0.372597486 0.0190541707 0
vt 0.371263295 0.0190541707 0
vt 0.37247619 0.0196605902 0
vt 0.373688996 0.0189328101 0
vt 0.00243824697 0.121903099 0
vt 0.001953125 0.120690197 0
vt 0.00243824697 0.120690197 0
vt 0.001953125 0.119477399 0
vt 0.00243824697 0.119477399 0
vt 0.001953125 0.118385904 0
vt 0.00243824697 0.118385904 0
vt 0.001953125 0.117173001 0
vt 0.00243824697 0.117173001 0
vt 0.001953125 0.116081402 0
vt 0.00243824697 0.116081402 0
vt 0.001953125 0.114868604 0
vt 0.00243824697 0.114868604 0
vt 0.001953125 0.113777101 0
vt 0.00243824697 0.113777101 0
vt 0.001953125 0.112564199 0
vt 0.00243824697 0.112564199 0
vt 0.001953125 0.111351401 0
vt 0.00243824697 0.111351401 0
vt 0.371020794 0.0177200399 0
vt 0.370414287 0.0179626308 0
vt 0.368473798 0.0207521301 0
vt 0.367746115 0.0216011405 0
vt 0.35404101 0.0228139702 0
vt 0.352828205 0.0242694002 0
vt 0.353192002 0.0220862608 0
vt 0.0157794897 0.27678299 0
vt 0.0152943702 0.277631998 0
vt 0.0157794897 0.275934011 0
vt 0.0152943702 0.275085002 0
vt 0.0144453598 0.27811709 0
vt 0.01226216 0.275934011 0
vt 0.0127473399 0.275085002 0
vt 0.01226216 0.27678299 0
vt 0.0135962898 0.27459991 0
vt 0.0127473399 0.277631998 0
vt 0.0144453598 0.27459991 0
vt 0.0135962898 0.27811709 0
vt 0.0300909802 0.1558626 0
vt 0.0300909802 0.1548924 0
vt 0.0339721404 0.1558626 0
vt 0.0339721404 0.1548924 0
vt 0.0300909802 0.153922096 0
vt 0.0339721404 0.153922096 0
vt 0.0300909802 0.152951807 0
vt 0.0339721404 0.152951807 0
vt 0.0300909802 0.151981503 0
vt 0.0339721404 0.151981503 0
vt 0.0300909802 0.151011303 0
vt 0.0339721404 0.151011303 0
vt 0.0300909802 0.150040999 0
vt 0.0339721404 0.150040999 0
vt 0.0300909802 0.149070695 0
vt 0.0339721404 0.149070695 0
vt 0.0300909802 0.148100406 0
vt 0.0339721404 0.148100406 0
vt 0.0300909802 0.147130206 0
vt 0.0339721404 0.147130206 0
vt 0.0300909802 0.146159902 0
vt 0.0339721404 0.146159902 0
vt 0.0300909802 0.157803193 0
vt 0.0300909802 0.156832904 0
vt 0.0339721404 0.157803193 0
vt 0.0339721404 0.156832904 0
vt 0.0344571993 0.1558626 0
vt 0.0344571993 0.1548924 0
vt 0.0344571993 0.153922096 0
vt 0.0344571993 0.152951807 0
vt 0.0344571993 0.151981503 0
vt 0.0344571993 0.151011303 0
vt 0.0344571993 0.150040999 0
vt 0.0344571993 0.149070695 0
vt 0.0344571993 0.148100406 0
vt 0.0344571993 0.147130206 0
vt 0.0344571993 0.146159902 0
vt 0.0344571993 0.157803193 0
vt 0.0344571993 0.156832904 0
vt 0.0345785618 0.156832904 0
vt 0.00243824697 0.253132612 0
vt 0.001953125 0.254224092 0
vt 0.001953125 0.253132612 0
vt 0.0345785618 0.1558626 0
vt 0.0345785618 0.1548924 0
vt 0.0345785618 0.153922096 0
vt 0.0345785618 0.152951807 0
vt 0.0345785618 0.151981503 0
vt 0.0345785618 0.151011303 0
vt 0.0345785618 0.150040999 0
vt 0.0345785618 0.149070695 0
vt 0.0345785618 0.148100406 0
vt 0.0345785618 0.147130206 0
vt 0.0345785618 0.146159902 0
vt 0.0345785618 0.157803193 0
vt 0.001953125 0.255436987 0
vt 0.00243824697 0.254224092 0
vt 0.348825812 0.0211159494 0
vt 0.349674791 0.0205096006 0
vt 0.350159913 0.0209947191 0
vt 0.350766301 0.0196605902 0
vt 0.350159913 0.0195392296 0
vt 0.00243824697 0.251919806 0
vt 0.001953125 0.251919806 0
vt 0.00243824697 0.250706911 0
vt 0.001953125 0.250706911 0
vt 0.00243824697 0.249615297 0
vt 0.001953125 0.249615297 0
vt 0.00243824697 0.248402402 0
vt 0.001953125 0.248402402 0
vt 0.00243824697 0.247310907 0
vt 0.001953125 0.247310907 0
vt 0.00243824697 0.246098101 0
vt 0.001953125 0.246098101 0
vt 0.00243824697 0.245006502 0
vt 0.001953125 0.245006502 0
vt 0.00243824697 0.243793696 0
vt 0.001953125 0.243793696 0
vt 0.00243824697 0.242580801 0
vt 0.001953125 0.242580801 0
vt 0.00243824697 0.241489202 0
vt 0.001953125 0.241489202 0
vt 0.00243824697 0.255436987 0
vt 0.347734213 0.02123731 0
vt 0.349068403 0.0217224304 0
vt 0.351857901 0.0236629806 0
vt 0.351857901 0.0259672906 0
vt 0.001953125 0.0135963503 0
vt 0.00559157087 0.0135963503 0
vt 0.001953125 0.0155369602 0
vt 0.00559157087 0.0155369602 0
vt 0.001953125 0.0173561499 0
vt 0.00559157087 0.0173561499 0
vt 0.00559157087 0.0192967597 0
vt 0.001953125 0.0192967597 0
vt 0.001953125 0.02123731 0
vt 0.00559157087 0.02123731 0
vt 0.00559157087 0.0231778603 0
vt 0.001953125 0.0231778603 0
vt 0.00559157087 0.0251184106 0
vt 0.001953125 0.0251184106 0
vt 0.00559157087 0.0270588901 0
vt 0.001953125 0.0270588901 0
vt 0.00559157087 0.0289994404 0
vt 0.001953125 0.0289994404 0
vt 0.00559157087 0.0309399907 0
vt 0.001953125 0.0309399907 0
vt 0.00559157087 0.0328805409 0
vt 0.001953125 0.0328805409 0
vt 0.00559157087 0.0348210894 0
vt 0.001953125 0.0348210894 0
vt 0.00559157087 0.0367616415 0
vt 0.001953125 0.0367616415 0
vt 0.001953125 0.0387021303 0
vt 0.00559157087 0.0387021303 0
vt 0.001953125 0.0406426713 0
vt 0.00559157087 0.0406426713 0
vt 0.001953125 0.0425832197 0
vt 0.00559157087 0.0425832197 0
vt 0.001953125 0.0445238315 0
vt 0.00559157087 0.0445238315 0
vt 0.001953125 0.0463430211 0
vt 0.00559157087 0.0463430211 0
vt 0.001953125 0.0482835695 0
vt 0.00559157087 0.0482835695 0
vt 0.001953125 0.0502241813 0
vt 0.00559157087 0.0502241813 0
vt 0.001953125 0.0521647297 0
vt 0.00559157087 0.0521647297 0
vt 0.00559157087 0.0541052818 0
vt 0.001953125 0.0541052818 0
vt 0.001953125 0.0560458302 0
vt 0.00559157087 0.0560458302 0
vt 0.372354895 0.031425111 0
vt 0.372354895 0.0296059195 0
vt 0.373446494 0.02948457 0
vt 0.372112304 0.0276653096 0
vt 0.373082608 0.0274227802 0
vt 0.371384591 0.0259672906 0
vt 0.37247619 0.0254821703 0
vt 0.371384591 0.0236629806 0
vt 0.373931587 0.0195392296 0
vt 0.374538004 0.0183264595 0
vt 0.375144392 0.0186902806 0
vt 0.375023097 0.0173561499 0
vt 0.37575081 0.0174775105 0
vt 0.375023097 0.0162645504 0
vt 0.375629604 0.0160220806 0
vt 0.374295413 0.0154155996 0
vt 0.374780595 0.0148092499 0
vt 0.373325199 0.0149304802 0
vt 0.373446494 0.0142028304 0
vt 0.372233599 0.0150517803 0
vt 0.372112304 0.0143240001 0
vt 0.371384591 0.0156581402 0
vt 0.370899498 0.0151730096 0
vt 0.370899498 0.0166285001 0
vt 0.370293111 0.0165071394 0
vt 0.366654485 0.0196605902 0
vt 0.366169393 0.0207521301 0
vt 0.364713997 0.0189328101 0
vt 0.364471406 0.0200244095 0
vt 0.362652212 0.0186902806 0
vt 0.362530887 0.0197818205 0
vt 0.360590309 0.0186902806 0
vt 0.360711604 0.0197818205 0
vt 0.358892292 0.0200244095 0
vt 0.358528495 0.0190541707 0
vt 0.357073098 0.0207521301 0
vt 0.356588006 0.0196605902 0
vt 0.355375111 0.0216011405 0
vt 0.354768693 0.0207521301 0
vt 0.350645006 0.0182051603 0
vt 0.350038588 0.0184476897 0
vt 0.349796087 0.0169923306 0
vt 0.3494322 0.0175986793 0
vt 0.348583192 0.0163859092 0
vt 0.348461896 0.0171136204 0
vt 0.347127795 0.0165071394 0
vt 0.347370297 0.0172349196 0
vt 0.34591499 0.0173561499 0
vt 0.346400112 0.0178412702 0
vt 0.345308602 0.0186902806 0
vt 0.346036285 0.0188115798 0
vt 0.345429808 0.0201457106 0
vt 0.346157491 0.0199031793 0
vt 0.346278787 0.02123731 0
vt 0.346763909 0.0207521301 0
vt 0.347612888 0.0218437295 0
vt 0.350887597 0.0254821703 0
vt 0.350159913 0.0274227802 0
vt 0.351251394 0.0276653096 0
vt 0.349796087 0.02948457 0
vt 0.350887597 0.0296059195 0
vt 0.349796087 0.0315464698 0
vt 0.350887597 0.031425111 0
vt 0.351251394 0.033244431 0
vt 0.350159913 0.0336081907 0
vt 0.351857901 0.0350636803 0
vt 0.350887597 0.0355487391 0
vt 0.352828205 0.0366403982 0
vt 0.351857901 0.0373679884 0
vt 0.0623525307 0.878231108 0
vt 0.0618674085 0.877503276 0
vt 0.0623525307 0.875805378 0
vt 0.0618674085 0.876533091 0
vt 0.0298483893 0.217353702 0
vt 0.0298483893 0.216383293 0
vt 0.0337295495 0.216383293 0
vt 0.0337295495 0.215413198 0
vt 0.0298483893 0.215413198 0
vt 0.0337295495 0.214442894 0
vt 0.0298483893 0.214442894 0
vt 0.0337295495 0.213472605 0
vt 0.0298483893 0.213472605 0
vt 0.0653846785 0.877503276 0
vt 0.0648995563 0.878231108 0
vt 0.0653846785 0.876533091 0
vt 0.0640506074 0.878716171 0
vt 0.0648995563 0.875805378 0
vt 0.0640506074 0.875320315 0
vt 0.0632015988 0.878716171 0
vt 0.0632015988 0.875320315 0
vt 0.0298483893 0.218324006 0
vt 0.0337295495 0.217353702 0
vt 0.0342146084 0.217353702 0
vt 0.0342146084 0.216383293 0
vt 0.0342146084 0.215413198 0
vt 0.0342146084 0.214442894 0
vt 0.0342146084 0.213472605 0
vt 0.0337295495 0.212502301 0
vt 0.0298483893 0.212502301 0
vt 0.0337295495 0.224266902 0
vt 0.0298483893 0.224266902 0
vt 0.0337295495 0.223296702 0
vt 0.0298483893 0.223296702 0
vt 0.0337295495 0.222326294 0
vt 0.0298483893 0.222326294 0
vt 0.0337295495 0.221356094 0
vt 0.0298483893 0.221356094 0
vt 0.0337295495 0.220264494 0
vt 0.0298483893 0.220264494 0
vt 0.0337295495 0.219294295 0
vt 0.0298483893 0.219294295 0
vt 0.0337295495 0.218324006 0
vt 0.0342146084 0.218324006 0
vt 0.00243824697 0.803762615 0
vt 0.00243824697 0.804854214 0
vt 0.001953125 0.803762615 0
vt 0.001953125 0.804854214 0
vt 0.00243824697 0.80606699 0
vt 0.0342146084 0.212502301 0
vt 0.0342146084 0.224266902 0
vt 0.0342146084 0.223296702 0
vt 0.0342146084 0.222326294 0
vt 0.0342146084 0.221356094 0
vt 0.0342146084 0.220264494 0
vt 0.0342146084 0.219294295 0
vt 0.00243824697 0.80254972 0
vt 0.001953125 0.80254972 0
vt 0.350645006 0.0419767983 0
vt 0.349553496 0.0420981608 0
vt 0.350766301 0.0412490889 0
vt 0.349310905 0.0414916798 0
vt 0.348704487 0.0427045785 0
vt 0.348219305 0.04221946 0
vt 0.348219305 0.0436748192 0
vt 0.001953125 0.80606699 0
vt 0.00243824697 0.807158589 0
vt 0.001953125 0.807158589 0
vt 0.00243824697 0.808371425 0
vt 0.001953125 0.808371425 0
vt 0.00243824697 0.80958432 0
vt 0.001953125 0.80958432 0
vt 0.001953125 0.795636475 0
vt 0.00243824697 0.795636475 0
vt 0.00243824697 0.796728075 0
vt 0.00243824697 0.80145818 0
vt 0.001953125 0.80145818 0
vt 0.35161531 0.0424619913 0
vt 0.352100402 0.0418555699 0
vt 0.353192002 0.0389447808 0
vt 0.35404101 0.0380957685 0
vt 0.00559157087 0.0116558 0
vt 0.001953125 0.0116558 0
vt 0.0180838704 0.985082388 0
vt 0.0180838704 0.98314178 0
vt 0.0291207395 0.984112203 0
vt 0.0184476897 0.981322587 0
vt 0.0191754103 0.979503274 0
vt 0.0200243499 0.977805376 0
vt 0.0213584807 0.976350009 0
vt 0.0228139702 0.975015819 0
vt 0.0245119296 0.974045515 0
vt 0.0263311807 0.973439097 0
vt 0.0281504299 0.973075271 0
vt 0.0300909802 0.973075271 0
vt 0.0320315287 0.973439097 0
vt 0.0338507816 0.974045515 0
vt 0.0355487391 0.975015819 0
vt 0.0370042287 0.976350009 0
vt 0.0382170007 0.977805376 0
vt 0.0391873084 0.979503274 0
vt 0.0399150215 0.981322587 0
vt 0.0401575491 0.98314178 0
vt 0.0401575491 0.985082388 0
vt 0.0399150215 0.987022877 0
vt 0.0391873084 0.988842189 0
vt 0.0382170007 0.990540206 0
vt 0.0370042287 0.991995573 0
vt 0.0355487391 0.993208408 0
vt 0.0338507816 0.994178712 0
vt 0.0320315287 0.994906425 0
vt 0.001953125 0.05992686 0
vt 0.001953125 0.0579863116 0
vt 0.00559157087 0.05992686 0
vt 0.00559157087 0.0579863116 0
vt 0.372112304 0.033244431 0
vt 0.373446494 0.0315464698 0
vt 0.383027911 0.0323954187 0
vt 0.383027911 0.0286356192 0
vt 0.382300198 0.0248757601 0
vt 0.381087393 0.0213584807 0
vt 0.37926811 0.0182051603 0
vt 0.376842409 0.0152943702 0
vt 0.373931587 0.0128686996 0
vt 0.370656908 0.0110493796 0
vt 0.367139697 0.00971531775 0
vt 0.363501102 0.00910890102 0
vt 0.3597413 0.00910890102 0
vt 0.356102794 0.00971531775 0
vt 0.352585614 0.0110493796 0
vt 0.349310905 0.0128686996 0
vt 0.346400112 0.0152943702 0
vt 0.343974411 0.0182051603 0
vt 0.342155188 0.0214798395 0
vt 0.340942293 0.0249971095 0
vt 0.34021461 0.0286356192 0
vt 0.340335906 0.0323954187 0
vt 0.340942293 0.0360339209 0
vt 0.342155188 0.0395511314 0
vt 0.344095707 0.0428258106 0
vt 0.347612888 0.0435535908 0
vt 0.348340601 0.044766359 0
vt 0.347734213 0.0450088903 0
vt 0.348947108 0.0456154309 0
vt 0.348461896 0.0461004898 0
vt 0.349917412 0.0461004898 0
vt 0.349796087 0.0467069708 0
vt 0.351008892 0.0459792614 0
vt 0.001953125 0.796728075 0
vt 0.00243824697 0.797941029 0
vt 0.001953125 0.797941029 0
vt 0.00243824697 0.799032509 0
vt 0.001953125 0.799032509 0
vt 0.00243824697 0.800245404 0
vt 0.001953125 0.800245404 0
vt 0.352221698 0.0433109403 0
vt 0.352828205 0.0430684015 0
vt 0.354889989 0.0402789116 0
vt 0.355496407 0.0393085405 0
vt 0.00559157087 0.00971531775 0
vt 0.001953125 0.00971531775 0
vt 0.00559157087 0.00777476979 0
vt 0.001953125 0.00777476979 0
vt 0.0184476897 0.987022877 0
vt 0.0191754103 0.988842189 0
vt 0.0200243499 0.990540206 0
vt 0.0213584807 0.991995573 0
vt 0.001953125 0.00389367295 0
vt 0.001953125 0.001953125 0
vt 0.00559157087 0.001953125 0
vt 0.00559157087 0.0715702102 0
vt 0.001953125 0.0715702102 0
vt 0.001953125 0.0696296617 0
vt 0.0228139702 0.993208408 0
vt 0.0245119296 0.994178712 0
vt 0.0263311807 0.994906425 0
vt 0.0281504299 0.995149016 0
vt 0.0300909802 0.995149016 0
vt 0.001953125 0.0618674085 0
vt 0.00559157087 0.0618674085 0
vt 0.370414287 0.0366403982 0
vt 0.371384591 0.0350636803 0
vt 0.371384591 0.0372468196 0
vt 0.0598056316 0.944694817 0
vt 0.060533341 0.944209576 0
vt 0.0593204387 0.945543826 0
vt 0.0615035184 0.944209576 0
vt 0.00583416177 0.821834028 0
vt 0.001953125 0.821834028 0
vt 0.001953125 0.820863724 0
vt 0.0593204387 0.946392775 0
vt 0.0622312985 0.947241724 0
vt 0.0615035184 0.947726905 0
vt 0.0627164766 0.946392775 0
vt 0.0627164766 0.945543826 0
vt 0.060533341 0.947726905 0
vt 0.0598056316 0.947241724 0
vt 0.0622312985 0.944694817 0
vt 0.001953125 0.825715125 0
vt 0.001953125 0.824744821 0
vt 0.00583416177 0.825715125 0
vt 0.00583416177 0.824744821 0
vt 0.001953125 0.823774517 0
vt 0.00583416177 0.823774517 0
vt 0.001953125 0.822804213 0
vt 0.00583416177 0.822804213 0
vt 0.00631934404 0.821834028 0
vt 0.00631934404 0.820863724 0
vt 0.00583416177 0.820863724 0
vt 0.001953125 0.81989342 0
vt 0.00583416177 0.81989342 0
vt 0.001953125 0.818923116 0
vt 0.00583416177 0.818923116 0
vt 0.001953125 0.817952871 0
vt 0.00583416177 0.817952871 0
vt 0.001953125 0.816982627 0
vt 0.00583416177 0.816982627 0
vt 0.001953125 0.816012323 0
vt 0.00583416177 0.816012323 0
vt 0.001953125 0.827655613 0
vt 0.001953125 0.826806605 0
vt 0.00583416177 0.827655613 0
vt 0.00583416177 0.826806605 0
vt 0.00631934404 0.825715125 0
vt 0.00631934404 0.824744821 0
vt 0.00631934404 0.823774517 0
vt 0.00631934404 0.822804213 0
vt 0.00644051982 0.822804213 0
vt 0.00644051982 0.821834028 0
vt 0.00243824697 0.71849978 0
vt 0.001953125 0.719591379 0
vt 0.001953125 0.71849978 0
vt 0.00644051982 0.820863724 0
vt 0.00631934404 0.81989342 0
vt 0.00631934404 0.818923116 0
vt 0.00631934404 0.817952871 0
vt 0.00631934404 0.816982627 0
vt 0.00631934404 0.816012323 0
vt 0.00631934404 0.827655613 0
vt 0.00631934404 0.826806605 0
vt 0.00644051982 0.826806605 0
vt 0.00644051982 0.825715125 0
vt 0.00644051982 0.824744821 0
vt 0.00644051982 0.823774517 0
vt 0.001953125 0.722017109 0
vt 0.001953125 0.720804214 0
vt 0.00243824697 0.720804214 0
vt 0.00243824697 0.719591379 0
vt 0.375508308 0.0397937186 0
vt 0.374416709 0.0399150215 0
vt 0.374174207 0.0391873717 0
vt 0.373082608 0.0400363207 0
vt 0.37356779 0.0405214392 0
vt 0.00243824697 0.717287004 0
vt 0.001953125 0.717287004 0
vt 0.00644051982 0.81989342 0
vt 0.00644051982 0.818923116 0
vt 0.00644051982 0.817952871 0
vt 0.00644051982 0.816982627 0
vt 0.00644051982 0.816012323 0
vt 0.00644051982 0.827655613 0
vt 0.001953125 0.726625919 0
vt 0.001953125 0.725413084 0
vt 0.00243824697 0.725413084 0
vt 0.00243824697 0.724321485 0
vt 0.001953125 0.724321485 0
vt 0.00243824697 0.723108709 0
vt 0.001953125 0.723108709 0
vt 0.00243824697 0.722017109 0
vt 0.377206296 0.0411279202 0
vt 0.376478612 0.0402789116 0
vt 0.376963705 0.0396724902 0
vt 0.375629604 0.0390660092 0
vt 0.37247619 0.0355487391 0
vt 0.373082608 0.0336081907 0
vt 0.382421494 0.0360339209 0
vt 0.383391708 0.0362764485 0
vt 0.384119511 0.0323954187 0
vt 0.384119511 0.02851432 0
vt 0.383391708 0.0246331599 0
vt 0.382057607 0.0209947191 0
vt 0.380117089 0.0175986793 0
vt 0.377570093 0.0145666003 0
vt 0.374538004 0.0120196901 0
vt 0.371142 0.0100790802 0
vt 0.367503494 0.00874501374 0
vt 0.363622397 0.00801730063 0
vt 0.359620005 0.00801730063 0
vt 0.355738908 0.00874501374 0
vt 0.352100402 0.0100790802 0
vt 0.348704487 0.0120196901 0
vt 0.345672399 0.0145666003 0
vt 0.343125403 0.0175986793 0
vt 0.341184914 0.0209947191 0
vt 0.339850694 0.0246331599 0
vt 0.339123011 0.02851432 0
vt 0.339244306 0.0325166509 0
vt 0.339850694 0.036397811 0
vt 0.341184914 0.0400363207 0
vt 0.343125403 0.0434322916 0
vt 0.345672399 0.0464643799 0
vt 0.346400112 0.0457366705 0
vt 0.349310905 0.0481624007 0
vt 0.351251394 0.0465856083 0
vt 0.351857901 0.04537284 0
vt 0.352342993 0.0458578989 0
vt 0.352342993 0.0444024801 0
vt 0.3529495 0.0445238315 0
vt 0.356588006 0.0413704515 0
vt 0.357073098 0.0402789116 0
vt 0.358528495 0.0419767983 0
vt 0.358892292 0.041006621 0
vt 0.00559157087 0.00583416177 0
vt 0.001953125 0.00583416177 0
vt 0.00559157087 0.00389367295 0
vt 0.360711604 0.0412490889 0
vt 0.362530887 0.0412490889 0
vt 0.362652212 0.0423406884 0
vt 0.364471406 0.041006621 0
vt 0.00559157087 0.0696296617 0
vt 0.001953125 0.0676891208 0
vt 0.00559157087 0.0676891208 0
vt 0.001953125 0.0657485723 0
vt 0.00559157087 0.0657485723 0
vt 0.001953125 0.0638080165 0
vt 0.00559157087 0.0638080165 0
vt 0.369201511 0.0380957685 0
vt 0.37005049 0.0389447808 0
vt 0.37247619 0.0413704515 0
vt 0.373082608 0.0414916798 0
vt 0.00243824697 0.716195524 0
vt 0.001953125 0.716195524 0
vt 0.00243824697 0.714982629 0
vt 0.001953125 0.714982629 0
vt 0.00243824697 0.713891029 0
vt 0.001953125 0.713891029 0
vt 0.00243824697 0.712678194 0
vt 0.001953125 0.712678194 0
vt 0.00243824697 0.726625919 0
vt 0.374780595 0.0439173505 0
vt 0.375872105 0.0437961183 0
vt 0.376114696 0.0444024801 0
vt 0.377327591 0.0435535908 0
vt 0.376842409 0.0431897007 0
vt 0.377934009 0.0423406884 0
vt 0.377206296 0.04221946 0
vt 0.377812713 0.0408852585 0
vt 0.381087393 0.0395511314 0
vt 0.382057607 0.0400363207 0
vt 0.361196786 0.638937473 0
vt 0.357315689 0.638937473 0
vt 0.361196786 0.635056376 0
vt 0.357315689 0.635056376 0
vt 0.357315689 0.63117528 0
vt 0.361196786 0.63117528 0
vt 0.361196786 0.627294183 0
vt 0.357315689 0.627294183 0
vt 0.357315689 0.623534322 0
vt 0.361196786 0.623534322 0
vt 0.361196786 0.619653225 0
vt 0.357315689 0.619653225 0
vt 0.357315689 0.615772188 0
vt 0.361196786 0.615772188 0
vt 0.361196786 0.611891091 0
vt 0.357315689 0.611891091 0
vt 0.361196786 0.608009994 0
vt 0.357315689 0.608009994 0
vt 0.361196786 0.604128897 0
vt 0.357315689 0.604128897 0
vt 0.361196786 0.6002478 0
vt 0.357315689 0.6002478 0
vt 0.361196786 0.596366704 0
vt 0.357315689 0.596366704 0
vt 0.361196786 0.592485607 0
vt 0.357315689 0.592485607 0
vt 0.357315689 0.731841087 0
vt 0.357315689 0.727959991 0
vt 0.361196786 0.731841087 0
vt 0.361196786 0.727959991 0
vt 0.357315689 0.724078894 0
vt 0.361196786 0.724078894 0
vt 0.357315689 0.720197797 0
vt 0.361196786 0.720197797 0
vt 0.357315689 0.7163167 0
vt 0.361196786 0.7163167 0
vt 0.357315689 0.712435603 0
vt 0.361196786 0.712435603 0
vt 0.357315689 0.708554506 0
vt 0.361196786 0.708554506 0
vt 0.361196786 0.704673409 0
vt 0.357315689 0.704673409 0
vt 0.357315689 0.700792372 0
vt 0.361196786 0.700792372 0
vt 0.361196786 0.697032571 0
vt 0.357315689 0.697032571 0
vt 0.357315689 0.693151474 0
vt 0.361196786 0.693151474 0
vt 0.361196786 0.689270377 0
vt 0.357315689 0.689270377 0
vt 0.357315689 0.68538928 0
vt 0.361196786 0.68538928 0
vt 0.361196786 0.681508183 0
vt 0.357315689 0.681508183 0
vt 0.361196786 0.677627087 0
vt 0.357315689 0.677627087 0
vt 0.348704487 0.0490112901 0
vt 0.352585614 0.04998165 0
vt 0.356102794 0.0513157807 0
vt 0.360590309 0.0423406884 0
vt 0.360954195 0.0482835695 0
vt 0.361560613 0.0492539406 0
vt 0.361318111 0.0494964682 0
vt 0.362288296 0.04998165 0
vt 0.362167001 0.0502241813 0
vt 0.363379806 0.0501028784 0
vt 0.363379806 0.0503454804 0
vt 0.364471406 0.04998165 0
vt 0.36435011 0.0497390591 0
vt 0.365320414 0.0491326414 0
vt 0.365077913 0.0490112901 0
vt 0.36544171 0.0479197502 0
vt 0.364713997 0.0419767983 0
vt 0.366169393 0.0402789116 0
vt 0.366654485 0.0412490889 0
vt 0.36786741 0.0393085405 0
vt 0.368473798 0.0402789116 0
vt 0.372597486 0.0427045785 0
vt 0.373203903 0.0425832197 0
vt 0.373446494 0.0439173505 0
vt 0.373810291 0.0434322916 0
vt 0.3746593 0.0445238315 0
vt 0.376842409 0.0457366705 0
vt 0.37926811 0.0428258106 0
vt 0.380117089 0.0434322916 0
vt 0.357315689 0.64281863 0
vt 0.361196786 0.64281863 0
vt 0.0746022984 0.948333323 0
vt 0.0759364292 0.944573522 0
vt 0.0818793699 0.951729178 0
vt 0.0838199183 0.946635306 0
vt 0.0766641423 0.940571129 0
vt 0.0847901702 0.941298902 0
vt 0.0766641423 0.936568677 0
vt 0.0847901702 0.935841024 0
vt 0.0838199183 0.93050462 0
vt 0.0759364292 0.932566404 0
vt 0.0746022984 0.928806603 0
vt 0.0818793699 0.925410628 0
vt 0.0792111084 0.920680523 0
vt 0.072540462 0.925289273 0
vt 0.0756938383 0.916435599 0
vt 0.0699934885 0.922136009 0
vt 0.0715702102 0.913039625 0
vt 0.0669614002 0.919588923 0
vt 0.0668401122 0.910250127 0
vt 0.0634441301 0.91752708 0
vt 0.0617461801 0.908430815 0
vt 0.0595630407 0.916193008 0
vt 0.0564095899 0.90746057 0
vt 0.0556819998 0.915465295 0
vt 0.050951831 0.90746057 0
vt 0.0515582487 0.915465295 0
vt 0.0476771519 0.916193008 0
vt 0.0454940088 0.908430815 0
vt 0.0404000804 0.910250127 0
vt 0.0437961183 0.91752708 0
vt 0.0404000804 0.919588923 0
vt 0.0356701016 0.913039625 0
vt 0.03724676 0.922136009 0
vt 0.0315464102 0.916435599 0
vt 0.0346997306 0.925289273 0
vt 0.0280291997 0.920680523 0
vt 0.0326380096 0.928806603 0
vt 0.02536094 0.925410628 0
vt 0.0313038789 0.932566404 0
vt 0.0234203897 0.93050462 0
vt 0.0305761006 0.936568677 0
vt 0.0225713793 0.935841024 0
vt 0.0305761006 0.940571129 0
vt 0.0225713793 0.941298902 0
vt 0.0234203897 0.946635306 0
vt 0.0313038789 0.944573522 0
vt 0.0326380096 0.948333323 0
vt 0.02536094 0.951729178 0
vt 0.0280291997 0.956459403 0
vt 0.0346997306 0.951850474 0
vt 0.0315464102 0.960582972 0
vt 0.03724676 0.954882622 0
vt 0.0356701016 0.964100301 0
vt 0.0404000804 0.957550883 0
vt 0.0404000804 0.966889799 0
vt 0.0437961183 0.959491372 0
vt 0.0454940088 0.968709111 0
vt 0.0476771519 0.960946918 0
vt 0.361196786 0.67374599 0
vt 0.357315689 0.67374599 0
vt 0.352100402 0.050951831 0
vt 0.355860204 0.0522859618 0
vt 0.3597413 0.0519221984 0
vt 0.363501102 0.0519221984 0
vt 0.367260903 0.0513157807 0
vt 0.370656908 0.0498602912 0
vt 0.373931587 0.0480411015 0
vt 0.377570093 0.0464643799 0
vt 0.357315689 0.646699727 0
vt 0.361196786 0.646699727 0
vt 0.072540462 0.951850474 0
vt 0.0792111084 0.956459403 0
vt 0.0806665421 0.957550883 0
vt 0.0835773274 0.952578306 0
vt 0.0855178833 0.947120428 0
vt 0.0866094232 0.941420078 0
vt 0.0866094232 0.935719728 0
vt 0.0855178833 0.930019379 0
vt 0.0835773274 0.92456162 0
vt 0.0806665421 0.919588923 0
vt 0.0770279691 0.915222704 0
vt 0.072540462 0.911462903 0
vt 0.0675678179 0.90855211 0
vt 0.0622312985 0.906611621 0
vt 0.0565309487 0.905641317 0
vt 0.0507092401 0.905641317 0
vt 0.0451302491 0.906611621 0
vt 0.0396724902 0.90855211 0
vt 0.0346997306 0.911462903 0
vt 0.0302122794 0.915222704 0
vt 0.0265737101 0.919588923 0
vt 0.0236629806 0.92456162 0
vt 0.0217224304 0.930019379 0
vt 0.0206307694 0.935719728 0
vt 0.0206307694 0.941420078 0
vt 0.0217224304 0.947120428 0
vt 0.0236629806 0.952578306 0
vt 0.0265737101 0.957550883 0
vt 0.0302122794 0.961917102 0
vt 0.0346997306 0.965676904 0
vt 0.0396724902 0.968587816 0
vt 0.0451302491 0.970528305 0
vt 0.0507092401 0.971498609 0
vt 0.050951831 0.969679296 0
vt 0.0515582487 0.961674571 0
vt 0.361196786 0.669864893 0
vt 0.357315689 0.669864893 0
vt 0.361196786 0.665983796 0
vt 0.357315689 0.665983796 0
vt 0.3597413 0.0530137382 0
vt 0.363622397 0.0530137382 0
vt 0.367503494 0.0522859618 0
vt 0.371142 0.0508305989 0
vt 0.374538004 0.0490112901 0
vt 0.357315689 0.650580823 0
vt 0.361196786 0.650580823 0
vt 0.0699934885 0.954882622 0
vt 0.0756938383 0.960582972 0
vt 0.0770279691 0.961917102 0
vt 0.072540462 0.965676904 0
vt 0.699943423 0.555372715 0
vt 0.7439695 0.555372715 0
vt 0.699943423 0.56095171 0
vt 0.7439695 0.56095171 0
vt 0.699943423 0.566530824 0
vt 0.7439695 0.566530824 0
vt 0.699943423 0.571988583 0
vt 0.7439695 0.571988583 0
vt 0.699943423 0.577567697 0
vt 0.7439695 0.577567697 0
vt 0.699943423 0.583025515 0
vt 0.7439695 0.583025515 0
vt 0.699943423 0.58860451 0
vt 0.7439695 0.58860451 0
vt 0.699943423 0.594062328 0
vt 0.7439695 0.594062328 0
vt 0.699943423 0.599641383 0
vt 0.7439695 0.599641383 0
vt 0.699943423 0.605099201 0
vt 0.7439695 0.605099201 0
vt 0.699943423 0.610678196 0
vt 0.7439695 0.610678196 0
vt 0.699943423 0.616136014 0
vt 0.7439695 0.616136014 0
vt 0.699943423 0.621715128 0
vt 0.7439695 0.621715128 0
vt 0.699943423 0.627172887 0
vt 0.7439695 0.627172887 0
vt 0.699943423 0.632752001 0
vt 0.7439695 0.632752001 0
vt 0.699943423 0.638331115 0
vt 0.7439695 0.638331115 0
vt 0.699943423 0.643788815 0
vt 0.7439695 0.643788815 0
vt 0.699943423 0.445004106 0
vt 0.7439695 0.445004106 0
vt 0.699943423 0.450461894 0
vt 0.7439695 0.450461894 0
vt 0.699943423 0.456041008 0
vt 0.7439695 0.456041008 0
vt 0.699943423 0.461498708 0
vt 0.7439695 0.461498708 0
vt 0.699943423 0.467077792 0
vt 0.7439695 0.467077792 0
vt 0.699943423 0.47253561 0
vt 0.7439695 0.47253561 0
vt 0.699943423 0.478114694 0
vt 0.7439695 0.478114694 0
vt 0.699943423 0.483572513 0
vt 0.7439695 0.483572513 0
vt 0.699943423 0.489151508 0
vt 0.7439695 0.489151508 0
vt 0.699943423 0.494609296 0
vt 0.7439695 0.494609296 0
vt 0.699943423 0.50018841 0
vt 0.7439695 0.50018841 0
vt 0.699943423 0.505646229 0
vt 0.7439695 0.505646229 0
vt 0.699943423 0.511225224 0
vt 0.7439695 0.511225224 0
vt 0.699943423 0.516804278 0
vt 0.7439695 0.516804278 0
vt 0.699943423 0.522262096 0
vt 0.7439695 0.522262096 0
vt 0.699943423 0.52784121 0
vt 0.7439695 0.52784121 0
vt 0.699943423 0.533299029 0
vt 0.7439695 0.533299029 0
vt 0.699943423 0.538878024 0
vt 0.699943423 0.544335902 0
vt 0.7439695 0.538878024 0
vt 0.0565309487 0.971498609 0
vt 0.0564095899 0.969679296 0
vt 0.0556819998 0.961674571 0
vt 0.0595630407 0.960946918 0
vt 0.361196786 0.662223995 0
vt 0.357315689 0.662223995 0
vt 0.357315689 0.658342898 0
vt 0.361196786 0.658342898 0
vt 0.357315689 0.654461801 0
vt 0.361196786 0.654461801 0
vt 0.0669614002 0.957550883 0
vt 0.0715702102 0.964100301 0
vt 0.0675678179 0.968587816 0
vt 0.7439695 0.549914896 0
vt 0.699943423 0.549914896 0
vt 0.7439695 0.544335902 0
vt 0.0622312985 0.970528305 0
vt 0.0617461801 0.968709111 0
vt 0.0668401122 0.966889799 0
vt 0.0634441301 0.959491372 0

# 1169 vertex normals
vn 0.966109812 0.258131623 0
vn 0.965874255 0.259011537 0
vn -1.09339999e-06 -3.56274553e-13 1
vn 4.37361996e-06 1.42510472e-12 1
vn 0 -0 1
vn -0.965943515 -0.258753031 0
vn -0.965856612 -0.259077132 0
vn -0.965949059 -0.258732736 0
vn -0.965824842 -0.259195834 0
vn -0.965911865 -0.258871734 0
vn -0.965911746 -0.258871615 0
vn -0.96583724 -0.259149432 0
vn -1.08869006e-06 -3.54739865e-13 1
vn 0.96595794 0.258699417 0
vn 0.965833843 0.259162426 0
vn 0.965858638 0.25906992 0
vn 0.965849459 0.259104222 0
vn 0.966047943 0.258363336 0
vn 0.965874255 0.259011626 0
vn -0.12865755 -0.116528645 0.984818876
vn -0.169898912 0.0360999629 0.9848001
vn -0.281224787 -0.00357636972 0.959635377
vn -0.251810968 0.147029504 0.956542611
vn -0.166904792 0.274101049 0.947107017
vn 0.966063917 0.258303314 0
vn 0.96610105 0.258164316 0
vn 0.966100454 0.258166522 0
vn 0.966100514 0.258166522 0
vn 0.258581817 -0.965989411 0
vn 0.258489221 -0.966014266 0
vn 0.258674532 -0.965964615 0
vn 0.258577526 -0.965990663 0
vn 0.258438617 -0.966027856 0
vn 0.258762836 -0.965941012 0
vn -0.965943754 -0.258752316 0
vn -0.965956151 -0.258706033 0
vn 0.00754786935 0.321621805 0.9468382
vn 0.128685951 0.116581246 0.984808981
vn 0.145587027 0.251501352 0.956844628
vn 0.245525762 0.137830377 0.9595415
vn 0.280993193 0.00360217853 0.959703028
vn 0.169895917 -0.0360992551 0.984800577
vn 0.251642853 -0.147121504 0.956572592
vn 0.166962191 -0.274076343 0.947103918
vn -0.965904951 -0.258897126 0
vn -0.965867758 -0.259036034 0
vn -0.966066122 -0.258295119 0
vn -0.965854764 -0.259084433 0
vn -0.96604085 -0.258389831 0
vn -0.259277433 0.965802968 0
vn -0.258814335 0.965927124 1.68802003e-07
vn -0.258953333 0.965889931 0
vn -0.258627027 0.965977311 2.15274e-07
vn -0.258812338 0.96592772 0
vn -0.258719623 0.965952456 0
vn 0.965970516 0.258652538 1.61992006e-07
vn 0.965871215 0.259022921 -1.56870016e-07
vn 0.965970457 0.258652538 0
vn -0.00745113101 -0.321963906 0.946722627
vn -0.145583406 -0.251597255 0.956819892
vn -0.245904058 -0.13763617 0.959472597
vn -0.355639905 -1.1588206e-07 0.934623182
vn -0.305000454 0.177398503 0.935684025
vn -0.177410901 0.305078238 0.93565619
vn 0.001301173 0.353006005 0.935620129
vn 0.174434796 0.30603987 0.935901821
vn 0.308295846 0.177794307 0.934528172
vn 0.35567221 -4.55029749e-06 0.934610784
vn 0.30493775 -0.177408993 0.935702503
vn 0.177409202 -0.305031747 0.935671806
vn -0.00147605303 -0.352975994 0.935631275
vn -0.174427792 -0.306057066 0.93589741
vn -0.308414251 -0.177814111 0.934485376
vn -0.866446614 -0.499269754 0
vn -1 -9.78892149e-06 -1.23343e-07
vn -1 -1.0168781e-05 0
vn -0.866291106 0.499539733 0
vn -0.866344452 0.499447018 -3.6993498e-07
vn -0.499496758 0.866315722 3.49381992e-07
vn -0.49949646 0.866315901 0
vn -0.000312309829 1 0
vn -0.000311994838 1 0
vn 0.499405324 0.866368473 0
vn 0.499266237 0.86644876 0
vn 0.866287231 0.49954617 0
vn 0.866528332 0.499128073 0
vn 1 0.000312564836 0
vn 1 0.00031235785 0
vn 0.866443574 -0.499275029 0
vn 0.866443574 -0.499275237 0
vn 0.499337673 -0.866407394 0
vn 0.499476969 -0.866327226 0
vn 4.26004372e-05 -1 1.22574993e-05
vn 4.26004372e-05 -1 -1.23155996e-05
vn -8.5311156e-05 -1 1.23422997e-05
vn -8.53409583e-05 -1 -1.22841002e-05
vn -0.499285817 -0.866437495 0
vn -0.499286026 -0.866437256 0
vn -0.866473317 -0.499223471 3.14650009e-07
vn -1.62738997e-05 -5.30270359e-12 1
vn 1.49354e-05 4.86656548e-12 1
vn -9.38932044e-06 -3.05942554e-12 1
vn 4.71519979e-06 1.53640544e-12 1
vn -1.59800002e-05 -5.20693905e-12 1
vn 1.8430499e-05 6.00541231e-12 1
vn 2.45258002e-06 7.9915111e-13 1
vn -1.01160003e-05 -3.29620771e-12 1
vn -4.62808975e-06 -1.50802136e-12 1
vn 5.0138301e-06 1.6337114e-12 1
vn 2.48887e-06 8.10975907e-13 1
vn -0.866148949 -0.499786079 0
vn -1 -0.000183217839 -1.83184e-07
vn -1 -0.00019120684 0
vn -0.866343558 0.499448419 0
vn -0.866286755 0.499547124 0
vn -0.499451369 0.866341949 0
vn -0.499306679 0.866425335 0
vn -4.30342106e-06 1 0
vn 3.65173901e-06 1 0
vn 0.499358445 0.866395593 0
vn 0.499365538 0.866391599 0
vn 0.866390944 0.499366462 0
vn 0.866341949 0.499451369 0
vn 1 0.000295389822 0
vn 1 -3.12428601e-05 0
vn 0.866439283 -0.499282628 0
vn 0.866355896 -0.499427438 -4.68356006e-07
vn 0.49936527 -0.866391599 0
vn 0.499358654 -0.866395295 0
vn 6.31193325e-05 -1 1.23659001e-05
vn 6.31193325e-05 -1 -1.24245998e-05
vn -6.2437859e-05 -1 1.24245998e-05
vn -6.2437859e-05 -1 -1.23659001e-05
vn -0.49930504 -0.866426408 0
vn -0.499266237 -0.8664487 0
vn -0.866383493 -0.499379367 2.29139999e-07
vn -0.866323829 -2.82283821e-07 0.4994829
vn -0.866328716 -2.82285413e-07 0.499474406
vn -1 -3.25841e-07 0.000477469992
vn -3.25841e-07 1 0
vn 1 3.25841e-07 -0.000124319005
vn 0.866392374 2.82306161e-07 0.49936381
vn 0.866452515 2.82325743e-07 0.49925971
vn 0.499321789 1.62699507e-07 0.866416812
vn 0.499361813 1.62712553e-07 0.866393685
vn 0.499274313 1.62684046e-07 0.866443992
vn 0.499274701 1.62684174e-07 0.866443813
vn 0.00049398595 1.6096087e-10 1
vn 0.000494260981 1.61050492e-10 1
vn -0.499290496 -1.62689318e-07 0.866434574
vn -0.499290913 -1.62689446e-07 0.866434515
vn -0.499343604 -1.62706613e-07 0.866404116
vn -0.499345809 -1.62707337e-07 0.866402805
vn -0.347373545 0.719203472 0.601729214
vn -0.601840258 0.719169438 0.347251594
vn -0.347283244 0.719201803 0.601783276
vn -0.601691365 0.719194531 0.347457588
vn -0.695264935 0.718753576 -1.31805007e-06
vn -1 -3.25841e-07 -0.000119543001
vn -0.866563618 -2.82361952e-07 -0.49906671
vn -0.866569579 -2.82363885e-07 -0.49905619
vn -0.499341697 -1.62706002e-07 -0.866405308
vn -0.499342501 -1.62706257e-07 -0.866404772
vn -0.499295801 -1.62691038e-07 -0.866431713
vn 1.11020991e-05 3.61751904e-12 -1
vn -0.499296099 -1.62691137e-07 -0.866431475
vn -0.000102133999 -2.85735268e-07 -1
vn 0.499279708 1.62685794e-07 -0.866440892
vn 0.499280006 1.62685893e-07 -0.866440713
vn 0.499359697 1.62711856e-07 -0.866394877
vn 0.866440773 2.82321935e-07 -0.499280006
vn 0.866391599 2.82305905e-07 -0.499365389
vn 1 3.25841e-07 1.77672009e-05
vn 0.695319653 0.718700767 -3.13412988e-06
vn 0.60177815 0.719155967 0.347387105
vn 0.601750433 0.719184458 0.347376108
vn 0.347314447 0.719234407 0.601726294
vn 0.347386271 0.71916014 0.601773679
vn 1.34942002e-06 0.718693912 0.695326686
vn 7.63306844e-07 0.718749821 0.695268929
vn 0.611551881 0.708015501 0.353154689
vn 0.540980577 0.707653165 0.454496801
vn 0.541055381 0.707612574 0.454470813
vn -3.25841e-07 1 3.34395008e-05
vn -3.25841e-07 1 -3.36941011e-05
vn -3.25841e-07 1 -8.98204962e-06
vn -3.25841e-07 1 8.98202052e-06
vn -3.25841e-07 1 -3.53996984e-06
vn -0.258440912 -8.42106473e-08 -0.966027081
vn 0.258518785 8.42360208e-08 -0.966006279
vn 0.2585271 8.4238728e-08 -0.966004074
vn 0.707106411 -0.00134790665 -0.707105875
vn 0.707106173 -0.00117398065 -0.707106411
vn 0.966006577 3.14764549e-07 -0.258517504
vn 0.966004074 3.14763724e-07 -0.258526504
vn 0.965900421 3.14729959e-07 0.258913994
vn 0.965902507 3.14730642e-07 0.258906007
vn 0.707068384 0.00133263238 0.707144022
vn 0.706331611 2.30151798e-07 0.707881212
vn 0.258515209 8.42348555e-08 0.966007173
vn 0.25852409 8.42377474e-08 0.966004789
vn -0.258524597 -8.42379109e-08 0.966004729
vn -0.258515 -8.42347845e-08 0.966007411
vn -0.707778573 -2.30623272e-07 0.706434429
vn -0.706324816 -2.30149581e-07 0.707887888
vn -0.965902686 -3.14730698e-07 0.258905411
vn -0.965877712 -8.13765553e-08 0.258998811
vn -0.966004372 -3.14763838e-07 -0.258525699
vn -0.966006517 -3.1476452e-07 -0.2585181
vn -0.707106173 -0.00117444142 -0.707106411
vn -0.707106113 -0.0013918794 -0.707106113
vn -0.258652091 -8.42794563e-08 -0.965970576
vn -0.258650094 -8.42788026e-08 -0.965971112
vn -0.17949824 0.719728768 -0.670649707
vn 0.179159865 0.719611466 -0.670866013
vn -0.179494143 0.719742954 -0.670635521
vn 0.179638162 0.719640076 -0.670707405
vn 0.490693867 0.7200948 -0.490594596
vn 0.490628153 0.720118582 -0.490625501
vn 0.670727849 0.719620943 -0.179638505
vn 0.670525968 0.719614744 -0.180415198
vn 0.670698583 0.71964705 0.179643303
vn 0.670736432 0.71962285 0.1795986
vn 0.490966976 0.720186055 0.490187287
vn 0.490457058 0.720260382 0.490588307
vn 0.179494858 0.719800472 0.670573592
vn 0.179507762 0.719755888 0.670617878
vn -0.179498941 0.719776332 0.670598388
vn -0.179610744 0.71971184 0.670637727
vn -0.490619034 0.720129192 0.490618795
vn -0.490626127 0.720120847 0.4906241
vn -0.670596957 0.719749987 0.179609805
vn -0.670576453 0.719798863 0.179490298
vn -0.670593858 0.719781041 -0.179497093
vn -0.670599759 0.719749689 -0.179600596
vn -0.490574628 0.720147133 -0.490637004
vn -0.490291953 0.720526934 -0.490361899
vn -0.179535344 0.719737113 -0.670630813
vn -0.179525942 0.719737947 -0.670632303
vn -3.25841e-07 1 5.12832994e-05
vn 0.258440912 1.24888111e-05 0.966027081
vn 0.258440912 -1.22617885e-05 0.966027081
vn -0.2589598 -8.4379721e-08 0.965888202
vn -3.25841e-07 1 1.78703995e-05
vn -3.25841e-07 1 3.23643981e-05
vn -3.25841e-07 1 1.61560001e-05
vn -3.25841e-07 1 -6.17140977e-05
vn -3.25841e-07 1 1.88334998e-05
vn -3.25841e-07 1 -1.24062999e-05
vn -3.25841e-07 1 -3.22843007e-05
vn -3.25841e-07 1 -4.08447959e-05
vn -3.25841e-07 1 -6.15616955e-05
vn 0.707086921 0.0014251984 0.707125306
vn 0.258629203 -1.24247281e-05 0.965976775
vn 0.707147777 0.0013461624 0.707064629
vn 0.258627892 1.25342713e-05 0.965977073
vn -0.490656525 0.720096231 -0.490629792
vn -0.179612041 0.719700456 -0.670649588
vn -0.490648925 0.720094442 -0.490639895
vn -0.179613441 0.719706416 -0.670642912
vn 0.17961286 0.719708383 -0.670640886
vn -0.258633494 -8.42733954e-08 0.965975523
vn -0.707106411 0.00118208665 0.707106173
vn -0.707106113 0.00139702158 0.707106113
vn -0.96594727 -3.14745222e-07 0.258738697
vn -0.965901911 -3.14730443e-07 0.258908808
vn -0.965889215 -6.49998356e-07 -0.258955598
vn -0.965906322 -3.14731892e-07 -0.258892
vn -0.70706439 -0.00134592433 -0.707148015
vn -0.706529915 -2.30216415e-07 -0.707683325
vn -0.258150309 -8.41159533e-08 -0.966104805
vn -0.258161396 -8.411957e-08 -0.966101825
vn 0.258164495 8.41205789e-08 -0.966100991
vn 0.258151203 8.41162446e-08 -0.966104627
vn 0.707452595 2.3051706e-07 -0.706760883
vn 0.707105815 -0.00134498661 -0.707106471
vn 0.966104329 3.14796409e-07 -0.258152008
vn 0.966100872 3.14795273e-07 -0.258164793
vn 0.966100991 3.14795301e-07 0.258164406
vn 0.966104388 3.14796409e-07 0.25815171
vn -0.670884013 0.719555974 -0.179315194
vn -0.671161413 0.719212472 -0.179654405
vn 0.454636663 0.707468629 0.541104019
vn 0.454568356 0.707516789 0.541098416
vn -0.454458237 0.707573295 0.541117191
vn -0.541122019 0.707531631 0.454517394
vn -0.454488128 0.707554281 0.541117072
vn -3.25841e-07 1 -3.36947014e-05
vn -3.25841e-07 1 3.34391989e-05
vn -3.25841e-07 1 8.98206054e-06
vn -3.25841e-07 1 -8.98208054e-06
vn -3.25841e-07 1 2.59389003e-06
vn 0.70710659 -0.00113046961 -0.707106113
vn 0.966005802 3.14764293e-07 -0.258520693
vn 0.966003597 3.14763582e-07 -0.258529007
vn 0.965899527 3.14729675e-07 0.258917212
vn 0.965879381 1.04587102e-07 0.258992493
vn 0.706324279 2.30149411e-07 0.707888424
vn 0.707746804 2.30612926e-07 0.706466317
vn 0.258516788 8.42353671e-08 0.966006815
vn 0.258526504 8.42385361e-08 0.966004312
vn -0.25852409 -8.42377474e-08 0.966004789
vn -0.258515209 -8.42348555e-08 0.966007173
vn -0.706331611 -2.30151798e-07 0.707881212
vn -0.707030416 0.00126374559 0.707182109
vn -0.965902507 -4.80316373e-08 0.258906007
vn -0.965900421 -3.14729959e-07 0.258913904
vn -0.966004074 -3.14763724e-07 -0.258526504
vn -0.966006577 -3.14764549e-07 -0.258517504
vn -0.707106709 -0.00113093038 -0.707105994
vn -0.258651406 -8.4279236e-08 -0.965970695
vn -0.258650988 -8.42790939e-08 -0.965970874
vn 0.258528501 8.42391827e-08 -0.966003716
vn 0.258520991 8.42367385e-08 -0.966005683
vn 0.179253563 0.719568133 -0.670887411
vn 0.490727156 0.720091283 -0.490566611
vn 0.490624875 0.720135152 -0.490604609
vn 0.670608342 0.719737947 -0.179615498
vn 0.67090857 0.719570458 -0.179165199
vn 0.670807838 0.719602048 0.1794153
vn 0.671130657 0.719239831 0.179660007
vn 0.490606755 0.720145404 0.490607589
vn 0.490617961 0.720130503 0.49061811
vn 0.179601058 0.71974498 0.670604825
vn 0.179488957 0.719807863 0.670567274
vn -0.17950654 0.719752848 0.670621514
vn -0.179487243 0.719822526 0.670552015
vn -0.490570039 0.720195532 0.490570605
vn -0.490603238 0.7201491 0.490605503
vn -0.670547962 0.719827533 0.179481804
vn -0.670563459 0.719784379 0.179597303
vn -0.670618057 0.719755769 -0.179508001
vn -0.670584619 0.719763756 -0.179600894
vn -0.490573227 0.720228195 -0.490519404
vn -0.490417153 0.720245898 -0.490649492
vn -0.179662436 0.719717622 -0.67061758
vn -0.179661438 0.719722211 -0.670612872
vn -0.179493934 0.719740748 -0.670637906
vn -0.179496735 0.719731212 -0.670647383
vn 0.179849565 0.719610572 -0.670682371
vn -0.707106113 0.00118202763 0.707106471
vn -0.258941203 -3.25765654e-07 0.96589309
vn -0.707106411 0.00128937559 0.707106113
vn -3.25841e-07 1 3.14230965e-05
vn -3.25841e-07 1 -3.36473968e-05
vn -3.25841e-07 1 7.6799206e-06
vn -3.25841e-07 1 3.19069004e-05
vn -3.25841e-07 1 -3.98455995e-06
vn -3.25841e-07 1 -1.18365997e-05
vn -3.25841e-07 1 -6.53519965e-05
vn -3.25841e-07 1 3.85786989e-05
vn -3.25841e-07 1 -1.5608799e-05
vn -3.25841e-07 1 3.85771964e-05
vn -3.25841e-07 1 -1.12960006e-05
vn -0.258745611 -8.43099315e-08 0.965945482
vn 0.179617167 0.719674587 -0.670675993
vn 0.490624964 0.720119894 -0.490626812
vn 0.490626276 0.720116258 -0.490630805
vn -3.25841e-07 1 -1.58077e-06
vn 0.670643985 0.719687223 -0.179686204
vn 0.670639932 0.719695151 -0.179668799
vn -0.965957999 5.64313041e-08 0.258699089
vn -0.965898871 -3.14729448e-07 0.258919686
vn -0.965940475 -3.14743005e-07 -0.258764297
vn -0.965860486 -3.14716942e-07 -0.259063005
vn -0.70711273 -0.0014091644 -0.707099497
vn -0.707735717 -2.30609317e-07 -0.706477284
vn -0.258151114 -8.41162162e-08 -0.966104627
vn -0.258164614 -8.41206145e-08 -0.96610111
vn 0.258161396 8.411957e-08 -0.966101825
vn 0.258149594 8.41157188e-08 -0.966104984
vn 0.706426203 2.30182621e-07 -0.707786679
vn 0.707105815 -0.00129122264 -0.70710659
vn 0.96610111 3.14795358e-07 0.258164495
vn 0.966104388 3.14796409e-07 0.258151799
vn 0.707141519 0.00135361333 0.707070827
vn 0.707091093 0.0014198334 0.707121015
vn 0.258539885 1.25386423e-05 0.966000676
vn 0.258542001 -1.24291564e-05 0.96600008
vn -0.179603338 0.719731212 -0.670618773
vn 0.179594159 0.719676375 -0.670680106
vn -0.541071415 0.707666099 0.454368114
vn -0.611484647 0.708010137 0.353282213
vn -0.866356909 -2.82294593e-07 -0.499425411
vn -0.866286814 -2.8227177e-07 -0.499547094
vn -0.939700425 -3.06192931e-07 -0.341998905
vn -0.939699888 -3.0619276e-07 -0.342000395
vn -0.984798729 -3.20887807e-07 -0.173699707
vn -0.984798729 -3.20887807e-07 -0.173699394
vn -1 -3.25841e-07 -6.99923021e-07
vn -1 -3.25841e-07 -7.09429969e-07
vn -0.984798312 -3.20887665e-07 0.173701793
vn -0.984798372 -3.20887693e-07 0.173701495
vn -0.939698875 -3.06192419e-07 0.342002988
vn -0.939699411 -3.0619259e-07 0.342001408
vn -0.86645329 -2.82325999e-07 0.49925819
vn -0.866199672 -2.82243377e-07 0.499698013
vn -0.765875399 -4.74090598e-07 0.64298898
vn -0.766204298 -2.49660786e-07 0.642597079
vn -0.642602026 -2.09386087e-07 0.766200185
vn -0.642994285 -1.43568997e-08 0.765870988
vn -0.499690711 -1.62819717e-07 0.866203904
vn -0.499691993 -1.62820143e-07 0.866203189
vn -0.342001706 -1.11438176e-07 0.939699411
vn -0.34200269 -1.11438496e-07 0.939699113
vn -0.173701197 -5.65989708e-08 0.984798491
vn -0.173702493 -5.65993936e-08 0.984798312
vn 0.173702493 5.65993936e-08 0.984798312
vn 0.173701301 5.65990064e-08 0.984798372
vn 0.342002809 1.11438538e-07 0.939698875
vn 0.342001885 1.11438233e-07 0.939699173
vn 0.49941951 1.62731354e-07 0.866360307
vn 0.499417692 1.62730757e-07 0.86636132
vn 0.643065989 2.09537262e-07 0.765810788
vn 0.643063903 2.0953658e-07 0.765812576
vn 0.765645027 2.49478546e-07 0.643263519
vn 0.765643716 2.4947812e-07 0.643265009
vn 0.866393387 2.82306502e-07 0.49936229
vn 0.866461813 -3.83211187e-07 0.499243408
vn 0.939766407 6.25487417e-07 0.341817707
vn 0.939654827 3.06178066e-07 0.342123806
vn 0.984976411 3.20945702e-07 0.172689006
vn 1 3.25841e-07 -6.97542021e-07
vn 1 3.25841e-07 -7.09429969e-07
vn 0.984976828 3.20945844e-07 -0.172686994
vn 0.984976828 3.20945844e-07 -0.172686905
vn 0.694800735 0.708806932 -0.121838897
vn 0.706426084 0.707786858 0
vn 0.706487656 0.707725465 0
vn 0.695065439 0.708453059 0.122385897
vn 0.694937289 0.708636463 0.122052297
vn 0.663878858 0.707785666 0.241462797
vn 0.66370374 0.708046615 0.241178796
vn 0.611574471 0.708100796 0.352944791
vn 0.179634556 0.719667435 -0.670678914
vn 0.490641147 0.720087349 -0.490658194
vn 0.490604371 0.720073283 -0.490715891
vn 0.670664549 0.719646811 -0.179770902
vn 0.670614839 0.719702661 -0.179732695
vn 0.67065829 0.719660759 0.179739103
vn 0.670689762 0.719618142 0.179791704
vn 0.490621269 0.720104277 0.490653187
vn 0.490603864 0.720059097 0.49073711
vn 0.179504067 0.71944958 0.670947671
vn 0.179834157 0.719386578 0.670926809
vn -0.17910324 0.719395459 0.671112716
vn -0.179619938 0.719461441 0.670903802
vn -0.490705729 0.720034301 0.490671396
vn -0.490649253 0.720093846 0.490640789
vn -0.671194136 0.719219565 0.179504007
vn -0.670585811 0.719788551 0.179496706
vn 0.353361964 0.707806408 0.611674309
vn 0.353242874 0.707922697 0.611608505
vn 0.241276771 0.707907677 0.663816512
vn 0.241322383 0.707989037 0.663712978
vn 0.122326069 0.708523631 0.695003927
vn 0.122205168 0.70842737 0.695123374
vn -2.30659069e-07 0.707888424 0.706324279
vn -2.30625048e-07 0.707783997 0.706429005
vn -0.122585334 0.708805323 0.694671094
vn -0.122326933 0.708523631 0.695003927
vn -0.241195127 0.707877815 0.663878024
vn -0.24139753 0.707961261 0.663715601
vn -0.352797329 0.708102584 0.611657619
vn -0.352924138 0.708070397 0.611621618
vn -3.25841e-07 1 4.07663993e-06
vn 0.67063427 0.719687164 0.179722995
vn 0.67060858 0.719746709 0.179580107
vn 0.490599453 0.720141351 0.490620613
vn 0.490630358 0.720093906 0.490659714
vn 0.179605559 0.719642162 0.670713902
vn 0.179102361 0.719395161 0.671113312
vn -0.179480642 0.719668269 0.670719206
vn -0.179625541 0.719676316 0.670671821
vn -0.490612626 0.720140934 0.490608186
vn -0.490638942 0.720093548 0.490651399
vn -0.670720816 0.719637036 0.179599702
vn -0.671116352 0.719391286 0.179106504
vn -0.670921266 0.71939075 -0.179837793
vn -0.670748711 0.719636142 -0.179499194
vn -0.490621448 0.720125496 -0.490621895
vn -0.490653753 0.720086336 -0.490647107
vn -0.179616436 0.719685256 -0.670664728
vn -0.611574531 0.70810014 0.352946103
vn -0.663712144 0.707964182 0.241397694
vn -0.663801968 0.707936943 0.241230994
vn -0.694798529 0.708656967 0.122720502
vn -0.694672048 0.708804548 0.122584596
vn -0.706454754 0.707758248 0
vn -0.706426561 0.707786381 0
vn -0.69489634 0.708606184 -0.122460298
vn -0.694796622 0.708658874 -0.1227208
vn -0.663723052 0.707972884 -0.241342202
vn -0.663831651 0.707925677 -0.241182104
vn -0.611545742 0.708022833 -0.353150904
vn -0.611516058 0.708019495 -0.353209108
vn -3.25841e-07 1 -1.67196995e-05
vn -0.258518785 -8.42360208e-08 0.966006279
vn -0.706550598 -2.30223151e-07 0.707662582
vn -0.707106709 -0.00108741841 0.707106113
vn -0.966006696 -3.14764577e-07 0.258517206
vn -0.966004312 -3.1476381e-07 0.258526504
vn -0.966004908 -3.14764009e-07 -0.258523792
vn -0.966007173 -3.14764748e-07 -0.258515507
vn -0.706519127 -2.30212905e-07 -0.707694113
vn -0.706524909 -2.30214781e-07 -0.707688272
vn -3.25841e-07 1 3.34391007e-05
vn -3.25841e-07 1 8.98204962e-06
vn -3.25841e-07 1 -4.49103027e-06
vn 0.258528501 8.42391827e-08 0.966003716
vn -0.2585271 -8.4238728e-08 0.966004074
vn -0.179498941 0.719775558 0.670599222
vn -0.49060744 0.720145524 0.490606487
vn -0.179601833 0.719742656 0.670606971
vn -0.490617841 0.720130801 0.490617692
vn -0.670584559 0.719765365 0.179594502
vn -0.670525551 0.719848573 0.179481402
vn -0.670620263 0.719754457 -0.179505199
vn -0.670563161 0.71981138 -0.179490194
vn -0.490602642 0.720150948 -0.490603298
vn -0.490567446 0.720199347 -0.490567595
vn -0.179546133 0.719744623 -0.670619786
vn -0.258644402 -8.42769481e-08 -0.965972602
vn -0.258643597 -8.42766852e-08 -0.9659729
vn 0.258525699 8.42382732e-08 -0.966004491
vn 0.258516699 8.42353387e-08 -0.966006815
vn 0.707105994 0.00143539044 -0.707106173
vn 0.707106113 0.0013918794 -0.707106173
vn 0.966006517 3.1476452e-07 -0.25851801
vn 0.966004074 3.14763724e-07 -0.2585271
vn 0.966003597 3.14763582e-07 0.258528888
vn 0.966005921 3.1476435e-07 0.258520305
vn 0.707106113 -0.00143492967 0.707106113
vn 0.707107008 -0.000956543605 0.707105875
vn 0.258520991 8.42367385e-08 0.966005683
vn 0.17948696 0.719822943 0.670551479
vn 0.179505467 0.719754636 0.670619905
vn -3.25841e-07 1 5.37827e-05
vn 0.258150101 8.41158894e-08 -0.966104925
vn 0.707105517 0.00129162439 -0.707106888
vn 0.258136511 8.41114556e-08 -0.966108501
vn 0.707104802 0.00129144534 -0.707107723
vn 0.966104388 3.14796409e-07 -0.258151799
vn -3.25841e-07 1 -6.17245969e-05
vn -3.25841e-07 1 1.63367986e-05
vn -3.25841e-07 1 3.18735001e-05
vn -3.25841e-07 1 8.23781011e-06
vn -3.25841e-07 1 -6.37937992e-05
vn -3.25841e-07 1 6.53702009e-05
vn -0.179547533 0.719733953 -0.670630872
vn -0.179460436 0.719737351 -0.670650482
vn 0.179504856 0.719754755 -0.670620024
vn -0.17945914 0.719742358 -0.670645714
vn 0.179499358 0.719777644 -0.670596778
vn 0.49060297 0.720151603 -0.490602314
vn 0.490603268 0.720153868 -0.490598589
vn 0.670627654 0.719737053 -0.179547697
vn 0.670968473 0.719580829 -0.178898901
vn 0.670614541 0.719760656 0.179501504
vn 0.670379579 0.720015824 0.179356202
vn 0.490622371 0.720122993 0.490624785
vn 0.490615755 0.720134854 0.490613908
vn -3.25841e-07 1 -4.17216006e-06
vn -0.258134902 -8.41109369e-08 -0.966108978
vn -0.258146912 -8.41148449e-08 -0.966105819
vn 0.179504856 0.719241381 0.671170592
vn -0.179626137 0.71960932 0.670743525
vn 0.179548055 0.719728172 0.670637012
vn -0.179463431 0.719607055 0.67078948
vn -0.490652442 0.720082343 0.490654409
vn -0.490631044 0.720112741 0.490631193
vn -0.670680642 0.719689071 0.179542199
vn 0.966100991 3.14795301e-07 -0.258164406
vn 0.966100872 3.14795273e-07 0.258164793
vn 0.966104329 3.14796409e-07 0.258152008
vn 0.707144022 -0.00135023159 0.707068324
vn 0.707177281 -0.00130803161 0.707035124
vn 0.258634508 -1.24247263e-05 0.965975404
vn 0.258633196 1.25342722e-05 0.965975702
vn -0.258803487 -6.61975832e-07 0.965929985
vn -3.25841e-07 1 -4.13680982e-06
vn -3.25841e-07 1 3.41751002e-05
vn -3.25841e-07 1 8.05469972e-06
vn -3.25841e-07 1 3.35588993e-05
vn -3.25841e-07 1 -6.3003994e-05
vn -0.707107902 0.00140226656 -0.707104325
vn -0.707032621 0.00121159165 -0.707180023
vn 0.49062866 0.720100105 0.490651995
vn 0.490662247 0.720033884 0.490715593
vn -0.541087925 0.707585096 -0.454474807
vn -0.541089654 0.707526743 -0.454563588
vn -0.765810072 -2.4953232e-07 -0.643067002
vn -0.765811384 -2.49532746e-07 -0.643065274
vn -3.25841e-07 1 2.70539999e-06
vn -3.25841e-07 1 2.70538999e-06
vn -3.25841e-07 1 -1.3527e-06
vn -3.25841e-07 1 2.71041017e-06
vn -3.25841e-07 1 -2.70668011e-06
vn -3.25841e-07 1 -2.02905017e-06
vn 0.866410971 2.82312214e-07 -0.499331504
vn 0.939719796 3.0619924e-07 -0.341945708
vn 0.866433322 2.8231949e-07 -0.49929291
vn 0.939766586 3.06214474e-07 -0.341816902
vn 0.663642585 0.708182216 -0.240949094
vn 0.694934964 0.70863843 -0.122053601
vn -3.25841e-07 1 -3.25541987e-06
vn -3.25841e-07 1 -5.87588011e-06
vn -3.25841e-07 1 3.25539986e-06
vn -3.25841e-07 1 -1.6268101e-06
vn -3.25841e-07 1 1.07914993e-05
vn -3.25841e-07 1 -5.86996975e-06
vn -3.25841e-07 1 -3.53950009e-06
vn -3.25841e-07 1 -2.59296985e-06
vn -3.25841e-07 1 7.23581991e-07
vn -3.25841e-07 1 4.07062998e-07
vn -3.25841e-07 1 -4.06929018e-07
vn -3.25841e-07 1 1.62647996e-06
vn -3.25841e-07 1 -7.33911008e-07
vn -3.25841e-07 1 -1.5574501e-06
vn -3.25841e-07 1 -1.95869984e-06
vn -3.25841e-07 1 3.84728992e-06
vn -3.25841e-07 1 3.53018004e-06
vn -3.25841e-07 1 -2.93563016e-06
vn -3.25841e-07 1 1.62824995e-06
vn -3.25841e-07 1 2.94011988e-06
vn -0.670702815 0.719682276 0.179486305
vn -0.671116948 0.71939069 -0.179106593
vn -0.670910716 0.719453275 -0.179626703
vn -0.490654945 0.720097601 -0.490629405
vn -0.490665644 0.720088601 -0.490631789
vn -0.179687038 0.719669819 -0.670662284
vn -0.179606736 0.719620764 -0.670736611
vn 0.179641157 0.719709933 -0.670631528
vn -0.258945614 -8.43750954e-08 0.965892017
vn -0.707105517 -0.00107502041 0.707107306
vn -0.707106113 -0.00139736233 0.707106113
vn -0.965888321 -3.14726009e-07 0.258959115
vn -0.96596837 -3.147521e-07 0.258660287
vn -0.965954721 -3.14747666e-07 -0.258711815
vn -0.965972006 -3.14753294e-07 -0.258647114
vn 0.670645475 0.719693363 0.179655999
vn 0.670631051 0.719726443 0.179577202
vn -0.45447135 0.707599282 -0.541072309
vn -0.454447925 0.707632005 -0.541049182
vn -0.643269598 -2.09603613e-07 -0.765639901
vn -0.643271029 -2.09604082e-07 -0.765638709
vn -0.499322712 -1.62699806e-07 -0.866416097
vn -0.499323308 -1.62700005e-07 -0.866415799
vn -3.25841e-07 1 -2.70250985e-06
vn -3.25841e-07 1 1.3527e-06
vn -0.173191607 -5.64329277e-08 -0.984888077
vn -4.51653978e-05 -1.47167382e-11 -1
vn 2.76416995e-06 9.00679921e-13 -1
vn -2.88336992e-06 -9.39520163e-13 -1
vn 4.51728993e-05 1.47191825e-11 -1
vn 0.173191607 5.64329277e-08 -0.984888315
vn -3.25841e-07 1 -2.70751002e-06
vn -3.25841e-07 1 2.70738997e-06
vn -3.25841e-07 1 -3.3843898e-07
vn 0.765251219 2.49350222e-07 -0.643731773
vn 0.765250206 2.49349881e-07 -0.643733203
vn 0.541086376 0.707577884 -0.45448789
vn 0.61152488 0.707997561 -0.353237599
vn 0.541105986 0.707553506 -0.454502493
vn -3.25841e-07 1 -3.34395008e-05
vn 0.2585271 8.4238728e-08 0.966004074
vn 0.258518785 8.42360208e-08 0.966006279
vn -0.258526593 -8.42385646e-08 0.966004074
vn -3.25841e-07 1 3.34386968e-05
vn -3.25841e-07 1 8.98206963e-06
vn -3.25841e-07 1 -8.98202052e-06
vn -3.25841e-07 1 1.29694001e-06
vn 0.706555605 2.30224785e-07 -0.707657516
vn 0.966007173 3.14764748e-07 -0.258515507
vn 0.706549823 2.30222895e-07 -0.707663417
vn 0.966004908 3.14764009e-07 -0.258523792
vn 0.966004312 3.1476381e-07 0.258526504
vn 0.966006696 3.14764577e-07 0.258517206
vn 0.706673801 2.30263296e-07 0.707539678
vn 0.707106113 -0.00139141863 0.707106113
vn 0.490609765 0.720108569 0.490658492
vn 0.179598957 0.71974808 0.670601904
vn 0.179602668 0.719741166 0.670608401
vn -0.179505944 0.719753444 0.670620978
vn -0.179486737 0.719824851 0.670549691
vn -0.258519113 -8.42361274e-08 0.966006219
vn -0.707105994 -0.00147884234 0.707105994
vn -0.707106113 -0.00147884234 0.707105994
vn -0.966006517 -3.1476452e-07 0.258517802
vn -0.966004491 -3.14763867e-07 0.258525699
vn -0.966004729 -3.14763952e-07 -0.258524597
vn -0.966007411 -3.14764833e-07 -0.258515
vn -0.707106173 0.00139141863 -0.707106113
vn -0.707106173 0.00130439561 -0.707106173
vn -0.258643687 -8.42767207e-08 -0.965972781
vn -0.258644491 -8.42769765e-08 -0.965972722
vn 0.258523285 8.42374845e-08 -0.966005027
vn 0.25851509 8.42348129e-08 -0.966007173
vn 0.179494262 0.719804585 -0.670569479
vn 0.490756869 0.72029227 -0.490241706
vn 0.490462154 0.720272601 -0.490565389
vn 0.67073369 0.719572246 -0.179811999
vn 0.670858264 0.719622314 -0.179144904
vn 0.670677662 0.71961236 0.179860204
vn 0.670887649 0.719565213 0.179264307
vn 0.490377069 0.72050029 0.490316004
vn -3.25841e-07 1 1.79331983e-05
vn 0.258146912 8.41148449e-08 -0.966105819
vn -0.25815329 -8.41169268e-08 -0.966103971
vn 0.258602411 8.42632701e-08 -0.965983927
vn -3.25841e-07 1 -1.18410999e-05
vn -3.25841e-07 1 -6.53749958e-05
vn -0.490591943 0.72016573 0.49059251
vn -0.490625232 0.720121026 0.490624607
vn -0.670630455 0.719719291 0.179608002
vn -0.670593143 0.719781876 0.179496706
vn -0.670631528 0.719743252 -0.179508299
vn -0.67056644 0.719808161 -0.179490894
vn -0.490615427 0.720134497 -0.490614802
vn -0.490603149 0.720151424 -0.490602314
vn -0.179574341 0.719724715 -0.670633614
vn -0.17956154 0.71974206 -0.670618415
vn -0.17945914 0.719742537 -0.670645297
vn -0.179461733 0.719733059 -0.670654774
vn 0.179506555 0.719764173 -0.670609474
vn -3.25841e-07 1 3.18909006e-05
vn -3.25841e-07 1 -1.53680994e-05
vn -3.25841e-07 1 6.15440949e-05
vn -0.965863883 -3.14718051e-07 -0.259050488
vn -0.707068205 0.0012543276 -0.70714432
vn -0.707032621 0.00121176965 -0.707180083
vn -0.258138895 -8.41122372e-08 -0.966107905
vn 0.179407567 0.719624341 0.670785904
vn -0.17950514 0.719238162 0.671173871
vn -0.179839045 0.719424963 0.670884311
vn -0.490635753 0.720109046 0.490631789
vn -0.490664244 0.72006923 0.490661711
vn 0.707105815 0.00107639143 -0.707106888
vn 0.707106113 0.0013991514 -0.707106113
vn -3.25841e-07 1 3.08609997e-05
vn -3.25841e-07 1 -7.80477967e-06
vn -3.25841e-07 1 6.67300992e-05
vn -3.25841e-07 1 -3.14953977e-05
vn -3.25841e-07 1 6.69059009e-05
vn -3.25841e-07 1 -1.16989995e-05
vn -0.2590487 -8.44086898e-08 0.965864301
vn -0.258800298 -8.43277448e-08 0.965930879
vn -0.707106471 -0.00129001436 0.707105875
vn -0.707106173 -0.00139754137 0.707106113
vn -0.965892315 -3.14727316e-07 0.258944005
vn -0.965931118 -3.14739964e-07 0.258799702
vn -0.965929627 -3.14739481e-07 -0.258804798
vn 0.670678079 0.719646931 0.179720104
vn 0.490629971 0.720096171 0.490656495
vn 0.490615755 0.72013545 0.490613014
vn 0.179640368 0.719229162 0.671147525
vn 0.61165607 0.707889497 -0.353227198
vn 0.663791656 0.707918227 -0.241314203
vn -3.25841e-07 1 1.01785008e-06
vn -0.66357851 0.708055437 0.241497502
vn -0.694770217 0.708728135 0.122469097
vn -0.663816214 0.707927644 0.241218597
vn -0.694715261 0.708775878 0.122505099
vn -0.706430018 0.707782865 1.22708997e-07
vn -0.706385016 0.707827747 0
vn -0.694792449 0.708723485 -0.1223711
vn -0.695088327 0.708443582 -0.122311398
vn -0.663457453 0.708129585 -0.241613001
vn -0.663554728 0.708056033 -0.241560996
vn -0.611490965 0.708096027 -0.353099197
vn -0.611434042 0.708116293 -0.353157014
vn -0.541083157 0.707538247 -0.454553515
vn -0.541085064 0.707538724 -0.454550505
vn -0.45451504 0.707595587 -0.54104048
vn -0.454484552 0.707585275 -0.541079402
vn -0.353208542 0.707938492 -0.611610174
vn -0.353174835 0.708009958 -0.611546695
vn -0.241294727 0.707915545 -0.66380161
vn -0.241307929 0.707919717 -0.663792193
vn -0.122294031 0.70846802 -0.695066273
vn -0.122290529 0.70855242 -0.694980919
vn -2.30646918e-07 0.707851112 -0.706361711
vn -2.30637653e-07 0.70782268 -0.706390202
vn 0.122313671 0.708475173 -0.695055723
vn 0.122309871 0.708490849 -0.695040286
vn 0.241314977 0.707934082 -0.663774371
vn 0.241204381 0.707924366 -0.663824916
vn 0.353063464 0.708104312 -0.611501813
vn 0.353128672 0.70811373 -0.611453414
vn 0.454606175 0.707490206 -0.541101515
vn 0.454705566 0.707404435 -0.541130126
vn 0.541066647 0.707591355 -0.454490304
vn 0.541020572 0.707713068 -0.454355687
vn 0.611498475 0.708106458 -0.353065014
vn 0.611448169 0.708117008 -0.353130907
vn 0.663788438 0.707918525 -0.241321906
vn 0.663823247 0.707927942 -0.241198704
vn 0.695063174 0.708471417 -0.1222931
vn 0.695041239 0.708489716 -0.1223104
vn 0.706379771 0.707833052 0
vn 0.706412673 0.707800329 0
vn 0.695098877 0.708434165 0.122306198
vn 0.695083082 0.708450556 0.1223002
vn 0.663718462 0.707880318 0.241626501
vn 0.66356957 0.708055437 0.241521999
vn 0.611667991 0.707869709 0.353246003
vn 0.611560166 0.707973361 0.353225112
vn 0.541223288 0.707452953 0.454519391
vn 0.541108489 0.707559288 0.454490602
vn -3.25841e-07 1 -3.52602001e-06
vn -3.25841e-07 1 -7.69458984e-06
vn 0.179622561 0.719717145 -0.670628726
vn 0.490594149 0.720158458 -0.490600705
vn 0.490656972 0.720081508 -0.490651011
vn 0.670634747 0.719704211 -0.179652005
vn 0.670634091 0.719687343 -0.179722294
vn -3.25841e-07 1 -2.03831996e-06
vn -0.353213131 0.708004355 -0.611531079
vn -0.353351325 0.708104193 -0.611335695
vn -0.241182119 0.708040714 -0.663708925
vn -0.241296127 0.707912743 -0.663804114
vn -0.341817886 -5.10686277e-07 -0.939766288
vn -0.341775805 -1.11364571e-07 -0.939781606
vn -0.172687903 -5.62687994e-08 -0.984976709
vn -0.121840633 0.70880425 -0.694803178
vn -2.30625247e-07 0.707784593 -0.706428409
vn -2.30616379e-07 0.707757413 -0.706455588
vn 0.122076072 0.708628178 -0.694941401
vn 0.172688007 5.62688314e-08 -0.984976709
vn 0.341775805 1.11364571e-07 -0.939781487
vn 0.341818213 1.11378391e-07 -0.939766109
vn 0.499412805 1.62729165e-07 -0.8663643
vn 0.499331713 -5.64380287e-07 -0.866410971
vn 0.643201113 2.09581287e-07 -0.76569742
vn 0.643270671 2.09603954e-07 -0.765638888
vn 0.454499155 0.707558215 -0.541102529
vn 0.454416066 0.707663119 -0.541035116
vn -3.25841e-07 1 1.57968998e-06
vn -0.670787513 0.719608665 0.179464504
vn -0.670711756 0.719633877 0.179646894
vn 0.966104388 3.14796409e-07 -0.25815171
vn 0.96610111 3.14795358e-07 -0.258164495
vn 0.707142889 -0.00135207956 0.707069397
vn 0.707064211 -0.00145400362 0.707148015
vn 0.258545697 1.25386441e-05 0.965999007
vn 0.258547693 -1.24291546e-05 0.96599859
vn -0.179630637 0.719693661 -0.670651793
vn 0.179765567 0.719651639 -0.670660794
vn 0.179797158 0.719680369 -0.670621514
vn 0.490662247 0.720064402 -0.49067089
vn 0.490632176 0.720108449 -0.490636289
vn 0.670694888 0.719591439 -0.179879606
vn 0.670639575 0.719696939 -0.179663703
vn 0.670646548 0.719703615 0.179610595
vn -3.25841e-07 1 5.85336011e-06
vn -3.25841e-07 1 4.06547031e-07
vn -0.611791253 0.707718611 0.35333541
vn -0.611640811 0.707908034 0.353216201
vn -0.866531312 -2.82351436e-07 0.499122709
vn -0.866457403 -2.82327335e-07 0.499251187
vn -0.939536214 -3.06139412e-07 0.342449903
vn -0.939536095 -3.06139384e-07 0.342450202
vn -0.984807193 -3.20890564e-07 0.173651204
vn -0.984807312 -3.20890592e-07 0.173651099
vn -1 -3.25841e-07 0
vn -0.984831095 -3.20898351e-07 -0.173515707
vn -0.984831214 -3.2089838e-07 -0.173515603
vn -0.939583302 -3.0615476e-07 -0.342320591
vn -0.939583302 -3.0615476e-07 -0.3423208
vn -0.866482079 -2.82335378e-07 -0.499208003
vn -0.866506517 -2.82343336e-07 -0.499165714
vn -0.765960276 -2.49581262e-07 -0.642888129
vn -0.7659567 -2.49580097e-07 -0.642892182
vn -0.642649412 -2.09401534e-07 -0.766160607
vn -0.642645597 -2.09400284e-07 -0.766163707
vn -0.499471903 -1.62748421e-07 -0.866330206
vn -0.499467701 -1.62747057e-07 -0.86633271
vn -0.341999501 -1.11437458e-07 -0.939700127
vn -0.341994494 -1.11435831e-07 -0.939701915
vn -0.173658505 -5.6585062e-08 -0.984806001
vn -0.173654005 -5.65835947e-08 -0.984806716
vn -1.00806083e-05 2.91900942e-05 -1
vn -1.10789988e-05 -4.17550336e-06 -1
vn 1.1086513e-05 -4.16968978e-05 -1
vn 0.173518404 5.65394096e-08 -0.984830678
vn 1.00731995e-05 4.17550291e-06 -1
vn 0.173522905 5.65408769e-08 -0.984829903
vn 0.341865093 1.11393661e-07 -0.939749122
vn 0.341870397 1.11395394e-07 -0.939747214
vn 0.49946779 1.62747085e-07 -0.866332471
vn 0.499342889 1.62706385e-07 -0.866404414
vn 0.642934203 2.09494317e-07 -0.765921414
vn 0.642937601 2.09495425e-07 -0.765918612
vn 0.765918374 2.4956762e-07 -0.642937899
vn 0.765921474 2.49568615e-07 -0.642934203
vn 0.866406322 2.82310708e-07 -0.499339998
vn 0.866430879 5.91201683e-07 -0.499297202
vn 0.939748228 3.06208506e-07 -0.341867507
vn 0.939748228 3.06208506e-07 -0.341867685
vn 0.984831095 3.20898351e-07 -0.173515707
vn 0.984831214 3.2089838e-07 -0.173515603
vn 1 3.25841e-07 0
vn 0.984807193 3.20890564e-07 0.173651204
vn 0.984807312 3.20890592e-07 0.173651099
vn 0.93970108 3.0619313e-07 0.341996908
vn 0.939701021 3.0619313e-07 0.341997087
vn 0.866406322 -9.69930625e-09 0.499339998
vn 0.866406024 2.82310594e-07 0.499340385
vn 0.766163111 2.49647343e-07 0.642646313
vn 0.766160071 2.49646376e-07 0.64264971
vn 0.642892003 2.09480575e-07 0.765956819
vn 0.643155396 2.09566394e-07 0.765735805
vn 0.454495162 0.707574844 0.54108417
vn 0.454524249 0.707543314 0.541100919
vn 0.353098363 0.708093703 0.611494005
vn -3.25841e-07 1 3.61630015e-07
vn -3.25841e-07 1 2.61158993e-06
vn -3.25841e-07 1 -4.06977989e-07
vn -3.25841e-07 1 1.46781997e-06
vn -0.122297332 0.708464921 -0.695068896
vn -3.25841e-07 1 3.01678983e-06
vn -3.25841e-07 1 -1.55713997e-06
vn -0.695189953 0.718826234 4.42977989e-06
vn -0.601737142 0.719221592 -0.347322494
vn -0.601777434 0.719156206 -0.34738791
vn -0.347383648 0.719163895 -0.601770818
vn -0.34739244 0.71914959 -0.60178262
vn -2.34196648e-07 0.718745172 -0.695273578
vn -4.12851136e-07 0.718792677 -0.695224524
vn 0.347395957 0.719159424 -0.601768911
vn 0.347252071 0.719113529 -0.601907015
vn 0.601771772 0.719219863 -0.347265899
vn 0.601652384 0.719259679 -0.347390205
vn 0.69530499 0.718714833 1.11858003e-06
vn -3.25841e-07 1 -1.1635799e-06
vn 0.122052766 0.708638489 -0.694935024
vn 0.240950182 0.708181083 -0.663643479
vn 0.241315871 0.707918644 -0.663790584
vn 0.353216261 0.708015025 -0.611517072
vn 0.353485674 0.707797229 -0.611613512
vn -0.670917153 0.719394863 -0.179836601
vn -0.671193838 0.719219863 -0.179504007
vn -0.490664333 0.720092237 -0.490627706
vn -0.490671724 0.720091343 -0.490621805
vn -0.179741144 0.719662547 -0.670655727
vn -3.25841e-07 1 -3.83622e-06
vn -3.25841e-07 1 3.53531004e-06
vn -0.541206121 0.707462192 0.454525411
vn -0.541201234 0.707472205 0.454515487
vn -0.765814781 -5.35710853e-07 0.643061221
vn -0.766201675 -2.49659934e-07 0.642600179
vn -3.25841e-07 1 -9.6875101e-07
vn -3.25841e-07 1 1.43497005e-06
vn -3.25841e-07 1 -1.43581997e-06
vn -3.25841e-07 1 1.43622992e-06
vn -3.25841e-07 1 -1.43504997e-06
vn -3.25841e-07 1 1.43562011e-06
vn -3.25841e-07 1 -1.43604007e-06
vn -3.25841e-07 1 1.93749997e-06
vn -3.25841e-07 1 -7.1780704e-07
vn -3.25841e-07 1 -1.93556002e-06
vn -3.25841e-07 1 7.17804994e-07
vn -3.25841e-07 1 -1.79347992e-07
vn -3.25841e-07 1 3.5891901e-07
vn -3.25841e-07 1 4.83800989e-07
vn -3.25841e-07 1 -4.84298994e-07
vn -3.25841e-07 1 -7.1804601e-07
vn -3.25841e-07 1 1.43474006e-06
vn -3.25841e-07 1 -4.84287e-07
vn -3.25841e-07 1 -1.43508009e-06
vn -3.25841e-07 1 1.93730989e-06
vn -3.25841e-07 1 -1.43603006e-06
vn -3.25841e-07 1 -1.93686992e-06
vn -3.25841e-07 1 7.17923058e-07
vn -3.25841e-07 1 1.07631001e-06
vn -3.25841e-07 1 -7.17318017e-07
vn 0.499426305 1.62733571e-07 0.866356373
vn 0.499507993 1.62760188e-07 0.866309404
vn 0.353155255 0.708113134 0.611438692
vn 0.241272584 0.707956135 0.663766205
vn 0.241562277 0.708059072 0.663551092
vn 0.122290872 0.708249569 0.695289612
vn -3.25841e-07 1 -8.13396014e-07
vn -3.25841e-07 1 8.50049946e-06
vn -3.25841e-07 1 -4.49951995e-06
vn -3.25841e-07 1 -4.25024973e-06
vn -3.25841e-07 1 -5.35147001e-06
vn -3.25841e-07 1 1.85654994e-06
vn -3.25841e-07 1 1.31638001e-06
vn -3.25841e-07 1 -1.44736009e-06
vn -3.25841e-07 1 3.4607101e-06
vn -0.353217244 0.707925856 0.611619592
vn -0.454490751 0.707556009 0.541112602
vn -0.454514146 0.707677186 0.540934324
vn -0.6426 -2.09385433e-07 0.766201913
vn -0.642603874 -2.09386684e-07 0.766198575
vn -3.25841e-07 1 9.67482038e-07
vn -3.25841e-07 1 7.1780704e-07
vn -0.454477727 0.707592905 0.541075289
vn -0.541129768 0.707515597 0.4545331
vn -0.45453313 0.707511306 0.54113549
vn -0.541114151 0.707542896 0.454509109
vn -0.611401916 0.708168447 0.353107899
vn -0.611202717 0.708444595 0.352898806
vn -0.663686335 0.708054185 0.241204903
vn -0.663870156 0.707885861 0.241192907
vn -0.695038259 0.708463073 0.122482799
vn -0.695043743 0.708451569 0.122517698
vn -0.706390142 0.70782274 1.72868999e-06
vn -0.706430018 0.707782865 -4.47630981e-07
vn -0.695036232 0.708451986 -0.122558497
vn -0.695061624 0.708434641 -0.122514002
vn -0.663784862 0.707960665 -0.241208196
vn -0.663724065 0.708021879 -0.241195902
vn -0.611508012 0.708028793 -0.35320431
vn -0.611481845 0.708058119 -0.353190809
vn -0.541083038 0.707524002 -0.454575509
vn -0.541073143 0.707599223 -0.454470485
vn -0.454478741 0.707574785 -0.541098118
vn -0.45445475 0.70761621 -0.541064024
vn -0.353272945 0.707944095 -0.611566424
vn -0.352869838 0.708363056 -0.611313879
vn -0.241198018 0.708041549 -0.663702428
vn -0.241207719 0.707931757 -0.663815975
vn -0.122312434 0.708690464 -0.694836318
vn -0.122297831 0.708468735 -0.695065022
vn -7.66958067e-07 0.707830071 -0.706382811
vn -2.30633418e-07 0.707809687 -0.706403196
vn 0.122305468 0.708464682 -0.695067883
vn 0.122306466 0.708454549 -0.695078015
vn 0.241227373 0.70800668 -0.663728774
vn 0.241230577 0.708014369 -0.663719475
vn 0.353256464 0.707967401 -0.611548901
vn 0.353182554 0.7079826 -0.611573875
vn 0.454506069 0.707560241 -0.541094124
vn 0.454506963 0.707541943 -0.541117311
vn 0.541118681 0.707538784 -0.454510391
vn 0.541076958 0.707594693 -0.45447281
vn 0.611369371 0.708273351 -0.352953613
vn 0.611522853 0.708009779 -0.353216499
vn 0.66365099 0.708088219 -0.241202205
vn 0.663734376 0.708008528 -0.241206795
vn 0.694989741 0.708539844 -0.122313701
vn 0.694909573 0.70861274 -0.122346804
vn 0.706345379 0.707867444 1.39905001e-06
vn 0.706360877 0.707852066 1.08492998e-06
vn 0.694991648 0.708538413 0.122311398
vn 0.695006371 0.708524942 0.122306101
vn 0.663817048 0.707930326 0.241208702
vn 0.663650274 0.708088338 0.241203904
vn 0.611306071 0.708445191 0.352718502
vn 0.611348689 0.708402753 0.352729797
vn 0.541097283 0.707576156 0.454477608
vn 0.541046679 0.707647383 0.454426914
vn 0.454602063 0.707493544 0.5411008
vn 0.454463571 0.707607627 0.541067779
vn 0.353239954 0.707970917 0.611554503
vn 0.353177667 0.708076596 0.611468017
vn 0.241204977 0.707968652 0.663777471
vn 0.241196871 0.708039582 0.663704872
vn -3.25841e-07 1 3.58850002e-07
vn -3.25841e-07 1 9.6824499e-07
vn 0.342322797 1.11542803e-07 0.939582527
vn 0.342317998 1.1154124e-07 0.939584315
vn 0.173517406 5.65390863e-08 0.984830797
vn 0.1735131 5.6537683e-08 0.984831572
vn 0.122206166 0.708330631 0.695221901
vn -1.01438232e-07 0.707888901 0.706323922
vn -2.30628658e-07 0.707795084 0.706417918
vn -0.122468032 0.708725512 0.694773197
vn -0.122191131 0.708370268 0.695184112
vn -0.24106133 0.707885146 0.663918912
vn -0.241144121 0.707901418 0.663871288
vn -0.353202432 0.707941055 0.611610711
vn -0.499206185 -6.72254828e-07 0.866483271
vn -0.499253511 -1.62677267e-07 0.866455972
vn -3.25841e-07 1 -7.17752982e-07
vn -0.353217453 0.708000302 0.611533403
vn -0.353048742 0.708364189 0.611209393
vn -0.241194129 0.708005667 0.663742125
vn -0.342078805 -0.000491889426 0.939671218
vn -0.341968894 -0.000195704415 0.939711273
vn -0.499959201 -0.00100438192 0.866048515
vn -0.499881893 -0.00143126992 0.866092503
vn -0.642989516 -0.000141953511 0.765875101
vn -0.642944276 -0.000466507481 0.765912771
vn -0.765750587 -5.89447154e-05 0.643137813
vn -0.765929103 -0.000502281589 0.642924905
vn -0.86603862 -0.000981824123 0.499976307
vn -0.866049886 -0.00114802923 0.499956399
vn -0.939703524 6.33443051e-05 0.341990411
vn -0.939752221 -0.0004913382 0.341856092
vn -0.984844804 -0.000487253885 0.1734377
vn -0.984855592 -0.00124993199 0.173372298
vn -1 -0.00052091683 5.94800986e-05
vn -1 -0.000520773872 5.93489967e-05
vn -0.984827578 -0.000515001884 -0.173534796
vn -0.984835804 -0.00101395696 -0.173485994
vn -0.939690888 -0.000491688203 -0.342024595
vn -0.939771175 -0.000521530223 -0.341803908
vn -0.866051614 -0.00108878221 -0.499953598
vn -0.866108477 -0.00159214321 -0.4998537
vn -0.765714705 -1.93877022e-05 -0.64318049
vn -0.765924394 -0.000495894579 -0.642930508
vn -0.642662406 -0.00049687142 -0.766149521
vn -0.643113196 -8.51554505e-05 -0.76577121
vn -0.499894798 -0.00144432287 -0.866084874
vn -0.499915302 -0.00101820985 -0.866073728
vn -0.342078 -0.000521407463 -0.939671516
vn -0.342167586 -0.000533274433 -0.939638793
vn -0.1735356 -0.000930438458 -0.98482722
vn -0.173422605 -0.00104152749 -0.984847009
vn -3.69404734e-05 -0.000994898961 -0.999999583
vn -2.2172575e-05 -0.000994864968 -0.999999583
vn 3.8832728e-05 -0.00100338401 -0.999999583
vn -2.43920731e-05 -0.000999849057 -0.999999583
vn 0.173406899 -0.00117659848 -0.984849572
vn 0.173712894 -0.000537366373 -0.984796286
vn 0.34205091 -0.000533054525 -0.939681411
vn 0.342143714 -0.000520955538 -0.939647496
vn 0.499895006 -0.00146241509 -0.866084874
vn 0.499871105 -0.00112046313 -0.866099119
vn 0.64305079 -9.64693609e-05 -0.765823603
vn 0.643003106 -0.000211568477 -0.765863717
vn 0.765922785 -0.000217343433 -0.642932594
vn 0.765868604 -0.000220225455 -0.642997205
vn 0.866089702 -0.00112552976 -0.499887288
vn 0.866086125 -0.00131137681 -0.499893188
vn 0.939697504 -0.000175738809 -0.342006803
vn 0.939659595 -0.000532815815 -0.342110515
vn 0.984832823 -0.00110367604 -0.173502907
vn 0.984853327 -0.0012107261 -0.173385501
vn 0.999999225 -0.0012982802 -2.17934976e-05
vn 0.999999225 -0.0012980412 -2.16679e-05
vn 0.984835804 -0.00103370007 0.173485905
vn 0.984850824 -0.00107220409 0.173400506
vn 0.939703405 4.6121695e-05 0.341990501
vn 0.939627588 -0.000520764792 0.34219861
vn 0.866112113 -0.000867787807 0.4998492
vn 0.86608237 -0.00110073376 0.499900013
vn 0.765870512 -0.00019829144 0.642994821
vn 0.765876472 -0.000140333446 0.642987907
vn 0.642898917 -0.000288128504 0.765951097
vn 0.642939687 -0.000536627485 0.765916705
vn 0.49991101 -0.00133259618 0.866075873
vn 0.499919087 -0.00119085715 0.866071403
vn 0.342017502 -0.000521011476 0.939693511
vn 0.341799706 -0.000491656596 0.939772785
vn 0.173439205 -0.000827576441 0.984844208
vn -5.26082022e-06 -0.000521296985 1
vn 0.1734301 -0.00103062659 0.984845579
vn 0.122684166 0.708436072 0.695030272
vn 0.122168072 0.708473265 0.695083201
vn -3.25841e-07 1 -3.5891901e-07
vn -3.25841e-07 1 -4.83800989e-07
vn -0.1736487 -5.65818645e-08 0.98480773
vn -0.173653007 -5.65832678e-08 0.984807014
vn -0.3424474 -1.11583404e-07 0.939536989
vn -0.3424519 -1.11584868e-07 0.939535379
vn -3.25841e-07 1 -2.42060992e-07
vn -0.24120082 0.707951367 0.663797617
vn -0.12268243 0.708465159 0.695000887
vn -0.173402399 -0.00111364946 0.984850407
vn -0.173468798 -0.000515538501 0.984839201
vn 1.90400669e-07 -0.00101482798 0.999999583
vn -1.53526878e-06 0.707856715 0.706356108
vn 3.62197966e-07 0.707783818 0.706429183
vn -3.25841e-07 1 4.84126986e-07
vn -0.12268123 0.708451629 0.695014775

# Mesh 'wrist-3_001-mesh' with 1390 faces
g wrist-3_001-mesh
usemtl Metal_Alu_Brushed_002_COLOR_0
f  1/1/1 2/2/2 3/3/1
f  2/4/3 4/5/3 3/6/3
f  5/7/4 3/6/4 6/8/4
f  3/6/5 4/5/5 6/8/5
f  6/9/6 4/10/7 7/11/6
f  7/11/8 4/10/9 8/12/10
f  8/12/11 4/10/9 9/13/12
f  4/5/13 2/4/13 9/14/13
f  10/15/5 9/14/5 11/16/5
f  9/14/5 2/4/5 11/16/5
f  11/17/14 2/2/15 12/18/16
f  2/2/17 1/1/18 12/18/19
f  12/19/20 1/20/21 13/21/22
f  13/21/22 1/20/21 14/22/23
f  14/22/23 1/20/21 15/23/24
f  1/1/25 3/3/25 15/24/26
f  3/3/27 5/25/27 15/24/28
f  15/26/29 5/27/30 16/28/31
f  5/27/32 6/29/33 16/28/34
f  6/9/35 7/11/35 16/30/36
f  16/31/37 7/32/38 17/33/39
f  17/33/39 7/32/38 18/34/40
f  18/34/40 7/32/38 19/35/41
f  7/32/38 8/36/42 19/35/41
f  19/35/41 8/36/42 20/37/43
f  20/37/43 8/36/42 21/38/44
f  8/12/45 9/13/46 21/39/47
f  9/13/48 10/40/49 21/39/49
f  21/41/50 10/42/51 22/43/52
f  10/42/53 11/44/54 22/43/55
f  11/17/56 12/18/57 22/45/58
f  22/46/59 12/19/20 23/47/60
f  23/47/60 12/19/20 24/48/61
f  12/19/20 13/21/22 24/48/61
f  24/48/61 13/21/22 25/49/62
f  25/49/62 13/21/22 26/50/63
f  13/21/22 14/22/23 26/50/63
f  26/50/63 14/22/23 27/51/64
f  14/22/23 15/23/24 27/51/64
f  27/51/64 15/23/24 28/52/65
f  15/23/24 16/31/37 28/52/65
f  28/52/65 16/31/37 29/53/66
f  16/31/37 17/33/39 29/53/66
f  29/53/66 17/33/39 30/54/67
f  17/33/39 18/34/40 30/54/67
f  30/54/67 18/34/40 31/55/68
f  18/34/40 19/35/41 31/55/68
f  31/55/68 19/35/41 32/56/69
f  19/35/41 20/37/43 32/56/69
f  32/56/69 20/37/43 33/57/70
f  20/37/43 21/38/44 33/57/70
f  33/57/70 21/38/44 34/58/71
f  21/38/44 22/46/59 34/58/71
f  34/58/71 22/46/59 35/59/72
f  22/46/59 23/47/60 35/59/72
f  35/59/72 23/47/60 36/60/73
f  23/47/60 24/48/61 36/60/73
f  24/48/61 25/49/62 36/60/73
f  36/61/74 25/62/75 37/63/76
f  37/63/76 25/62/75 38/64/77
f  25/62/75 26/65/78 38/64/77
f  38/64/77 26/65/78 39/66/79
f  26/65/78 27/67/80 39/66/79
f  39/66/79 27/67/80 40/68/81
f  27/67/80 28/69/82 40/68/81
f  40/68/81 28/69/82 41/70/83
f  28/69/82 29/71/84 41/70/83
f  41/70/83 29/71/84 42/72/85
f  29/71/84 30/73/86 42/72/85
f  42/72/85 30/73/86 43/74/87
f  30/73/86 31/75/88 43/74/87
f  43/74/87 31/75/88 44/76/89
f  31/75/88 32/77/90 44/76/89
f  44/76/89 32/77/90 45/78/91
f  32/77/90 33/79/92 45/78/91
f  45/78/91 33/79/92 46/80/93
f  33/79/92 34/81/94 46/80/93
f  46/82/95 34/83/96 47/84/97
f  34/83/96 35/85/98 47/84/97
f  47/84/97 35/85/98 48/86/99
f  35/85/98 36/61/74 48/86/99
f  36/61/74 37/63/76 48/86/99
f  48/86/5 37/63/5 49/87/5
f  49/87/5 37/63/5 50/88/5
f  37/63/100 38/64/100 50/88/100
f  50/88/5 38/64/5 51/89/5
f  38/64/101 39/66/101 51/89/101
f  51/89/102 39/66/102 52/90/102
f  39/66/5 40/68/5 52/90/5
f  52/90/103 40/68/103 53/91/103
f  40/68/5 41/70/5 53/91/5
f  53/91/5 41/70/5 54/92/5
f  41/70/104 42/72/104 54/92/104
f  54/92/105 42/72/105 55/93/105
f  42/72/5 43/74/5 55/93/5
f  55/93/5 43/74/5 56/94/5
f  43/74/106 44/76/106 56/94/106
f  56/94/5 44/76/5 57/95/5
f  44/76/107 45/78/107 57/95/107
f  57/95/5 45/78/5 58/96/5
f  45/78/5 46/80/5 58/96/5
f  58/97/108 46/82/108 59/98/108
f  46/82/109 47/84/109 59/98/109
f  59/98/5 47/84/5 60/99/5
f  47/84/110 48/86/110 60/99/110
f  48/86/5 49/87/5 60/99/5
f  60/99/111 49/87/112 61/100/113
f  61/100/113 49/87/112 62/101/114
f  49/87/112 50/88/115 62/101/114
f  62/101/114 50/88/115 63/102/116
f  50/88/115 51/89/117 63/102/116
f  63/102/116 51/89/117 64/103/118
f  51/89/117 52/90/119 64/103/118
f  64/103/118 52/90/119 65/104/120
f  52/90/119 53/91/121 65/104/120
f  65/104/120 53/91/121 66/105/122
f  53/91/121 54/92/123 66/105/122
f  66/105/122 54/92/123 67/106/124
f  54/92/123 55/93/125 67/106/124
f  67/106/124 55/93/125 68/107/126
f  55/93/125 56/94/127 68/107/126
f  68/107/126 56/94/127 69/108/128
f  56/94/127 57/95/129 69/108/128
f  69/108/128 57/95/129 70/109/130
f  57/95/129 58/96/131 70/109/130
f  70/110/132 58/97/133 71/111/134
f  58/97/133 59/98/135 71/111/134
f  71/111/134 59/98/135 72/112/136
f  59/98/135 60/99/111 72/112/136
f  60/99/111 61/100/113 72/112/136
f  73/113/137 74/114/138 75/115/139
f  75/116/140 74/117/140 76/118/140
f  76/118/140 74/117/140 77/119/140
f  74/117/140 78/120/140 77/119/140
f  77/119/140 78/120/140 79/121/140
f  78/120/140 80/122/140 79/121/140
f  80/122/140 81/123/140 79/121/140
f  79/121/140 81/123/140 82/124/140
f  81/123/140 83/125/140 82/124/140
f  82/124/140 83/125/140 84/126/140
f  84/126/140 83/125/140 85/127/140
f  85/128/141 83/129/142 86/130/143
f  86/130/143 83/129/142 87/131/144
f  83/129/142 81/132/145 87/131/144
f  87/133/146 81/134/147 88/135/148
f  81/134/147 80/136/149 88/135/148
f  80/136/149 78/137/150 88/135/148
f  88/135/148 78/137/150 89/138/151
f  78/139/152 74/114/138 89/140/153
f  74/114/138 73/113/137 89/140/153
f  89/141/154 73/142/155 90/143/156
f  90/143/156 73/142/155 91/144/157
f  91/144/157 73/142/155 92/145/158
f  73/113/137 75/115/139 92/146/159
f  75/115/139 76/147/160 92/146/159
f  92/146/159 76/147/160 93/148/161
f  76/147/160 77/149/162 93/148/161
f  93/148/161 77/149/162 94/150/163
f  77/151/164 79/152/165 94/153/166
f  94/153/166 79/152/165 95/154/167
f  95/154/167 79/152/165 96/155/168
f  79/152/165 82/156/169 96/155/168
f  96/157/170 82/158/170 97/159/171
f  82/158/170 84/160/172 97/159/171
f  97/159/171 84/160/172 98/161/173
f  84/160/172 85/128/141 98/161/173
f  85/128/141 86/130/143 98/161/173
f  98/162/174 86/163/175 99/164/176
f  99/164/176 86/163/175 100/165/177
f  86/163/175 87/166/178 100/165/177
f  100/165/177 87/166/178 101/167/179
f  87/166/178 88/168/180 101/167/179
f  88/168/180 89/141/154 101/167/179
f  89/141/154 90/143/156 101/167/179
f  102/169/181 103/170/182 104/171/183
f  105/172/184 106/173/184 107/174/184
f  107/174/140 106/173/140 108/175/140
f  109/176/185 110/177/185 111/178/185
f  110/177/140 112/179/140 111/178/140
f  111/178/140 112/179/140 113/180/140
f  113/180/140 112/179/140 114/181/140
f  112/179/186 115/182/186 114/181/186
f  114/181/187 115/182/187 116/183/187
f  115/182/140 108/175/140 116/183/140
f  108/175/188 106/173/188 116/183/188
f  116/184/189 106/185/190 117/186/191
f  117/186/191 106/185/190 118/187/192
f  106/185/190 105/188/193 118/187/192
f  118/187/192 105/188/193 119/189/194
f  105/188/193 107/190/195 119/189/194
f  119/189/194 107/190/195 120/191/196
f  107/190/195 108/192/197 120/191/196
f  120/191/196 108/192/197 121/193/198
f  108/192/197 115/194/199 121/193/198
f  121/193/198 115/194/199 122/195/200
f  115/194/199 112/196/201 122/195/200
f  122/195/200 112/196/201 123/197/202
f  112/196/201 110/198/203 123/197/202
f  123/197/202 110/198/203 124/199/204
f  110/198/203 109/200/205 124/199/204
f  124/199/204 109/200/205 125/201/206
f  109/200/205 111/202/207 125/201/206
f  125/201/206 111/202/207 126/203/208
f  111/202/207 113/204/209 126/203/208
f  126/203/208 113/204/209 127/205/210
f  113/204/209 114/206/211 127/205/210
f  127/205/210 114/206/211 128/207/212
f  114/206/211 116/208/213 128/207/212
f  116/184/189 117/186/191 128/209/189
f  128/209/214 117/186/215 129/210/216
f  129/210/216 117/186/215 130/211/217
f  117/186/215 118/187/218 130/211/217
f  130/211/217 118/187/218 131/212/219
f  118/187/218 119/189/220 131/212/219
f  131/212/219 119/189/220 132/213/221
f  119/189/220 120/191/222 132/213/221
f  132/213/221 120/191/222 133/214/223
f  120/191/222 121/193/224 133/214/223
f  133/214/223 121/193/224 134/215/225
f  121/193/224 122/195/226 134/215/225
f  134/215/225 122/195/226 135/216/227
f  122/195/226 123/197/228 135/216/227
f  135/216/227 123/197/228 136/217/229
f  123/197/228 124/199/230 136/217/229
f  136/217/229 124/199/230 137/218/231
f  124/199/230 125/201/232 137/218/231
f  137/218/231 125/201/232 138/219/233
f  125/201/232 126/203/234 138/219/233
f  138/219/233 126/203/234 139/220/235
f  126/203/234 127/205/236 139/220/235
f  139/220/235 127/205/236 140/221/237
f  127/205/236 128/207/238 140/221/237
f  128/207/238 129/222/239 140/221/237
f  140/221/240 129/222/240 141/223/240
f  142/224/241 141/225/242 143/226/243
f  141/227/140 129/210/140 143/228/140
f  129/210/244 130/211/244 143/228/244
f  143/228/140 130/211/140 144/229/140
f  130/211/245 131/212/245 144/229/245
f  144/229/140 131/212/140 145/230/140
f  131/212/246 132/213/246 145/230/246
f  145/230/140 132/213/140 146/231/140
f  132/213/140 133/214/140 146/231/140
f  146/231/140 133/214/140 147/232/140
f  133/214/140 134/215/140 147/232/140
f  147/232/247 134/215/247 148/233/247
f  134/215/248 135/216/248 148/233/248
f  148/233/140 135/216/140 149/234/140
f  135/216/249 136/217/249 149/234/249
f  149/234/140 136/217/140 150/235/140
f  136/217/250 137/218/250 150/235/250
f  150/235/140 137/218/140 151/236/140
f  137/218/251 138/219/251 151/236/251
f  151/236/140 138/219/140 152/237/140
f  138/219/140 139/220/140 152/237/140
f  152/237/140 139/220/140 153/238/140
f  139/220/140 140/221/140 153/238/140
f  140/221/252 141/223/252 153/238/252
f  153/239/253 141/240/254 154/241/255
f  141/240/254 142/242/256 154/241/255
f  154/243/257 142/244/258 155/245/259
f  104/171/140 155/245/140 156/246/140
f  155/245/259 142/244/258 156/246/260
f  156/246/260 142/244/258 157/247/261
f  142/224/241 143/226/243 157/248/262
f  143/226/243 144/249/263 157/248/262
f  157/248/262 144/249/263 158/250/264
f  144/249/263 145/251/265 158/250/264
f  158/250/264 145/251/265 159/252/266
f  145/251/265 146/253/267 159/252/266
f  159/252/266 146/253/267 160/254/268
f  146/253/267 147/255/269 160/254/268
f  160/254/268 147/255/269 161/256/270
f  147/255/269 148/257/271 161/256/270
f  161/256/270 148/257/271 162/258/272
f  148/257/271 149/259/273 162/258/272
f  162/258/272 149/259/273 163/260/274
f  149/259/273 150/261/275 163/260/274
f  163/260/274 150/261/275 164/262/276
f  150/261/275 151/263/277 164/262/276
f  164/262/276 151/263/277 165/264/278
f  151/263/277 152/265/279 165/264/278
f  165/264/278 152/265/279 166/266/280
f  152/265/279 153/239/253 166/266/280
f  153/239/253 154/241/255 166/266/280
f  166/267/281 154/243/257 167/268/282
f  154/243/257 155/245/259 167/268/282
f  167/268/140 155/245/140 168/269/140
f  155/245/140 104/171/140 168/269/140
f  104/171/183 103/170/182 168/269/283
f  168/269/283 103/170/182 169/270/284
f  170/271/285 171/272/286 172/273/287
f  173/274/288 174/275/288 175/276/288
f  175/276/140 174/275/140 176/277/140
f  174/275/140 177/278/140 176/277/140
f  178/279/289 179/280/289 180/281/289
f  179/280/140 181/282/140 180/281/140
f  180/281/140 181/282/140 182/283/140
f  181/282/140 183/284/140 182/283/140
f  182/283/290 183/284/290 184/285/290
f  183/284/291 176/277/291 184/285/291
f  176/277/292 177/278/292 184/285/292
f  184/286/293 177/287/294 185/288/193
f  185/288/193 177/287/294 186/289/295
f  177/287/294 174/290/296 186/289/295
f  186/289/295 174/290/296 187/291/297
f  174/290/296 173/292/298 187/291/297
f  187/291/297 173/292/298 188/293/299
f  173/292/298 175/294/300 188/293/299
f  188/293/299 175/294/300 189/295/301
f  175/294/300 176/296/302 189/295/301
f  189/295/301 176/296/302 190/297/303
f  176/296/302 183/298/304 190/297/303
f  190/297/303 183/298/304 191/299/305
f  183/298/304 181/300/306 191/299/305
f  191/299/305 181/300/306 192/301/307
f  181/300/306 179/302/308 192/301/307
f  192/301/307 179/302/308 193/303/309
f  179/302/308 178/304/210 193/303/309
f  193/303/309 178/304/210 194/305/310
f  178/304/210 180/306/311 194/305/310
f  194/305/310 180/306/311 195/307/312
f  180/308/189 182/309/313 195/310/189
f  195/310/189 182/309/313 196/311/314
f  182/309/313 184/286/293 196/311/314
f  184/286/293 185/288/193 196/311/314
f  196/311/315 185/288/316 197/312/317
f  197/312/317 185/288/316 198/313/318
f  185/288/316 186/289/319 198/313/318
f  198/313/318 186/289/319 199/314/320
f  186/289/319 187/291/321 199/314/320
f  199/314/320 187/291/321 200/315/322
f  187/291/321 188/293/323 200/315/322
f  200/315/322 188/293/323 201/316/324
f  188/293/323 189/295/325 201/316/324
f  201/316/324 189/295/325 202/317/326
f  189/295/325 190/297/327 202/317/326
f  202/317/326 190/297/327 203/318/328
f  190/297/327 191/299/329 203/318/328
f  203/318/328 191/299/329 204/319/330
f  191/299/329 192/301/331 204/319/330
f  204/319/330 192/301/331 205/320/332
f  192/301/331 193/303/333 205/320/332
f  205/320/332 193/303/333 206/321/334
f  193/303/333 194/305/335 206/321/334
f  206/321/334 194/305/335 207/322/336
f  194/305/335 195/307/337 207/322/336
f  207/323/338 195/310/339 208/324/340
f  195/310/339 196/311/315 208/324/340
f  196/311/315 197/312/317 208/324/340
f  208/324/140 197/312/140 209/325/140
f  210/326/341 209/327/342 211/328/343
f  209/325/344 197/312/344 211/329/344
f  197/312/345 198/313/345 211/329/345
f  211/329/346 198/313/346 212/330/346
f  198/313/140 199/314/140 212/330/140
f  212/330/140 199/314/140 213/331/140
f  199/314/140 200/315/140 213/331/140
f  213/331/347 200/315/347 214/332/347
f  200/315/140 201/316/140 214/332/140
f  214/332/348 201/316/348 215/333/348
f  201/316/140 202/317/140 215/333/140
f  215/333/349 202/317/349 216/334/349
f  202/317/350 203/318/350 216/334/350
f  216/334/351 203/318/351 217/335/351
f  203/318/140 204/319/140 217/335/140
f  217/335/352 204/319/352 218/336/352
f  204/319/140 205/320/140 218/336/140
f  218/336/140 205/320/140 219/337/140
f  205/320/140 206/321/140 219/337/140
f  219/337/353 206/321/353 220/338/353
f  206/321/140 207/322/140 220/338/140
f  220/338/354 207/322/354 221/339/354
f  207/323/140 208/324/140 221/340/140
f  208/324/140 209/325/140 221/340/140
f  221/341/242 209/327/342 222/342/355
f  209/327/342 210/326/341 222/342/355
f  222/343/356 210/344/357 223/345/358
f  172/273/359 223/345/359 224/346/359
f  223/345/358 210/344/357 224/346/360
f  224/346/360 210/344/357 225/347/361
f  210/326/341 211/328/343 225/348/362
f  211/328/343 212/349/363 225/348/362
f  225/348/362 212/349/363 226/350/364
f  212/349/363 213/351/365 226/350/364
f  226/350/364 213/351/365 227/352/366
f  213/351/365 214/353/367 227/352/366
f  227/352/366 214/353/367 228/354/368
f  214/353/367 215/355/369 228/354/368
f  228/354/368 215/355/369 229/356/370
f  215/355/369 216/357/371 229/356/370
f  229/356/370 216/357/371 230/358/372
f  216/357/371 217/359/373 230/358/372
f  230/358/372 217/359/373 231/360/277
f  217/359/373 218/361/278 231/360/277
f  231/360/277 218/361/278 232/362/374
f  218/361/278 219/363/375 232/362/374
f  232/362/374 219/363/375 233/364/376
f  219/363/375 220/365/377 233/364/376
f  233/364/376 220/365/377 234/366/378
f  220/365/377 221/367/379 234/366/378
f  221/341/242 222/342/355 234/368/241
f  234/369/380 222/343/356 235/370/381
f  222/343/356 223/345/358 235/370/381
f  235/370/140 223/345/140 236/371/140
f  223/345/140 172/273/140 236/371/140
f  172/273/287 171/272/286 236/371/382
f  236/371/382 171/272/286 237/372/383
f  238/373/384 239/374/385 240/375/386
f  239/374/385 241/376/387 240/375/386
f  240/375/386 241/376/387 242/377/388
f  241/376/387 243/378/389 242/377/388
f  243/378/389 244/379/390 242/377/388
f  242/377/388 244/379/390 245/380/391
f  245/380/391 244/379/390 246/381/392
f  244/379/390 247/382/393 246/381/392
f  247/382/393 248/383/394 246/381/392
f  246/381/392 248/383/394 249/384/395
f  248/383/394 237/385/396 249/384/395
f  249/384/395 237/385/396 250/386/397
f  237/385/396 171/387/398 250/386/397
f  250/386/397 171/387/398 251/388/399
f  171/387/398 170/389/400 251/388/399
f  251/388/399 170/389/400 252/390/401
f  170/389/400 253/391/402 252/390/401
f  252/390/401 253/391/402 254/392/403
f  253/391/402 255/393/404 254/392/403
f  254/392/403 255/393/404 256/394/405
f  255/393/404 257/395/406 256/394/405
f  256/394/405 257/395/406 258/396/407
f  257/395/406 259/397/5 258/396/407
f  258/396/407 259/397/5 260/398/5
f  260/398/5 259/397/5 261/399/408
f  259/397/5 262/400/409 261/399/408
f  261/399/408 262/400/409 263/401/410
f  262/400/409 264/402/411 263/401/410
f  263/401/410 264/402/411 265/403/412
f  264/402/411 266/404/413 265/403/412
f  265/403/412 266/404/413 267/405/414
f  266/404/413 169/406/415 267/405/414
f  267/405/414 169/406/415 268/407/416
f  169/406/415 103/408/417 268/407/416
f  268/407/416 103/408/417 269/409/418
f  103/408/417 102/410/419 269/409/418
f  269/409/418 102/410/419 270/411/420
f  102/410/419 271/412/421 270/411/420
f  270/411/420 271/412/421 272/413/422
f  271/412/421 273/414/422 272/413/422
f  273/414/422 274/415/423 272/413/422
f  272/413/422 274/415/423 275/416/424
f  275/416/424 274/415/423 276/417/425
f  276/417/425 274/415/423 277/418/426
f  277/419/427 274/420/428 278/421/429
f  274/420/428 273/422/430 278/421/429
f  278/421/429 273/422/430 279/423/431
f  273/422/430 271/424/432 279/423/431
f  279/423/431 271/424/432 280/425/433
f  271/424/432 102/169/181 280/425/433
f  280/425/433 102/169/181 281/426/434
f  102/169/181 104/171/183 281/426/434
f  104/171/140 156/246/140 281/426/140
f  281/426/140 156/246/140 282/427/140
f  156/246/260 157/247/261 282/427/435
f  157/247/261 158/428/436 282/427/435
f  282/427/435 158/428/436 283/429/437
f  158/428/436 159/430/438 283/429/437
f  283/429/437 159/430/438 284/431/439
f  159/430/438 160/432/440 284/431/439
f  284/431/439 160/432/440 285/433/441
f  160/432/440 161/434/442 285/433/441
f  285/433/441 161/434/442 286/435/443
f  161/434/442 162/436/444 286/435/443
f  286/435/443 162/436/444 287/437/445
f  162/436/444 163/438/446 287/437/445
f  287/437/445 163/438/446 288/439/447
f  163/438/446 164/440/448 288/439/447
f  288/439/447 164/440/448 289/441/449
f  164/440/448 165/442/450 289/441/449
f  289/441/449 165/442/450 290/443/451
f  165/442/450 166/267/281 290/443/451
f  166/267/281 167/268/282 290/443/451
f  290/443/140 167/268/140 291/444/140
f  167/268/140 168/269/140 291/444/140
f  168/269/283 169/270/284 291/444/452
f  169/270/284 266/445/453 291/444/452
f  291/444/452 266/445/453 292/446/454
f  266/445/453 264/447/455 292/446/454
f  292/446/454 264/447/455 293/448/456
f  264/447/455 262/449/457 293/448/456
f  293/448/456 262/449/457 294/450/458
f  262/449/457 259/451/459 294/450/458
f  259/451/459 257/452/460 294/450/458
f  294/450/458 257/452/460 295/453/461
f  257/452/460 255/454/462 295/453/461
f  295/453/461 255/454/462 296/455/463
f  255/454/462 253/456/464 296/455/463
f  296/455/463 253/456/464 297/457/465
f  253/456/464 170/271/285 297/457/465
f  170/271/285 172/273/287 297/457/465
f  172/273/466 224/346/466 297/457/466
f  297/457/140 224/346/140 298/458/140
f  224/346/360 225/347/361 298/458/467
f  225/347/361 226/459/468 298/458/467
f  298/458/467 226/459/468 299/460/469
f  226/459/468 227/461/470 299/460/469
f  299/460/469 227/461/470 300/462/471
f  227/461/470 228/463/472 300/462/471
f  300/462/471 228/463/472 301/464/473
f  228/463/472 229/465/474 301/464/473
f  301/464/473 229/465/474 302/466/475
f  229/465/474 230/467/476 302/466/475
f  302/466/475 230/467/476 303/468/477
f  230/467/476 231/469/478 303/468/477
f  303/468/477 231/469/478 304/470/479
f  231/469/478 232/471/480 304/470/479
f  304/470/479 232/471/480 305/472/481
f  232/471/480 233/473/482 305/472/481
f  305/472/481 233/473/482 306/474/483
f  233/473/482 234/369/380 306/474/483
f  234/369/380 235/370/381 306/474/483
f  306/474/140 235/370/140 307/475/140
f  235/370/140 236/371/140 307/475/140
f  236/371/382 237/372/383 307/475/484
f  307/475/484 237/372/383 308/476/485
f  237/372/383 248/477/486 308/476/485
f  308/476/485 248/477/486 309/478/487
f  248/477/486 247/479/488 309/478/487
f  309/478/487 247/479/488 310/480/489
f  247/479/488 244/481/490 310/480/489
f  244/481/490 243/482/491 310/480/489
f  310/480/489 243/482/491 311/483/492
f  243/482/491 241/484/493 311/483/492
f  311/483/492 241/484/493 312/485/494
f  241/484/493 239/486/495 312/485/494
f  312/485/494 239/486/495 313/487/496
f  314/488/140 315/489/140 316/490/140
f  315/489/497 317/491/497 316/490/497
f  316/492/498 317/493/499 318/494/500
f  318/494/500 317/493/499 319/495/501
f  317/493/499 315/496/502 319/495/501
f  319/495/501 315/496/502 320/497/503
f  315/496/502 314/498/504 320/497/503
f  320/497/503 314/498/504 321/499/505
f  321/499/505 314/498/504 322/500/506
f  323/501/507 324/502/507 325/503/507
f  324/502/140 326/504/140 325/503/140
f  325/503/140 326/504/140 327/505/140
f  327/505/140 326/504/140 328/506/140
f  326/504/508 322/507/508 328/506/508
f  328/506/509 322/507/509 329/508/509
f  322/507/140 314/488/140 329/508/140
f  314/488/140 316/490/140 329/508/140
f  329/509/510 316/492/498 330/510/511
f  316/492/498 318/494/500 330/510/511
f  330/510/512 318/494/513 331/511/514
f  332/512/140 331/511/140 333/512/140
f  331/511/514 318/494/513 333/512/515
f  318/494/513 319/495/516 333/512/515
f  333/512/515 319/495/516 334/513/517
f  319/495/516 320/497/518 334/513/517
f  334/513/517 320/497/518 335/514/519
f  320/497/518 321/499/520 335/514/519
f  335/514/519 321/499/520 336/515/521
f  336/515/521 321/499/520 337/516/522
f  321/499/505 322/500/506 337/516/523
f  322/500/506 326/517/524 337/516/523
f  337/518/189 326/519/189 338/520/525
f  326/519/189 324/521/526 338/520/525
f  338/520/525 324/521/526 339/522/527
f  324/521/526 323/523/528 339/522/527
f  339/522/527 323/523/528 340/524/529
f  323/523/528 325/525/530 340/524/529
f  340/524/529 325/525/530 341/526/531
f  325/525/530 327/527/532 341/526/531
f  341/526/531 327/527/532 342/528/533
f  327/527/532 328/529/534 342/528/533
f  342/528/533 328/529/534 343/530/535
f  328/529/534 329/509/510 343/530/535
f  329/509/510 330/510/511 343/530/535
f  343/530/536 330/510/512 344/531/537
f  330/510/512 331/511/514 344/531/537
f  344/531/538 331/511/538 345/511/538
f  331/511/140 332/512/140 345/511/140
f  345/532/539 332/533/540 346/534/541
f  346/534/541 332/533/540 347/535/542
f  347/535/542 332/533/540 348/536/543
f  332/512/544 333/512/544 348/513/544
f  333/512/545 334/513/545 348/513/545
f  348/513/140 334/513/140 349/514/140
f  334/513/140 335/514/140 349/514/140
f  349/514/546 335/514/546 350/515/546
f  335/514/547 336/515/547 350/515/547
f  350/515/548 336/515/548 351/537/548
f  351/537/549 336/515/549 352/537/549
f  336/515/521 337/516/522 352/537/550
f  337/518/551 338/520/552 352/538/553
f  352/538/553 338/520/552 353/539/554
f  338/520/552 339/522/555 353/539/554
f  353/539/554 339/522/555 354/540/556
f  339/522/555 340/524/557 354/540/556
f  354/540/556 340/524/557 355/541/558
f  340/524/557 341/526/559 355/541/558
f  355/541/558 341/526/559 356/542/560
f  341/526/559 342/528/561 356/542/560
f  356/542/560 342/528/561 357/543/562
f  342/528/561 343/530/536 357/543/562
f  343/530/536 344/531/537 357/543/562
f  357/543/563 344/531/563 358/531/563
f  344/531/140 345/511/140 358/531/140
f  358/544/564 345/532/539 359/545/565
f  345/532/539 346/534/541 359/545/565
f  359/546/566 346/547/567 360/548/568
f  313/487/140 360/548/140 361/549/140
f  360/548/568 346/547/567 361/549/569
f  346/547/567 347/550/570 361/549/569
f  361/549/569 347/550/570 362/551/571
f  362/551/571 347/550/570 363/552/572
f  347/535/542 348/536/543 363/553/573
f  348/536/543 349/554/574 363/553/573
f  363/553/573 349/554/574 364/555/575
f  349/554/574 350/556/576 364/555/575
f  364/555/575 350/556/576 365/557/577
f  350/556/576 351/558/578 365/557/577
f  365/557/577 351/558/578 366/559/579
f  366/560/241 351/561/242 367/562/580
f  351/538/140 352/538/140 367/539/140
f  352/538/581 353/539/581 367/539/581
f  367/539/140 353/539/140 368/540/140
f  353/539/582 354/540/582 368/540/582
f  368/540/140 354/540/140 369/541/140
f  354/540/583 355/541/583 369/541/583
f  369/541/140 355/541/140 370/542/140
f  355/541/140 356/542/140 370/542/140
f  370/542/140 356/542/140 371/543/140
f  356/542/584 357/543/584 371/543/584
f  357/543/585 358/531/585 371/543/585
f  371/563/586 358/544/564 372/564/587
f  358/544/564 359/545/565 372/564/587
f  372/565/588 359/546/566 373/566/589
f  359/546/566 360/548/568 373/566/589
f  373/566/140 360/548/140 374/567/140
f  360/548/140 313/487/140 374/567/140
f  313/487/496 239/486/495 374/567/590
f  374/567/590 239/486/495 375/568/591
f  239/374/385 238/373/384 375/569/592
f  375/569/592 238/373/384 376/570/593
f  377/571/140 376/572/140 378/573/140
f  376/572/140 238/574/140 378/573/140
f  238/574/140 240/575/140 378/573/140
f  240/575/140 242/576/140 378/573/140
f  242/576/140 245/577/140 378/573/140
f  245/577/140 246/578/140 378/573/140
f  246/578/140 249/579/140 378/573/140
f  249/579/594 250/580/594 378/573/594
f  250/580/140 251/581/140 378/573/140
f  251/581/140 252/582/140 378/573/140
f  252/582/595 254/583/595 378/573/595
f  254/583/596 256/584/596 378/573/596
f  256/584/140 258/585/140 378/573/140
f  258/585/140 260/586/140 378/573/140
f  260/586/140 261/587/140 378/573/140
f  261/587/140 263/588/140 378/573/140
f  263/588/140 265/589/140 378/573/140
f  265/589/597 267/590/597 378/573/597
f  267/590/598 268/591/598 378/573/598
f  268/591/140 269/592/140 378/573/140
f  269/592/140 270/593/140 378/573/140
f  270/593/140 272/594/140 378/573/140
f  272/594/140 275/595/140 378/573/140
f  275/595/140 276/596/140 378/573/140
f  276/596/140 379/597/140 378/573/140
f  378/573/599 379/597/599 380/598/599
f  380/599/600 379/600/601 381/601/602
f  381/601/602 379/600/601 382/602/603
f  379/600/601 276/417/425 382/602/603
f  276/417/425 277/418/426 382/602/603
f  382/603/604 277/419/427 383/604/605
f  277/419/427 278/421/429 383/604/605
f  384/605/606 383/604/606 385/606/606
f  383/604/140 278/421/140 385/606/140
f  278/421/607 279/423/607 385/606/607
f  385/606/608 279/423/608 386/607/608
f  386/607/609 279/423/609 387/608/609
f  279/423/140 280/425/140 387/608/140
f  387/608/140 280/425/140 388/609/140
f  280/425/140 281/426/140 388/609/140
f  281/426/140 282/427/140 388/609/140
f  282/427/610 283/429/610 388/609/610
f  283/429/611 284/431/611 388/609/611
f  388/609/140 284/431/140 389/610/140
f  284/431/140 285/433/140 389/610/140
f  285/433/140 286/435/140 389/610/140
f  389/610/140 286/435/140 390/611/140
f  286/435/612 287/437/612 390/611/612
f  287/437/140 288/439/140 390/611/140
f  390/611/613 288/439/613 391/612/613
f  288/439/614 289/441/614 391/612/614
f  289/441/140 290/443/140 391/612/140
f  290/443/140 291/444/140 391/612/140
f  391/612/140 291/444/140 392/613/140
f  291/444/140 292/446/140 392/613/140
f  292/446/140 293/448/140 392/613/140
f  392/613/615 293/448/615 393/614/615
f  393/614/616 293/448/616 394/615/616
f  293/448/140 294/450/140 394/615/140
f  294/450/140 295/453/140 394/615/140
f  394/615/140 295/453/140 395/616/140
f  395/616/617 295/453/617 396/617/617
f  295/453/140 296/455/140 396/617/140
f  296/455/618 297/457/618 396/617/618
f  396/617/140 297/457/140 397/618/140
f  297/457/619 298/458/619 397/618/619
f  298/458/620 299/460/620 397/618/620
f  299/460/140 300/462/140 397/618/140
f  397/618/140 300/462/140 398/619/140
f  300/462/621 301/464/621 398/619/621
f  301/464/622 302/466/622 398/619/622
f  398/619/140 302/466/140 399/620/140
f  302/466/140 303/468/140 399/620/140
f  303/468/140 304/470/140 399/620/140
f  399/620/140 304/470/140 400/621/140
f  304/470/140 305/472/140 400/621/140
f  305/472/140 306/474/140 400/621/140
f  306/474/140 307/475/140 400/621/140
f  307/475/623 308/476/623 400/621/623
f  400/621/140 308/476/140 401/622/140
f  308/476/140 309/478/140 401/622/140
f  401/622/140 309/478/140 402/623/140
f  402/623/608 309/478/608 403/624/608
f  309/478/607 310/480/607 403/624/607
f  310/480/140 311/483/140 403/624/140
f  403/624/606 311/483/606 404/625/606
f  404/625/624 311/483/624 405/626/624
f  311/483/140 312/485/140 405/626/140
f  405/626/140 312/485/140 406/627/140
f  312/485/625 313/487/625 406/627/625
f  313/487/140 361/549/140 406/627/140
f  361/549/140 362/551/140 406/627/140
f  406/627/140 362/551/140 407/628/140
f  362/551/571 363/552/572 407/628/626
f  363/552/572 364/629/627 407/628/626
f  407/628/626 364/629/627 408/630/628
f  364/629/627 365/631/629 408/630/628
f  408/630/628 365/631/629 409/632/630
f  365/631/629 366/633/631 409/632/630
f  409/632/630 366/633/631 410/634/632
f  410/634/632 366/633/631 411/635/633
f  366/560/241 367/562/580 411/636/634
f  367/562/580 368/637/635 411/636/634
f  411/636/634 368/637/635 412/638/636
f  368/637/635 369/639/637 412/638/636
f  412/638/636 369/639/637 413/640/638
f  369/639/637 370/641/639 413/640/638
f  413/640/638 370/641/639 414/642/640
f  370/641/639 371/563/586 414/642/640
f  371/563/586 372/564/587 414/642/640
f  414/643/641 372/565/588 415/644/642
f  372/565/588 373/566/589 415/644/642
f  415/644/140 373/566/140 416/645/140
f  373/566/140 374/567/140 416/645/140
f  374/567/590 375/568/591 416/645/643
f  416/645/643 375/568/591 417/646/644
f  375/569/592 376/570/593 417/647/645
f  376/570/593 377/648/646 417/647/645
f  417/647/645 377/648/646 418/649/647
f  418/649/647 377/648/646 419/650/648
f  377/571/649 378/573/649 419/651/649
f  419/651/650 378/573/650 420/652/650
f  420/652/140 378/573/140 421/653/140
f  378/573/140 422/654/140 421/653/140
f  421/655/651 422/656/652 423/657/653
f  423/658/654 422/659/655 424/660/656
f  422/654/140 378/573/140 424/661/140
f  424/661/140 378/573/140 425/662/140
f  425/662/140 378/573/140 426/663/140
f  426/663/657 378/573/657 427/664/657
f  427/664/658 378/573/658 428/665/658
f  378/573/659 380/598/659 428/665/659
f  428/666/660 380/599/600 429/667/661
f  380/599/600 381/601/602 429/667/661
f  429/668/662 381/669/663 430/670/664
f  431/671/665 432/672/665 433/673/665
f  432/672/140 434/674/140 433/673/140
f  435/675/666 433/676/667 436/677/668
f  433/673/140 434/674/140 436/678/140
f  437/679/669 438/680/669 439/681/669
f  439/681/140 438/680/140 440/682/140
f  438/680/140 441/683/140 440/682/140
f  441/683/140 442/684/140 440/682/140
f  440/682/670 442/684/670 443/685/670
f  442/684/671 436/678/671 443/685/671
f  436/678/672 434/674/672 443/685/672
f  443/686/673 434/687/674 444/688/675
f  444/688/675 434/687/674 445/689/676
f  434/687/674 432/690/677 445/689/676
f  445/689/676 432/690/677 446/691/678
f  432/690/677 431/692/679 446/691/678
f  446/691/678 431/692/679 447/693/680
f  431/692/679 433/676/667 447/693/680
f  433/676/667 435/675/666 447/693/680
f  447/693/681 435/675/682 448/694/683
f  448/694/683 435/675/682 449/695/684
f  449/695/684 435/675/682 450/696/685
f  435/675/666 436/677/668 450/696/686
f  436/677/668 442/697/687 450/696/686
f  450/696/686 442/697/687 451/698/688
f  442/697/687 441/699/689 451/698/688
f  451/698/688 441/699/689 452/700/690
f  441/699/689 438/701/691 452/700/690
f  452/700/690 438/701/691 453/702/692
f  438/701/691 437/703/693 453/702/692
f  453/702/692 437/703/693 454/704/694
f  437/703/693 439/705/695 454/704/694
f  454/704/694 439/705/695 455/706/696
f  439/707/189 440/708/697 455/709/189
f  455/709/189 440/708/697 456/710/698
f  440/708/697 443/686/673 456/710/698
f  443/686/673 444/688/675 456/710/698
f  456/710/699 444/688/700 457/711/701
f  457/711/701 444/688/700 458/712/702
f  444/688/700 445/689/703 458/712/702
f  458/712/702 445/689/703 459/713/704
f  445/689/703 446/691/705 459/713/704
f  459/713/704 446/691/705 460/714/706
f  446/691/705 447/693/681 460/714/706
f  447/693/681 448/694/683 460/714/706
f  460/714/140 448/694/140 461/715/140
f  461/715/707 448/694/707 462/716/707
f  448/694/140 449/695/140 462/716/140
f  463/717/708 462/718/709 464/719/710
f  462/716/711 449/695/711 464/720/711
f  464/720/712 449/695/712 465/721/712
f  449/695/684 450/696/685 465/721/713
f  450/696/685 451/698/714 465/721/713
f  465/721/713 451/698/714 466/722/715
f  451/698/714 452/700/716 466/722/715
f  466/722/715 452/700/716 467/723/717
f  452/700/716 453/702/718 467/723/717
f  467/723/717 453/702/718 468/724/719
f  453/702/718 454/704/720 468/724/719
f  468/724/719 454/704/720 469/725/721
f  454/704/720 455/706/722 469/725/721
f  469/726/723 455/709/724 470/727/725
f  455/709/724 456/710/699 470/727/725
f  456/710/699 457/711/701 470/727/725
f  470/727/140 457/711/140 471/728/140
f  471/728/726 457/711/726 472/729/726
f  457/711/140 458/712/140 472/729/140
f  472/729/727 458/712/727 473/730/727
f  458/712/140 459/713/140 473/730/140
f  473/730/140 459/713/140 474/731/140
f  459/713/140 460/714/140 474/731/140
f  460/714/728 461/715/728 474/731/728
f  474/732/729 461/733/730 475/734/731
f  475/734/731 461/733/730 476/735/732
f  461/733/730 462/718/709 476/735/732
f  462/718/709 463/717/708 476/735/732
f  476/736/733 463/737/734 477/738/735
f  430/670/140 477/738/140 478/739/140
f  477/738/735 463/737/734 478/739/736
f  478/739/736 463/737/734 479/740/737
f  463/717/708 464/719/710 479/741/738
f  479/741/738 464/719/710 480/742/739
f  464/720/740 465/721/740 480/743/740
f  465/721/140 466/722/140 480/743/140
f  480/743/741 466/722/741 481/744/741
f  466/722/140 467/723/140 481/744/140
f  481/744/140 467/723/140 482/745/140
f  467/723/742 468/724/742 482/745/742
f  482/745/743 468/724/743 483/746/743
f  468/724/744 469/725/744 483/746/744
f  483/746/745 469/725/745 484/747/745
f  469/726/140 470/727/140 484/748/140
f  470/727/140 471/728/140 484/748/140
f  484/749/242 471/750/746 485/751/747
f  485/751/747 471/750/746 486/752/748
f  471/750/746 472/753/749 486/752/748
f  486/752/748 472/753/749 487/754/750
f  472/753/749 473/755/751 487/754/750
f  487/754/750 473/755/751 488/756/752
f  473/755/751 474/732/729 488/756/752
f  474/732/729 475/734/731 488/756/752
f  488/757/753 475/758/754 489/759/755
f  489/759/755 475/758/754 490/760/756
f  475/758/754 476/736/733 490/760/756
f  476/736/733 477/738/735 490/760/756
f  490/760/140 477/738/140 491/761/140
f  477/738/140 430/670/140 491/761/140
f  430/670/664 381/669/663 491/761/757
f  491/761/757 381/669/663 492/762/758
f  381/669/663 382/603/604 492/762/758
f  382/603/604 383/604/605 492/762/758
f  492/762/140 383/604/140 493/763/140
f  383/604/759 384/605/759 493/763/759
f  493/763/760 384/605/761 494/764/762
f  494/764/762 384/605/761 495/765/763
f  495/765/763 384/605/761 496/766/764
f  384/605/761 385/606/765 496/766/764
f  385/606/765 386/607/766 496/766/764
f  496/766/764 386/607/766 497/767/767
f  497/767/767 386/607/766 498/768/768
f  386/607/766 387/608/769 498/768/768
f  387/608/769 388/609/770 498/768/768
f  498/768/768 388/609/770 499/769/771
f  499/769/771 388/609/770 500/770/772
f  388/609/770 389/610/773 500/770/772
f  500/770/772 389/610/773 501/771/774
f  389/610/773 390/611/775 501/771/774
f  390/611/775 391/612/776 501/771/774
f  501/771/774 391/612/776 502/772/777
f  502/772/777 391/612/776 503/773/778
f  391/612/776 392/613/779 503/773/778
f  392/613/779 393/614/780 503/773/778
f  503/773/778 393/614/780 504/774/781
f  504/774/781 393/614/780 505/775/782
f  393/614/780 394/615/783 505/775/782
f  394/615/783 395/616/784 505/775/782
f  505/775/782 395/616/784 506/776/785
f  506/776/785 395/616/784 507/777/786
f  395/616/784 396/617/787 507/777/786
f  396/617/787 397/618/788 507/777/786
f  507/777/786 397/618/788 508/778/789
f  508/778/789 397/618/788 509/779/790
f  397/618/788 398/619/791 509/779/790
f  398/619/791 399/620/792 509/779/790
f  509/779/790 399/620/792 510/780/793
f  399/620/792 400/621/794 510/780/793
f  510/780/793 400/621/794 511/781/795
f  511/781/795 400/621/794 512/782/796
f  400/621/794 401/622/797 512/782/796
f  401/622/797 402/623/798 512/782/796
f  512/782/796 402/623/798 513/783/799
f  513/783/799 402/623/798 514/784/800
f  402/623/798 403/624/801 514/784/800
f  403/624/801 404/625/802 514/784/800
f  514/784/800 404/625/802 515/785/803
f  515/785/803 404/625/802 516/786/804
f  404/625/802 405/626/805 516/786/804
f  405/626/805 406/627/806 516/786/804
f  516/786/804 406/627/806 517/787/807
f  517/787/807 406/627/806 518/788/808
f  518/788/808 406/627/806 519/789/809
f  406/627/140 407/628/140 519/789/140
f  407/628/140 408/630/140 519/789/140
f  408/630/140 409/632/140 519/789/140
f  519/789/140 409/632/140 520/790/140
f  409/632/810 410/634/810 520/790/810
f  520/790/811 410/634/811 521/791/811
f  410/634/632 411/635/633 521/791/812
f  411/635/633 412/792/813 521/791/812
f  521/791/812 412/792/813 522/793/814
f  412/792/813 413/794/815 522/793/814
f  522/793/814 413/794/815 523/795/816
f  413/794/815 414/643/641 523/795/816
f  414/643/641 415/644/642 523/795/816
f  523/795/140 415/644/140 524/796/140
f  415/644/817 416/645/817 524/796/817
f  416/645/643 417/646/644 524/796/818
f  417/646/644 418/797/819 524/796/818
f  524/796/818 418/797/819 525/798/820
f  525/798/820 418/797/819 526/799/821
f  418/649/647 419/650/648 526/800/822
f  419/650/648 420/801/823 526/800/822
f  526/800/822 420/801/823 527/802/824
f  420/801/823 421/655/651 527/802/824
f  421/655/651 423/657/653 527/802/824
f  527/803/825 423/804/826 528/805/827
f  528/805/827 423/804/826 529/806/828
f  423/658/654 424/660/656 529/807/829
f  424/660/656 425/808/830 529/807/829
f  529/807/829 425/808/830 530/809/831
f  425/808/830 426/810/832 530/809/831
f  530/809/831 426/810/832 531/811/833
f  426/810/832 427/812/834 531/811/833
f  531/811/833 427/812/834 532/813/835
f  427/812/834 428/666/660 532/813/835
f  428/666/660 429/667/661 532/813/835
f  532/814/836 429/668/662 533/815/837
f  429/668/662 430/670/664 533/815/837
f  430/670/140 478/739/140 533/815/140
f  533/815/838 478/739/838 534/816/838
f  478/739/736 479/740/737 534/816/839
f  534/816/839 479/740/737 535/817/840
f  479/741/738 480/742/739 535/818/841
f  480/742/739 481/819/842 535/818/841
f  535/818/841 481/819/842 536/820/574
f  481/819/842 482/821/575 536/820/574
f  536/820/574 482/821/575 537/822/843
f  482/821/575 483/823/844 537/822/843
f  537/822/843 483/823/844 538/824/845
f  483/823/844 484/825/846 538/824/845
f  484/749/242 485/751/747 538/826/241
f  538/827/847 485/828/848 539/829/849
f  539/829/849 485/828/848 540/830/850
f  485/828/848 486/831/851 540/830/850
f  540/830/850 486/831/851 541/832/852
f  486/831/851 487/833/853 541/832/852
f  541/832/852 487/833/853 542/834/854
f  487/833/853 488/757/753 542/834/854
f  488/757/753 489/759/755 542/834/854
f  542/834/855 489/759/855 543/835/855
f  489/759/140 490/760/140 543/835/140
f  490/760/140 491/761/140 543/835/140
f  491/761/140 492/762/140 543/835/140
f  492/762/856 493/763/856 543/835/856
f  493/763/760 494/764/762 543/835/857
f  543/835/857 494/764/762 544/836/858
f  545/837/859 544/838/860 546/839/861
f  544/838/860 494/840/862 546/839/861
f  494/840/862 495/841/863 546/839/861
f  546/839/861 495/841/863 547/842/864
f  547/842/864 495/841/863 548/843/865
f  495/841/863 496/844/865 548/843/865
f  496/844/865 497/845/866 548/843/865
f  548/843/865 497/845/866 549/846/867
f  549/846/867 497/845/866 550/847/868
f  497/845/866 498/848/869 550/847/868
f  498/848/869 499/849/870 550/847/868
f  550/847/868 499/849/870 551/850/871
f  551/850/871 499/849/870 552/851/872
f  499/849/870 500/852/873 552/851/872
f  552/851/872 500/852/873 553/853/874
f  500/852/873 501/854/875 553/853/874
f  553/853/874 501/854/875 554/855/876
f  501/854/875 502/856/877 554/855/876
f  554/855/876 502/856/877 555/857/878
f  502/856/877 503/858/879 555/857/878
f  555/857/878 503/858/879 556/859/880
f  503/858/879 504/860/881 556/859/880
f  556/859/880 504/860/881 557/861/882
f  504/860/881 505/862/883 557/861/882
f  505/863/884 506/864/885 557/865/886
f  557/865/886 506/864/885 558/866/887
f  506/864/885 507/867/888 558/866/887
f  558/866/887 507/867/888 559/868/889
f  507/867/888 508/869/890 559/868/889
f  559/868/889 508/869/890 560/870/891
f  508/869/890 509/871/892 560/870/891
f  560/870/891 509/871/892 561/872/893
f  509/871/892 510/873/894 561/872/893
f  561/872/893 510/873/894 562/874/895
f  510/873/894 511/875/896 562/874/895
f  562/874/895 511/875/896 563/876/897
f  563/876/897 511/875/896 564/877/898
f  511/875/896 512/878/899 564/877/898
f  512/878/899 513/879/900 564/877/898
f  564/877/898 513/879/900 565/880/901
f  565/880/901 513/879/900 566/881/902
f  513/879/900 514/882/902 566/881/902
f  514/882/902 515/883/903 566/881/902
f  566/881/902 515/883/903 567/884/904
f  567/884/904 515/883/903 568/885/905
f  515/883/903 516/886/906 568/885/905
f  516/886/906 517/887/907 568/885/905
f  568/885/905 517/887/907 569/888/908
f  569/888/908 517/887/907 570/889/909
f  517/887/907 518/890/910 570/889/909
f  570/889/909 518/890/910 571/891/911
f  571/891/911 518/890/910 572/892/912
f  518/788/808 519/789/809 572/893/913
f  519/789/809 520/790/914 572/893/913
f  572/893/913 520/790/914 573/894/915
f  520/790/140 521/791/140 573/894/140
f  521/791/916 522/793/916 573/894/916
f  522/793/917 523/795/917 573/894/917
f  523/795/140 524/796/140 573/894/140
f  573/894/918 524/796/918 574/895/918
f  524/796/919 525/798/919 574/895/919
f  574/895/140 525/798/140 575/896/140
f  525/798/820 526/799/821 575/896/920
f  526/799/821 527/803/825 575/896/920
f  527/803/825 528/805/827 575/896/920
f  528/805/140 101/167/140 575/896/140
f  101/167/921 90/143/921 575/896/921
f  90/143/922 91/144/922 575/896/922
f  575/896/140 91/144/140 576/897/140
f  91/144/157 92/145/158 576/897/923
f  92/145/158 93/898/924 576/897/923
f  576/897/923 93/898/924 577/899/925
f  93/898/924 94/900/926 577/899/925
f  577/899/925 94/900/926 578/901/927
f  94/900/926 95/902/928 578/901/927
f  578/901/927 95/902/928 579/903/929
f  579/903/929 95/902/928 580/904/930
f  95/902/928 96/905/931 580/904/930
f  580/904/930 96/905/931 581/906/932
f  96/905/931 97/907/933 581/906/932
f  581/906/932 97/907/933 582/908/934
f  97/907/933 98/162/174 582/908/934
f  98/162/174 99/164/176 582/908/934
f  582/908/935 99/164/935 583/909/935
f  99/164/140 100/165/140 583/909/140
f  100/165/140 101/167/140 583/909/140
f  101/167/140 528/805/140 583/909/140
f  528/805/827 529/806/828 583/909/936
f  529/806/828 530/910/937 583/909/936
f  583/909/936 530/910/937 584/911/938
f  530/910/937 531/912/939 584/911/938
f  584/911/938 531/912/939 585/913/940
f  531/912/939 532/814/836 585/913/940
f  532/814/836 533/815/837 585/913/940
f  533/815/140 534/816/140 585/913/140
f  585/913/140 534/816/140 586/914/140
f  534/816/839 535/817/840 586/914/941
f  535/817/840 536/915/942 586/914/941
f  586/914/941 536/915/942 587/916/943
f  536/915/942 537/917/944 587/916/943
f  587/916/943 537/917/944 588/918/945
f  537/917/944 538/827/847 588/918/945
f  538/827/847 539/829/849 588/918/945
f  588/918/946 539/829/946 589/919/946
f  539/829/947 540/830/947 589/919/947
f  589/919/140 540/830/140 590/920/140
f  540/830/140 541/832/140 590/920/140
f  541/832/140 542/834/140 590/920/140
f  542/834/140 543/835/140 590/920/140
f  590/920/948 543/835/857 591/921/949
f  543/835/857 544/836/858 591/921/949
f  591/922/950 544/838/860 592/923/951
f  544/838/860 545/837/859 592/923/951
f  592/924/952 545/925/952 593/926/952
f  593/926/140 545/925/140 594/927/140
f  545/925/140 546/928/140 594/927/140
f  594/927/953 546/928/953 595/929/953
f  546/928/140 547/930/140 595/929/140
f  595/929/954 547/930/954 596/931/954
f  596/931/955 547/930/955 597/932/955
f  547/930/140 548/933/140 597/932/140
f  548/933/140 549/934/140 597/932/140
f  597/932/956 549/934/956 598/935/956
f  598/935/957 549/934/957 599/936/957
f  549/934/140 550/937/140 599/936/140
f  599/936/958 550/937/958 600/938/958
f  550/937/140 551/939/140 600/938/140
f  600/938/140 551/939/140 601/940/140
f  551/939/959 552/941/959 601/940/959
f  601/940/960 552/941/960 602/942/960
f  552/941/961 553/943/961 602/942/961
f  602/942/962 553/943/962 603/944/962
f  553/943/140 554/945/140 603/944/140
f  603/944/963 554/945/963 604/946/963
f  554/945/140 555/947/140 604/946/140
f  604/946/964 555/947/964 605/948/964
f  555/947/140 556/949/140 605/948/140
f  556/949/140 557/950/140 605/948/140
f  605/948/140 557/950/140 606/951/140
f  606/951/140 557/950/140 607/952/140
f  557/950/140 558/953/140 607/952/140
f  558/953/965 559/954/965 607/952/965
f  607/952/140 559/954/140 608/955/140
f  559/954/966 560/956/966 608/955/966
f  608/955/967 560/956/967 609/957/967
f  560/956/140 561/958/140 609/957/140
f  609/957/968 561/958/968 610/959/968
f  561/958/969 562/960/969 610/959/969
f  610/959/970 562/960/970 611/961/970
f  562/960/140 563/962/140 611/961/140
f  611/961/140 563/962/140 612/963/140
f  563/962/971 564/964/971 612/963/971
f  612/963/972 564/964/972 613/965/972
f  564/964/140 565/966/140 613/965/140
f  613/965/140 565/966/140 614/967/140
f  614/967/140 565/966/140 615/968/140
f  565/966/140 566/969/140 615/968/140
f  566/969/140 567/970/140 615/968/140
f  615/968/140 567/970/140 616/971/140
f  616/971/140 567/970/140 617/972/140
f  567/970/140 568/973/140 617/972/140
f  617/972/953 568/973/953 618/974/953
f  568/973/973 569/975/973 618/974/973
f  618/974/974 569/975/974 619/976/974
f  569/975/140 570/977/140 619/976/140
f  619/976/975 570/977/975 620/978/975
f  570/977/140 571/979/140 620/978/140
f  620/978/976 571/979/976 621/980/976
f  621/980/140 571/979/140 622/981/140
f  571/891/911 572/892/912 622/982/977
f  622/982/977 572/892/912 623/983/978
f  572/893/913 573/894/915 623/984/979
f  623/984/979 573/894/915 624/985/980
f  573/894/915 574/895/981 624/985/980
f  624/985/980 574/895/981 625/986/982
f  574/895/983 575/896/983 625/986/983
f  575/896/140 576/897/140 625/986/140
f  576/897/140 577/899/140 625/986/140
f  577/899/984 578/901/984 625/986/984
f  625/986/985 578/901/985 626/987/985
f  578/901/140 579/903/140 626/987/140
f  579/903/140 580/904/140 626/987/140
f  626/987/140 580/904/140 627/988/140
f  580/904/986 581/906/986 627/988/986
f  581/906/987 582/908/987 627/988/987
f  582/908/988 583/909/988 627/988/988
f  627/988/140 583/909/140 628/989/140
f  583/909/140 584/911/140 628/989/140
f  584/911/140 585/913/140 628/989/140
f  628/989/140 585/913/140 629/990/140
f  585/913/140 586/914/140 629/990/140
f  586/914/989 587/916/989 629/990/989
f  587/916/990 588/918/990 629/990/990
f  588/918/991 589/919/991 629/990/991
f  629/990/992 589/919/993 630/991/994
f  589/919/993 590/920/948 630/991/994
f  590/920/948 591/921/949 630/991/994
f  630/992/995 591/922/950 631/993/996
f  591/922/950 592/923/951 631/993/996
f  631/994/997 592/924/997 632/995/997
f  592/924/998 593/926/998 632/995/998
f  632/995/999 593/926/1000 633/996/1001
f  633/996/1001 593/926/1000 634/997/1002
f  593/926/1000 594/927/1003 634/997/1002
f  634/997/1002 594/927/1003 635/998/1004
f  594/927/1003 595/929/1005 635/998/1004
f  635/998/1004 595/929/1005 636/999/1006
f  595/929/1005 596/931/1007 636/999/1006
f  636/999/1006 596/931/1007 637/1000/1008
f  596/931/1007 597/932/1009 637/1000/1008
f  637/1000/1008 597/932/1009 638/1001/1010
f  638/1001/1010 597/932/1009 639/1002/1011
f  597/932/1009 598/935/1012 639/1002/1011
f  639/1002/1011 598/935/1012 640/1003/1013
f  598/935/1012 599/936/1014 640/1003/1013
f  640/1003/1013 599/936/1014 641/1004/1015
f  599/936/1014 600/938/1016 641/1004/1015
f  641/1004/1015 600/938/1016 642/1005/1017
f  600/938/1016 601/940/1018 642/1005/1017
f  642/1005/1017 601/940/1018 643/1006/1019
f  601/940/1018 602/942/1020 643/1006/1019
f  602/942/1020 603/944/1021 643/1006/1019
f  643/1006/1019 603/944/1021 644/1007/1022
f  644/1007/1022 603/944/1021 645/1008/1023
f  603/944/1021 604/946/1024 645/1008/1023
f  645/1008/1023 604/946/1024 646/1009/1025
f  604/946/1024 605/948/1026 646/1009/1025
f  646/1009/1025 605/948/1026 647/1010/1027
f  605/948/1026 606/951/1028 647/1010/1027
f  606/951/1028 607/952/1029 647/1010/1027
f  647/1010/1027 607/952/1029 648/1011/1030
f  607/952/1029 608/955/1031 648/1011/1030
f  648/1011/1030 608/955/1031 649/1012/1032
f  608/955/1031 609/957/1033 649/1012/1032
f  649/1012/1032 609/957/1033 650/1013/1034
f  650/1013/1034 609/957/1033 651/1014/1035
f  609/957/1033 610/959/1036 651/1014/1035
f  610/959/1036 611/961/1037 651/1014/1035
f  651/1014/1035 611/961/1037 652/1015/1038
f  611/961/1037 612/963/1039 652/1015/1038
f  652/1015/1038 612/963/1039 653/1016/1040
f  612/963/1039 613/965/1041 653/1016/1040
f  653/1016/1040 613/965/1041 654/1017/1042
f  613/965/1041 614/967/1043 654/1017/1042
f  654/1017/1042 614/967/1043 655/1018/1044
f  614/967/1043 615/968/1045 655/1018/1044
f  655/1018/1044 615/968/1045 656/1019/1046
f  656/1019/1046 615/968/1045 657/1020/1047
f  615/968/1045 616/971/1048 657/1020/1047
f  657/1020/1047 616/971/1048 658/1021/1049
f  616/971/1048 617/972/1050 658/1021/1049
f  658/1021/1049 617/972/1050 659/1022/1051
f  617/972/1050 618/974/1052 659/1022/1051
f  659/1022/1051 618/974/1052 660/1023/1053
f  618/974/1052 619/976/1054 660/1023/1053
f  660/1023/1053 619/976/1054 661/1024/1055
f  619/976/1054 620/978/1056 661/1024/1055
f  620/978/1056 621/980/1057 661/1024/1055
f  661/1024/1055 621/980/1057 662/1025/1058
f  662/1025/1058 621/980/1057 663/1026/1059
f  663/1026/1059 621/980/1057 664/1027/1060
f  621/980/1061 622/981/1061 664/1027/1061
f  664/1027/1062 622/981/1062 665/1028/1062
f  622/982/977 623/983/978 665/1029/1063
f  623/983/978 624/1030/1064 665/1029/1063
f  665/1029/1063 624/1030/1064 666/1031/1065
f  666/1031/1065 624/1030/1064 667/1032/1066
f  624/985/980 625/986/982 667/1033/1067
f  667/1033/1067 625/986/982 668/1034/1068
f  625/986/982 626/987/1069 668/1034/1068
f  626/987/1069 627/988/1070 668/1034/1068
f  668/1034/1068 627/988/1070 669/1035/1071
f  669/1035/1071 627/988/1070 670/1036/1072
f  627/988/1070 628/989/1073 670/1036/1072
f  628/989/1073 629/990/992 670/1036/1072
f  670/1036/1072 629/990/992 671/1037/1074
f  629/990/992 630/991/994 671/1037/1074
f  671/1038/1075 630/992/995 672/1039/1076
f  630/992/995 631/993/996 672/1039/1076
f  672/1040/140 631/994/140 673/1041/140
f  631/994/1077 632/995/1077 673/1041/1077
f  632/995/999 633/996/1001 673/1041/1078
f  633/996/1001 674/1042/1079 673/1041/1078
f  673/1041/1078 674/1042/1079 675/1043/1080
f  676/1044/1081 675/1045/1082 677/1046/1083
f  675/1045/1082 674/1047/1084 677/1046/1083
f  677/1046/1083 674/1047/1084 678/1048/1085
f  674/1047/1084 633/1049/1086 678/1048/1085
f  678/1048/1085 633/1049/1086 679/1050/1087
f  633/1049/1086 634/1051/1088 679/1050/1087
f  679/1050/1087 634/1051/1088 680/1052/1089
f  634/1051/1088 635/1053/1090 680/1052/1089
f  680/1052/1089 635/1053/1090 681/1054/1091
f  635/1053/1090 636/1055/1092 681/1054/1091
f  681/1054/1091 636/1055/1092 682/1056/1093
f  636/1055/1092 637/1057/1094 682/1056/1093
f  682/1056/1093 637/1057/1094 683/1058/1095
f  637/1057/1094 638/1059/1096 683/1058/1095
f  683/1058/1095 638/1059/1096 684/1060/1097
f  638/1059/1096 639/1061/1098 684/1060/1097
f  684/1060/1097 639/1061/1098 685/1062/1099
f  639/1061/1098 640/1063/1100 685/1062/1099
f  685/1062/1099 640/1063/1100 686/1064/1101
f  640/1063/1100 641/1065/1102 686/1064/1101
f  686/1064/1101 641/1065/1102 687/1066/1103
f  641/1065/1102 642/1067/1104 687/1066/1103
f  687/1066/1103 642/1067/1104 688/1068/1105
f  642/1067/1104 643/1069/1106 688/1068/1105
f  688/1068/1105 643/1069/1106 689/1070/1107
f  643/1069/1106 644/1071/1108 689/1070/1107
f  689/1070/1107 644/1071/1108 690/1072/1109
f  644/1071/1108 645/1073/1110 690/1072/1109
f  690/1072/1109 645/1073/1110 691/1074/1111
f  645/1073/1110 646/1075/1112 691/1074/1111
f  691/1074/1111 646/1075/1112 692/1076/1113
f  646/1075/1112 647/1077/1114 692/1076/1113
f  692/1078/1115 647/1079/1116 693/1080/1117
f  647/1079/1116 648/1081/1118 693/1080/1117
f  693/1080/1117 648/1081/1118 694/1082/1119
f  648/1081/1118 649/1083/1120 694/1082/1119
f  694/1082/1119 649/1083/1120 695/1084/1121
f  649/1083/1120 650/1085/1122 695/1084/1121
f  695/1084/1121 650/1085/1122 696/1086/1123
f  650/1085/1122 651/1087/1124 696/1086/1123
f  696/1086/1123 651/1087/1124 697/1088/1125
f  651/1087/1124 652/1089/1126 697/1088/1125
f  697/1088/1125 652/1089/1126 698/1090/1127
f  652/1089/1126 653/1091/1128 698/1090/1127
f  698/1090/1127 653/1091/1128 699/1092/1129
f  653/1091/1128 654/1093/1130 699/1092/1129
f  699/1092/1129 654/1093/1130 700/1094/1131
f  654/1093/1130 655/1095/1132 700/1094/1131
f  700/1094/1131 655/1095/1132 701/1096/1133
f  655/1095/1132 656/1097/1134 701/1096/1133
f  701/1096/1133 656/1097/1134 702/1098/1135
f  656/1097/1134 657/1099/1136 702/1098/1135
f  702/1098/1135 657/1099/1136 703/1100/1137
f  657/1099/1136 658/1101/1138 703/1100/1137
f  703/1100/1137 658/1101/1138 704/1102/1139
f  658/1101/1138 659/1103/1140 704/1102/1139
f  704/1102/1139 659/1103/1140 705/1104/1141
f  659/1103/1140 660/1105/1142 705/1104/1141
f  705/1104/1141 660/1105/1142 706/1106/1143
f  660/1105/1142 661/1107/1144 706/1106/1143
f  706/1106/1143 661/1107/1144 707/1108/1145
f  661/1107/1144 662/1109/1146 707/1108/1145
f  707/1108/1145 662/1109/1146 708/1110/1147
f  662/1109/1146 663/1111/1148 708/1110/1147
f  708/1110/1147 663/1111/1148 709/1112/1149
f  710/1113/1150 709/1112/1149 711/1114/1151
f  709/1112/1149 663/1111/1148 711/1114/1151
f  663/1026/1059 664/1027/1060 711/1115/1152
f  711/1115/1152 664/1027/1060 712/1116/1153
f  664/1027/1154 665/1028/1154 712/1116/1154
f  665/1028/1155 666/1117/1155 712/1116/1155
f  712/1116/140 666/1117/140 713/1118/140
f  666/1031/1065 667/1032/1066 713/1119/5
f  667/1032/1066 668/1120/5 713/1119/5
f  668/1120/5 669/1121/1156 713/1119/5
f  713/1119/5 669/1121/1156 714/1122/1157
f  669/1121/1156 670/1123/1158 714/1122/1157
f  714/1122/1157 670/1123/1158 715/1124/1159
f  670/1123/1158 671/1038/1075 715/1124/1159
f  671/1038/1075 672/1039/1076 715/1124/1159
f  715/1125/1160 672/1040/1160 716/1126/1160
f  672/1040/140 673/1041/140 716/1126/140
f  673/1041/1078 675/1043/1080 716/1126/1161
f  716/1126/1161 675/1043/1080 717/1127/1162
f  675/1045/1082 676/1044/1081 717/1128/1163
f  676/1044/1081 718/1129/1164 717/1128/1163
f  717/1128/1163 718/1129/1164 719/1130/1165
f  718/1129/1164 710/1113/1150 719/1130/1165
f  710/1113/1150 711/1114/1151 719/1130/1165
f  711/1115/1152 712/1116/1153 719/1131/1166
f  719/1131/1166 712/1116/1153 720/1132/1167
f  712/1116/140 713/1118/140 720/1132/140
f  720/1132/140 713/1118/140 721/1133/140
f  713/1118/1168 714/1134/1168 721/1133/1168
f  714/1134/140 715/1125/140 721/1133/140
f  715/1125/140 716/1126/140 721/1133/140
f  716/1126/1161 717/1127/1162 721/1133/1169
f  717/1127/1162 719/1131/1166 721/1133/1169
f  720/1132/1167 721/1133/1169 719/1131/1166

